Center Number,State Name,Srl No,Marks
120302,ANDHRA PRADESH,1,178
120302,ANDHRA PRADESH,2,372
120302,ANDHRA PRADESH,3,379
120302,ANDHRA PRADESH,4,115
120302,ANDHRA PRADESH,5,135
120302,ANDHRA PRADESH,6,149
120302,ANDHRA PRADESH,7,351
120302,ANDHRA PRADESH,8,375
120302,ANDHRA PRADESH,9,382
120302,ANDHRA PRADESH,10,225
120302,ANDHRA PRADESH,11,175
120302,ANDHRA PRADESH,12,83
120302,ANDHRA PRADESH,13,260
120302,ANDHRA PRADESH,14,228
120302,ANDHRA PRADESH,15,102
120302,ANDHRA PRADESH,16,82
120302,ANDHRA PRADESH,17,84
120302,ANDHRA PRADESH,18,119
120302,ANDHRA PRADESH,19,256
120302,ANDHRA PRADESH,20,89
120302,ANDHRA PRADESH,21,352
120302,ANDHRA PRADESH,22,319
120302,ANDHRA PRADESH,23,60
120302,ANDHRA PRADESH,24,29
120302,ANDHRA PRADESH,25,131
120302,ANDHRA PRADESH,26,117
120302,ANDHRA PRADESH,27,309
120302,ANDHRA PRADESH,28,358
120302,ANDHRA PRADESH,29,288
120302,ANDHRA PRADESH,30,254
120302,ANDHRA PRADESH,31,584
120302,ANDHRA PRADESH,32,361
120302,ANDHRA PRADESH,33,206
120302,ANDHRA PRADESH,34,99
120302,ANDHRA PRADESH,35,81
120302,ANDHRA PRADESH,36,461
120302,ANDHRA PRADESH,37,99
120302,ANDHRA PRADESH,38,368
120302,ANDHRA PRADESH,39,175
120302,ANDHRA PRADESH,40,440
120302,ANDHRA PRADESH,41,157
120302,ANDHRA PRADESH,42,574
120302,ANDHRA PRADESH,43,280
120302,ANDHRA PRADESH,44,65
120302,ANDHRA PRADESH,45,383
120302,ANDHRA PRADESH,46,500
120302,ANDHRA PRADESH,47,204
120302,ANDHRA PRADESH,48,507
120302,ANDHRA PRADESH,49,53
120302,ANDHRA PRADESH,50,505
120302,ANDHRA PRADESH,51,428
120302,ANDHRA PRADESH,52,33
120302,ANDHRA PRADESH,53,344
120302,ANDHRA PRADESH,54,139
120302,ANDHRA PRADESH,55,286
120302,ANDHRA PRADESH,56,370
120302,ANDHRA PRADESH,57,84
120302,ANDHRA PRADESH,58,528
120302,ANDHRA PRADESH,59,51
120302,ANDHRA PRADESH,60,294
120302,ANDHRA PRADESH,61,249
120302,ANDHRA PRADESH,62,24
120302,ANDHRA PRADESH,63,145
120302,ANDHRA PRADESH,64,102
120302,ANDHRA PRADESH,65,651
120302,ANDHRA PRADESH,66,196
120302,ANDHRA PRADESH,67,105
120302,ANDHRA PRADESH,68,511
120302,ANDHRA PRADESH,69,106
120302,ANDHRA PRADESH,70,1
120302,ANDHRA PRADESH,71,137
120302,ANDHRA PRADESH,72,555
120302,ANDHRA PRADESH,73,359
120302,ANDHRA PRADESH,74,459
120302,ANDHRA PRADESH,75,66
120302,ANDHRA PRADESH,76,85
120302,ANDHRA PRADESH,77,84
120302,ANDHRA PRADESH,78,342
120302,ANDHRA PRADESH,79,52
120302,ANDHRA PRADESH,80,564
120302,ANDHRA PRADESH,81,266
120302,ANDHRA PRADESH,82,90
120302,ANDHRA PRADESH,83,271
120302,ANDHRA PRADESH,84,349
120302,ANDHRA PRADESH,85,369
120302,ANDHRA PRADESH,86,437
120302,ANDHRA PRADESH,87,34
120302,ANDHRA PRADESH,88,437
120302,ANDHRA PRADESH,89,419
120302,ANDHRA PRADESH,90,254
120302,ANDHRA PRADESH,91,162
120302,ANDHRA PRADESH,92,475
120302,ANDHRA PRADESH,93,68
120302,ANDHRA PRADESH,94,410
120302,ANDHRA PRADESH,95,126
120302,ANDHRA PRADESH,96,70
120302,ANDHRA PRADESH,97,272
120302,ANDHRA PRADESH,98,437
120302,ANDHRA PRADESH,99,356
120302,ANDHRA PRADESH,100,318
120302,ANDHRA PRADESH,101,92
120302,ANDHRA PRADESH,102,206
120302,ANDHRA PRADESH,103,354
120302,ANDHRA PRADESH,104,594
120302,ANDHRA PRADESH,105,30
120302,ANDHRA PRADESH,106,645
120302,ANDHRA PRADESH,107,166
120302,ANDHRA PRADESH,108,27
120302,ANDHRA PRADESH,109,67
120302,ANDHRA PRADESH,110,491
120302,ANDHRA PRADESH,111,205
120302,ANDHRA PRADESH,112,41
120302,ANDHRA PRADESH,113,127
120302,ANDHRA PRADESH,114,92
120302,ANDHRA PRADESH,115,90
120302,ANDHRA PRADESH,116,318
120302,ANDHRA PRADESH,117,108
120302,ANDHRA PRADESH,118,317
120302,ANDHRA PRADESH,119,329
120302,ANDHRA PRADESH,120,219
120302,ANDHRA PRADESH,121,152
120302,ANDHRA PRADESH,122,141
120302,ANDHRA PRADESH,123,382
120302,ANDHRA PRADESH,124,58
120302,ANDHRA PRADESH,125,526
120302,ANDHRA PRADESH,126,246
120302,ANDHRA PRADESH,127,478
120302,ANDHRA PRADESH,128,163
120302,ANDHRA PRADESH,129,499
120302,ANDHRA PRADESH,130,506
120302,ANDHRA PRADESH,131,119
120302,ANDHRA PRADESH,132,82
120302,ANDHRA PRADESH,133,248
120302,ANDHRA PRADESH,134,125
120302,ANDHRA PRADESH,135,630
120302,ANDHRA PRADESH,136,156
120302,ANDHRA PRADESH,137,312
120302,ANDHRA PRADESH,138,232
120302,ANDHRA PRADESH,139,100
120302,ANDHRA PRADESH,140,519
120302,ANDHRA PRADESH,141,216
120302,ANDHRA PRADESH,142,127
120302,ANDHRA PRADESH,143,45
120302,ANDHRA PRADESH,144,458
120302,ANDHRA PRADESH,145,249
120302,ANDHRA PRADESH,146,517
120302,ANDHRA PRADESH,147,566
120302,ANDHRA PRADESH,148,32
120302,ANDHRA PRADESH,149,510
120302,ANDHRA PRADESH,150,95
120302,ANDHRA PRADESH,151,282
120302,ANDHRA PRADESH,152,195
120302,ANDHRA PRADESH,153,325
120302,ANDHRA PRADESH,154,170
120302,ANDHRA PRADESH,155,373
120302,ANDHRA PRADESH,156,480
120302,ANDHRA PRADESH,157,82
120302,ANDHRA PRADESH,158,193
120302,ANDHRA PRADESH,159,126
120302,ANDHRA PRADESH,160,539
120302,ANDHRA PRADESH,161,407
120302,ANDHRA PRADESH,162,123
120302,ANDHRA PRADESH,163,51
120302,ANDHRA PRADESH,164,625
120302,ANDHRA PRADESH,165,342
120302,ANDHRA PRADESH,166,394
120302,ANDHRA PRADESH,167,142
120302,ANDHRA PRADESH,168,226
120302,ANDHRA PRADESH,169,205
120302,ANDHRA PRADESH,170,543
120302,ANDHRA PRADESH,171,220
120302,ANDHRA PRADESH,172,17
120302,ANDHRA PRADESH,173,47
120302,ANDHRA PRADESH,174,105
120302,ANDHRA PRADESH,175,210
120302,ANDHRA PRADESH,176,385
120302,ANDHRA PRADESH,177,394
120302,ANDHRA PRADESH,178,136
120302,ANDHRA PRADESH,179,530
120302,ANDHRA PRADESH,180,586
120302,ANDHRA PRADESH,181,182
120302,ANDHRA PRADESH,182,362
120302,ANDHRA PRADESH,183,101
120302,ANDHRA PRADESH,184,155
120302,ANDHRA PRADESH,185,431
120302,ANDHRA PRADESH,186,282
120302,ANDHRA PRADESH,187,470
120302,ANDHRA PRADESH,188,50
120302,ANDHRA PRADESH,189,417
120302,ANDHRA PRADESH,190,311
120302,ANDHRA PRADESH,191,571
120302,ANDHRA PRADESH,192,379
120302,ANDHRA PRADESH,193,295
120302,ANDHRA PRADESH,194,138
120302,ANDHRA PRADESH,195,247
120302,ANDHRA PRADESH,196,588
120302,ANDHRA PRADESH,197,511
120302,ANDHRA PRADESH,198,80
120302,ANDHRA PRADESH,199,190
120302,ANDHRA PRADESH,200,24
120302,ANDHRA PRADESH,201,305
120302,ANDHRA PRADESH,202,222
120302,ANDHRA PRADESH,203,162
120302,ANDHRA PRADESH,204,352
120302,ANDHRA PRADESH,205,67
120302,ANDHRA PRADESH,206,429
120302,ANDHRA PRADESH,207,36
120302,ANDHRA PRADESH,208,96
120302,ANDHRA PRADESH,209,80
120302,ANDHRA PRADESH,210,388
120302,ANDHRA PRADESH,211,481
120302,ANDHRA PRADESH,212,43
120302,ANDHRA PRADESH,213,73
120302,ANDHRA PRADESH,214,89
120302,ANDHRA PRADESH,215,480
120302,ANDHRA PRADESH,216,157
120302,ANDHRA PRADESH,217,596
120302,ANDHRA PRADESH,218,512
120302,ANDHRA PRADESH,219,561
120302,ANDHRA PRADESH,220,342
120302,ANDHRA PRADESH,221,330
120302,ANDHRA PRADESH,222,516
120302,ANDHRA PRADESH,223,40
120302,ANDHRA PRADESH,224,161
120302,ANDHRA PRADESH,225,466
120302,ANDHRA PRADESH,226,497
120302,ANDHRA PRADESH,227,496
120302,ANDHRA PRADESH,228,419
120302,ANDHRA PRADESH,229,129
120302,ANDHRA PRADESH,230,320
120302,ANDHRA PRADESH,231,156
120302,ANDHRA PRADESH,232,20
120302,ANDHRA PRADESH,233,100
120302,ANDHRA PRADESH,234,462
120302,ANDHRA PRADESH,235,469
120302,ANDHRA PRADESH,236,129
120302,ANDHRA PRADESH,237,564
120302,ANDHRA PRADESH,238,162
120302,ANDHRA PRADESH,239,454
120302,ANDHRA PRADESH,240,214
120302,ANDHRA PRADESH,241,115
120302,ANDHRA PRADESH,242,368
120302,ANDHRA PRADESH,243,437
120302,ANDHRA PRADESH,244,279
120302,ANDHRA PRADESH,245,63
120302,ANDHRA PRADESH,246,211
120302,ANDHRA PRADESH,247,270
120302,ANDHRA PRADESH,248,341
120302,ANDHRA PRADESH,249,285
120302,ANDHRA PRADESH,250,153
120302,ANDHRA PRADESH,251,364
120302,ANDHRA PRADESH,252,463
120302,ANDHRA PRADESH,253,91
120302,ANDHRA PRADESH,254,25
120302,ANDHRA PRADESH,255,111
120302,ANDHRA PRADESH,256,506
120302,ANDHRA PRADESH,257,192
120302,ANDHRA PRADESH,258,94
120302,ANDHRA PRADESH,259,336
120302,ANDHRA PRADESH,260,71
120302,ANDHRA PRADESH,261,417
120302,ANDHRA PRADESH,262,313
120302,ANDHRA PRADESH,263,402
120302,ANDHRA PRADESH,264,391
120302,ANDHRA PRADESH,265,296
120302,ANDHRA PRADESH,266,234
120302,ANDHRA PRADESH,267,213
120302,ANDHRA PRADESH,268,218
120302,ANDHRA PRADESH,269,401
120302,ANDHRA PRADESH,270,135
120302,ANDHRA PRADESH,271,551
120302,ANDHRA PRADESH,272,334
120302,ANDHRA PRADESH,273,152
120302,ANDHRA PRADESH,274,256
120302,ANDHRA PRADESH,275,15
120302,ANDHRA PRADESH,276,578
120302,ANDHRA PRADESH,277,324
120302,ANDHRA PRADESH,278,258
120302,ANDHRA PRADESH,279,86
120302,ANDHRA PRADESH,280,95
120302,ANDHRA PRADESH,281,175
120302,ANDHRA PRADESH,282,180
120302,ANDHRA PRADESH,283,42
120302,ANDHRA PRADESH,284,424
120302,ANDHRA PRADESH,285,483
120302,ANDHRA PRADESH,286,67
120302,ANDHRA PRADESH,287,349
120302,ANDHRA PRADESH,288,404
120302,ANDHRA PRADESH,289,63
120302,ANDHRA PRADESH,290,103
120302,ANDHRA PRADESH,291,154
120302,ANDHRA PRADESH,292,139
120302,ANDHRA PRADESH,293,363
120302,ANDHRA PRADESH,294,169
120302,ANDHRA PRADESH,295,488
120302,ANDHRA PRADESH,296,70
120302,ANDHRA PRADESH,297,305
120302,ANDHRA PRADESH,298,190
120302,ANDHRA PRADESH,299,292
120302,ANDHRA PRADESH,300,429
120302,ANDHRA PRADESH,301,340
120302,ANDHRA PRADESH,302,504
120302,ANDHRA PRADESH,303,426
120302,ANDHRA PRADESH,304,251
120302,ANDHRA PRADESH,305,432
120302,ANDHRA PRADESH,306,345
120302,ANDHRA PRADESH,307,210
120302,ANDHRA PRADESH,308,277
120302,ANDHRA PRADESH,309,110
120302,ANDHRA PRADESH,310,250
120302,ANDHRA PRADESH,311,136
120302,ANDHRA PRADESH,312,224
120302,ANDHRA PRADESH,313,436
120302,ANDHRA PRADESH,314,104
120302,ANDHRA PRADESH,315,409
120302,ANDHRA PRADESH,316,197
120302,ANDHRA PRADESH,317,86
120302,ANDHRA PRADESH,318,345
120302,ANDHRA PRADESH,319,255
120302,ANDHRA PRADESH,320,139
120302,ANDHRA PRADESH,321,194
120302,ANDHRA PRADESH,322,86
120302,ANDHRA PRADESH,323,278
120302,ANDHRA PRADESH,324,300
120302,ANDHRA PRADESH,325,313
120302,ANDHRA PRADESH,326,78
120302,ANDHRA PRADESH,327,237
120302,ANDHRA PRADESH,328,149
120302,ANDHRA PRADESH,329,171
120302,ANDHRA PRADESH,330,96
120302,ANDHRA PRADESH,331,441
120302,ANDHRA PRADESH,332,116
120302,ANDHRA PRADESH,333,246
120302,ANDHRA PRADESH,334,444
120302,ANDHRA PRADESH,335,533
120302,ANDHRA PRADESH,336,403
120302,ANDHRA PRADESH,337,82
120302,ANDHRA PRADESH,338,445
120302,ANDHRA PRADESH,339,355
120302,ANDHRA PRADESH,340,91
120302,ANDHRA PRADESH,341,130
120302,ANDHRA PRADESH,342,600
120302,ANDHRA PRADESH,343,37
120302,ANDHRA PRADESH,344,437
120302,ANDHRA PRADESH,345,39
120302,ANDHRA PRADESH,346,582
120302,ANDHRA PRADESH,347,461
120302,ANDHRA PRADESH,348,626
120302,ANDHRA PRADESH,349,167
120302,ANDHRA PRADESH,350,281
120302,ANDHRA PRADESH,351,82
120302,ANDHRA PRADESH,352,346
120302,ANDHRA PRADESH,353,87
120302,ANDHRA PRADESH,354,243
120302,ANDHRA PRADESH,355,70
120302,ANDHRA PRADESH,356,110
120302,ANDHRA PRADESH,357,141
120302,ANDHRA PRADESH,358,389
120302,ANDHRA PRADESH,359,49
120302,ANDHRA PRADESH,360,106
120302,ANDHRA PRADESH,361,651
120302,ANDHRA PRADESH,362,159
120302,ANDHRA PRADESH,363,632
120302,ANDHRA PRADESH,364,447
120302,ANDHRA PRADESH,365,151
120302,ANDHRA PRADESH,366,401
120302,ANDHRA PRADESH,367,400
120302,ANDHRA PRADESH,368,220
120302,ANDHRA PRADESH,369,121
120302,ANDHRA PRADESH,370,151
120302,ANDHRA PRADESH,371,564
120302,ANDHRA PRADESH,372,179
120302,ANDHRA PRADESH,373,430
120302,ANDHRA PRADESH,374,100
120302,ANDHRA PRADESH,375,298
120302,ANDHRA PRADESH,376,158
120302,ANDHRA PRADESH,377,113
120302,ANDHRA PRADESH,378,507
120302,ANDHRA PRADESH,379,505
120302,ANDHRA PRADESH,380,485
120302,ANDHRA PRADESH,381,201
120302,ANDHRA PRADESH,382,116
120302,ANDHRA PRADESH,383,155
120302,ANDHRA PRADESH,384,339
120302,ANDHRA PRADESH,385,592
120302,ANDHRA PRADESH,386,130
120302,ANDHRA PRADESH,387,53
120302,ANDHRA PRADESH,388,475
120302,ANDHRA PRADESH,389,203
120302,ANDHRA PRADESH,390,82
120302,ANDHRA PRADESH,391,59
120302,ANDHRA PRADESH,392,136
120302,ANDHRA PRADESH,393,200
120302,ANDHRA PRADESH,394,368
120302,ANDHRA PRADESH,395,205
120302,ANDHRA PRADESH,396,37
120302,ANDHRA PRADESH,397,73
120302,ANDHRA PRADESH,398,553
120302,ANDHRA PRADESH,399,367
120302,ANDHRA PRADESH,400,236
120302,ANDHRA PRADESH,401,621
120302,ANDHRA PRADESH,402,297
120302,ANDHRA PRADESH,403,287
120302,ANDHRA PRADESH,404,152
120302,ANDHRA PRADESH,405,195
120302,ANDHRA PRADESH,406,53
120302,ANDHRA PRADESH,407,369
120302,ANDHRA PRADESH,408,294
120302,ANDHRA PRADESH,409,103
120302,ANDHRA PRADESH,410,510
120302,ANDHRA PRADESH,411,100
120302,ANDHRA PRADESH,412,228
120302,ANDHRA PRADESH,413,337
120302,ANDHRA PRADESH,414,16
120302,ANDHRA PRADESH,415,463
120302,ANDHRA PRADESH,416,266
120302,ANDHRA PRADESH,417,272
120302,ANDHRA PRADESH,418,344
120302,ANDHRA PRADESH,419,202
120302,ANDHRA PRADESH,420,515
120302,ANDHRA PRADESH,421,91
120302,ANDHRA PRADESH,422,45
120302,ANDHRA PRADESH,423,35
120302,ANDHRA PRADESH,424,376
120302,ANDHRA PRADESH,425,45
120302,ANDHRA PRADESH,426,386
120302,ANDHRA PRADESH,427,58
120302,ANDHRA PRADESH,428,154
120302,ANDHRA PRADESH,429,63
120302,ANDHRA PRADESH,430,214
120302,ANDHRA PRADESH,431,93
120302,ANDHRA PRADESH,432,196
120302,ANDHRA PRADESH,433,194
120302,ANDHRA PRADESH,434,171
120302,ANDHRA PRADESH,435,337
120302,ANDHRA PRADESH,436,212
120302,ANDHRA PRADESH,437,373
120302,ANDHRA PRADESH,438,91
120302,ANDHRA PRADESH,439,119
120302,ANDHRA PRADESH,440,109
120302,ANDHRA PRADESH,441,360
120302,ANDHRA PRADESH,442,337
120302,ANDHRA PRADESH,443,20
120302,ANDHRA PRADESH,444,509
120302,ANDHRA PRADESH,445,122
120302,ANDHRA PRADESH,446,681
120302,ANDHRA PRADESH,447,574
120302,ANDHRA PRADESH,448,400
120302,ANDHRA PRADESH,449,305
120302,ANDHRA PRADESH,450,100
120302,ANDHRA PRADESH,451,602
120302,ANDHRA PRADESH,452,395
120302,ANDHRA PRADESH,453,10
120302,ANDHRA PRADESH,454,592
120302,ANDHRA PRADESH,455,32
120302,ANDHRA PRADESH,456,358
120302,ANDHRA PRADESH,457,116
120302,ANDHRA PRADESH,458,336
120302,ANDHRA PRADESH,459,136
120302,ANDHRA PRADESH,460,492
120302,ANDHRA PRADESH,461,170
120302,ANDHRA PRADESH,462,136
120302,ANDHRA PRADESH,463,632
120302,ANDHRA PRADESH,464,206
120302,ANDHRA PRADESH,465,310
120302,ANDHRA PRADESH,466,314
120302,ANDHRA PRADESH,467,531
120302,ANDHRA PRADESH,468,604
120302,ANDHRA PRADESH,469,50
120302,ANDHRA PRADESH,470,495
120302,ANDHRA PRADESH,471,65
120302,ANDHRA PRADESH,472,285
120302,ANDHRA PRADESH,473,122
120302,ANDHRA PRADESH,474,338
120302,ANDHRA PRADESH,475,137
120302,ANDHRA PRADESH,476,139
120302,ANDHRA PRADESH,2,478
120302,ANDHRA PRADESH,331,479
120302,ANDHRA PRADESH,293,480
120302,ANDHRA PRADESH,481,84
120302,ANDHRA PRADESH,482,454
120302,ANDHRA PRADESH,483,100
120302,ANDHRA PRADESH,484,319
120302,ANDHRA PRADESH,485,246
120302,ANDHRA PRADESH,486,433
120302,ANDHRA PRADESH,487,321
120302,ANDHRA PRADESH,488,626
120302,ANDHRA PRADESH,489,443
120302,ANDHRA PRADESH,490,603
120302,ANDHRA PRADESH,491,444
120302,ANDHRA PRADESH,492,92
120302,ANDHRA PRADESH,493,201
120302,ANDHRA PRADESH,494,523
120302,ANDHRA PRADESH,495,135
120302,ANDHRA PRADESH,496,281
120302,ANDHRA PRADESH,497,336
120302,ANDHRA PRADESH,498,90
120302,ANDHRA PRADESH,499,344
120302,ANDHRA PRADESH,500,572
120302,ANDHRA PRADESH,501,306
120302,ANDHRA PRADESH,502,575
120302,ANDHRA PRADESH,503,241
120302,ANDHRA PRADESH,504,210
120302,ANDHRA PRADESH,505,228
120302,ANDHRA PRADESH,506,468
120302,ANDHRA PRADESH,507,108
120302,ANDHRA PRADESH,508,249
120302,ANDHRA PRADESH,509,182
120302,ANDHRA PRADESH,510,439
120302,ANDHRA PRADESH,511,524
120302,ANDHRA PRADESH,512,303
120302,ANDHRA PRADESH,513,461
120302,ANDHRA PRADESH,514,105
120302,ANDHRA PRADESH,515,171
120302,ANDHRA PRADESH,516,138
120302,ANDHRA PRADESH,517,349
120302,ANDHRA PRADESH,518,425
120302,ANDHRA PRADESH,519,437
120302,ANDHRA PRADESH,520,181
120302,ANDHRA PRADESH,521,116
120302,ANDHRA PRADESH,522,318
120302,ANDHRA PRADESH,523,75
120302,ANDHRA PRADESH,524,192
120302,ANDHRA PRADESH,525,423
120302,ANDHRA PRADESH,526,98
120302,ANDHRA PRADESH,527,362
120302,ANDHRA PRADESH,528,630
120302,ANDHRA PRADESH,529,95
120302,ANDHRA PRADESH,530,76
120302,ANDHRA PRADESH,531,164
120302,ANDHRA PRADESH,532,252
120302,ANDHRA PRADESH,533,80
120302,ANDHRA PRADESH,534,474
120302,ANDHRA PRADESH,535,352
120302,ANDHRA PRADESH,536,132
120302,ANDHRA PRADESH,537,288
120302,ANDHRA PRADESH,538,608
120302,ANDHRA PRADESH,539,186
120302,ANDHRA PRADESH,540,426
120302,ANDHRA PRADESH,541,164
120302,ANDHRA PRADESH,542,453
120302,ANDHRA PRADESH,543,368
120302,ANDHRA PRADESH,544,160
120302,ANDHRA PRADESH,545,159
120302,ANDHRA PRADESH,546,395
120302,ANDHRA PRADESH,547,174
120302,ANDHRA PRADESH,548,435
120302,ANDHRA PRADESH,549,566
120302,ANDHRA PRADESH,550,96
120302,ANDHRA PRADESH,551,12
120302,ANDHRA PRADESH,552,329
120302,ANDHRA PRADESH,553,125
120302,ANDHRA PRADESH,554,70
120302,ANDHRA PRADESH,555,135
120302,ANDHRA PRADESH,556,140
120302,ANDHRA PRADESH,557,548
120302,ANDHRA PRADESH,558,217
120302,ANDHRA PRADESH,559,598
120302,ANDHRA PRADESH,560,242
120302,ANDHRA PRADESH,561,289
120302,ANDHRA PRADESH,562,106
120302,ANDHRA PRADESH,563,466
120302,ANDHRA PRADESH,564,99
120302,ANDHRA PRADESH,565,695
120302,ANDHRA PRADESH,566,572
120302,ANDHRA PRADESH,567,301
120302,ANDHRA PRADESH,568,246
120302,ANDHRA PRADESH,569,163
120302,ANDHRA PRADESH,570,468
120302,ANDHRA PRADESH,571,639
120302,ANDHRA PRADESH,572,435
120302,ANDHRA PRADESH,573,531
120302,ANDHRA PRADESH,574,43
120302,ANDHRA PRADESH,575,125
120302,ANDHRA PRADESH,576,88
120302,ANDHRA PRADESH,577,47
120302,ANDHRA PRADESH,578,304
120302,ANDHRA PRADESH,579,100
120302,ANDHRA PRADESH,580,221
120302,ANDHRA PRADESH,581,145
120302,ANDHRA PRADESH,582,325
120302,ANDHRA PRADESH,583,426
120302,ANDHRA PRADESH,584,372
120302,ANDHRA PRADESH,585,541
120302,ANDHRA PRADESH,586,309
120302,ANDHRA PRADESH,587,120
120302,ANDHRA PRADESH,588,277
120302,ANDHRA PRADESH,589,415
120302,ANDHRA PRADESH,590,50
120302,ANDHRA PRADESH,591,76
120302,ANDHRA PRADESH,592,55
120302,ANDHRA PRADESH,593,521
120302,ANDHRA PRADESH,594,267
120302,ANDHRA PRADESH,595,220
120302,ANDHRA PRADESH,596,461
120302,ANDHRA PRADESH,597,65
120302,ANDHRA PRADESH,598,612
120302,ANDHRA PRADESH,599,516
120302,ANDHRA PRADESH,600,292
120302,ANDHRA PRADESH,601,450
120302,ANDHRA PRADESH,602,281
120302,ANDHRA PRADESH,603,584
120302,ANDHRA PRADESH,604,181
120302,ANDHRA PRADESH,605,230
120302,ANDHRA PRADESH,606,135
120302,ANDHRA PRADESH,607,69
120302,ANDHRA PRADESH,608,226
120302,ANDHRA PRADESH,609,75
120302,ANDHRA PRADESH,610,33
120302,ANDHRA PRADESH,611,256
120302,ANDHRA PRADESH,612,524
120302,ANDHRA PRADESH,613,44
120302,ANDHRA PRADESH,614,115
120302,ANDHRA PRADESH,615,553
120302,ANDHRA PRADESH,616,565
120302,ANDHRA PRADESH,617,492
120302,ANDHRA PRADESH,618,367
120302,ANDHRA PRADESH,619,360
120302,ANDHRA PRADESH,620,331
120302,ANDHRA PRADESH,621,264
120302,ANDHRA PRADESH,622,700
120302,ANDHRA PRADESH,623,133
120302,ANDHRA PRADESH,624,329
120302,ANDHRA PRADESH,625,565
120302,ANDHRA PRADESH,626,232
120302,ANDHRA PRADESH,627,369
120302,ANDHRA PRADESH,628,332
120302,ANDHRA PRADESH,629,241
120302,ANDHRA PRADESH,630,163
120302,ANDHRA PRADESH,631,129
120302,ANDHRA PRADESH,632,441
120302,ANDHRA PRADESH,633,234
120302,ANDHRA PRADESH,634,319
120302,ANDHRA PRADESH,635,164
120302,ANDHRA PRADESH,636,481
120302,ANDHRA PRADESH,637,172
120302,ANDHRA PRADESH,638,237
120302,ANDHRA PRADESH,639,495
120302,ANDHRA PRADESH,640,333
120302,ANDHRA PRADESH,641,432
120302,ANDHRA PRADESH,642,262
120302,ANDHRA PRADESH,643,100
120302,ANDHRA PRADESH,644,241
120302,ANDHRA PRADESH,645,627
120302,ANDHRA PRADESH,646,2
120302,ANDHRA PRADESH,647,164
120302,ANDHRA PRADESH,648,110
120302,ANDHRA PRADESH,649,141
120302,ANDHRA PRADESH,650,499
120302,ANDHRA PRADESH,651,233
120302,ANDHRA PRADESH,652,167
120302,ANDHRA PRADESH,653,4
120302,ANDHRA PRADESH,654,231
120302,ANDHRA PRADESH,655,503
120302,ANDHRA PRADESH,656,203
120302,ANDHRA PRADESH,657,532
120302,ANDHRA PRADESH,658,170
120302,ANDHRA PRADESH,659,183
120302,ANDHRA PRADESH,660,333
120302,ANDHRA PRADESH,661,656
120302,ANDHRA PRADESH,662,128
120302,ANDHRA PRADESH,663,341
120302,ANDHRA PRADESH,664,150
120302,ANDHRA PRADESH,665,278
120302,ANDHRA PRADESH,666,58
120302,ANDHRA PRADESH,667,265
120302,ANDHRA PRADESH,668,589
120302,ANDHRA PRADESH,669,448
120302,ANDHRA PRADESH,670,388
120302,ANDHRA PRADESH,671,337
120302,ANDHRA PRADESH,672,169
120302,ANDHRA PRADESH,673,148
120302,ANDHRA PRADESH,674,177
120302,ANDHRA PRADESH,675,34
120302,ANDHRA PRADESH,676,249
120302,ANDHRA PRADESH,677,259
120302,ANDHRA PRADESH,678,186
120302,ANDHRA PRADESH,679,357
120302,ANDHRA PRADESH,680,662
120302,ANDHRA PRADESH,681,80
120302,ANDHRA PRADESH,682,369
120302,ANDHRA PRADESH,683,373
120302,ANDHRA PRADESH,684,352
120302,ANDHRA PRADESH,685,424
120302,ANDHRA PRADESH,686,434
120302,ANDHRA PRADESH,687,571
120302,ANDHRA PRADESH,688,379
120302,ANDHRA PRADESH,689,340
120302,ANDHRA PRADESH,690,62
120302,ANDHRA PRADESH,691,173
120302,ANDHRA PRADESH,692,477
120302,ANDHRA PRADESH,693,211
120302,ANDHRA PRADESH,694,552
120302,ANDHRA PRADESH,695,96
120302,ANDHRA PRADESH,696,401
120302,ANDHRA PRADESH,697,323
120302,ANDHRA PRADESH,698,47
120302,ANDHRA PRADESH,699,454
120302,ANDHRA PRADESH,700,156
120302,ANDHRA PRADESH,701,374
120302,ANDHRA PRADESH,702,579
120302,ANDHRA PRADESH,703,184
120302,ANDHRA PRADESH,704,312
120302,ANDHRA PRADESH,705,345
120302,ANDHRA PRADESH,706,32
120302,ANDHRA PRADESH,707,452
120302,ANDHRA PRADESH,708,328
120302,ANDHRA PRADESH,709,555
120302,ANDHRA PRADESH,710,140
120302,ANDHRA PRADESH,711,267
120302,ANDHRA PRADESH,712,362
120302,ANDHRA PRADESH,713,113
120302,ANDHRA PRADESH,714,422
120302,ANDHRA PRADESH,715,172
120302,ANDHRA PRADESH,716,75
120302,ANDHRA PRADESH,717,138
120302,ANDHRA PRADESH,718,493
120302,ANDHRA PRADESH,719,141
120302,ANDHRA PRADESH,720,210
120302,ANDHRA PRADESH,721,565
120302,ANDHRA PRADESH,722,331
120302,ANDHRA PRADESH,723,440
120302,ANDHRA PRADESH,724,265
120302,ANDHRA PRADESH,725,330
120302,ANDHRA PRADESH,726,70
120302,ANDHRA PRADESH,727,290
120302,ANDHRA PRADESH,728,383
120302,ANDHRA PRADESH,729,572
120302,ANDHRA PRADESH,730,151
120302,ANDHRA PRADESH,731,386
120302,ANDHRA PRADESH,732,322
120302,ANDHRA PRADESH,733,213
120302,ANDHRA PRADESH,734,67
120302,ANDHRA PRADESH,735,361
120302,ANDHRA PRADESH,736,495
120302,ANDHRA PRADESH,737,440
120302,ANDHRA PRADESH,738,344
120302,ANDHRA PRADESH,739,133
120302,ANDHRA PRADESH,740,80
120302,ANDHRA PRADESH,741,573
120302,ANDHRA PRADESH,742,493
120302,ANDHRA PRADESH,743,206
120302,ANDHRA PRADESH,744,430
120302,ANDHRA PRADESH,745,312
120302,ANDHRA PRADESH,746,135
120302,ANDHRA PRADESH,747,212
120302,ANDHRA PRADESH,748,116
120302,ANDHRA PRADESH,749,168
120302,ANDHRA PRADESH,750,477
120302,ANDHRA PRADESH,751,512
120302,ANDHRA PRADESH,752,75
120302,ANDHRA PRADESH,753,636
120302,ANDHRA PRADESH,754,69
120302,ANDHRA PRADESH,755,140
120302,ANDHRA PRADESH,756,42
120302,ANDHRA PRADESH,757,150
120302,ANDHRA PRADESH,758,228
120302,ANDHRA PRADESH,759,475
120302,ANDHRA PRADESH,760,71
120302,ANDHRA PRADESH,761,343
120302,ANDHRA PRADESH,762,126
120302,ANDHRA PRADESH,763,105
120302,ANDHRA PRADESH,764,329
120302,ANDHRA PRADESH,765,406
120302,ANDHRA PRADESH,766,112
120302,ANDHRA PRADESH,767,403
120302,ANDHRA PRADESH,768,385
120302,ANDHRA PRADESH,769,150
120302,ANDHRA PRADESH,770,8
120302,ANDHRA PRADESH,771,145
120302,ANDHRA PRADESH,772,377
120302,ANDHRA PRADESH,773,196
120302,ANDHRA PRADESH,774,394
120302,ANDHRA PRADESH,775,246
120302,ANDHRA PRADESH,776,226
120302,ANDHRA PRADESH,777,96
120302,ANDHRA PRADESH,778,104
120302,ANDHRA PRADESH,779,81
120302,ANDHRA PRADESH,780,116
120302,ANDHRA PRADESH,781,397
120302,ANDHRA PRADESH,782,474
120302,ANDHRA PRADESH,783,119
120302,ANDHRA PRADESH,784,355
120302,ANDHRA PRADESH,785,122
120302,ANDHRA PRADESH,786,149
120302,ANDHRA PRADESH,787,507
120302,ANDHRA PRADESH,788,38
120302,ANDHRA PRADESH,789,336
120302,ANDHRA PRADESH,790,611
120302,ANDHRA PRADESH,791,77
120302,ANDHRA PRADESH,792,386
120302,ANDHRA PRADESH,793,586
120302,ANDHRA PRADESH,794,239
120302,ANDHRA PRADESH,795,80
120302,ANDHRA PRADESH,796,54
120302,ANDHRA PRADESH,797,202
120302,ANDHRA PRADESH,798,309
120302,ANDHRA PRADESH,799,384
120302,ANDHRA PRADESH,800,79
120302,ANDHRA PRADESH,801,561
120302,ANDHRA PRADESH,802,80
120302,ANDHRA PRADESH,803,429
120302,ANDHRA PRADESH,804,181
120302,ANDHRA PRADESH,805,335
120302,ANDHRA PRADESH,806,19
120302,ANDHRA PRADESH,807,145
120302,ANDHRA PRADESH,808,136
120302,ANDHRA PRADESH,809,181
120302,ANDHRA PRADESH,810,272
120302,ANDHRA PRADESH,811,96
120302,ANDHRA PRADESH,812,629
120302,ANDHRA PRADESH,813,188
120302,ANDHRA PRADESH,814,72
120302,ANDHRA PRADESH,815,396
120302,ANDHRA PRADESH,816,132
120302,ANDHRA PRADESH,817,355
120302,ANDHRA PRADESH,818,117
120302,ANDHRA PRADESH,819,31
120302,ANDHRA PRADESH,820,90
120302,ANDHRA PRADESH,821,284
120302,ANDHRA PRADESH,822,371
120302,ANDHRA PRADESH,823,327
120302,ANDHRA PRADESH,824,98
120302,ANDHRA PRADESH,825,60
120302,ANDHRA PRADESH,826,332
120302,ANDHRA PRADESH,827,325
120302,ANDHRA PRADESH,828,331
120302,ANDHRA PRADESH,829,594
120302,ANDHRA PRADESH,830,189
120302,ANDHRA PRADESH,831,105
120302,ANDHRA PRADESH,832,55
120302,ANDHRA PRADESH,833,461
120302,ANDHRA PRADESH,834,127
120302,ANDHRA PRADESH,835,539
120302,ANDHRA PRADESH,836,324
120302,ANDHRA PRADESH,837,479
120302,ANDHRA PRADESH,838,234
120302,ANDHRA PRADESH,839,406
120302,ANDHRA PRADESH,840,115
120302,ANDHRA PRADESH,841,53
120302,ANDHRA PRADESH,842,128
120302,ANDHRA PRADESH,843,383
120302,ANDHRA PRADESH,844,281
120302,ANDHRA PRADESH,845,584
120302,ANDHRA PRADESH,846,317
120302,ANDHRA PRADESH,847,128
120302,ANDHRA PRADESH,848,656
120302,ANDHRA PRADESH,849,54
120302,ANDHRA PRADESH,850,427
120302,ANDHRA PRADESH,851,78
120302,ANDHRA PRADESH,852,330
120302,ANDHRA PRADESH,853,626
120302,ANDHRA PRADESH,854,166
120302,ANDHRA PRADESH,855,154
120302,ANDHRA PRADESH,1,857
120302,ANDHRA PRADESH,112,858
120302,ANDHRA PRADESH,152,859
120302,ANDHRA PRADESH,486,860
120302,ANDHRA PRADESH,620,861
120302,ANDHRA PRADESH,153,862
120302,ANDHRA PRADESH,77,863
120302,ANDHRA PRADESH,60,864
120302,ANDHRA PRADESH,209,865
120302,ANDHRA PRADESH,182,866
120302,ANDHRA PRADESH,94,867
120302,ANDHRA PRADESH,134,868
120302,ANDHRA PRADESH,137,869
120302,ANDHRA PRADESH,95,870
120302,ANDHRA PRADESH,871,361
120302,ANDHRA PRADESH,872,537
120302,ANDHRA PRADESH,873,36
120302,ANDHRA PRADESH,874,462
120302,ANDHRA PRADESH,875,41
120302,ANDHRA PRADESH,876,68
120302,ANDHRA PRADESH,877,252
120302,ANDHRA PRADESH,878,522
120302,ANDHRA PRADESH,879,129
120302,ANDHRA PRADESH,880,402
120302,ANDHRA PRADESH,881,108
120302,ANDHRA PRADESH,882,269
120302,ANDHRA PRADESH,883,542
120302,ANDHRA PRADESH,884,444
120302,ANDHRA PRADESH,885,270
