Center Number,State Name,Srl No,Marks
171602,CHHATTISGARH,1,77
171602,CHHATTISGARH,2,255
171602,CHHATTISGARH,3,26
171602,CHHATTISGARH,4,216
171602,CHHATTISGARH,5,394
171602,CHHATTISGARH,6,100
171602,CHHATTISGARH,7,85
171602,CHHATTISGARH,8,93
171602,CHHATTISGARH,9,188
171602,CHHATTISGARH,10,142
171602,CHHATTISGARH,11,300
171602,CHHATTISGARH,12,215
171602,CHHATTISGARH,13,363
171602,CHHATTISGARH,14,65
171602,CHHATTISGARH,15,324
171602,CHHATTISGARH,16,211
171602,CHHATTISGARH,17,464
171602,CHHATTISGARH,18,396
171602,CHHATTISGARH,19,104
171602,CHHATTISGARH,20,262
171602,CHHATTISGARH,21,373
171602,CHHATTISGARH,22,65
171602,CHHATTISGARH,23,370
171602,CHHATTISGARH,24,405
171602,CHHATTISGARH,25,28
171602,CHHATTISGARH,26,105
171602,CHHATTISGARH,27,235
171602,CHHATTISGARH,28,133
171602,CHHATTISGARH,29,656
171602,CHHATTISGARH,30,530
171602,CHHATTISGARH,31,421
171602,CHHATTISGARH,32,228
171602,CHHATTISGARH,33,18
171602,CHHATTISGARH,34,249
171602,CHHATTISGARH,35,270
171602,CHHATTISGARH,36,143
171602,CHHATTISGARH,37,82
171602,CHHATTISGARH,38,40
171602,CHHATTISGARH,39,109
171602,CHHATTISGARH,40,212
171602,CHHATTISGARH,41,103
171602,CHHATTISGARH,42,176
171602,CHHATTISGARH,43,62
171602,CHHATTISGARH,44,67
171602,CHHATTISGARH,45,50
171602,CHHATTISGARH,46,539
171602,CHHATTISGARH,47,164
171602,CHHATTISGARH,48,288
171602,CHHATTISGARH,49,201
171602,CHHATTISGARH,50,50
171602,CHHATTISGARH,51,263
171602,CHHATTISGARH,52,337
171602,CHHATTISGARH,53,279
171602,CHHATTISGARH,54,171
171602,CHHATTISGARH,55,54
171602,CHHATTISGARH,56,64
171602,CHHATTISGARH,57,304
171602,CHHATTISGARH,58,66
171602,CHHATTISGARH,59,25
171602,CHHATTISGARH,60,155
171602,CHHATTISGARH,61,501
171602,CHHATTISGARH,62,252
171602,CHHATTISGARH,63,235
171602,CHHATTISGARH,64,57
171602,CHHATTISGARH,65,160
171602,CHHATTISGARH,66,75
171602,CHHATTISGARH,67,152
171602,CHHATTISGARH,68,695
171602,CHHATTISGARH,69,69
171602,CHHATTISGARH,70,90
171602,CHHATTISGARH,71,342
171602,CHHATTISGARH,72,75
171602,CHHATTISGARH,73,104
171602,CHHATTISGARH,74,236
171602,CHHATTISGARH,75,165
171602,CHHATTISGARH,76,162
171602,CHHATTISGARH,77,170
171602,CHHATTISGARH,78,29
171602,CHHATTISGARH,79,566
171602,CHHATTISGARH,80,190
171602,CHHATTISGARH,81,115
171602,CHHATTISGARH,82,337
171602,CHHATTISGARH,83,92
171602,CHHATTISGARH,84,209
171602,CHHATTISGARH,85,213
171602,CHHATTISGARH,86,70
171602,CHHATTISGARH,1,88
171602,CHHATTISGARH,441,89
171602,CHHATTISGARH,218,90
171602,CHHATTISGARH,91,131
171602,CHHATTISGARH,92,333
171602,CHHATTISGARH,93,163
171602,CHHATTISGARH,94,89
171602,CHHATTISGARH,95,187
171602,CHHATTISGARH,96,315
171602,CHHATTISGARH,97,40
171602,CHHATTISGARH,98,183
171602,CHHATTISGARH,99,525
171602,CHHATTISGARH,100,416
171602,CHHATTISGARH,101,80
171602,CHHATTISGARH,102,290
171602,CHHATTISGARH,103,363
171602,CHHATTISGARH,104,11
171602,CHHATTISGARH,105,71
171602,CHHATTISGARH,106,124
171602,CHHATTISGARH,107,92
171602,CHHATTISGARH,108,183
171602,CHHATTISGARH,109,107
171602,CHHATTISGARH,110,439
171602,CHHATTISGARH,111,154
171602,CHHATTISGARH,112,55
171602,CHHATTISGARH,113,151
171602,CHHATTISGARH,114,61
171602,CHHATTISGARH,115,110
171602,CHHATTISGARH,116,86
171602,CHHATTISGARH,117,41
171602,CHHATTISGARH,118,90
171602,CHHATTISGARH,119,108
171602,CHHATTISGARH,120,187
171602,CHHATTISGARH,121,146
171602,CHHATTISGARH,122,208
171602,CHHATTISGARH,123,190
171602,CHHATTISGARH,124,455
171602,CHHATTISGARH,125,78
171602,CHHATTISGARH,126,334
171602,CHHATTISGARH,127,46
171602,CHHATTISGARH,128,400
171602,CHHATTISGARH,129,195
171602,CHHATTISGARH,130,77
171602,CHHATTISGARH,131,107
171602,CHHATTISGARH,132,179
171602,CHHATTISGARH,133,185
171602,CHHATTISGARH,134,276
171602,CHHATTISGARH,135,179
171602,CHHATTISGARH,136,54
171602,CHHATTISGARH,137,145
171602,CHHATTISGARH,138,96
171602,CHHATTISGARH,139,294
171602,CHHATTISGARH,140,196
171602,CHHATTISGARH,141,103
171602,CHHATTISGARH,142,312
171602,CHHATTISGARH,143,104
171602,CHHATTISGARH,144,127
171602,CHHATTISGARH,145,41
171602,CHHATTISGARH,146,227
171602,CHHATTISGARH,147,608
171602,CHHATTISGARH,148,163
171602,CHHATTISGARH,149,161
171602,CHHATTISGARH,150,128
171602,CHHATTISGARH,151,286
171602,CHHATTISGARH,152,174
171602,CHHATTISGARH,153,437
171602,CHHATTISGARH,154,351
171602,CHHATTISGARH,155,468
171602,CHHATTISGARH,156,56
171602,CHHATTISGARH,157,50
171602,CHHATTISGARH,158,43
171602,CHHATTISGARH,159,219
171602,CHHATTISGARH,160,99
171602,CHHATTISGARH,161,187
171602,CHHATTISGARH,162,36
171602,CHHATTISGARH,163,65
171602,CHHATTISGARH,164,32
171602,CHHATTISGARH,165,216
171602,CHHATTISGARH,166,52
171602,CHHATTISGARH,167,45
171602,CHHATTISGARH,168,108
171602,CHHATTISGARH,169,46
171602,CHHATTISGARH,170,81
171602,CHHATTISGARH,171,48
171602,CHHATTISGARH,172,95
171602,CHHATTISGARH,173,214
171602,CHHATTISGARH,174,204
171602,CHHATTISGARH,175,226
171602,CHHATTISGARH,176,196
171602,CHHATTISGARH,177,235
171602,CHHATTISGARH,178,69
171602,CHHATTISGARH,179,283
171602,CHHATTISGARH,180,216
171602,CHHATTISGARH,181,217
171602,CHHATTISGARH,182,98
171602,CHHATTISGARH,183,30
171602,CHHATTISGARH,184,390
171602,CHHATTISGARH,185,230
171602,CHHATTISGARH,186,196
171602,CHHATTISGARH,187,593
171602,CHHATTISGARH,188,390
171602,CHHATTISGARH,189,425
171602,CHHATTISGARH,190,126
171602,CHHATTISGARH,191,22
171602,CHHATTISGARH,192,97
171602,CHHATTISGARH,193,38
171602,CHHATTISGARH,194,463
171602,CHHATTISGARH,195,111
171602,CHHATTISGARH,196,191
171602,CHHATTISGARH,197,39
171602,CHHATTISGARH,198,96
171602,CHHATTISGARH,199,180
171602,CHHATTISGARH,200,180
171602,CHHATTISGARH,201,71
171602,CHHATTISGARH,202,101
171602,CHHATTISGARH,203,297
171602,CHHATTISGARH,204,98
171602,CHHATTISGARH,205,472
171602,CHHATTISGARH,206,253
171602,CHHATTISGARH,207,104
171602,CHHATTISGARH,208,187
171602,CHHATTISGARH,209,128
171602,CHHATTISGARH,210,57
171602,CHHATTISGARH,211,182
171602,CHHATTISGARH,212,138
171602,CHHATTISGARH,213,69
171602,CHHATTISGARH,214,135
171602,CHHATTISGARH,215,155
171602,CHHATTISGARH,216,65
171602,CHHATTISGARH,217,44
171602,CHHATTISGARH,218,247
171602,CHHATTISGARH,219,37
171602,CHHATTISGARH,220,135
171602,CHHATTISGARH,221,366
171602,CHHATTISGARH,222,253
171602,CHHATTISGARH,223,150
171602,CHHATTISGARH,224,228
171602,CHHATTISGARH,225,136
171602,CHHATTISGARH,226,250
171602,CHHATTISGARH,227,142
171602,CHHATTISGARH,228,505
171602,CHHATTISGARH,229,642
171602,CHHATTISGARH,230,100
171602,CHHATTISGARH,231,172
171602,CHHATTISGARH,232,51
171602,CHHATTISGARH,233,254
171602,CHHATTISGARH,234,180
171602,CHHATTISGARH,235,266
171602,CHHATTISGARH,236,233
171602,CHHATTISGARH,237,75
171602,CHHATTISGARH,238,128
171602,CHHATTISGARH,239,105
171602,CHHATTISGARH,240,75
171602,CHHATTISGARH,241,267
171602,CHHATTISGARH,242,151
171602,CHHATTISGARH,243,336
171602,CHHATTISGARH,244,125
171602,CHHATTISGARH,245,286
171602,CHHATTISGARH,246,95
171602,CHHATTISGARH,247,233
171602,CHHATTISGARH,248,356
171602,CHHATTISGARH,249,539
171602,CHHATTISGARH,250,137
171602,CHHATTISGARH,251,20
171602,CHHATTISGARH,252,137
171602,CHHATTISGARH,253,530
171602,CHHATTISGARH,254,135
171602,CHHATTISGARH,255,111
171602,CHHATTISGARH,256,251
171602,CHHATTISGARH,257,269
171602,CHHATTISGARH,258,302
171602,CHHATTISGARH,259,63
171602,CHHATTISGARH,260,282
171602,CHHATTISGARH,261,265
171602,CHHATTISGARH,262,521
171602,CHHATTISGARH,263,110
171602,CHHATTISGARH,264,357
171602,CHHATTISGARH,265,421
171602,CHHATTISGARH,266,107
171602,CHHATTISGARH,267,176
171602,CHHATTISGARH,268,589
171602,CHHATTISGARH,269,330
171602,CHHATTISGARH,270,81
171602,CHHATTISGARH,271,207
171602,CHHATTISGARH,272,213
171602,CHHATTISGARH,273,357
171602,CHHATTISGARH,274,614
171602,CHHATTISGARH,275,442
171602,CHHATTISGARH,276,106
171602,CHHATTISGARH,277,143
171602,CHHATTISGARH,278,66
171602,CHHATTISGARH,279,262
171602,CHHATTISGARH,280,285
171602,CHHATTISGARH,281,240
171602,CHHATTISGARH,282,310
171602,CHHATTISGARH,283,262
171602,CHHATTISGARH,284,93
171602,CHHATTISGARH,285,209
171602,CHHATTISGARH,286,58
171602,CHHATTISGARH,287,246
171602,CHHATTISGARH,288,227
171602,CHHATTISGARH,289,103
171602,CHHATTISGARH,290,120
171602,CHHATTISGARH,291,81
171602,CHHATTISGARH,292,125
171602,CHHATTISGARH,293,108
171602,CHHATTISGARH,294,307
171602,CHHATTISGARH,295,471
171602,CHHATTISGARH,296,397
171602,CHHATTISGARH,297,345
171602,CHHATTISGARH,298,324
171602,CHHATTISGARH,299,633
171602,CHHATTISGARH,300,234
171602,CHHATTISGARH,301,408
171602,CHHATTISGARH,302,182
171602,CHHATTISGARH,303,278
171602,CHHATTISGARH,304,91
171602,CHHATTISGARH,305,394
171602,CHHATTISGARH,306,71
171602,CHHATTISGARH,307,69
171602,CHHATTISGARH,308,329
171602,CHHATTISGARH,309,556
171602,CHHATTISGARH,310,589
171602,CHHATTISGARH,311,80
171602,CHHATTISGARH,312,96
171602,CHHATTISGARH,313,219
171602,CHHATTISGARH,314,493
171602,CHHATTISGARH,315,133
171602,CHHATTISGARH,316,133
171602,CHHATTISGARH,317,293
171602,CHHATTISGARH,318,290
171602,CHHATTISGARH,319,83
171602,CHHATTISGARH,320,302
171602,CHHATTISGARH,321,124
171602,CHHATTISGARH,322,154
171602,CHHATTISGARH,323,255
171602,CHHATTISGARH,324,363
171602,CHHATTISGARH,325,135
171602,CHHATTISGARH,326,217
171602,CHHATTISGARH,327,153
171602,CHHATTISGARH,328,8
171602,CHHATTISGARH,329,129
171602,CHHATTISGARH,330,294
171602,CHHATTISGARH,12,332
171602,CHHATTISGARH,67,333
171602,CHHATTISGARH,186,334
171602,CHHATTISGARH,69,335
171602,CHHATTISGARH,18,336
171602,CHHATTISGARH,492,337
171602,CHHATTISGARH,63,338
171602,CHHATTISGARH,179,339
171602,CHHATTISGARH,423,340
171602,CHHATTISGARH,445,341
171602,CHHATTISGARH,130,342
171602,CHHATTISGARH,241,343
171602,CHHATTISGARH,209,344
171602,CHHATTISGARH,113,345
171602,CHHATTISGARH,236,346
171602,CHHATTISGARH,134,347
171602,CHHATTISGARH,55,348
171602,CHHATTISGARH,470,349
171602,CHHATTISGARH,180,350
171602,CHHATTISGARH,193,351
171602,CHHATTISGARH,169,352
171602,CHHATTISGARH,227,353
171602,CHHATTISGARH,377,354
171602,CHHATTISGARH,127,355
171602,CHHATTISGARH,592,356
171602,CHHATTISGARH,374,357
171602,CHHATTISGARH,215,358
171602,CHHATTISGARH,146,359
171602,CHHATTISGARH,94,360
171602,CHHATTISGARH,361,207
171602,CHHATTISGARH,362,187
171602,CHHATTISGARH,363,351
171602,CHHATTISGARH,364,395
171602,CHHATTISGARH,365,638
171602,CHHATTISGARH,366,162
171602,CHHATTISGARH,367,70
171602,CHHATTISGARH,368,186
171602,CHHATTISGARH,369,87
171602,CHHATTISGARH,370,271
171602,CHHATTISGARH,371,155
171602,CHHATTISGARH,372,163
171602,CHHATTISGARH,373,116
171602,CHHATTISGARH,374,315
171602,CHHATTISGARH,375,102
171602,CHHATTISGARH,376,513
171602,CHHATTISGARH,377,111
171602,CHHATTISGARH,378,301
171602,CHHATTISGARH,379,168
171602,CHHATTISGARH,380,570
171602,CHHATTISGARH,381,38
171602,CHHATTISGARH,382,187
171602,CHHATTISGARH,383,514
171602,CHHATTISGARH,384,75
171602,CHHATTISGARH,385,217
171602,CHHATTISGARH,386,158
171602,CHHATTISGARH,387,75
171602,CHHATTISGARH,388,203
171602,CHHATTISGARH,389,55
171602,CHHATTISGARH,390,55
171602,CHHATTISGARH,391,118
171602,CHHATTISGARH,392,175
171602,CHHATTISGARH,393,167
171602,CHHATTISGARH,394,176
171602,CHHATTISGARH,395,84
171602,CHHATTISGARH,396,175
171602,CHHATTISGARH,397,61
171602,CHHATTISGARH,398,88
171602,CHHATTISGARH,399,299
171602,CHHATTISGARH,400,78
171602,CHHATTISGARH,401,303
171602,CHHATTISGARH,402,80
171602,CHHATTISGARH,403,528
171602,CHHATTISGARH,404,137
171602,CHHATTISGARH,405,207
171602,CHHATTISGARH,406,365
171602,CHHATTISGARH,407,125
171602,CHHATTISGARH,408,164
171602,CHHATTISGARH,409,156
171602,CHHATTISGARH,410,194
171602,CHHATTISGARH,411,389
171602,CHHATTISGARH,412,185
171602,CHHATTISGARH,413,100
171602,CHHATTISGARH,414,105
171602,CHHATTISGARH,415,124
171602,CHHATTISGARH,416,214
171602,CHHATTISGARH,417,169
171602,CHHATTISGARH,418,319
171602,CHHATTISGARH,419,46
171602,CHHATTISGARH,420,41
171602,CHHATTISGARH,421,106
171602,CHHATTISGARH,422,507
171602,CHHATTISGARH,423,132
171602,CHHATTISGARH,424,77
171602,CHHATTISGARH,425,363
171602,CHHATTISGARH,426,217
171602,CHHATTISGARH,427,303
171602,CHHATTISGARH,428,150
171602,CHHATTISGARH,7,430
171602,CHHATTISGARH,106,431
171602,CHHATTISGARH,170,432
171602,CHHATTISGARH,145,433
171602,CHHATTISGARH,130,434
171602,CHHATTISGARH,153,435
171602,CHHATTISGARH,47,436
171602,CHHATTISGARH,254,437
171602,CHHATTISGARH,214,438
171602,CHHATTISGARH,77,439
171602,CHHATTISGARH,273,440
171602,CHHATTISGARH,476,441
171602,CHHATTISGARH,439,442
171602,CHHATTISGARH,115,443
171602,CHHATTISGARH,278,444
171602,CHHATTISGARH,460,445
171602,CHHATTISGARH,58,446
171602,CHHATTISGARH,231,447
171602,CHHATTISGARH,359,448
171602,CHHATTISGARH,591,449
171602,CHHATTISGARH,95,450
171602,CHHATTISGARH,451,247
171602,CHHATTISGARH,452,160
171602,CHHATTISGARH,453,482
171602,CHHATTISGARH,454,430
171602,CHHATTISGARH,455,301
171602,CHHATTISGARH,456,292
171602,CHHATTISGARH,457,147
171602,CHHATTISGARH,458,288
171602,CHHATTISGARH,459,155
171602,CHHATTISGARH,460,35
171602,CHHATTISGARH,461,101
171602,CHHATTISGARH,462,244
171602,CHHATTISGARH,463,312
171602,CHHATTISGARH,7,465
171602,CHHATTISGARH,47,466
171602,CHHATTISGARH,395,467
171602,CHHATTISGARH,241,468
171602,CHHATTISGARH,265,469
171602,CHHATTISGARH,296,470
171602,CHHATTISGARH,357,471
171602,CHHATTISGARH,58,472
171602,CHHATTISGARH,348,473
171602,CHHATTISGARH,160,474
171602,CHHATTISGARH,159,475
171602,CHHATTISGARH,424,476
