Center Number,State Name,Srl No,Marks
171603,CHHATTISGARH,1,156
171603,CHHATTISGARH,2,52
171603,CHHATTISGARH,3,92
171603,CHHATTISGARH,4,161
171603,CHHATTISGARH,5,72
171603,CHHATTISGARH,6,65
171603,CHHATTISGARH,7,137
171603,CHHATTISGARH,8,468
171603,CHHATTISGARH,9,131
171603,CHHATTISGARH,10,140
171603,CHHATTISGARH,11,89
171603,CHHATTISGARH,12,150
171603,CHHATTISGARH,13,76
171603,CHHATTISGARH,14,100
171603,CHHATTISGARH,15,46
171603,CHHATTISGARH,16,123
171603,CHHATTISGARH,17,239
171603,CHHATTISGARH,18,560
171603,CHHATTISGARH,19,161
171603,CHHATTISGARH,20,238
171603,CHHATTISGARH,21,63
171603,CHHATTISGARH,22,83
171603,CHHATTISGARH,23,210
171603,CHHATTISGARH,24,28
171603,CHHATTISGARH,25,57
171603,CHHATTISGARH,26,40
171603,CHHATTISGARH,27,432
171603,CHHATTISGARH,28,390
171603,CHHATTISGARH,29,145
171603,CHHATTISGARH,30,303
171603,CHHATTISGARH,31,58
171603,CHHATTISGARH,32,74
171603,CHHATTISGARH,33,65
171603,CHHATTISGARH,34,159
171603,CHHATTISGARH,35,65
171603,CHHATTISGARH,36,208
171603,CHHATTISGARH,37,34
171603,CHHATTISGARH,38,155
171603,CHHATTISGARH,39,186
171603,CHHATTISGARH,40,290
171603,CHHATTISGARH,41,459
171603,CHHATTISGARH,42,63
171603,CHHATTISGARH,43,75
171603,CHHATTISGARH,44,52
171603,CHHATTISGARH,45,352
171603,CHHATTISGARH,46,65
171603,CHHATTISGARH,47,243
171603,CHHATTISGARH,48,115
171603,CHHATTISGARH,49,202
171603,CHHATTISGARH,50,65
171603,CHHATTISGARH,51,423
171603,CHHATTISGARH,52,291
171603,CHHATTISGARH,53,66
171603,CHHATTISGARH,54,55
171603,CHHATTISGARH,55,165
171603,CHHATTISGARH,56,112
171603,CHHATTISGARH,57,67
171603,CHHATTISGARH,58,221
171603,CHHATTISGARH,59,60
171603,CHHATTISGARH,60,62
171603,CHHATTISGARH,61,193
171603,CHHATTISGARH,62,61
171603,CHHATTISGARH,63,162
171603,CHHATTISGARH,64,181
171603,CHHATTISGARH,65,375
171603,CHHATTISGARH,4,67
171603,CHHATTISGARH,25,68
171603,CHHATTISGARH,498,69
171603,CHHATTISGARH,133,70
171603,CHHATTISGARH,108,71
171603,CHHATTISGARH,509,72
171603,CHHATTISGARH,94,73
171603,CHHATTISGARH,100,74
171603,CHHATTISGARH,112,75
171603,CHHATTISGARH,155,76
171603,CHHATTISGARH,281,77
171603,CHHATTISGARH,217,78
171603,CHHATTISGARH,133,79
171603,CHHATTISGARH,129,80
171603,CHHATTISGARH,105,81
171603,CHHATTISGARH,348,82
171603,CHHATTISGARH,125,83
171603,CHHATTISGARH,362,84
171603,CHHATTISGARH,67,85
171603,CHHATTISGARH,58,86
171603,CHHATTISGARH,275,87
171603,CHHATTISGARH,439,88
171603,CHHATTISGARH,292,89
171603,CHHATTISGARH,29,90
171603,CHHATTISGARH,91,54
171603,CHHATTISGARH,92,250
171603,CHHATTISGARH,93,203
171603,CHHATTISGARH,94,85
171603,CHHATTISGARH,95,145
171603,CHHATTISGARH,96,76
171603,CHHATTISGARH,97,124
171603,CHHATTISGARH,98,449
171603,CHHATTISGARH,99,189
171603,CHHATTISGARH,100,354
171603,CHHATTISGARH,101,101
171603,CHHATTISGARH,102,81
171603,CHHATTISGARH,103,145
171603,CHHATTISGARH,104,216
171603,CHHATTISGARH,105,233
171603,CHHATTISGARH,106,39
171603,CHHATTISGARH,107,85
171603,CHHATTISGARH,108,88
171603,CHHATTISGARH,109,50
171603,CHHATTISGARH,110,61
171603,CHHATTISGARH,111,70
171603,CHHATTISGARH,112,131
171603,CHHATTISGARH,113,111
171603,CHHATTISGARH,114,49
171603,CHHATTISGARH,115,116
171603,CHHATTISGARH,116,143
171603,CHHATTISGARH,117,83
171603,CHHATTISGARH,118,104
171603,CHHATTISGARH,119,157
171603,CHHATTISGARH,120,109
171603,CHHATTISGARH,121,17
171603,CHHATTISGARH,122,133
171603,CHHATTISGARH,123,80
171603,CHHATTISGARH,124,82
171603,CHHATTISGARH,125,165
171603,CHHATTISGARH,126,9
171603,CHHATTISGARH,127,51
171603,CHHATTISGARH,10,129
171603,CHHATTISGARH,61,130
171603,CHHATTISGARH,95,131
171603,CHHATTISGARH,69,132
171603,CHHATTISGARH,221,133
171603,CHHATTISGARH,119,134
171603,CHHATTISGARH,273,135
171603,CHHATTISGARH,91,136
171603,CHHATTISGARH,284,137
171603,CHHATTISGARH,95,138
171603,CHHATTISGARH,189,139
171603,CHHATTISGARH,160,140
171603,CHHATTISGARH,260,141
171603,CHHATTISGARH,90,142
171603,CHHATTISGARH,296,143
171603,CHHATTISGARH,282,144
171603,CHHATTISGARH,46,145
171603,CHHATTISGARH,136,146
171603,CHHATTISGARH,319,147
171603,CHHATTISGARH,263,148
171603,CHHATTISGARH,150,149
171603,CHHATTISGARH,118,150
171603,CHHATTISGARH,151,91
171603,CHHATTISGARH,152,99
171603,CHHATTISGARH,153,55
171603,CHHATTISGARH,154,165
171603,CHHATTISGARH,155,126
171603,CHHATTISGARH,156,56
171603,CHHATTISGARH,157,196
171603,CHHATTISGARH,158,86
171603,CHHATTISGARH,159,404
171603,CHHATTISGARH,160,277
171603,CHHATTISGARH,161,115
171603,CHHATTISGARH,162,55
171603,CHHATTISGARH,163,67
171603,CHHATTISGARH,164,73
171603,CHHATTISGARH,165,308
171603,CHHATTISGARH,166,339
171603,CHHATTISGARH,167,149
171603,CHHATTISGARH,168,30
171603,CHHATTISGARH,169,100
171603,CHHATTISGARH,170,7
171603,CHHATTISGARH,171,180
171603,CHHATTISGARH,172,338
171603,CHHATTISGARH,173,300
171603,CHHATTISGARH,174,80
171603,CHHATTISGARH,175,218
171603,CHHATTISGARH,176,10
171603,CHHATTISGARH,177,59
171603,CHHATTISGARH,178,172
171603,CHHATTISGARH,179,91
171603,CHHATTISGARH,180,280
171603,CHHATTISGARH,181,61
171603,CHHATTISGARH,182,447
171603,CHHATTISGARH,183,452
171603,CHHATTISGARH,184,59
171603,CHHATTISGARH,185,115
171603,CHHATTISGARH,186,253
171603,CHHATTISGARH,187,241
171603,CHHATTISGARH,188,55
171603,CHHATTISGARH,189,221
171603,CHHATTISGARH,190,163
171603,CHHATTISGARH,191,473
171603,CHHATTISGARH,192,70
171603,CHHATTISGARH,193,63
171603,CHHATTISGARH,194,31
171603,CHHATTISGARH,195,22
171603,CHHATTISGARH,196,83
171603,CHHATTISGARH,197,208
171603,CHHATTISGARH,198,81
171603,CHHATTISGARH,199,117
171603,CHHATTISGARH,200,83
171603,CHHATTISGARH,201,220
171603,CHHATTISGARH,202,63
171603,CHHATTISGARH,203,85
171603,CHHATTISGARH,204,48
171603,CHHATTISGARH,205,627
171603,CHHATTISGARH,206,200
171603,CHHATTISGARH,207,104
171603,CHHATTISGARH,208,95
171603,CHHATTISGARH,209,205
171603,CHHATTISGARH,210,158
171603,CHHATTISGARH,211,18
171603,CHHATTISGARH,212,293
171603,CHHATTISGARH,213,175
171603,CHHATTISGARH,214,39
171603,CHHATTISGARH,215,51
171603,CHHATTISGARH,216,191
171603,CHHATTISGARH,217,254
171603,CHHATTISGARH,218,65
171603,CHHATTISGARH,219,152
171603,CHHATTISGARH,220,15
171603,CHHATTISGARH,221,0
171603,CHHATTISGARH,222,110
171603,CHHATTISGARH,223,381
171603,CHHATTISGARH,224,29
171603,CHHATTISGARH,225,27
171603,CHHATTISGARH,226,85
171603,CHHATTISGARH,227,95
171603,CHHATTISGARH,228,43
171603,CHHATTISGARH,229,54
171603,CHHATTISGARH,230,116
171603,CHHATTISGARH,231,50
171603,CHHATTISGARH,232,103
171603,CHHATTISGARH,233,146
171603,CHHATTISGARH,234,173
171603,CHHATTISGARH,235,35
171603,CHHATTISGARH,236,385
171603,CHHATTISGARH,237,64
171603,CHHATTISGARH,238,113
171603,CHHATTISGARH,239,41
171603,CHHATTISGARH,240,40
171603,CHHATTISGARH,241,186
171603,CHHATTISGARH,242,48
171603,CHHATTISGARH,243,275
171603,CHHATTISGARH,244,91
171603,CHHATTISGARH,245,74
171603,CHHATTISGARH,246,467
171603,CHHATTISGARH,247,44
171603,CHHATTISGARH,248,35
171603,CHHATTISGARH,249,79
171603,CHHATTISGARH,250,66
171603,CHHATTISGARH,251,115
171603,CHHATTISGARH,252,110
171603,CHHATTISGARH,253,495
171603,CHHATTISGARH,254,39
171603,CHHATTISGARH,255,130
171603,CHHATTISGARH,256,26
171603,CHHATTISGARH,257,74
171603,CHHATTISGARH,258,525
171603,CHHATTISGARH,259,49
171603,CHHATTISGARH,260,66
171603,CHHATTISGARH,261,66
171603,CHHATTISGARH,262,145
171603,CHHATTISGARH,263,30
171603,CHHATTISGARH,264,85
171603,CHHATTISGARH,265,60
171603,CHHATTISGARH,266,162
171603,CHHATTISGARH,267,116
171603,CHHATTISGARH,268,216
171603,CHHATTISGARH,269,365
171603,CHHATTISGARH,270,55
171603,CHHATTISGARH,271,547
171603,CHHATTISGARH,272,96
171603,CHHATTISGARH,273,69
171603,CHHATTISGARH,274,111
171603,CHHATTISGARH,275,188
171603,CHHATTISGARH,276,115
171603,CHHATTISGARH,277,125
171603,CHHATTISGARH,278,50
171603,CHHATTISGARH,279,40
171603,CHHATTISGARH,280,70
171603,CHHATTISGARH,281,24
171603,CHHATTISGARH,282,85
171603,CHHATTISGARH,283,215
171603,CHHATTISGARH,284,109
171603,CHHATTISGARH,285,85
171603,CHHATTISGARH,286,83
171603,CHHATTISGARH,287,125
171603,CHHATTISGARH,288,105
171603,CHHATTISGARH,289,381
171603,CHHATTISGARH,290,63
171603,CHHATTISGARH,291,565
171603,CHHATTISGARH,292,18
171603,CHHATTISGARH,293,489
171603,CHHATTISGARH,294,478
171603,CHHATTISGARH,295,85
171603,CHHATTISGARH,296,422
171603,CHHATTISGARH,297,58
171603,CHHATTISGARH,298,125
171603,CHHATTISGARH,299,105
171603,CHHATTISGARH,300,90
171603,CHHATTISGARH,301,60
171603,CHHATTISGARH,302,55
171603,CHHATTISGARH,303,65
171603,CHHATTISGARH,304,109
171603,CHHATTISGARH,305,608
171603,CHHATTISGARH,306,545
171603,CHHATTISGARH,307,232
171603,CHHATTISGARH,308,159
171603,CHHATTISGARH,309,52
171603,CHHATTISGARH,310,126
171603,CHHATTISGARH,311,500
171603,CHHATTISGARH,312,51
171603,CHHATTISGARH,313,113
171603,CHHATTISGARH,314,75
171603,CHHATTISGARH,315,283
171603,CHHATTISGARH,316,52
171603,CHHATTISGARH,317,283
171603,CHHATTISGARH,318,91
171603,CHHATTISGARH,319,290
171603,CHHATTISGARH,320,100
171603,CHHATTISGARH,321,82
171603,CHHATTISGARH,322,105
171603,CHHATTISGARH,323,72
171603,CHHATTISGARH,324,541
171603,CHHATTISGARH,325,276
171603,CHHATTISGARH,326,50
171603,CHHATTISGARH,327,150
171603,CHHATTISGARH,328,184
171603,CHHATTISGARH,329,41
171603,CHHATTISGARH,330,111
171603,CHHATTISGARH,331,99
171603,CHHATTISGARH,332,262
171603,CHHATTISGARH,333,59
171603,CHHATTISGARH,334,122
171603,CHHATTISGARH,335,325
171603,CHHATTISGARH,336,61
171603,CHHATTISGARH,337,152
171603,CHHATTISGARH,338,47
171603,CHHATTISGARH,339,104
171603,CHHATTISGARH,340,123
171603,CHHATTISGARH,341,125
171603,CHHATTISGARH,342,221
171603,CHHATTISGARH,343,556
171603,CHHATTISGARH,344,305
171603,CHHATTISGARH,345,197
171603,CHHATTISGARH,346,282
171603,CHHATTISGARH,347,90
171603,CHHATTISGARH,348,45
171603,CHHATTISGARH,349,125
171603,CHHATTISGARH,350,14
171603,CHHATTISGARH,351,608
171603,CHHATTISGARH,352,200
171603,CHHATTISGARH,353,78
171603,CHHATTISGARH,354,20
171603,CHHATTISGARH,355,60
171603,CHHATTISGARH,356,387
171603,CHHATTISGARH,357,427
171603,CHHATTISGARH,358,93
171603,CHHATTISGARH,359,45
171603,CHHATTISGARH,360,310
171603,CHHATTISGARH,361,51
171603,CHHATTISGARH,362,523
171603,CHHATTISGARH,363,26
171603,CHHATTISGARH,364,430
171603,CHHATTISGARH,365,65
171603,CHHATTISGARH,366,241
171603,CHHATTISGARH,367,26
171603,CHHATTISGARH,368,509
171603,CHHATTISGARH,369,57
171603,CHHATTISGARH,370,142
171603,CHHATTISGARH,371,160
171603,CHHATTISGARH,372,50
171603,CHHATTISGARH,373,225
171603,CHHATTISGARH,374,137
171603,CHHATTISGARH,375,132
171603,CHHATTISGARH,376,319
171603,CHHATTISGARH,377,85
171603,CHHATTISGARH,378,63
171603,CHHATTISGARH,379,92
171603,CHHATTISGARH,380,82
171603,CHHATTISGARH,381,391
171603,CHHATTISGARH,382,100
171603,CHHATTISGARH,383,10
171603,CHHATTISGARH,384,165
171603,CHHATTISGARH,385,152
171603,CHHATTISGARH,386,147
171603,CHHATTISGARH,387,44
171603,CHHATTISGARH,388,48
171603,CHHATTISGARH,389,115
171603,CHHATTISGARH,390,73
171603,CHHATTISGARH,391,65
171603,CHHATTISGARH,392,319
171603,CHHATTISGARH,393,126
171603,CHHATTISGARH,394,296
171603,CHHATTISGARH,395,120
171603,CHHATTISGARH,396,108
171603,CHHATTISGARH,397,263
171603,CHHATTISGARH,398,412
171603,CHHATTISGARH,399,169
171603,CHHATTISGARH,400,96
171603,CHHATTISGARH,401,654
171603,CHHATTISGARH,402,196
171603,CHHATTISGARH,403,175
171603,CHHATTISGARH,404,252
171603,CHHATTISGARH,405,87
171603,CHHATTISGARH,406,75
171603,CHHATTISGARH,407,56
171603,CHHATTISGARH,408,115
171603,CHHATTISGARH,409,299
171603,CHHATTISGARH,410,174
171603,CHHATTISGARH,411,61
171603,CHHATTISGARH,412,336
171603,CHHATTISGARH,413,236
171603,CHHATTISGARH,414,358
171603,CHHATTISGARH,415,195
171603,CHHATTISGARH,416,105
171603,CHHATTISGARH,417,518
171603,CHHATTISGARH,418,98
171603,CHHATTISGARH,419,42
171603,CHHATTISGARH,420,37
171603,CHHATTISGARH,421,50
171603,CHHATTISGARH,422,318
171603,CHHATTISGARH,423,314
171603,CHHATTISGARH,424,325
171603,CHHATTISGARH,425,65
171603,CHHATTISGARH,426,105
171603,CHHATTISGARH,427,65
171603,CHHATTISGARH,428,140
171603,CHHATTISGARH,429,84
171603,CHHATTISGARH,430,114
171603,CHHATTISGARH,431,66
171603,CHHATTISGARH,432,24
171603,CHHATTISGARH,433,91
171603,CHHATTISGARH,434,365
171603,CHHATTISGARH,435,261
171603,CHHATTISGARH,436,161
171603,CHHATTISGARH,437,79
171603,CHHATTISGARH,438,91
171603,CHHATTISGARH,439,127
171603,CHHATTISGARH,440,279
171603,CHHATTISGARH,441,82
171603,CHHATTISGARH,442,70
171603,CHHATTISGARH,443,80
171603,CHHATTISGARH,444,95
171603,CHHATTISGARH,445,71
171603,CHHATTISGARH,446,68
171603,CHHATTISGARH,447,46
171603,CHHATTISGARH,448,76
171603,CHHATTISGARH,449,38
171603,CHHATTISGARH,450,51
171603,CHHATTISGARH,451,144
171603,CHHATTISGARH,452,306
171603,CHHATTISGARH,453,143
171603,CHHATTISGARH,454,119
171603,CHHATTISGARH,455,271
171603,CHHATTISGARH,456,140
171603,CHHATTISGARH,457,25
171603,CHHATTISGARH,458,101
171603,CHHATTISGARH,459,45
171603,CHHATTISGARH,460,30
171603,CHHATTISGARH,461,255
171603,CHHATTISGARH,462,105
