Center Number,State Name,Srl No,Marks
221503,GUJARAT,1,117
221503,GUJARAT,2,85
221503,GUJARAT,3,113
221503,GUJARAT,4,268
221503,GUJARAT,5,218
221503,GUJARAT,6,73
221503,GUJARAT,7,220
221503,GUJARAT,8,43
221503,GUJARAT,9,448
221503,GUJARAT,10,152
221503,GUJARAT,11,298
221503,GUJARAT,12,98
221503,GUJARAT,13,130
221503,GUJARAT,14,254
221503,GUJARAT,15,438
221503,GUJARAT,16,250
221503,GUJARAT,17,277
221503,GUJARAT,18,135
221503,GUJARAT,19,311
221503,GUJARAT,20,464
221503,GUJARAT,21,105
221503,GUJARAT,22,82
221503,GUJARAT,23,100
221503,GUJARAT,24,203
221503,GUJARAT,25,168
221503,GUJARAT,26,27
221503,GUJARAT,27,355
221503,GUJARAT,28,133
221503,GUJARAT,29,95
221503,GUJARAT,30,163
221503,GUJARAT,31,84
221503,GUJARAT,32,94
221503,GUJARAT,33,152
221503,GUJARAT,34,141
221503,GUJARAT,35,116
221503,GUJARAT,36,71
221503,GUJARAT,37,65
221503,GUJARAT,38,224
221503,GUJARAT,39,134
221503,GUJARAT,40,92
221503,GUJARAT,41,67
221503,GUJARAT,42,149
221503,GUJARAT,43,232
221503,GUJARAT,44,260
221503,GUJARAT,45,198
221503,GUJARAT,46,154
221503,GUJARAT,47,108
221503,GUJARAT,48,66
221503,GUJARAT,49,78
221503,GUJARAT,50,55
221503,GUJARAT,51,136
221503,GUJARAT,52,229
221503,GUJARAT,53,63
221503,GUJARAT,54,136
221503,GUJARAT,55,9
221503,GUJARAT,56,320
221503,GUJARAT,57,93
221503,GUJARAT,58,96
221503,GUJARAT,59,167
221503,GUJARAT,60,489
221503,GUJARAT,61,67
221503,GUJARAT,62,83
221503,GUJARAT,63,90
221503,GUJARAT,64,522
221503,GUJARAT,65,118
221503,GUJARAT,66,64
221503,GUJARAT,67,143
221503,GUJARAT,68,118
221503,GUJARAT,69,193
221503,GUJARAT,70,70
221503,GUJARAT,71,98
221503,GUJARAT,72,162
221503,GUJARAT,73,58
221503,GUJARAT,74,59
221503,GUJARAT,75,76
221503,GUJARAT,76,582
221503,GUJARAT,77,202
221503,GUJARAT,78,152
221503,GUJARAT,79,120
221503,GUJARAT,80,99
221503,GUJARAT,81,143
221503,GUJARAT,82,201
221503,GUJARAT,83,80
221503,GUJARAT,84,81
221503,GUJARAT,85,530
221503,GUJARAT,86,115
221503,GUJARAT,87,53
221503,GUJARAT,88,48
221503,GUJARAT,89,104
221503,GUJARAT,90,152
221503,GUJARAT,91,149
221503,GUJARAT,92,133
221503,GUJARAT,93,115
221503,GUJARAT,94,88
221503,GUJARAT,95,153
221503,GUJARAT,96,158
221503,GUJARAT,97,123
221503,GUJARAT,98,110
221503,GUJARAT,99,189
221503,GUJARAT,100,348
221503,GUJARAT,101,100
221503,GUJARAT,102,303
221503,GUJARAT,103,184
221503,GUJARAT,104,347
221503,GUJARAT,105,87
221503,GUJARAT,106,211
221503,GUJARAT,107,500
221503,GUJARAT,108,89
221503,GUJARAT,109,107
221503,GUJARAT,110,87
221503,GUJARAT,111,193
221503,GUJARAT,112,111
221503,GUJARAT,113,181
221503,GUJARAT,114,36
221503,GUJARAT,115,165
221503,GUJARAT,116,78
221503,GUJARAT,117,102
221503,GUJARAT,118,78
221503,GUJARAT,119,313
221503,GUJARAT,120,191
221503,GUJARAT,121,106
221503,GUJARAT,122,331
221503,GUJARAT,123,140
221503,GUJARAT,124,256
221503,GUJARAT,125,192
221503,GUJARAT,126,226
221503,GUJARAT,127,89
221503,GUJARAT,128,408
221503,GUJARAT,129,83
221503,GUJARAT,130,110
221503,GUJARAT,131,70
221503,GUJARAT,132,136
221503,GUJARAT,133,199
221503,GUJARAT,134,267
221503,GUJARAT,135,135
221503,GUJARAT,136,181
221503,GUJARAT,137,96
221503,GUJARAT,138,169
221503,GUJARAT,139,90
221503,GUJARAT,140,558
221503,GUJARAT,141,70
221503,GUJARAT,142,171
221503,GUJARAT,143,67
221503,GUJARAT,144,127
221503,GUJARAT,145,271
221503,GUJARAT,146,94
221503,GUJARAT,147,153
221503,GUJARAT,148,100
221503,GUJARAT,149,286
221503,GUJARAT,150,53
221503,GUJARAT,151,165
221503,GUJARAT,152,267
221503,GUJARAT,153,111
221503,GUJARAT,154,98
221503,GUJARAT,155,159
221503,GUJARAT,156,298
221503,GUJARAT,157,161
221503,GUJARAT,158,113
221503,GUJARAT,159,134
221503,GUJARAT,160,275
221503,GUJARAT,161,79
221503,GUJARAT,162,172
221503,GUJARAT,163,92
221503,GUJARAT,164,26
221503,GUJARAT,165,57
221503,GUJARAT,166,201
221503,GUJARAT,167,29
221503,GUJARAT,168,59
221503,GUJARAT,169,79
221503,GUJARAT,170,99
221503,GUJARAT,171,173
221503,GUJARAT,172,313
221503,GUJARAT,173,103
221503,GUJARAT,174,95
221503,GUJARAT,175,41
221503,GUJARAT,176,65
221503,GUJARAT,177,646
221503,GUJARAT,178,105
221503,GUJARAT,179,152
221503,GUJARAT,180,180
221503,GUJARAT,181,97
221503,GUJARAT,182,198
221503,GUJARAT,183,90
221503,GUJARAT,184,99
221503,GUJARAT,185,78
221503,GUJARAT,186,468
221503,GUJARAT,187,105
221503,GUJARAT,188,45
221503,GUJARAT,189,70
221503,GUJARAT,190,106
221503,GUJARAT,191,132
221503,GUJARAT,192,29
221503,GUJARAT,193,436
221503,GUJARAT,194,79
221503,GUJARAT,195,516
221503,GUJARAT,196,130
221503,GUJARAT,197,320
221503,GUJARAT,198,129
221503,GUJARAT,199,81
221503,GUJARAT,200,27
221503,GUJARAT,201,173
221503,GUJARAT,202,59
221503,GUJARAT,203,67
221503,GUJARAT,204,95
221503,GUJARAT,205,214
221503,GUJARAT,206,312
221503,GUJARAT,207,105
221503,GUJARAT,208,49
221503,GUJARAT,209,102
221503,GUJARAT,210,271
221503,GUJARAT,211,148
221503,GUJARAT,212,646
221503,GUJARAT,213,81
221503,GUJARAT,214,174
221503,GUJARAT,215,42
221503,GUJARAT,216,78
221503,GUJARAT,217,72
221503,GUJARAT,218,103
221503,GUJARAT,219,17
221503,GUJARAT,220,335
221503,GUJARAT,221,170
221503,GUJARAT,222,183
221503,GUJARAT,223,113
221503,GUJARAT,224,41
221503,GUJARAT,225,133
221503,GUJARAT,226,190
221503,GUJARAT,227,114
221503,GUJARAT,228,239
221503,GUJARAT,229,135
221503,GUJARAT,230,491
221503,GUJARAT,231,230
221503,GUJARAT,232,294
221503,GUJARAT,233,262
221503,GUJARAT,234,91
221503,GUJARAT,235,300
221503,GUJARAT,236,98
221503,GUJARAT,237,214
221503,GUJARAT,238,199
221503,GUJARAT,239,79
221503,GUJARAT,240,156
221503,GUJARAT,241,105
221503,GUJARAT,242,375
221503,GUJARAT,243,97
221503,GUJARAT,244,92
221503,GUJARAT,245,120
221503,GUJARAT,246,146
221503,GUJARAT,247,99
221503,GUJARAT,248,240
221503,GUJARAT,249,70
221503,GUJARAT,250,154
221503,GUJARAT,251,275
221503,GUJARAT,252,36
221503,GUJARAT,253,159
221503,GUJARAT,254,156
221503,GUJARAT,255,124
221503,GUJARAT,256,127
221503,GUJARAT,257,584
221503,GUJARAT,258,43
221503,GUJARAT,259,288
221503,GUJARAT,260,160
221503,GUJARAT,261,51
221503,GUJARAT,262,132
221503,GUJARAT,263,140
221503,GUJARAT,264,117
221503,GUJARAT,265,226
221503,GUJARAT,266,104
221503,GUJARAT,267,82
221503,GUJARAT,268,253
221503,GUJARAT,269,115
221503,GUJARAT,270,117
221503,GUJARAT,271,100
221503,GUJARAT,272,179
221503,GUJARAT,273,28
221503,GUJARAT,274,107
221503,GUJARAT,275,42
221503,GUJARAT,276,63
221503,GUJARAT,277,144
221503,GUJARAT,278,28
221503,GUJARAT,279,71
221503,GUJARAT,280,245
221503,GUJARAT,281,148
221503,GUJARAT,282,47
221503,GUJARAT,283,422
221503,GUJARAT,284,204
221503,GUJARAT,285,309
221503,GUJARAT,286,79
221503,GUJARAT,287,216
221503,GUJARAT,288,89
221503,GUJARAT,289,103
221503,GUJARAT,290,147
221503,GUJARAT,291,375
221503,GUJARAT,292,245
221503,GUJARAT,293,135
221503,GUJARAT,294,85
221503,GUJARAT,295,349
221503,GUJARAT,296,112
221503,GUJARAT,297,163
221503,GUJARAT,298,98
221503,GUJARAT,299,165
221503,GUJARAT,300,99
221503,GUJARAT,301,67
221503,GUJARAT,302,138
221503,GUJARAT,303,432
221503,GUJARAT,304,75
221503,GUJARAT,305,205
221503,GUJARAT,306,327
221503,GUJARAT,307,89
221503,GUJARAT,308,34
221503,GUJARAT,309,71
221503,GUJARAT,310,90
221503,GUJARAT,311,112
221503,GUJARAT,312,152
221503,GUJARAT,313,30
221503,GUJARAT,314,454
221503,GUJARAT,315,81
221503,GUJARAT,316,74
221503,GUJARAT,317,194
221503,GUJARAT,318,155
221503,GUJARAT,319,188
221503,GUJARAT,320,126
221503,GUJARAT,321,133
221503,GUJARAT,322,110
221503,GUJARAT,323,215
221503,GUJARAT,324,78
221503,GUJARAT,325,148
221503,GUJARAT,326,412
221503,GUJARAT,327,68
221503,GUJARAT,328,30
221503,GUJARAT,329,266
221503,GUJARAT,330,43
221503,GUJARAT,331,246
221503,GUJARAT,332,89
221503,GUJARAT,333,277
221503,GUJARAT,334,232
221503,GUJARAT,335,22
221503,GUJARAT,336,188
221503,GUJARAT,337,25
221503,GUJARAT,338,146
221503,GUJARAT,339,109
221503,GUJARAT,340,38
221503,GUJARAT,341,157
221503,GUJARAT,342,56
221503,GUJARAT,343,205
221503,GUJARAT,344,77
221503,GUJARAT,345,101
221503,GUJARAT,346,101
221503,GUJARAT,347,130
221503,GUJARAT,348,277
221503,GUJARAT,349,145
221503,GUJARAT,350,330
221503,GUJARAT,351,220
221503,GUJARAT,352,116
221503,GUJARAT,353,67
221503,GUJARAT,354,157
221503,GUJARAT,355,180
221503,GUJARAT,356,178
221503,GUJARAT,357,119
221503,GUJARAT,358,181
221503,GUJARAT,359,95
221503,GUJARAT,360,90
221503,GUJARAT,361,28
221503,GUJARAT,362,388
221503,GUJARAT,363,230
221503,GUJARAT,364,450
221503,GUJARAT,365,292
221503,GUJARAT,366,161
221503,GUJARAT,367,262
221503,GUJARAT,368,113
221503,GUJARAT,369,201
221503,GUJARAT,370,105
221503,GUJARAT,371,216
221503,GUJARAT,1,373
221503,GUJARAT,59,374
221503,GUJARAT,307,375
221503,GUJARAT,93,376
221503,GUJARAT,149,377
221503,GUJARAT,313,378
221503,GUJARAT,345,379
221503,GUJARAT,141,380
221503,GUJARAT,97,381
221503,GUJARAT,160,382
221503,GUJARAT,108,383
221503,GUJARAT,121,384
221503,GUJARAT,45,385
221503,GUJARAT,23,386
221503,GUJARAT,455,387
221503,GUJARAT,201,388
221503,GUJARAT,257,389
221503,GUJARAT,28,390
221503,GUJARAT,391,147
221503,GUJARAT,392,153
221503,GUJARAT,393,124
221503,GUJARAT,394,169
221503,GUJARAT,395,53
221503,GUJARAT,396,314
221503,GUJARAT,397,53
221503,GUJARAT,398,77
221503,GUJARAT,399,272
221503,GUJARAT,400,147
221503,GUJARAT,401,164
221503,GUJARAT,402,267
221503,GUJARAT,403,259
221503,GUJARAT,404,55
221503,GUJARAT,405,23
221503,GUJARAT,406,71
221503,GUJARAT,407,21
221503,GUJARAT,408,30
221503,GUJARAT,409,353
221503,GUJARAT,410,273
221503,GUJARAT,411,327
221503,GUJARAT,412,163
221503,GUJARAT,413,135
221503,GUJARAT,414,30
221503,GUJARAT,415,90
221503,GUJARAT,416,149
221503,GUJARAT,417,126
221503,GUJARAT,418,219
221503,GUJARAT,419,124
221503,GUJARAT,420,37
221503,GUJARAT,421,209
221503,GUJARAT,422,250
221503,GUJARAT,423,81
221503,GUJARAT,424,200
221503,GUJARAT,425,65
