Center Number,State Name,Srl No,Marks
222802,GUJARAT,1,190
222802,GUJARAT,2,65
222802,GUJARAT,3,163
222802,GUJARAT,4,102
222802,GUJARAT,5,98
222802,GUJARAT,6,80
222802,GUJARAT,7,450
222802,GUJARAT,8,267
222802,GUJARAT,9,155
222802,GUJARAT,10,550
222802,GUJARAT,11,140
222802,GUJARAT,12,167
222802,GUJARAT,13,235
222802,GUJARAT,14,30
222802,GUJARAT,15,105
222802,GUJARAT,16,554
222802,GUJARAT,17,311
222802,GUJARAT,18,389
222802,GUJARAT,19,175
222802,GUJARAT,20,80
222802,GUJARAT,21,182
222802,GUJARAT,22,642
222802,GUJARAT,23,49
222802,GUJARAT,24,445
222802,GUJARAT,25,187
222802,GUJARAT,26,274
222802,GUJARAT,27,118
222802,GUJARAT,28,356
222802,GUJARAT,29,241
222802,GUJARAT,30,427
222802,GUJARAT,31,399
222802,GUJARAT,32,141
222802,GUJARAT,33,51
222802,GUJARAT,34,589
222802,GUJARAT,35,206
222802,GUJARAT,36,66
222802,GUJARAT,37,557
222802,GUJARAT,38,30
222802,GUJARAT,39,97
222802,GUJARAT,40,130
222802,GUJARAT,41,275
222802,GUJARAT,42,84
222802,GUJARAT,43,333
222802,GUJARAT,44,270
222802,GUJARAT,45,283
222802,GUJARAT,46,567
222802,GUJARAT,47,270
222802,GUJARAT,48,142
222802,GUJARAT,49,63
222802,GUJARAT,50,322
222802,GUJARAT,51,180
222802,GUJARAT,52,138
222802,GUJARAT,53,384
222802,GUJARAT,54,66
222802,GUJARAT,55,475
222802,GUJARAT,56,480
222802,GUJARAT,57,216
222802,GUJARAT,58,212
222802,GUJARAT,59,82
222802,GUJARAT,60,300
222802,GUJARAT,61,261
222802,GUJARAT,62,64
222802,GUJARAT,63,459
222802,GUJARAT,64,592
222802,GUJARAT,65,86
222802,GUJARAT,66,465
222802,GUJARAT,67,350
222802,GUJARAT,68,311
222802,GUJARAT,69,87
222802,GUJARAT,70,241
222802,GUJARAT,71,125
222802,GUJARAT,72,556
222802,GUJARAT,73,399
222802,GUJARAT,74,187
222802,GUJARAT,75,634
222802,GUJARAT,76,45
222802,GUJARAT,77,123
222802,GUJARAT,78,92
222802,GUJARAT,79,438
222802,GUJARAT,80,210
222802,GUJARAT,81,153
222802,GUJARAT,82,531
222802,GUJARAT,83,283
222802,GUJARAT,84,124
222802,GUJARAT,85,562
222802,GUJARAT,86,238
222802,GUJARAT,87,205
222802,GUJARAT,88,189
222802,GUJARAT,89,33
222802,GUJARAT,90,184
222802,GUJARAT,91,99
222802,GUJARAT,92,633
222802,GUJARAT,93,248
222802,GUJARAT,94,155
222802,GUJARAT,95,244
222802,GUJARAT,96,425
222802,GUJARAT,97,376
222802,GUJARAT,98,138
222802,GUJARAT,99,199
222802,GUJARAT,100,247
222802,GUJARAT,101,255
222802,GUJARAT,102,390
222802,GUJARAT,103,632
222802,GUJARAT,104,75
222802,GUJARAT,105,522
222802,GUJARAT,106,298
222802,GUJARAT,107,273
222802,GUJARAT,108,71
222802,GUJARAT,109,136
222802,GUJARAT,110,158
222802,GUJARAT,111,236
222802,GUJARAT,112,292
222802,GUJARAT,113,351
222802,GUJARAT,114,560
222802,GUJARAT,115,390
222802,GUJARAT,116,152
222802,GUJARAT,117,220
222802,GUJARAT,118,536
222802,GUJARAT,119,185
222802,GUJARAT,120,331
222802,GUJARAT,121,530
222802,GUJARAT,122,128
222802,GUJARAT,123,295
222802,GUJARAT,124,265
222802,GUJARAT,125,442
222802,GUJARAT,126,111
222802,GUJARAT,127,112
222802,GUJARAT,128,299
222802,GUJARAT,129,334
222802,GUJARAT,130,386
222802,GUJARAT,131,205
222802,GUJARAT,132,427
222802,GUJARAT,133,175
222802,GUJARAT,134,550
222802,GUJARAT,135,427
222802,GUJARAT,136,92
222802,GUJARAT,137,244
222802,GUJARAT,138,223
222802,GUJARAT,139,204
222802,GUJARAT,140,384
222802,GUJARAT,141,331
222802,GUJARAT,142,75
222802,GUJARAT,143,192
222802,GUJARAT,144,372
222802,GUJARAT,145,99
222802,GUJARAT,146,154
222802,GUJARAT,147,149
222802,GUJARAT,148,359
222802,GUJARAT,149,343
222802,GUJARAT,150,354
222802,GUJARAT,151,228
222802,GUJARAT,152,399
222802,GUJARAT,153,121
222802,GUJARAT,154,176
222802,GUJARAT,155,343
222802,GUJARAT,156,90
222802,GUJARAT,157,138
222802,GUJARAT,158,210
222802,GUJARAT,159,534
222802,GUJARAT,160,220
222802,GUJARAT,161,102
222802,GUJARAT,162,133
222802,GUJARAT,163,75
222802,GUJARAT,164,215
222802,GUJARAT,165,46
222802,GUJARAT,166,370
222802,GUJARAT,167,110
222802,GUJARAT,168,222
222802,GUJARAT,169,113
222802,GUJARAT,170,46
222802,GUJARAT,171,136
222802,GUJARAT,172,493
222802,GUJARAT,173,385
222802,GUJARAT,174,159
222802,GUJARAT,175,396
222802,GUJARAT,176,422
222802,GUJARAT,177,350
222802,GUJARAT,178,74
222802,GUJARAT,179,233
222802,GUJARAT,180,398
222802,GUJARAT,181,491
222802,GUJARAT,182,85
222802,GUJARAT,183,39
222802,GUJARAT,184,215
222802,GUJARAT,185,82
222802,GUJARAT,186,239
222802,GUJARAT,187,608
222802,GUJARAT,188,620
222802,GUJARAT,189,240
222802,GUJARAT,190,247
222802,GUJARAT,191,331
222802,GUJARAT,192,135
222802,GUJARAT,193,390
222802,GUJARAT,194,87
222802,GUJARAT,195,575
222802,GUJARAT,196,350
222802,GUJARAT,197,396
222802,GUJARAT,198,522
222802,GUJARAT,199,158
222802,GUJARAT,200,261
222802,GUJARAT,201,43
222802,GUJARAT,202,340
222802,GUJARAT,203,40
222802,GUJARAT,204,80
222802,GUJARAT,205,16
222802,GUJARAT,206,83
222802,GUJARAT,207,356
222802,GUJARAT,208,378
222802,GUJARAT,209,208
222802,GUJARAT,210,145
222802,GUJARAT,211,80
222802,GUJARAT,212,390
222802,GUJARAT,213,573
222802,GUJARAT,214,526
222802,GUJARAT,215,137
222802,GUJARAT,216,222
222802,GUJARAT,217,105
222802,GUJARAT,218,169
222802,GUJARAT,219,467
222802,GUJARAT,220,201
222802,GUJARAT,221,75
222802,GUJARAT,222,292
222802,GUJARAT,223,114
222802,GUJARAT,224,104
222802,GUJARAT,225,322
222802,GUJARAT,226,224
222802,GUJARAT,227,136
222802,GUJARAT,228,178
222802,GUJARAT,229,219
222802,GUJARAT,230,357
222802,GUJARAT,231,128
222802,GUJARAT,232,187
222802,GUJARAT,233,49
222802,GUJARAT,234,400
222802,GUJARAT,235,170
222802,GUJARAT,236,162
222802,GUJARAT,237,142
222802,GUJARAT,238,170
222802,GUJARAT,239,86
222802,GUJARAT,240,99
222802,GUJARAT,241,226
222802,GUJARAT,242,196
222802,GUJARAT,243,119
222802,GUJARAT,244,109
222802,GUJARAT,245,107
222802,GUJARAT,246,139
222802,GUJARAT,247,112
222802,GUJARAT,248,361
222802,GUJARAT,249,216
222802,GUJARAT,250,168
222802,GUJARAT,251,215
222802,GUJARAT,252,195
222802,GUJARAT,253,305
222802,GUJARAT,254,70
222802,GUJARAT,255,361
222802,GUJARAT,256,323
222802,GUJARAT,257,105
222802,GUJARAT,258,81
222802,GUJARAT,259,255
222802,GUJARAT,260,38
222802,GUJARAT,261,288
222802,GUJARAT,262,128
