Center Number,State Name,Srl No,Marks
230208,HARYANA,1,348
230208,HARYANA,2,185
230208,HARYANA,3,700
230208,HARYANA,4,660
230208,HARYANA,5,125
230208,HARYANA,6,512
230208,HARYANA,7,383
230208,HARYANA,8,213
230208,HARYANA,9,103
230208,HARYANA,10,590
230208,HARYANA,11,195
230208,HARYANA,12,304
230208,HARYANA,13,211
230208,HARYANA,14,488
230208,HARYANA,15,168
230208,HARYANA,16,293
230208,HARYANA,17,106
230208,HARYANA,18,392
230208,HARYANA,19,229
230208,HARYANA,20,193
230208,HARYANA,21,307
230208,HARYANA,22,202
230208,HARYANA,23,104
230208,HARYANA,24,674
230208,HARYANA,25,89
230208,HARYANA,26,118
230208,HARYANA,27,533
230208,HARYANA,28,558
230208,HARYANA,29,116
230208,HARYANA,30,358
230208,HARYANA,31,70
230208,HARYANA,32,124
230208,HARYANA,33,250
230208,HARYANA,34,73
230208,HARYANA,35,175
230208,HARYANA,36,423
230208,HARYANA,37,173
230208,HARYANA,38,275
230208,HARYANA,39,230
230208,HARYANA,40,221
230208,HARYANA,41,291
230208,HARYANA,42,77
230208,HARYANA,43,206
230208,HARYANA,44,231
230208,HARYANA,45,80
230208,HARYANA,46,137
230208,HARYANA,47,128
230208,HARYANA,48,75
230208,HARYANA,49,120
230208,HARYANA,50,602
230208,HARYANA,51,125
230208,HARYANA,52,68
230208,HARYANA,53,347
230208,HARYANA,54,144
230208,HARYANA,55,247
230208,HARYANA,56,457
230208,HARYANA,57,431
230208,HARYANA,58,230
230208,HARYANA,59,38
230208,HARYANA,60,226
230208,HARYANA,61,281
230208,HARYANA,62,421
230208,HARYANA,63,162
230208,HARYANA,64,462
230208,HARYANA,65,128
230208,HARYANA,66,348
230208,HARYANA,67,139
230208,HARYANA,68,231
230208,HARYANA,69,135
230208,HARYANA,70,153
230208,HARYANA,71,575
230208,HARYANA,72,157
230208,HARYANA,73,294
230208,HARYANA,74,60
230208,HARYANA,75,497
230208,HARYANA,76,297
230208,HARYANA,77,88
230208,HARYANA,78,146
230208,HARYANA,79,340
230208,HARYANA,80,97
230208,HARYANA,81,492
230208,HARYANA,82,411
230208,HARYANA,83,115
230208,HARYANA,84,466
230208,HARYANA,85,218
230208,HARYANA,86,147
230208,HARYANA,87,124
230208,HARYANA,88,244
230208,HARYANA,89,110
230208,HARYANA,90,198
230208,HARYANA,91,73
230208,HARYANA,92,464
230208,HARYANA,93,100
230208,HARYANA,94,222
230208,HARYANA,95,106
230208,HARYANA,96,155
230208,HARYANA,97,225
230208,HARYANA,98,374
230208,HARYANA,99,340
230208,HARYANA,100,407
230208,HARYANA,101,211
230208,HARYANA,102,382
230208,HARYANA,103,589
230208,HARYANA,104,125
230208,HARYANA,105,103
230208,HARYANA,106,249
230208,HARYANA,107,57
230208,HARYANA,108,600
230208,HARYANA,109,84
230208,HARYANA,110,41
230208,HARYANA,111,519
230208,HARYANA,112,182
230208,HARYANA,113,119
230208,HARYANA,114,601
230208,HARYANA,115,47
230208,HARYANA,116,608
230208,HARYANA,117,692
230208,HARYANA,118,209
230208,HARYANA,119,380
230208,HARYANA,120,323
230208,HARYANA,121,246
230208,HARYANA,122,119
230208,HARYANA,123,150
230208,HARYANA,124,275
230208,HARYANA,125,299
230208,HARYANA,126,590
230208,HARYANA,127,255
230208,HARYANA,128,263
230208,HARYANA,129,56
230208,HARYANA,130,271
230208,HARYANA,131,464
230208,HARYANA,132,360
230208,HARYANA,133,328
230208,HARYANA,134,522
230208,HARYANA,135,266
230208,HARYANA,136,656
230208,HARYANA,137,224
230208,HARYANA,138,159
230208,HARYANA,139,201
230208,HARYANA,140,381
230208,HARYANA,141,378
230208,HARYANA,142,226
230208,HARYANA,143,95
230208,HARYANA,144,418
230208,HARYANA,145,575
230208,HARYANA,146,246
230208,HARYANA,147,265
230208,HARYANA,148,283
230208,HARYANA,149,169
230208,HARYANA,150,475
230208,HARYANA,151,174
230208,HARYANA,152,332
230208,HARYANA,153,159
230208,HARYANA,154,90
230208,HARYANA,155,157
230208,HARYANA,156,72
230208,HARYANA,157,91
230208,HARYANA,158,166
230208,HARYANA,159,26
230208,HARYANA,160,568
230208,HARYANA,161,554
230208,HARYANA,162,197
230208,HARYANA,163,262
230208,HARYANA,164,199
230208,HARYANA,165,585
230208,HARYANA,166,444
230208,HARYANA,167,283
230208,HARYANA,168,369
230208,HARYANA,169,45
230208,HARYANA,170,96
230208,HARYANA,171,173
230208,HARYANA,172,537
230208,HARYANA,173,216
230208,HARYANA,174,212
230208,HARYANA,175,298
230208,HARYANA,176,671
230208,HARYANA,177,173
230208,HARYANA,178,98
230208,HARYANA,179,70
230208,HARYANA,180,391
230208,HARYANA,181,266
230208,HARYANA,182,104
230208,HARYANA,183,282
230208,HARYANA,184,231
230208,HARYANA,185,287
230208,HARYANA,186,170
230208,HARYANA,187,345
230208,HARYANA,188,695
230208,HARYANA,189,201
230208,HARYANA,190,271
230208,HARYANA,191,47
230208,HARYANA,192,0
230208,HARYANA,193,246
230208,HARYANA,194,289
230208,HARYANA,195,510
230208,HARYANA,196,193
230208,HARYANA,197,11
230208,HARYANA,198,181
230208,HARYANA,199,85
230208,HARYANA,200,367
230208,HARYANA,201,128
230208,HARYANA,202,415
230208,HARYANA,203,333
230208,HARYANA,204,356
230208,HARYANA,205,226
230208,HARYANA,206,251
230208,HARYANA,207,367
230208,HARYANA,208,109
230208,HARYANA,209,51
230208,HARYANA,210,195
230208,HARYANA,211,38
230208,HARYANA,212,157
230208,HARYANA,213,60
230208,HARYANA,214,161
230208,HARYANA,215,138
230208,HARYANA,216,211
230208,HARYANA,217,488
230208,HARYANA,218,651
230208,HARYANA,219,118
230208,HARYANA,220,530
230208,HARYANA,221,187
230208,HARYANA,222,160
230208,HARYANA,223,195
230208,HARYANA,224,85
230208,HARYANA,225,605
230208,HARYANA,226,50
230208,HARYANA,227,429
230208,HARYANA,228,203
230208,HARYANA,229,508
230208,HARYANA,230,463
230208,HARYANA,231,373
230208,HARYANA,232,80
230208,HARYANA,233,504
230208,HARYANA,234,289
230208,HARYANA,235,463
230208,HARYANA,236,326
230208,HARYANA,237,176
230208,HARYANA,238,231
230208,HARYANA,239,386
230208,HARYANA,240,400
230208,HARYANA,241,549
230208,HARYANA,242,448
230208,HARYANA,243,270
230208,HARYANA,244,226
230208,HARYANA,245,110
230208,HARYANA,246,31
230208,HARYANA,247,62
230208,HARYANA,248,253
230208,HARYANA,249,129
230208,HARYANA,250,203
230208,HARYANA,251,262
230208,HARYANA,252,371
230208,HARYANA,253,289
230208,HARYANA,254,61
230208,HARYANA,255,188
230208,HARYANA,256,407
230208,HARYANA,257,139
230208,HARYANA,258,142
230208,HARYANA,259,59
230208,HARYANA,260,434
230208,HARYANA,261,110
230208,HARYANA,262,189
230208,HARYANA,263,189
230208,HARYANA,264,72
230208,HARYANA,265,260
230208,HARYANA,266,388
230208,HARYANA,267,147
230208,HARYANA,268,461
230208,HARYANA,269,159
230208,HARYANA,270,67
230208,HARYANA,271,221
230208,HARYANA,272,118
230208,HARYANA,273,106
230208,HARYANA,274,5
230208,HARYANA,275,77
230208,HARYANA,276,654
230208,HARYANA,277,379
230208,HARYANA,278,156
230208,HARYANA,279,137
230208,HARYANA,280,371
230208,HARYANA,281,670
230208,HARYANA,282,172
230208,HARYANA,283,251
230208,HARYANA,284,217
230208,HARYANA,285,44
230208,HARYANA,286,67
230208,HARYANA,287,195
230208,HARYANA,288,354
230208,HARYANA,289,197
230208,HARYANA,290,454
230208,HARYANA,291,89
230208,HARYANA,292,100
230208,HARYANA,293,516
230208,HARYANA,294,81
230208,HARYANA,295,100
230208,HARYANA,296,136
230208,HARYANA,297,96
230208,HARYANA,298,449
230208,HARYANA,299,82
230208,HARYANA,300,139
230208,HARYANA,301,457
230208,HARYANA,302,662
230208,HARYANA,303,121
230208,HARYANA,304,107
230208,HARYANA,305,70
230208,HARYANA,306,253
230208,HARYANA,307,221
230208,HARYANA,308,35
230208,HARYANA,309,126
230208,HARYANA,310,575
230208,HARYANA,311,352
230208,HARYANA,312,180
230208,HARYANA,313,85
230208,HARYANA,314,680
230208,HARYANA,315,187
230208,HARYANA,316,364
230208,HARYANA,317,543
230208,HARYANA,318,309
230208,HARYANA,319,564
230208,HARYANA,320,460
230208,HARYANA,321,76
230208,HARYANA,322,477
230208,HARYANA,323,395
230208,HARYANA,324,245
230208,HARYANA,325,455
230208,HARYANA,326,25
230208,HARYANA,327,244
230208,HARYANA,328,406
230208,HARYANA,329,50
230208,HARYANA,330,226
230208,HARYANA,331,188
230208,HARYANA,332,604
230208,HARYANA,333,354
230208,HARYANA,334,216
230208,HARYANA,335,624
230208,HARYANA,336,83
230208,HARYANA,337,339
230208,HARYANA,338,44
230208,HARYANA,339,151
230208,HARYANA,340,125
230208,HARYANA,341,587
230208,HARYANA,342,35
230208,HARYANA,343,123
230208,HARYANA,344,87
230208,HARYANA,345,615
230208,HARYANA,346,258
230208,HARYANA,347,437
230208,HARYANA,348,464
230208,HARYANA,349,59
230208,HARYANA,350,322
230208,HARYANA,351,126
230208,HARYANA,352,297
230208,HARYANA,353,513
230208,HARYANA,354,318
230208,HARYANA,355,192
230208,HARYANA,356,186
230208,HARYANA,357,346
230208,HARYANA,358,625
230208,HARYANA,359,115
230208,HARYANA,360,262
230208,HARYANA,361,111
230208,HARYANA,362,675
230208,HARYANA,363,115
230208,HARYANA,364,160
230208,HARYANA,365,221
230208,HARYANA,366,109
230208,HARYANA,367,46
230208,HARYANA,368,280
230208,HARYANA,369,571
230208,HARYANA,370,161
230208,HARYANA,371,26
230208,HARYANA,372,395
230208,HARYANA,373,70
230208,HARYANA,374,155
230208,HARYANA,375,136
230208,HARYANA,376,341
230208,HARYANA,377,370
230208,HARYANA,378,276
230208,HARYANA,379,248
230208,HARYANA,380,394
230208,HARYANA,381,201
230208,HARYANA,382,231
230208,HARYANA,383,473
230208,HARYANA,384,204
230208,HARYANA,385,225
230208,HARYANA,386,241
230208,HARYANA,387,280
230208,HARYANA,388,265
230208,HARYANA,389,564
230208,HARYANA,390,47
230208,HARYANA,391,126
230208,HARYANA,392,141
230208,HARYANA,393,635
230208,HARYANA,394,635
230208,HARYANA,395,278
230208,HARYANA,396,65
230208,HARYANA,397,113
230208,HARYANA,398,74
230208,HARYANA,399,299
230208,HARYANA,400,237
230208,HARYANA,401,389
230208,HARYANA,402,347
230208,HARYANA,403,321
230208,HARYANA,404,631
230208,HARYANA,405,161
230208,HARYANA,406,235
230208,HARYANA,407,146
230208,HARYANA,408,220
230208,HARYANA,409,306
230208,HARYANA,410,520
230208,HARYANA,411,377
230208,HARYANA,412,75
230208,HARYANA,413,220
230208,HARYANA,414,38
230208,HARYANA,415,556
230208,HARYANA,416,45
230208,HARYANA,417,527
230208,HARYANA,418,375
230208,HARYANA,419,338
230208,HARYANA,420,541
230208,HARYANA,421,243
230208,HARYANA,422,307
230208,HARYANA,423,284
230208,HARYANA,424,655
230208,HARYANA,425,184
230208,HARYANA,426,74
230208,HARYANA,427,463
230208,HARYANA,428,349
230208,HARYANA,429,110
230208,HARYANA,430,287
230208,HARYANA,431,295
230208,HARYANA,432,506
230208,HARYANA,433,147
230208,HARYANA,434,91
230208,HARYANA,435,125
230208,HARYANA,436,453
230208,HARYANA,437,261
230208,HARYANA,438,590
230208,HARYANA,439,130
230208,HARYANA,440,234
230208,HARYANA,441,420
230208,HARYANA,442,212
230208,HARYANA,443,158
230208,HARYANA,444,84
230208,HARYANA,445,183
230208,HARYANA,446,173
230208,HARYANA,447,74
230208,HARYANA,448,409
230208,HARYANA,449,113
230208,HARYANA,450,315
230208,HARYANA,451,638
230208,HARYANA,452,100
230208,HARYANA,453,323
230208,HARYANA,454,550
230208,HARYANA,455,308
230208,HARYANA,456,70
230208,HARYANA,457,182
230208,HARYANA,458,5
230208,HARYANA,459,207
230208,HARYANA,460,40
230208,HARYANA,461,253
230208,HARYANA,462,607
230208,HARYANA,463,509
230208,HARYANA,464,451
230208,HARYANA,465,196
230208,HARYANA,466,76
230208,HARYANA,467,656
230208,HARYANA,468,123
230208,HARYANA,469,189
230208,HARYANA,470,316
230208,HARYANA,471,184
230208,HARYANA,472,265
230208,HARYANA,473,341
230208,HARYANA,474,165
230208,HARYANA,475,378
230208,HARYANA,476,160
230208,HARYANA,477,574
230208,HARYANA,478,316
230208,HARYANA,479,350
230208,HARYANA,480,90
230208,HARYANA,481,440
230208,HARYANA,482,80
230208,HARYANA,483,574
230208,HARYANA,484,106
230208,HARYANA,485,624
230208,HARYANA,486,177
230208,HARYANA,487,167
230208,HARYANA,488,145
230208,HARYANA,489,606
230208,HARYANA,490,31
230208,HARYANA,491,295
230208,HARYANA,492,163
230208,HARYANA,493,511
230208,HARYANA,494,268
230208,HARYANA,495,141
230208,HARYANA,496,209
230208,HARYANA,497,140
230208,HARYANA,498,99
230208,HARYANA,499,139
230208,HARYANA,500,61
230208,HARYANA,501,267
230208,HARYANA,502,155
230208,HARYANA,503,90
230208,HARYANA,504,268
230208,HARYANA,505,425
230208,HARYANA,506,135
230208,HARYANA,507,67
230208,HARYANA,508,472
230208,HARYANA,509,110
230208,HARYANA,510,384
230208,HARYANA,511,165
230208,HARYANA,512,180
230208,HARYANA,513,37
230208,HARYANA,514,79
230208,HARYANA,515,467
230208,HARYANA,516,81
230208,HARYANA,517,195
230208,HARYANA,518,616
230208,HARYANA,519,247
230208,HARYANA,520,446
230208,HARYANA,521,242
230208,HARYANA,522,310
230208,HARYANA,523,211
