Center Number,State Name,Srl No,Marks
230209,HARYANA,1,78
230209,HARYANA,2,200
230209,HARYANA,3,97
230209,HARYANA,4,280
230209,HARYANA,5,380
230209,HARYANA,6,275
230209,HARYANA,7,667
230209,HARYANA,8,96
230209,HARYANA,9,93
230209,HARYANA,10,114
230209,HARYANA,11,583
230209,HARYANA,12,459
230209,HARYANA,13,311
230209,HARYANA,14,431
230209,HARYANA,15,186
230209,HARYANA,16,163
230209,HARYANA,17,61
230209,HARYANA,18,570
230209,HARYANA,19,43
230209,HARYANA,20,570
230209,HARYANA,21,100
230209,HARYANA,22,472
230209,HARYANA,23,245
230209,HARYANA,24,132
230209,HARYANA,25,408
230209,HARYANA,26,433
230209,HARYANA,27,37
230209,HARYANA,28,538
230209,HARYANA,29,634
230209,HARYANA,30,537
230209,HARYANA,31,248
230209,HARYANA,32,452
230209,HARYANA,33,60
230209,HARYANA,34,242
230209,HARYANA,35,392
230209,HARYANA,36,174
230209,HARYANA,37,279
230209,HARYANA,38,59
230209,HARYANA,39,155
230209,HARYANA,40,107
230209,HARYANA,41,218
230209,HARYANA,42,625
230209,HARYANA,43,330
230209,HARYANA,44,121
230209,HARYANA,45,353
230209,HARYANA,46,69
230209,HARYANA,47,53
230209,HARYANA,48,10
230209,HARYANA,49,569
230209,HARYANA,50,92
230209,HARYANA,51,72
230209,HARYANA,52,236
230209,HARYANA,53,190
230209,HARYANA,54,491
230209,HARYANA,55,162
230209,HARYANA,56,380
230209,HARYANA,57,216
230209,HARYANA,58,170
230209,HARYANA,59,537
230209,HARYANA,60,424
230209,HARYANA,61,542
230209,HARYANA,62,112
230209,HARYANA,63,532
230209,HARYANA,64,15
230209,HARYANA,65,487
230209,HARYANA,66,318
230209,HARYANA,67,162
230209,HARYANA,68,495
230209,HARYANA,69,221
230209,HARYANA,70,271
230209,HARYANA,71,381
230209,HARYANA,72,110
230209,HARYANA,73,236
230209,HARYANA,74,346
230209,HARYANA,75,193
230209,HARYANA,76,326
230209,HARYANA,77,92
230209,HARYANA,78,239
230209,HARYANA,79,94
230209,HARYANA,80,58
230209,HARYANA,81,325
230209,HARYANA,82,334
230209,HARYANA,83,236
230209,HARYANA,84,197
230209,HARYANA,85,154
230209,HARYANA,86,215
230209,HARYANA,87,473
230209,HARYANA,88,189
230209,HARYANA,89,24
230209,HARYANA,90,286
230209,HARYANA,91,227
230209,HARYANA,92,519
230209,HARYANA,93,340
230209,HARYANA,94,57
230209,HARYANA,95,463
230209,HARYANA,96,165
230209,HARYANA,97,75
230209,HARYANA,98,166
230209,HARYANA,99,7
230209,HARYANA,100,141
230209,HARYANA,101,72
230209,HARYANA,102,221
230209,HARYANA,103,570
230209,HARYANA,104,181
230209,HARYANA,105,213
230209,HARYANA,106,641
230209,HARYANA,107,118
230209,HARYANA,108,211
230209,HARYANA,109,95
230209,HARYANA,110,434
230209,HARYANA,111,406
230209,HARYANA,112,107
230209,HARYANA,113,526
230209,HARYANA,114,329
230209,HARYANA,115,207
230209,HARYANA,116,79
230209,HARYANA,117,452
230209,HARYANA,118,63
230209,HARYANA,119,229
230209,HARYANA,120,572
230209,HARYANA,121,604
230209,HARYANA,122,49
230209,HARYANA,123,164
230209,HARYANA,124,203
230209,HARYANA,125,638
230209,HARYANA,126,71
230209,HARYANA,127,376
230209,HARYANA,128,202
230209,HARYANA,129,85
230209,HARYANA,130,367
230209,HARYANA,131,282
230209,HARYANA,132,321
230209,HARYANA,133,411
230209,HARYANA,134,22
230209,HARYANA,135,104
230209,HARYANA,136,84
230209,HARYANA,137,556
230209,HARYANA,138,173
230209,HARYANA,139,285
230209,HARYANA,140,172
230209,HARYANA,141,220
230209,HARYANA,142,322
230209,HARYANA,143,207
230209,HARYANA,144,316
230209,HARYANA,145,486
230209,HARYANA,146,50
230209,HARYANA,147,610
230209,HARYANA,148,321
230209,HARYANA,149,547
230209,HARYANA,150,35
230209,HARYANA,151,255
230209,HARYANA,152,295
230209,HARYANA,153,69
230209,HARYANA,154,75
230209,HARYANA,155,50
230209,HARYANA,156,222
230209,HARYANA,157,239
230209,HARYANA,158,339
230209,HARYANA,159,60
230209,HARYANA,160,123
230209,HARYANA,161,128
230209,HARYANA,162,675
230209,HARYANA,163,426
230209,HARYANA,164,470
230209,HARYANA,165,706
230209,HARYANA,166,30
230209,HARYANA,167,338
230209,HARYANA,168,64
230209,HARYANA,169,536
230209,HARYANA,170,292
230209,HARYANA,171,464
230209,HARYANA,172,44
230209,HARYANA,173,131
230209,HARYANA,174,94
230209,HARYANA,175,314
230209,HARYANA,176,591
230209,HARYANA,177,533
230209,HARYANA,178,475
230209,HARYANA,179,347
230209,HARYANA,180,503
230209,HARYANA,181,424
230209,HARYANA,182,327
230209,HARYANA,183,425
230209,HARYANA,184,233
230209,HARYANA,185,217
230209,HARYANA,186,527
230209,HARYANA,187,323
230209,HARYANA,188,655
230209,HARYANA,189,225
230209,HARYANA,190,371
230209,HARYANA,191,280
230209,HARYANA,192,286
230209,HARYANA,193,434
230209,HARYANA,194,184
230209,HARYANA,195,621
230209,HARYANA,196,113
230209,HARYANA,197,314
230209,HARYANA,198,573
230209,HARYANA,199,61
230209,HARYANA,200,136
230209,HARYANA,201,459
230209,HARYANA,202,129
230209,HARYANA,203,477
230209,HARYANA,204,498
230209,HARYANA,205,178
230209,HARYANA,206,224
230209,HARYANA,207,559
230209,HARYANA,208,570
230209,HARYANA,209,80
230209,HARYANA,210,449
230209,HARYANA,211,685
230209,HARYANA,212,29
230209,HARYANA,213,127
230209,HARYANA,214,330
230209,HARYANA,215,381
230209,HARYANA,216,199
230209,HARYANA,217,339
230209,HARYANA,218,494
230209,HARYANA,219,293
230209,HARYANA,220,147
230209,HARYANA,221,422
230209,HARYANA,222,635
230209,HARYANA,223,95
230209,HARYANA,224,475
230209,HARYANA,225,87
230209,HARYANA,226,88
230209,HARYANA,227,216
230209,HARYANA,228,432
230209,HARYANA,229,357
230209,HARYANA,230,92
230209,HARYANA,231,41
230209,HARYANA,232,202
230209,HARYANA,233,160
230209,HARYANA,234,16
230209,HARYANA,235,149
230209,HARYANA,236,355
230209,HARYANA,237,163
230209,HARYANA,238,580
230209,HARYANA,239,387
230209,HARYANA,240,549
230209,HARYANA,241,57
230209,HARYANA,242,657
230209,HARYANA,243,130
230209,HARYANA,244,83
230209,HARYANA,245,71
230209,HARYANA,246,230
230209,HARYANA,247,420
230209,HARYANA,248,80
230209,HARYANA,249,215
230209,HARYANA,250,179
230209,HARYANA,251,498
230209,HARYANA,252,110
230209,HARYANA,253,268
230209,HARYANA,254,35
230209,HARYANA,255,162
230209,HARYANA,256,195
230209,HARYANA,257,260
230209,HARYANA,258,142
230209,HARYANA,259,406
230209,HARYANA,260,118
230209,HARYANA,261,496
230209,HARYANA,262,207
230209,HARYANA,263,417
230209,HARYANA,264,251
230209,HARYANA,265,152
230209,HARYANA,266,392
230209,HARYANA,267,162
230209,HARYANA,268,392
230209,HARYANA,269,625
230209,HARYANA,270,90
230209,HARYANA,271,106
230209,HARYANA,272,80
230209,HARYANA,273,227
230209,HARYANA,274,27
230209,HARYANA,275,297
230209,HARYANA,276,695
230209,HARYANA,277,478
230209,HARYANA,278,575
230209,HARYANA,279,60
230209,HARYANA,280,149
230209,HARYANA,281,253
230209,HARYANA,282,208
230209,HARYANA,283,35
230209,HARYANA,284,415
230209,HARYANA,285,242
230209,HARYANA,286,268
230209,HARYANA,287,465
230209,HARYANA,288,349
230209,HARYANA,289,300
230209,HARYANA,290,640
230209,HARYANA,291,224
230209,HARYANA,292,386
230209,HARYANA,293,95
230209,HARYANA,294,352
230209,HARYANA,295,234
230209,HARYANA,296,280
230209,HARYANA,297,462
230209,HARYANA,298,437
230209,HARYANA,299,265
230209,HARYANA,300,631
230209,HARYANA,301,231
230209,HARYANA,302,157
230209,HARYANA,303,164
230209,HARYANA,304,77
230209,HARYANA,305,106
230209,HARYANA,306,286
230209,HARYANA,307,492
230209,HARYANA,308,270
230209,HARYANA,309,385
230209,HARYANA,310,105
230209,HARYANA,311,69
230209,HARYANA,312,106
230209,HARYANA,313,129
230209,HARYANA,314,265
230209,HARYANA,315,39
230209,HARYANA,316,159
230209,HARYANA,317,465
230209,HARYANA,318,505
230209,HARYANA,319,52
230209,HARYANA,320,325
230209,HARYANA,321,260
230209,HARYANA,322,142
230209,HARYANA,323,212
230209,HARYANA,324,150
230209,HARYANA,325,315
230209,HARYANA,326,115
230209,HARYANA,327,357
230209,HARYANA,328,296
230209,HARYANA,329,479
230209,HARYANA,330,687
230209,HARYANA,331,140
230209,HARYANA,332,650
230209,HARYANA,333,428
230209,HARYANA,334,612
230209,HARYANA,335,427
230209,HARYANA,336,235
230209,HARYANA,337,581
230209,HARYANA,338,111
230209,HARYANA,339,552
230209,HARYANA,340,168
230209,HARYANA,341,123
230209,HARYANA,342,235
230209,HARYANA,343,143
230209,HARYANA,344,165
230209,HARYANA,345,98
230209,HARYANA,346,582
230209,HARYANA,347,150
230209,HARYANA,348,172
230209,HARYANA,349,126
230209,HARYANA,350,682
230209,HARYANA,351,505
230209,HARYANA,352,131
230209,HARYANA,353,97
230209,HARYANA,354,509
230209,HARYANA,355,84
230209,HARYANA,356,254
230209,HARYANA,357,82
230209,HARYANA,358,248
230209,HARYANA,359,299
230209,HARYANA,360,496
230209,HARYANA,361,222
230209,HARYANA,362,126
230209,HARYANA,363,515
230209,HARYANA,364,680
230209,HARYANA,365,283
230209,HARYANA,366,292
230209,HARYANA,367,386
230209,HARYANA,368,344
230209,HARYANA,369,260
230209,HARYANA,370,120
230209,HARYANA,371,632
230209,HARYANA,372,357
230209,HARYANA,373,600
230209,HARYANA,374,383
230209,HARYANA,375,209
230209,HARYANA,376,264
230209,HARYANA,377,90
230209,HARYANA,378,105
230209,HARYANA,379,616
230209,HARYANA,380,606
230209,HARYANA,381,33
230209,HARYANA,382,31
230209,HARYANA,383,302
230209,HARYANA,384,34
230209,HARYANA,385,80
230209,HARYANA,386,272
230209,HARYANA,387,213
230209,HARYANA,388,193
230209,HARYANA,389,492
230209,HARYANA,390,521
230209,HARYANA,391,95
230209,HARYANA,392,575
230209,HARYANA,393,512
230209,HARYANA,394,563
230209,HARYANA,395,166
230209,HARYANA,396,302
230209,HARYANA,397,135
230209,HARYANA,398,356
230209,HARYANA,399,198
230209,HARYANA,400,434
230209,HARYANA,401,444
230209,HARYANA,402,110
230209,HARYANA,403,635
230209,HARYANA,404,574
230209,HARYANA,405,249
230209,HARYANA,406,35
230209,HARYANA,407,205
230209,HARYANA,408,212
230209,HARYANA,409,162
230209,HARYANA,410,498
230209,HARYANA,411,427
230209,HARYANA,412,505
230209,HARYANA,413,84
230209,HARYANA,414,24
230209,HARYANA,415,167
230209,HARYANA,416,170
230209,HARYANA,417,53
230209,HARYANA,418,229
230209,HARYANA,419,82
230209,HARYANA,420,567
230209,HARYANA,421,70
230209,HARYANA,422,624
230209,HARYANA,423,434
230209,HARYANA,424,171
230209,HARYANA,425,192
230209,HARYANA,426,189
230209,HARYANA,427,166
230209,HARYANA,428,607
230209,HARYANA,429,248
230209,HARYANA,430,337
230209,HARYANA,431,258
230209,HARYANA,432,215
230209,HARYANA,433,151
230209,HARYANA,434,108
230209,HARYANA,435,175
230209,HARYANA,436,236
230209,HARYANA,437,184
230209,HARYANA,438,225
230209,HARYANA,439,135
230209,HARYANA,440,127
230209,HARYANA,441,363
230209,HARYANA,442,304
230209,HARYANA,443,61
230209,HARYANA,444,173
230209,HARYANA,445,657
230209,HARYANA,446,242
230209,HARYANA,447,285
230209,HARYANA,448,40
230209,HARYANA,449,156
230209,HARYANA,450,475
230209,HARYANA,451,114
230209,HARYANA,452,671
230209,HARYANA,453,100
230209,HARYANA,454,80
230209,HARYANA,455,146
230209,HARYANA,456,42
230209,HARYANA,457,277
230209,HARYANA,458,311
230209,HARYANA,459,446
230209,HARYANA,460,244
230209,HARYANA,461,678
230209,HARYANA,462,383
230209,HARYANA,463,100
230209,HARYANA,464,240
230209,HARYANA,465,106
230209,HARYANA,466,172
230209,HARYANA,467,118
230209,HARYANA,468,695
