Center Number,State Name,Srl No,Marks
230803,HARYANA,1,96
230803,HARYANA,2,175
230803,HARYANA,3,85
230803,HARYANA,4,199
230803,HARYANA,5,120
230803,HARYANA,6,150
230803,HARYANA,7,79
230803,HARYANA,8,561
230803,HARYANA,9,61
230803,HARYANA,10,80
230803,HARYANA,11,576
230803,HARYANA,12,366
230803,HARYANA,13,103
230803,HARYANA,14,112
230803,HARYANA,15,124
230803,HARYANA,16,106
230803,HARYANA,17,491
230803,HARYANA,18,150
230803,HARYANA,19,105
230803,HARYANA,20,338
230803,HARYANA,21,150
230803,HARYANA,22,275
230803,HARYANA,23,150
230803,HARYANA,24,228
230803,HARYANA,25,70
230803,HARYANA,26,56
230803,HARYANA,27,97
230803,HARYANA,28,209
230803,HARYANA,29,165
230803,HARYANA,30,418
230803,HARYANA,31,145
230803,HARYANA,32,120
230803,HARYANA,33,88
230803,HARYANA,34,348
230803,HARYANA,35,110
230803,HARYANA,36,446
230803,HARYANA,37,12
230803,HARYANA,38,91
230803,HARYANA,39,241
230803,HARYANA,40,145
230803,HARYANA,41,59
230803,HARYANA,42,220
230803,HARYANA,43,42
230803,HARYANA,44,117
230803,HARYANA,45,76
230803,HARYANA,46,405
230803,HARYANA,47,93
230803,HARYANA,48,240
230803,HARYANA,49,41
230803,HARYANA,50,438
230803,HARYANA,51,201
230803,HARYANA,52,311
230803,HARYANA,53,172
230803,HARYANA,54,392
230803,HARYANA,55,174
230803,HARYANA,56,133
230803,HARYANA,57,78
230803,HARYANA,58,596
230803,HARYANA,59,658
230803,HARYANA,60,290
230803,HARYANA,61,100
230803,HARYANA,62,351
230803,HARYANA,63,235
230803,HARYANA,64,252
230803,HARYANA,65,297
230803,HARYANA,66,276
230803,HARYANA,67,188
230803,HARYANA,68,102
230803,HARYANA,69,316
230803,HARYANA,70,257
230803,HARYANA,71,237
230803,HARYANA,72,152
230803,HARYANA,73,450
230803,HARYANA,74,542
230803,HARYANA,75,369
230803,HARYANA,76,258
230803,HARYANA,77,51
230803,HARYANA,78,518
230803,HARYANA,79,471
230803,HARYANA,80,177
230803,HARYANA,81,73
230803,HARYANA,82,618
230803,HARYANA,83,491
230803,HARYANA,84,208
230803,HARYANA,85,345
230803,HARYANA,86,275
230803,HARYANA,87,218
230803,HARYANA,88,362
230803,HARYANA,89,35
230803,HARYANA,90,282
230803,HARYANA,91,155
230803,HARYANA,92,545
230803,HARYANA,93,140
230803,HARYANA,94,119
230803,HARYANA,95,33
230803,HARYANA,96,180
230803,HARYANA,97,295
230803,HARYANA,98,87
230803,HARYANA,99,705
230803,HARYANA,100,176
230803,HARYANA,101,186
230803,HARYANA,102,225
230803,HARYANA,103,516
230803,HARYANA,104,405
230803,HARYANA,105,539
230803,HARYANA,106,140
230803,HARYANA,107,45
230803,HARYANA,108,249
230803,HARYANA,109,191
230803,HARYANA,110,273
230803,HARYANA,111,383
230803,HARYANA,112,192
230803,HARYANA,113,67
230803,HARYANA,114,150
230803,HARYANA,115,270
230803,HARYANA,116,210
230803,HARYANA,117,323
230803,HARYANA,118,110
230803,HARYANA,119,624
230803,HARYANA,120,497
230803,HARYANA,121,151
230803,HARYANA,122,20
230803,HARYANA,123,235
230803,HARYANA,124,228
230803,HARYANA,125,348
230803,HARYANA,126,584
230803,HARYANA,127,490
230803,HARYANA,128,120
230803,HARYANA,129,477
230803,HARYANA,130,232
230803,HARYANA,131,121
230803,HARYANA,132,306
230803,HARYANA,133,40
230803,HARYANA,134,618
230803,HARYANA,135,46
230803,HARYANA,136,185
230803,HARYANA,137,119
230803,HARYANA,138,321
230803,HARYANA,139,47
230803,HARYANA,140,586
230803,HARYANA,141,28
230803,HARYANA,142,127
230803,HARYANA,143,211
230803,HARYANA,144,608
230803,HARYANA,145,354
230803,HARYANA,146,26
230803,HARYANA,147,611
230803,HARYANA,148,113
230803,HARYANA,149,606
230803,HARYANA,150,571
230803,HARYANA,151,142
230803,HARYANA,152,77
230803,HARYANA,153,186
230803,HARYANA,154,205
230803,HARYANA,155,636
230803,HARYANA,156,203
230803,HARYANA,157,73
230803,HARYANA,158,348
230803,HARYANA,159,166
230803,HARYANA,160,115
230803,HARYANA,161,361
230803,HARYANA,162,154
230803,HARYANA,163,222
230803,HARYANA,164,93
230803,HARYANA,165,550
230803,HARYANA,166,79
230803,HARYANA,167,555
230803,HARYANA,168,75
230803,HARYANA,169,113
230803,HARYANA,170,115
230803,HARYANA,171,529
230803,HARYANA,172,407
230803,HARYANA,173,189
230803,HARYANA,174,162
230803,HARYANA,175,270
230803,HARYANA,176,86
230803,HARYANA,177,345
230803,HARYANA,178,259
230803,HARYANA,179,205
230803,HARYANA,180,156
230803,HARYANA,181,352
230803,HARYANA,182,80
230803,HARYANA,183,65
230803,HARYANA,184,138
230803,HARYANA,185,392
230803,HARYANA,186,233
230803,HARYANA,187,379
230803,HARYANA,188,496
230803,HARYANA,189,639
230803,HARYANA,190,129
230803,HARYANA,191,290
230803,HARYANA,192,258
230803,HARYANA,193,62
230803,HARYANA,194,119
230803,HARYANA,195,175
230803,HARYANA,196,58
230803,HARYANA,197,166
230803,HARYANA,198,303
230803,HARYANA,199,151
230803,HARYANA,200,444
230803,HARYANA,201,70
230803,HARYANA,202,165
230803,HARYANA,203,89
230803,HARYANA,204,75
230803,HARYANA,205,85
230803,HARYANA,206,220
230803,HARYANA,207,60
230803,HARYANA,208,302
230803,HARYANA,209,680
230803,HARYANA,210,86
230803,HARYANA,211,110
230803,HARYANA,212,424
230803,HARYANA,213,26
230803,HARYANA,214,340
230803,HARYANA,215,375
230803,HARYANA,216,160
230803,HARYANA,217,154
230803,HARYANA,218,665
230803,HARYANA,219,111
230803,HARYANA,220,415
230803,HARYANA,221,498
230803,HARYANA,222,513
230803,HARYANA,223,505
230803,HARYANA,224,398
230803,HARYANA,225,214
230803,HARYANA,226,208
230803,HARYANA,227,260
230803,HARYANA,228,118
230803,HARYANA,229,316
230803,HARYANA,230,183
230803,HARYANA,231,76
230803,HARYANA,232,144
230803,HARYANA,233,20
230803,HARYANA,234,199
230803,HARYANA,235,44
230803,HARYANA,236,529
230803,HARYANA,237,249
230803,HARYANA,238,135
230803,HARYANA,239,414
230803,HARYANA,240,167
230803,HARYANA,241,67
230803,HARYANA,242,361
230803,HARYANA,243,192
230803,HARYANA,244,452
230803,HARYANA,245,219
230803,HARYANA,246,172
230803,HARYANA,247,40
230803,HARYANA,248,422
230803,HARYANA,249,533
230803,HARYANA,250,140
230803,HARYANA,251,259
230803,HARYANA,252,56
230803,HARYANA,253,207
230803,HARYANA,254,229
230803,HARYANA,255,60
230803,HARYANA,256,118
230803,HARYANA,257,145
230803,HARYANA,258,16
230803,HARYANA,259,39
230803,HARYANA,260,135
230803,HARYANA,261,55
230803,HARYANA,262,90
230803,HARYANA,263,149
230803,HARYANA,264,167
230803,HARYANA,265,309
230803,HARYANA,266,99
230803,HARYANA,267,176
230803,HARYANA,268,505
230803,HARYANA,269,276
230803,HARYANA,270,337
230803,HARYANA,271,167
230803,HARYANA,272,115
230803,HARYANA,273,178
230803,HARYANA,274,212
230803,HARYANA,275,307
230803,HARYANA,276,292
230803,HARYANA,277,585
230803,HARYANA,278,193
230803,HARYANA,279,54
230803,HARYANA,280,373
230803,HARYANA,281,117
230803,HARYANA,282,48
230803,HARYANA,283,377
230803,HARYANA,284,232
230803,HARYANA,285,161
230803,HARYANA,286,50
230803,HARYANA,287,88
230803,HARYANA,288,443
230803,HARYANA,289,654
230803,HARYANA,290,87
230803,HARYANA,291,396
230803,HARYANA,292,395
230803,HARYANA,293,526
230803,HARYANA,294,478
230803,HARYANA,295,154
230803,HARYANA,296,565
230803,HARYANA,297,242
230803,HARYANA,298,642
230803,HARYANA,299,558
230803,HARYANA,300,177
230803,HARYANA,301,690
230803,HARYANA,302,122
