Center Number,State Name,Srl No,Marks
231102,HARYANA,1,71
231102,HARYANA,2,204
231102,HARYANA,3,64
231102,HARYANA,4,234
231102,HARYANA,5,161
231102,HARYANA,6,463
231102,HARYANA,7,174
231102,HARYANA,8,149
231102,HARYANA,9,621
231102,HARYANA,10,379
231102,HARYANA,11,261
231102,HARYANA,12,64
231102,HARYANA,13,90
231102,HARYANA,14,231
231102,HARYANA,15,441
231102,HARYANA,16,135
231102,HARYANA,17,340
231102,HARYANA,18,125
231102,HARYANA,19,149
231102,HARYANA,20,465
231102,HARYANA,21,102
231102,HARYANA,22,180
231102,HARYANA,23,195
231102,HARYANA,24,133
231102,HARYANA,25,302
231102,HARYANA,26,105
231102,HARYANA,27,245
231102,HARYANA,28,217
231102,HARYANA,29,312
231102,HARYANA,30,394
231102,HARYANA,31,342
231102,HARYANA,32,318
231102,HARYANA,33,456
231102,HARYANA,34,139
231102,HARYANA,35,257
231102,HARYANA,36,126
231102,HARYANA,37,164
231102,HARYANA,38,51
231102,HARYANA,39,136
231102,HARYANA,40,553
231102,HARYANA,41,107
231102,HARYANA,42,125
231102,HARYANA,43,196
231102,HARYANA,44,514
231102,HARYANA,45,248
231102,HARYANA,46,84
231102,HARYANA,47,451
231102,HARYANA,48,102
231102,HARYANA,49,336
231102,HARYANA,50,330
231102,HARYANA,51,317
231102,HARYANA,52,25
231102,HARYANA,53,161
231102,HARYANA,54,254
231102,HARYANA,55,39
231102,HARYANA,56,300
231102,HARYANA,57,191
231102,HARYANA,58,660
231102,HARYANA,59,170
231102,HARYANA,60,559
231102,HARYANA,61,337
231102,HARYANA,62,34
231102,HARYANA,63,334
231102,HARYANA,64,176
231102,HARYANA,65,187
231102,HARYANA,66,126
231102,HARYANA,67,160
231102,HARYANA,68,127
231102,HARYANA,69,274
231102,HARYANA,70,169
231102,HARYANA,71,680
231102,HARYANA,72,239
231102,HARYANA,73,617
231102,HARYANA,74,149
231102,HARYANA,75,77
231102,HARYANA,76,602
231102,HARYANA,77,541
231102,HARYANA,78,215
231102,HARYANA,79,221
231102,HARYANA,80,231
231102,HARYANA,81,125
231102,HARYANA,82,471
231102,HARYANA,83,136
231102,HARYANA,84,428
231102,HARYANA,85,354
231102,HARYANA,86,317
231102,HARYANA,87,372
231102,HARYANA,88,169
231102,HARYANA,89,377
231102,HARYANA,90,108
231102,HARYANA,91,97
231102,HARYANA,92,159
231102,HARYANA,93,358
231102,HARYANA,94,626
231102,HARYANA,95,253
231102,HARYANA,96,316
231102,HARYANA,97,125
231102,HARYANA,98,332
231102,HARYANA,99,379
231102,HARYANA,100,158
231102,HARYANA,101,614
231102,HARYANA,102,121
231102,HARYANA,103,496
231102,HARYANA,104,122
231102,HARYANA,105,146
231102,HARYANA,106,136
231102,HARYANA,107,504
231102,HARYANA,108,67
231102,HARYANA,109,105
231102,HARYANA,110,333
231102,HARYANA,111,132
231102,HARYANA,112,360
231102,HARYANA,113,149
231102,HARYANA,114,172
231102,HARYANA,115,325
231102,HARYANA,116,678
231102,HARYANA,117,253
231102,HARYANA,118,180
231102,HARYANA,119,193
231102,HARYANA,120,26
231102,HARYANA,121,443
231102,HARYANA,122,98
231102,HARYANA,123,177
231102,HARYANA,124,230
231102,HARYANA,125,45
231102,HARYANA,126,212
231102,HARYANA,127,100
231102,HARYANA,128,355
231102,HARYANA,129,510
231102,HARYANA,130,160
231102,HARYANA,131,108
231102,HARYANA,132,40
231102,HARYANA,133,213
231102,HARYANA,134,119
231102,HARYANA,135,168
231102,HARYANA,136,37
231102,HARYANA,137,328
231102,HARYANA,138,242
231102,HARYANA,139,255
231102,HARYANA,140,275
231102,HARYANA,141,238
231102,HARYANA,142,370
231102,HARYANA,143,114
231102,HARYANA,144,165
231102,HARYANA,145,466
231102,HARYANA,146,203
231102,HARYANA,147,35
231102,HARYANA,148,135
231102,HARYANA,149,639
231102,HARYANA,150,120
231102,HARYANA,151,210
231102,HARYANA,152,85
231102,HARYANA,153,360
231102,HARYANA,154,56
231102,HARYANA,155,512
231102,HARYANA,156,695
231102,HARYANA,157,279
231102,HARYANA,158,151
231102,HARYANA,159,79
231102,HARYANA,160,175
231102,HARYANA,161,192
231102,HARYANA,162,36
231102,HARYANA,163,551
231102,HARYANA,164,446
231102,HARYANA,165,256
231102,HARYANA,166,45
231102,HARYANA,167,110
231102,HARYANA,168,343
231102,HARYANA,169,397
231102,HARYANA,170,256
231102,HARYANA,171,220
231102,HARYANA,172,495
231102,HARYANA,173,304
231102,HARYANA,174,235
231102,HARYANA,175,611
231102,HARYANA,176,285
231102,HARYANA,177,200
231102,HARYANA,178,150
231102,HARYANA,179,198
231102,HARYANA,180,105
231102,HARYANA,181,705
231102,HARYANA,182,13
231102,HARYANA,183,619
231102,HARYANA,184,65
231102,HARYANA,185,282
231102,HARYANA,186,114
231102,HARYANA,187,111
231102,HARYANA,188,238
231102,HARYANA,189,338
231102,HARYANA,190,345
231102,HARYANA,191,454
231102,HARYANA,192,149
231102,HARYANA,193,155
231102,HARYANA,194,411
231102,HARYANA,195,238
231102,HARYANA,196,157
231102,HARYANA,197,140
231102,HARYANA,198,116
231102,HARYANA,199,178
231102,HARYANA,200,547
231102,HARYANA,201,221
231102,HARYANA,202,318
231102,HARYANA,203,96
231102,HARYANA,204,446
231102,HARYANA,205,310
231102,HARYANA,206,297
231102,HARYANA,207,50
231102,HARYANA,208,352
231102,HARYANA,209,93
231102,HARYANA,210,502
231102,HARYANA,211,88
231102,HARYANA,212,132
231102,HARYANA,213,163
231102,HARYANA,214,222
231102,HARYANA,215,332
231102,HARYANA,216,287
231102,HARYANA,217,239
231102,HARYANA,218,238
231102,HARYANA,219,550
231102,HARYANA,220,254
231102,HARYANA,221,160
231102,HARYANA,222,39
231102,HARYANA,223,372
231102,HARYANA,224,471
231102,HARYANA,225,129
231102,HARYANA,226,215
231102,HARYANA,227,65
231102,HARYANA,228,427
231102,HARYANA,229,300
231102,HARYANA,230,138
231102,HARYANA,231,119
231102,HARYANA,232,544
231102,HARYANA,233,81
231102,HARYANA,234,244
231102,HARYANA,235,582
231102,HARYANA,236,57
231102,HARYANA,237,121
231102,HARYANA,238,588
231102,HARYANA,239,66
231102,HARYANA,240,551
231102,HARYANA,241,85
231102,HARYANA,242,260
231102,HARYANA,243,466
231102,HARYANA,244,626
231102,HARYANA,245,132
231102,HARYANA,246,369
231102,HARYANA,247,57
231102,HARYANA,248,438
231102,HARYANA,249,233
231102,HARYANA,250,146
231102,HARYANA,251,323
231102,HARYANA,252,375
231102,HARYANA,253,636
231102,HARYANA,254,289
231102,HARYANA,255,214
231102,HARYANA,256,672
231102,HARYANA,257,364
231102,HARYANA,258,524
231102,HARYANA,259,114
231102,HARYANA,260,365
231102,HARYANA,261,430
231102,HARYANA,262,546
231102,HARYANA,263,248
231102,HARYANA,264,557
231102,HARYANA,265,61
231102,HARYANA,266,260
231102,HARYANA,267,447
231102,HARYANA,268,151
231102,HARYANA,269,164
231102,HARYANA,270,48
231102,HARYANA,271,96
231102,HARYANA,272,583
231102,HARYANA,273,493
231102,HARYANA,274,346
231102,HARYANA,275,95
231102,HARYANA,276,182
231102,HARYANA,277,122
231102,HARYANA,278,204
231102,HARYANA,279,218
231102,HARYANA,280,186
231102,HARYANA,281,438
231102,HARYANA,282,514
231102,HARYANA,283,299
231102,HARYANA,284,542
231102,HARYANA,285,592
231102,HARYANA,286,95
231102,HARYANA,287,194
231102,HARYANA,288,432
231102,HARYANA,289,135
231102,HARYANA,290,155
231102,HARYANA,291,165
231102,HARYANA,292,215
231102,HARYANA,293,282
231102,HARYANA,294,119
231102,HARYANA,295,414
231102,HARYANA,296,250
231102,HARYANA,297,561
231102,HARYANA,298,144
231102,HARYANA,299,86
231102,HARYANA,300,228
231102,HARYANA,301,364
231102,HARYANA,302,121
231102,HARYANA,303,295
231102,HARYANA,304,137
231102,HARYANA,305,546
231102,HARYANA,306,515
231102,HARYANA,307,105
231102,HARYANA,308,105
231102,HARYANA,309,227
231102,HARYANA,310,645
231102,HARYANA,311,202
231102,HARYANA,312,584
231102,HARYANA,313,176
231102,HARYANA,314,239
231102,HARYANA,315,316
231102,HARYANA,316,647
231102,HARYANA,317,331
231102,HARYANA,318,39
231102,HARYANA,319,317
231102,HARYANA,320,161
231102,HARYANA,321,156
231102,HARYANA,322,249
231102,HARYANA,323,106
231102,HARYANA,324,225
231102,HARYANA,325,335
231102,HARYANA,326,597
231102,HARYANA,327,142
231102,HARYANA,328,165
231102,HARYANA,329,475
231102,HARYANA,330,244
231102,HARYANA,331,82
231102,HARYANA,332,650
231102,HARYANA,333,100
231102,HARYANA,334,431
231102,HARYANA,335,127
231102,HARYANA,336,278
231102,HARYANA,337,26
231102,HARYANA,338,270
231102,HARYANA,339,549
231102,HARYANA,340,278
231102,HARYANA,341,79
231102,HARYANA,342,436
231102,HARYANA,343,81
231102,HARYANA,4,345
231102,HARYANA,152,346
231102,HARYANA,180,347
231102,HARYANA,655,348
231102,HARYANA,116,349
231102,HARYANA,320,350
231102,HARYANA,90,351
231102,HARYANA,271,352
231102,HARYANA,176,353
231102,HARYANA,598,354
231102,HARYANA,283,355
231102,HARYANA,94,356
231102,HARYANA,317,357
231102,HARYANA,391,358
231102,HARYANA,258,359
231102,HARYANA,356,360
231102,HARYANA,361,651
231102,HARYANA,362,388
231102,HARYANA,363,308
231102,HARYANA,364,222
231102,HARYANA,365,146
231102,HARYANA,366,70
231102,HARYANA,367,277
231102,HARYANA,368,686
231102,HARYANA,369,126
231102,HARYANA,370,418
231102,HARYANA,371,498
231102,HARYANA,372,407
231102,HARYANA,373,75
231102,HARYANA,374,324
231102,HARYANA,375,591
231102,HARYANA,376,173
231102,HARYANA,377,396
231102,HARYANA,378,147
231102,HARYANA,379,173
231102,HARYANA,380,486
231102,HARYANA,381,151
231102,HARYANA,382,610
231102,HARYANA,383,170
231102,HARYANA,384,198
231102,HARYANA,385,604
231102,HARYANA,386,408
231102,HARYANA,387,86
231102,HARYANA,388,144
231102,HARYANA,389,418
231102,HARYANA,390,335
231102,HARYANA,391,269
231102,HARYANA,392,85
231102,HARYANA,393,469
231102,HARYANA,394,536
231102,HARYANA,395,162
231102,HARYANA,396,122
231102,HARYANA,397,162
231102,HARYANA,398,515
231102,HARYANA,399,623
231102,HARYANA,400,602
231102,HARYANA,401,350
231102,HARYANA,402,480
231102,HARYANA,403,556
231102,HARYANA,404,123
231102,HARYANA,405,116
231102,HARYANA,406,557
231102,HARYANA,407,153
231102,HARYANA,408,580
231102,HARYANA,409,180
231102,HARYANA,410,131
231102,HARYANA,411,213
231102,HARYANA,412,143
231102,HARYANA,413,361
231102,HARYANA,414,365
231102,HARYANA,415,130
231102,HARYANA,416,413
231102,HARYANA,417,250
231102,HARYANA,418,133
231102,HARYANA,419,73
231102,HARYANA,420,511
231102,HARYANA,421,285
231102,HARYANA,422,350
231102,HARYANA,423,199
231102,HARYANA,424,496
231102,HARYANA,425,342
231102,HARYANA,426,86
231102,HARYANA,427,661
231102,HARYANA,428,403
231102,HARYANA,429,114
231102,HARYANA,430,42
231102,HARYANA,431,89
231102,HARYANA,432,262
231102,HARYANA,433,100
231102,HARYANA,434,101
231102,HARYANA,435,616
231102,HARYANA,436,432
231102,HARYANA,437,134
231102,HARYANA,438,307
231102,HARYANA,439,198
231102,HARYANA,440,352
231102,HARYANA,441,238
231102,HARYANA,442,665
231102,HARYANA,443,131
231102,HARYANA,444,369
231102,HARYANA,445,590
231102,HARYANA,446,278
231102,HARYANA,447,465
231102,HARYANA,448,85
231102,HARYANA,449,126
231102,HARYANA,450,447
231102,HARYANA,451,201
231102,HARYANA,452,85
231102,HARYANA,453,547
231102,HARYANA,454,547
231102,HARYANA,455,348
231102,HARYANA,456,61
231102,HARYANA,457,107
231102,HARYANA,458,336
231102,HARYANA,459,583
231102,HARYANA,460,236
231102,HARYANA,461,324
231102,HARYANA,462,0
231102,HARYANA,463,400
231102,HARYANA,464,505
231102,HARYANA,465,566
231102,HARYANA,466,129
231102,HARYANA,467,147
231102,HARYANA,468,418
231102,HARYANA,469,100
