Center Number,State Name,Srl No,Marks
231302,HARYANA,1,30
231302,HARYANA,2,387
231302,HARYANA,3,565
231302,HARYANA,4,78
231302,HARYANA,5,206
231302,HARYANA,6,75
231302,HARYANA,7,602
231302,HARYANA,8,206
231302,HARYANA,9,379
231302,HARYANA,10,467
231302,HARYANA,11,473
231302,HARYANA,12,60
231302,HARYANA,13,187
231302,HARYANA,14,153
231302,HARYANA,15,241
231302,HARYANA,16,129
231302,HARYANA,17,223
231302,HARYANA,18,195
231302,HARYANA,19,212
231302,HARYANA,20,114
231302,HARYANA,21,191
231302,HARYANA,22,356
231302,HARYANA,23,127
231302,HARYANA,24,107
231302,HARYANA,25,158
231302,HARYANA,26,350
231302,HARYANA,27,228
231302,HARYANA,28,567
231302,HARYANA,29,151
231302,HARYANA,30,117
231302,HARYANA,31,86
231302,HARYANA,32,94
231302,HARYANA,33,320
231302,HARYANA,34,94
231302,HARYANA,35,383
231302,HARYANA,36,311
231302,HARYANA,37,189
231302,HARYANA,38,349
231302,HARYANA,39,70
231302,HARYANA,40,384
231302,HARYANA,41,138
231302,HARYANA,42,47
231302,HARYANA,43,89
231302,HARYANA,44,197
231302,HARYANA,45,527
231302,HARYANA,46,425
231302,HARYANA,47,12
231302,HARYANA,48,25
231302,HARYANA,49,321
231302,HARYANA,50,84
231302,HARYANA,51,308
231302,HARYANA,52,177
231302,HARYANA,53,122
231302,HARYANA,54,126
231302,HARYANA,55,21
231302,HARYANA,56,386
231302,HARYANA,57,181
231302,HARYANA,58,188
231302,HARYANA,59,5
231302,HARYANA,60,357
231302,HARYANA,61,120
231302,HARYANA,62,70
231302,HARYANA,63,151
231302,HARYANA,64,250
231302,HARYANA,65,98
231302,HARYANA,66,50
231302,HARYANA,67,435
231302,HARYANA,68,97
231302,HARYANA,69,597
231302,HARYANA,70,113
231302,HARYANA,71,80
231302,HARYANA,72,104
231302,HARYANA,73,49
231302,HARYANA,74,337
231302,HARYANA,75,107
231302,HARYANA,76,265
231302,HARYANA,77,186
231302,HARYANA,78,219
231302,HARYANA,79,95
231302,HARYANA,80,193
231302,HARYANA,81,155
231302,HARYANA,82,178
231302,HARYANA,83,671
231302,HARYANA,84,677
231302,HARYANA,85,251
231302,HARYANA,86,605
231302,HARYANA,87,51
231302,HARYANA,88,98
231302,HARYANA,89,80
231302,HARYANA,90,323
231302,HARYANA,91,118
231302,HARYANA,92,61
231302,HARYANA,93,246
231302,HARYANA,94,59
231302,HARYANA,95,212
231302,HARYANA,96,40
231302,HARYANA,97,60
231302,HARYANA,98,30
231302,HARYANA,99,393
231302,HARYANA,100,127
231302,HARYANA,101,164
231302,HARYANA,102,50
231302,HARYANA,103,186
231302,HARYANA,104,318
231302,HARYANA,105,121
231302,HARYANA,20,107
231302,HARYANA,111,108
231302,HARYANA,122,109
231302,HARYANA,293,110
231302,HARYANA,305,111
231302,HARYANA,102,112
231302,HARYANA,99,113
231302,HARYANA,301,114
231302,HARYANA,428,115
231302,HARYANA,343,116
231302,HARYANA,110,117
231302,HARYANA,78,118
231302,HARYANA,283,119
231302,HARYANA,235,120
231302,HARYANA,121,254
231302,HARYANA,122,370
231302,HARYANA,123,27
231302,HARYANA,124,170
231302,HARYANA,125,344
231302,HARYANA,126,80
231302,HARYANA,127,135
231302,HARYANA,128,286
231302,HARYANA,129,444
231302,HARYANA,130,224
231302,HARYANA,131,182
231302,HARYANA,132,169
231302,HARYANA,133,436
231302,HARYANA,134,113
231302,HARYANA,135,120
231302,HARYANA,136,424
231302,HARYANA,137,82
231302,HARYANA,138,65
231302,HARYANA,139,41
231302,HARYANA,140,119
231302,HARYANA,141,97
231302,HARYANA,142,420
231302,HARYANA,143,452
231302,HARYANA,144,220
231302,HARYANA,145,82
231302,HARYANA,146,35
231302,HARYANA,147,505
231302,HARYANA,148,447
231302,HARYANA,149,55
231302,HARYANA,150,223
231302,HARYANA,151,91
231302,HARYANA,152,559
231302,HARYANA,153,183
231302,HARYANA,154,301
231302,HARYANA,155,65
231302,HARYANA,156,360
231302,HARYANA,157,114
231302,HARYANA,158,109
231302,HARYANA,159,77
231302,HARYANA,160,124
231302,HARYANA,161,27
231302,HARYANA,162,72
231302,HARYANA,163,287
231302,HARYANA,164,128
231302,HARYANA,165,438
231302,HARYANA,166,37
231302,HARYANA,167,91
231302,HARYANA,168,429
231302,HARYANA,169,70
231302,HARYANA,170,190
231302,HARYANA,171,182
231302,HARYANA,172,130
231302,HARYANA,173,278
231302,HARYANA,174,465
231302,HARYANA,175,253
231302,HARYANA,176,90
231302,HARYANA,177,87
231302,HARYANA,178,150
231302,HARYANA,179,206
231302,HARYANA,180,317
231302,HARYANA,181,140
231302,HARYANA,182,113
231302,HARYANA,183,120
231302,HARYANA,184,170
231302,HARYANA,185,115
231302,HARYANA,186,115
231302,HARYANA,187,424
231302,HARYANA,188,437
231302,HARYANA,189,47
231302,HARYANA,190,548
231302,HARYANA,191,288
231302,HARYANA,192,86
231302,HARYANA,193,263
231302,HARYANA,194,139
231302,HARYANA,195,406
231302,HARYANA,196,85
231302,HARYANA,197,511
231302,HARYANA,198,58
231302,HARYANA,199,177
231302,HARYANA,200,373
231302,HARYANA,201,218
231302,HARYANA,202,66
231302,HARYANA,203,58
231302,HARYANA,204,263
231302,HARYANA,205,316
231302,HARYANA,206,106
231302,HARYANA,207,66
231302,HARYANA,208,224
231302,HARYANA,209,120
231302,HARYANA,210,305
231302,HARYANA,211,212
231302,HARYANA,212,123
231302,HARYANA,213,465
231302,HARYANA,214,223
231302,HARYANA,215,181
231302,HARYANA,216,325
231302,HARYANA,217,59
231302,HARYANA,218,126
231302,HARYANA,219,590
231302,HARYANA,220,244
231302,HARYANA,221,91
231302,HARYANA,222,161
231302,HARYANA,223,156
231302,HARYANA,224,169
231302,HARYANA,225,98
231302,HARYANA,226,142
231302,HARYANA,227,211
231302,HARYANA,228,120
231302,HARYANA,229,189
231302,HARYANA,230,159
231302,HARYANA,231,32
231302,HARYANA,232,102
231302,HARYANA,233,105
231302,HARYANA,234,55
231302,HARYANA,235,247
231302,HARYANA,236,525
231302,HARYANA,237,343
231302,HARYANA,238,496
231302,HARYANA,239,201
231302,HARYANA,240,305
231302,HARYANA,241,103
231302,HARYANA,242,345
231302,HARYANA,243,165
231302,HARYANA,244,620
231302,HARYANA,245,515
231302,HARYANA,246,211
231302,HARYANA,247,345
231302,HARYANA,248,61
231302,HARYANA,249,129
231302,HARYANA,250,42
231302,HARYANA,251,68
231302,HARYANA,252,75
231302,HARYANA,253,89
231302,HARYANA,254,64
231302,HARYANA,255,65
231302,HARYANA,256,60
231302,HARYANA,257,16
231302,HARYANA,258,150
231302,HARYANA,259,633
231302,HARYANA,260,126
231302,HARYANA,261,399
231302,HARYANA,262,103
231302,HARYANA,263,141
231302,HARYANA,264,28
231302,HARYANA,265,440
231302,HARYANA,266,134
231302,HARYANA,267,317
231302,HARYANA,268,139
231302,HARYANA,269,509
231302,HARYANA,270,108
231302,HARYANA,271,312
231302,HARYANA,272,45
231302,HARYANA,273,315
231302,HARYANA,274,242
231302,HARYANA,275,211
231302,HARYANA,276,352
231302,HARYANA,277,269
231302,HARYANA,278,80
231302,HARYANA,279,177
231302,HARYANA,280,241
231302,HARYANA,281,100
231302,HARYANA,282,390
231302,HARYANA,283,155
231302,HARYANA,284,547
231302,HARYANA,285,184
231302,HARYANA,286,193
231302,HARYANA,287,461
231302,HARYANA,288,210
231302,HARYANA,289,45
231302,HARYANA,290,185
231302,HARYANA,291,42
231302,HARYANA,292,203
231302,HARYANA,293,211
231302,HARYANA,294,217
231302,HARYANA,295,125
231302,HARYANA,296,170
231302,HARYANA,297,307
231302,HARYANA,298,318
231302,HARYANA,299,277
231302,HARYANA,300,353
231302,HARYANA,301,303
231302,HARYANA,302,397
231302,HARYANA,303,329
231302,HARYANA,304,594
231302,HARYANA,305,102
231302,HARYANA,306,301
231302,HARYANA,307,237
231302,HARYANA,308,160
231302,HARYANA,309,145
231302,HARYANA,310,359
231302,HARYANA,311,180
231302,HARYANA,312,225
231302,HARYANA,313,120
231302,HARYANA,314,86
231302,HARYANA,315,93
231302,HARYANA,316,331
231302,HARYANA,317,78
231302,HARYANA,318,369
231302,HARYANA,319,91
231302,HARYANA,320,110
231302,HARYANA,321,594
231302,HARYANA,322,163
231302,HARYANA,323,288
231302,HARYANA,324,1
231302,HARYANA,325,188
231302,HARYANA,326,673
231302,HARYANA,327,291
231302,HARYANA,328,188
231302,HARYANA,329,228
231302,HARYANA,330,92
231302,HARYANA,331,610
231302,HARYANA,332,250
231302,HARYANA,333,131
231302,HARYANA,334,31
231302,HARYANA,335,151
231302,HARYANA,336,153
231302,HARYANA,337,45
231302,HARYANA,338,164
231302,HARYANA,339,218
231302,HARYANA,340,402
231302,HARYANA,341,201
231302,HARYANA,342,69
231302,HARYANA,343,93
231302,HARYANA,344,180
231302,HARYANA,345,516
231302,HARYANA,346,69
231302,HARYANA,347,235
231302,HARYANA,348,588
231302,HARYANA,349,111
231302,HARYANA,350,288
231302,HARYANA,351,128
231302,HARYANA,352,344
231302,HARYANA,353,88
231302,HARYANA,354,59
231302,HARYANA,355,278
