Center Number,State Name,Srl No,Marks
231908,HARYANA,1,144
231908,HARYANA,2,70
231908,HARYANA,3,154
231908,HARYANA,4,80
231908,HARYANA,5,299
231908,HARYANA,6,81
231908,HARYANA,7,209
231908,HARYANA,8,78
231908,HARYANA,9,177
231908,HARYANA,10,100
231908,HARYANA,11,522
231908,HARYANA,12,52
231908,HARYANA,13,264
231908,HARYANA,14,243
231908,HARYANA,15,382
231908,HARYANA,16,351
231908,HARYANA,17,110
231908,HARYANA,18,349
231908,HARYANA,19,157
231908,HARYANA,20,210
231908,HARYANA,21,210
231908,HARYANA,22,120
231908,HARYANA,23,402
231908,HARYANA,24,57
231908,HARYANA,25,94
231908,HARYANA,26,224
231908,HARYANA,27,117
231908,HARYANA,28,72
231908,HARYANA,29,40
231908,HARYANA,30,341
231908,HARYANA,31,323
231908,HARYANA,32,132
231908,HARYANA,33,311
231908,HARYANA,34,581
231908,HARYANA,35,50
231908,HARYANA,36,87
231908,HARYANA,37,74
231908,HARYANA,38,292
231908,HARYANA,39,662
231908,HARYANA,40,43
231908,HARYANA,41,518
231908,HARYANA,42,70
231908,HARYANA,43,80
231908,HARYANA,44,87
231908,HARYANA,45,388
231908,HARYANA,46,121
231908,HARYANA,47,256
231908,HARYANA,48,543
231908,HARYANA,49,512
231908,HARYANA,50,85
231908,HARYANA,51,60
231908,HARYANA,52,320
231908,HARYANA,53,112
231908,HARYANA,54,15
231908,HARYANA,55,277
231908,HARYANA,56,521
231908,HARYANA,57,610
231908,HARYANA,58,76
231908,HARYANA,59,8
231908,HARYANA,60,25
231908,HARYANA,61,35
231908,HARYANA,62,80
231908,HARYANA,63,71
231908,HARYANA,64,298
231908,HARYANA,65,424
231908,HARYANA,66,228
231908,HARYANA,67,485
231908,HARYANA,68,96
231908,HARYANA,69,125
231908,HARYANA,70,95
231908,HARYANA,71,130
231908,HARYANA,72,80
231908,HARYANA,73,189
231908,HARYANA,74,20
231908,HARYANA,75,357
231908,HARYANA,76,136
231908,HARYANA,77,64
231908,HARYANA,78,89
231908,HARYANA,79,623
231908,HARYANA,80,81
231908,HARYANA,81,135
231908,HARYANA,82,273
231908,HARYANA,83,585
231908,HARYANA,84,513
231908,HARYANA,85,52
231908,HARYANA,86,100
231908,HARYANA,87,102
231908,HARYANA,88,266
231908,HARYANA,89,369
231908,HARYANA,90,53
231908,HARYANA,91,55
231908,HARYANA,92,578
231908,HARYANA,93,64
231908,HARYANA,94,155
231908,HARYANA,95,5
231908,HARYANA,96,73
231908,HARYANA,97,93
231908,HARYANA,98,652
231908,HARYANA,99,165
231908,HARYANA,100,45
231908,HARYANA,101,151
231908,HARYANA,102,406
231908,HARYANA,103,40
231908,HARYANA,104,152
231908,HARYANA,105,235
231908,HARYANA,106,106
231908,HARYANA,107,379
231908,HARYANA,108,96
231908,HARYANA,109,165
231908,HARYANA,110,85
231908,HARYANA,111,178
231908,HARYANA,112,61
231908,HARYANA,113,154
231908,HARYANA,114,37
231908,HARYANA,115,104
231908,HARYANA,116,135
231908,HARYANA,117,95
231908,HARYANA,118,57
231908,HARYANA,119,76
231908,HARYANA,120,80
231908,HARYANA,121,581
231908,HARYANA,122,82
231908,HARYANA,123,514
231908,HARYANA,124,106
231908,HARYANA,125,76
231908,HARYANA,126,117
231908,HARYANA,127,328
231908,HARYANA,128,140
231908,HARYANA,129,79
231908,HARYANA,130,134
231908,HARYANA,131,84
231908,HARYANA,132,185
231908,HARYANA,133,320
231908,HARYANA,134,275
231908,HARYANA,135,64
231908,HARYANA,136,634
231908,HARYANA,137,442
231908,HARYANA,138,190
231908,HARYANA,139,186
231908,HARYANA,140,220
231908,HARYANA,141,64
231908,HARYANA,142,60
231908,HARYANA,143,110
231908,HARYANA,144,401
231908,HARYANA,145,55
231908,HARYANA,146,444
231908,HARYANA,147,160
231908,HARYANA,148,140
231908,HARYANA,149,57
231908,HARYANA,150,237
231908,HARYANA,151,150
231908,HARYANA,152,115
231908,HARYANA,153,122
231908,HARYANA,5,155
231908,HARYANA,161,156
231908,HARYANA,211,157
231908,HARYANA,350,158
231908,HARYANA,133,159
231908,HARYANA,91,160
231908,HARYANA,279,161
231908,HARYANA,262,162
231908,HARYANA,90,163
231908,HARYANA,88,164
231908,HARYANA,96,165
231908,HARYANA,29,166
231908,HARYANA,155,167
231908,HARYANA,400,168
231908,HARYANA,107,169
231908,HARYANA,15,170
231908,HARYANA,105,171
231908,HARYANA,334,172
231908,HARYANA,130,173
231908,HARYANA,65,174
231908,HARYANA,31,175
231908,HARYANA,40,176
231908,HARYANA,167,177
231908,HARYANA,135,178
231908,HARYANA,263,179
231908,HARYANA,103,180
231908,HARYANA,181,54
