Center Number,State Name,Srl No,Marks
240102,HIMACHAL PRADESH,1,114
240102,HIMACHAL PRADESH,2,178
240102,HIMACHAL PRADESH,3,525
240102,HIMACHAL PRADESH,4,145
240102,HIMACHAL PRADESH,5,287
240102,HIMACHAL PRADESH,6,410
240102,HIMACHAL PRADESH,7,329
240102,HIMACHAL PRADESH,8,85
240102,HIMACHAL PRADESH,9,348
240102,HIMACHAL PRADESH,10,280
240102,HIMACHAL PRADESH,11,55
240102,HIMACHAL PRADESH,12,198
240102,HIMACHAL PRADESH,13,370
240102,HIMACHAL PRADESH,14,152
240102,HIMACHAL PRADESH,15,189
240102,HIMACHAL PRADESH,16,491
240102,HIMACHAL PRADESH,17,61
240102,HIMACHAL PRADESH,18,552
240102,HIMACHAL PRADESH,19,36
240102,HIMACHAL PRADESH,20,167
240102,HIMACHAL PRADESH,21,122
240102,HIMACHAL PRADESH,22,487
240102,HIMACHAL PRADESH,23,292
240102,HIMACHAL PRADESH,24,146
240102,HIMACHAL PRADESH,25,159
240102,HIMACHAL PRADESH,26,87
240102,HIMACHAL PRADESH,27,392
240102,HIMACHAL PRADESH,28,219
240102,HIMACHAL PRADESH,29,221
240102,HIMACHAL PRADESH,30,65
240102,HIMACHAL PRADESH,31,85
240102,HIMACHAL PRADESH,32,260
240102,HIMACHAL PRADESH,33,185
240102,HIMACHAL PRADESH,34,384
240102,HIMACHAL PRADESH,35,79
240102,HIMACHAL PRADESH,36,186
240102,HIMACHAL PRADESH,37,138
240102,HIMACHAL PRADESH,38,55
240102,HIMACHAL PRADESH,39,444
240102,HIMACHAL PRADESH,40,112
240102,HIMACHAL PRADESH,41,125
240102,HIMACHAL PRADESH,42,15
240102,HIMACHAL PRADESH,43,176
240102,HIMACHAL PRADESH,44,62
240102,HIMACHAL PRADESH,45,127
240102,HIMACHAL PRADESH,46,472
240102,HIMACHAL PRADESH,47,351
240102,HIMACHAL PRADESH,48,175
240102,HIMACHAL PRADESH,49,137
240102,HIMACHAL PRADESH,50,89
240102,HIMACHAL PRADESH,51,117
240102,HIMACHAL PRADESH,52,312
240102,HIMACHAL PRADESH,53,409
240102,HIMACHAL PRADESH,54,55
240102,HIMACHAL PRADESH,55,133
240102,HIMACHAL PRADESH,56,243
240102,HIMACHAL PRADESH,57,114
240102,HIMACHAL PRADESH,58,120
240102,HIMACHAL PRADESH,59,43
240102,HIMACHAL PRADESH,60,413
240102,HIMACHAL PRADESH,61,556
240102,HIMACHAL PRADESH,62,553
240102,HIMACHAL PRADESH,63,48
240102,HIMACHAL PRADESH,64,446
240102,HIMACHAL PRADESH,65,153
240102,HIMACHAL PRADESH,66,200
240102,HIMACHAL PRADESH,67,247
240102,HIMACHAL PRADESH,68,315
240102,HIMACHAL PRADESH,69,189
240102,HIMACHAL PRADESH,70,103
240102,HIMACHAL PRADESH,71,141
240102,HIMACHAL PRADESH,72,260
240102,HIMACHAL PRADESH,73,72
240102,HIMACHAL PRADESH,74,70
240102,HIMACHAL PRADESH,75,107
240102,HIMACHAL PRADESH,76,152
240102,HIMACHAL PRADESH,77,107
240102,HIMACHAL PRADESH,78,56
240102,HIMACHAL PRADESH,79,144
240102,HIMACHAL PRADESH,80,63
240102,HIMACHAL PRADESH,81,140
240102,HIMACHAL PRADESH,82,196
240102,HIMACHAL PRADESH,83,531
240102,HIMACHAL PRADESH,84,75
240102,HIMACHAL PRADESH,85,46
240102,HIMACHAL PRADESH,86,298
240102,HIMACHAL PRADESH,87,29
240102,HIMACHAL PRADESH,88,104
240102,HIMACHAL PRADESH,89,371
240102,HIMACHAL PRADESH,90,313
240102,HIMACHAL PRADESH,91,379
240102,HIMACHAL PRADESH,92,314
240102,HIMACHAL PRADESH,93,230
240102,HIMACHAL PRADESH,94,36
240102,HIMACHAL PRADESH,95,326
240102,HIMACHAL PRADESH,96,165
240102,HIMACHAL PRADESH,97,157
240102,HIMACHAL PRADESH,98,599
240102,HIMACHAL PRADESH,99,32
240102,HIMACHAL PRADESH,100,51
240102,HIMACHAL PRADESH,101,140
240102,HIMACHAL PRADESH,102,416
240102,HIMACHAL PRADESH,103,556
240102,HIMACHAL PRADESH,104,268
240102,HIMACHAL PRADESH,105,309
240102,HIMACHAL PRADESH,106,129
240102,HIMACHAL PRADESH,107,161
240102,HIMACHAL PRADESH,108,530
240102,HIMACHAL PRADESH,109,274
240102,HIMACHAL PRADESH,110,62
240102,HIMACHAL PRADESH,111,24
240102,HIMACHAL PRADESH,112,251
240102,HIMACHAL PRADESH,113,422
240102,HIMACHAL PRADESH,114,70
240102,HIMACHAL PRADESH,115,186
240102,HIMACHAL PRADESH,116,317
240102,HIMACHAL PRADESH,117,254
240102,HIMACHAL PRADESH,118,294
240102,HIMACHAL PRADESH,119,90
240102,HIMACHAL PRADESH,120,286
240102,HIMACHAL PRADESH,121,140
240102,HIMACHAL PRADESH,122,33
240102,HIMACHAL PRADESH,123,202
240102,HIMACHAL PRADESH,124,266
240102,HIMACHAL PRADESH,125,170
240102,HIMACHAL PRADESH,126,98
240102,HIMACHAL PRADESH,127,70
240102,HIMACHAL PRADESH,128,468
240102,HIMACHAL PRADESH,129,431
240102,HIMACHAL PRADESH,130,493
240102,HIMACHAL PRADESH,131,529
240102,HIMACHAL PRADESH,132,601
240102,HIMACHAL PRADESH,133,128
240102,HIMACHAL PRADESH,134,233
240102,HIMACHAL PRADESH,135,517
240102,HIMACHAL PRADESH,136,447
240102,HIMACHAL PRADESH,137,148
240102,HIMACHAL PRADESH,138,108
240102,HIMACHAL PRADESH,139,342
240102,HIMACHAL PRADESH,140,158
240102,HIMACHAL PRADESH,141,320
240102,HIMACHAL PRADESH,142,81
240102,HIMACHAL PRADESH,143,85
240102,HIMACHAL PRADESH,144,174
240102,HIMACHAL PRADESH,145,152
240102,HIMACHAL PRADESH,146,250
240102,HIMACHAL PRADESH,147,340
240102,HIMACHAL PRADESH,148,124
240102,HIMACHAL PRADESH,149,251
240102,HIMACHAL PRADESH,150,652
240102,HIMACHAL PRADESH,151,424
240102,HIMACHAL PRADESH,152,436
240102,HIMACHAL PRADESH,153,416
240102,HIMACHAL PRADESH,154,268
240102,HIMACHAL PRADESH,155,204
240102,HIMACHAL PRADESH,156,394
240102,HIMACHAL PRADESH,157,185
240102,HIMACHAL PRADESH,158,355
240102,HIMACHAL PRADESH,159,137
240102,HIMACHAL PRADESH,160,153
240102,HIMACHAL PRADESH,161,534
240102,HIMACHAL PRADESH,162,56
240102,HIMACHAL PRADESH,163,227
240102,HIMACHAL PRADESH,164,62
240102,HIMACHAL PRADESH,165,266
240102,HIMACHAL PRADESH,166,275
240102,HIMACHAL PRADESH,167,80
240102,HIMACHAL PRADESH,168,107
240102,HIMACHAL PRADESH,169,494
240102,HIMACHAL PRADESH,170,317
240102,HIMACHAL PRADESH,171,425
240102,HIMACHAL PRADESH,172,65
240102,HIMACHAL PRADESH,173,502
240102,HIMACHAL PRADESH,174,296
240102,HIMACHAL PRADESH,175,281
240102,HIMACHAL PRADESH,176,184
240102,HIMACHAL PRADESH,177,277
240102,HIMACHAL PRADESH,178,268
240102,HIMACHAL PRADESH,179,82
240102,HIMACHAL PRADESH,180,500
240102,HIMACHAL PRADESH,181,59
240102,HIMACHAL PRADESH,182,70
240102,HIMACHAL PRADESH,183,91
240102,HIMACHAL PRADESH,184,144
240102,HIMACHAL PRADESH,185,81
240102,HIMACHAL PRADESH,186,125
240102,HIMACHAL PRADESH,187,606
240102,HIMACHAL PRADESH,188,55
240102,HIMACHAL PRADESH,189,162
240102,HIMACHAL PRADESH,190,154
240102,HIMACHAL PRADESH,191,252
240102,HIMACHAL PRADESH,192,203
240102,HIMACHAL PRADESH,193,171
240102,HIMACHAL PRADESH,194,322
240102,HIMACHAL PRADESH,195,47
240102,HIMACHAL PRADESH,196,147
240102,HIMACHAL PRADESH,197,264
240102,HIMACHAL PRADESH,198,405
240102,HIMACHAL PRADESH,199,113
240102,HIMACHAL PRADESH,200,97
240102,HIMACHAL PRADESH,201,119
240102,HIMACHAL PRADESH,202,176
240102,HIMACHAL PRADESH,203,92
240102,HIMACHAL PRADESH,204,379
240102,HIMACHAL PRADESH,205,105
240102,HIMACHAL PRADESH,206,248
240102,HIMACHAL PRADESH,207,140
240102,HIMACHAL PRADESH,208,449
240102,HIMACHAL PRADESH,209,167
240102,HIMACHAL PRADESH,210,408
240102,HIMACHAL PRADESH,211,466
240102,HIMACHAL PRADESH,212,95
240102,HIMACHAL PRADESH,213,239
240102,HIMACHAL PRADESH,214,394
240102,HIMACHAL PRADESH,215,108
240102,HIMACHAL PRADESH,216,63
240102,HIMACHAL PRADESH,217,426
240102,HIMACHAL PRADESH,218,326
240102,HIMACHAL PRADESH,219,137
240102,HIMACHAL PRADESH,220,245
240102,HIMACHAL PRADESH,221,161
240102,HIMACHAL PRADESH,222,58
240102,HIMACHAL PRADESH,223,100
240102,HIMACHAL PRADESH,224,247
240102,HIMACHAL PRADESH,225,242
240102,HIMACHAL PRADESH,226,129
240102,HIMACHAL PRADESH,227,100
240102,HIMACHAL PRADESH,228,528
240102,HIMACHAL PRADESH,229,35
240102,HIMACHAL PRADESH,230,227
240102,HIMACHAL PRADESH,231,261
240102,HIMACHAL PRADESH,232,321
240102,HIMACHAL PRADESH,233,86
240102,HIMACHAL PRADESH,234,443
240102,HIMACHAL PRADESH,235,72
240102,HIMACHAL PRADESH,236,141
240102,HIMACHAL PRADESH,237,107
240102,HIMACHAL PRADESH,238,252
240102,HIMACHAL PRADESH,239,104
240102,HIMACHAL PRADESH,240,52
240102,HIMACHAL PRADESH,241,592
240102,HIMACHAL PRADESH,242,228
240102,HIMACHAL PRADESH,243,250
240102,HIMACHAL PRADESH,244,575
240102,HIMACHAL PRADESH,245,107
240102,HIMACHAL PRADESH,246,345
240102,HIMACHAL PRADESH,247,95
240102,HIMACHAL PRADESH,248,267
240102,HIMACHAL PRADESH,249,262
240102,HIMACHAL PRADESH,250,242
240102,HIMACHAL PRADESH,251,186
240102,HIMACHAL PRADESH,252,83
240102,HIMACHAL PRADESH,253,344
240102,HIMACHAL PRADESH,254,94
240102,HIMACHAL PRADESH,255,464
240102,HIMACHAL PRADESH,256,100
240102,HIMACHAL PRADESH,257,116
240102,HIMACHAL PRADESH,258,171
240102,HIMACHAL PRADESH,259,110
240102,HIMACHAL PRADESH,260,55
240102,HIMACHAL PRADESH,261,53
240102,HIMACHAL PRADESH,262,86
240102,HIMACHAL PRADESH,263,566
240102,HIMACHAL PRADESH,264,447
240102,HIMACHAL PRADESH,265,90
240102,HIMACHAL PRADESH,266,365
240102,HIMACHAL PRADESH,267,441
240102,HIMACHAL PRADESH,268,105
240102,HIMACHAL PRADESH,269,202
240102,HIMACHAL PRADESH,270,203
240102,HIMACHAL PRADESH,271,110
240102,HIMACHAL PRADESH,272,18
240102,HIMACHAL PRADESH,273,179
240102,HIMACHAL PRADESH,274,276
240102,HIMACHAL PRADESH,275,93
240102,HIMACHAL PRADESH,276,169
240102,HIMACHAL PRADESH,277,107
240102,HIMACHAL PRADESH,278,106
240102,HIMACHAL PRADESH,279,36
240102,HIMACHAL PRADESH,280,49
240102,HIMACHAL PRADESH,281,253
240102,HIMACHAL PRADESH,282,266
240102,HIMACHAL PRADESH,283,492
240102,HIMACHAL PRADESH,284,157
240102,HIMACHAL PRADESH,285,24
240102,HIMACHAL PRADESH,286,391
240102,HIMACHAL PRADESH,287,63
240102,HIMACHAL PRADESH,288,31
240102,HIMACHAL PRADESH,289,89
240102,HIMACHAL PRADESH,290,293
240102,HIMACHAL PRADESH,291,371
240102,HIMACHAL PRADESH,292,81
240102,HIMACHAL PRADESH,293,125
240102,HIMACHAL PRADESH,294,133
240102,HIMACHAL PRADESH,295,130
240102,HIMACHAL PRADESH,296,670
240102,HIMACHAL PRADESH,297,438
240102,HIMACHAL PRADESH,298,410
240102,HIMACHAL PRADESH,299,69
240102,HIMACHAL PRADESH,300,390
240102,HIMACHAL PRADESH,301,63
240102,HIMACHAL PRADESH,302,447
240102,HIMACHAL PRADESH,303,200
240102,HIMACHAL PRADESH,304,278
240102,HIMACHAL PRADESH,305,676
240102,HIMACHAL PRADESH,306,202
240102,HIMACHAL PRADESH,307,248
240102,HIMACHAL PRADESH,308,115
240102,HIMACHAL PRADESH,309,109
240102,HIMACHAL PRADESH,310,264
240102,HIMACHAL PRADESH,311,160
240102,HIMACHAL PRADESH,312,41
240102,HIMACHAL PRADESH,313,60
240102,HIMACHAL PRADESH,314,105
240102,HIMACHAL PRADESH,315,75
240102,HIMACHAL PRADESH,316,384
240102,HIMACHAL PRADESH,317,227
240102,HIMACHAL PRADESH,318,248
240102,HIMACHAL PRADESH,319,396
240102,HIMACHAL PRADESH,320,73
240102,HIMACHAL PRADESH,321,328
240102,HIMACHAL PRADESH,322,180
240102,HIMACHAL PRADESH,323,221
240102,HIMACHAL PRADESH,324,70
240102,HIMACHAL PRADESH,325,395
240102,HIMACHAL PRADESH,326,204
240102,HIMACHAL PRADESH,327,63
240102,HIMACHAL PRADESH,328,427
240102,HIMACHAL PRADESH,329,361
240102,HIMACHAL PRADESH,330,391
240102,HIMACHAL PRADESH,331,431
240102,HIMACHAL PRADESH,332,294
240102,HIMACHAL PRADESH,333,50
240102,HIMACHAL PRADESH,334,142
240102,HIMACHAL PRADESH,335,379
240102,HIMACHAL PRADESH,336,50
240102,HIMACHAL PRADESH,337,92
240102,HIMACHAL PRADESH,338,206
240102,HIMACHAL PRADESH,339,78
240102,HIMACHAL PRADESH,340,71
240102,HIMACHAL PRADESH,341,302
240102,HIMACHAL PRADESH,342,107
240102,HIMACHAL PRADESH,343,277
240102,HIMACHAL PRADESH,344,20
240102,HIMACHAL PRADESH,345,179
240102,HIMACHAL PRADESH,346,307
240102,HIMACHAL PRADESH,347,254
240102,HIMACHAL PRADESH,348,348
240102,HIMACHAL PRADESH,349,30
240102,HIMACHAL PRADESH,350,129
240102,HIMACHAL PRADESH,351,478
240102,HIMACHAL PRADESH,352,372
240102,HIMACHAL PRADESH,353,277
240102,HIMACHAL PRADESH,354,443
240102,HIMACHAL PRADESH,355,236
240102,HIMACHAL PRADESH,356,245
240102,HIMACHAL PRADESH,357,95
240102,HIMACHAL PRADESH,358,196
240102,HIMACHAL PRADESH,359,314
240102,HIMACHAL PRADESH,360,306
240102,HIMACHAL PRADESH,361,343
240102,HIMACHAL PRADESH,362,200
240102,HIMACHAL PRADESH,363,106
240102,HIMACHAL PRADESH,364,413
240102,HIMACHAL PRADESH,365,19
240102,HIMACHAL PRADESH,366,139
240102,HIMACHAL PRADESH,367,110
240102,HIMACHAL PRADESH,368,108
240102,HIMACHAL PRADESH,369,208
240102,HIMACHAL PRADESH,370,327
240102,HIMACHAL PRADESH,371,128
240102,HIMACHAL PRADESH,372,453
240102,HIMACHAL PRADESH,373,453
240102,HIMACHAL PRADESH,374,610
240102,HIMACHAL PRADESH,375,113
240102,HIMACHAL PRADESH,376,90
240102,HIMACHAL PRADESH,377,125
240102,HIMACHAL PRADESH,378,65
240102,HIMACHAL PRADESH,379,151
240102,HIMACHAL PRADESH,380,500
240102,HIMACHAL PRADESH,381,342
240102,HIMACHAL PRADESH,382,44
240102,HIMACHAL PRADESH,383,152
240102,HIMACHAL PRADESH,384,153
240102,HIMACHAL PRADESH,385,125
240102,HIMACHAL PRADESH,386,105
240102,HIMACHAL PRADESH,387,75
240102,HIMACHAL PRADESH,388,17
240102,HIMACHAL PRADESH,389,60
240102,HIMACHAL PRADESH,390,110
240102,HIMACHAL PRADESH,391,57
240102,HIMACHAL PRADESH,392,65
240102,HIMACHAL PRADESH,393,219
240102,HIMACHAL PRADESH,394,134
240102,HIMACHAL PRADESH,395,334
240102,HIMACHAL PRADESH,396,338
240102,HIMACHAL PRADESH,397,115
240102,HIMACHAL PRADESH,398,75
240102,HIMACHAL PRADESH,399,256
240102,HIMACHAL PRADESH,400,634
240102,HIMACHAL PRADESH,401,497
240102,HIMACHAL PRADESH,402,186
240102,HIMACHAL PRADESH,403,169
240102,HIMACHAL PRADESH,404,117
240102,HIMACHAL PRADESH,405,6
240102,HIMACHAL PRADESH,406,325
240102,HIMACHAL PRADESH,407,166
240102,HIMACHAL PRADESH,408,374
240102,HIMACHAL PRADESH,409,78
240102,HIMACHAL PRADESH,410,95
240102,HIMACHAL PRADESH,411,190
240102,HIMACHAL PRADESH,412,200
240102,HIMACHAL PRADESH,413,562
240102,HIMACHAL PRADESH,414,231
240102,HIMACHAL PRADESH,415,13
240102,HIMACHAL PRADESH,416,184
240102,HIMACHAL PRADESH,417,492
240102,HIMACHAL PRADESH,418,126
240102,HIMACHAL PRADESH,419,427
240102,HIMACHAL PRADESH,420,366
240102,HIMACHAL PRADESH,421,255
240102,HIMACHAL PRADESH,422,359
240102,HIMACHAL PRADESH,423,328
240102,HIMACHAL PRADESH,424,73
240102,HIMACHAL PRADESH,425,242
240102,HIMACHAL PRADESH,426,112
240102,HIMACHAL PRADESH,427,389
240102,HIMACHAL PRADESH,428,301
240102,HIMACHAL PRADESH,429,83
240102,HIMACHAL PRADESH,430,74
240102,HIMACHAL PRADESH,431,187
240102,HIMACHAL PRADESH,432,431
240102,HIMACHAL PRADESH,433,624
240102,HIMACHAL PRADESH,434,498
240102,HIMACHAL PRADESH,435,492
240102,HIMACHAL PRADESH,436,54
240102,HIMACHAL PRADESH,437,97
240102,HIMACHAL PRADESH,438,221
240102,HIMACHAL PRADESH,439,78
240102,HIMACHAL PRADESH,440,329
240102,HIMACHAL PRADESH,441,148
240102,HIMACHAL PRADESH,442,191
240102,HIMACHAL PRADESH,443,80
240102,HIMACHAL PRADESH,444,660
240102,HIMACHAL PRADESH,445,30
240102,HIMACHAL PRADESH,446,181
240102,HIMACHAL PRADESH,447,68
240102,HIMACHAL PRADESH,448,172
240102,HIMACHAL PRADESH,449,173
240102,HIMACHAL PRADESH,450,78
240102,HIMACHAL PRADESH,451,43
240102,HIMACHAL PRADESH,452,187
240102,HIMACHAL PRADESH,453,39
240102,HIMACHAL PRADESH,454,59
240102,HIMACHAL PRADESH,455,202
240102,HIMACHAL PRADESH,456,370
240102,HIMACHAL PRADESH,457,130
240102,HIMACHAL PRADESH,458,362
240102,HIMACHAL PRADESH,459,75
240102,HIMACHAL PRADESH,460,75
240102,HIMACHAL PRADESH,461,32
240102,HIMACHAL PRADESH,462,68
240102,HIMACHAL PRADESH,463,260
240102,HIMACHAL PRADESH,464,301
240102,HIMACHAL PRADESH,465,535
240102,HIMACHAL PRADESH,466,253
240102,HIMACHAL PRADESH,467,125
240102,HIMACHAL PRADESH,468,40
240102,HIMACHAL PRADESH,469,71
240102,HIMACHAL PRADESH,470,181
240102,HIMACHAL PRADESH,471,89
