Center Number,State Name,Srl No,Marks
240513,HIMACHAL PRADESH,1,141
240513,HIMACHAL PRADESH,2,289
240513,HIMACHAL PRADESH,3,377
240513,HIMACHAL PRADESH,4,212
240513,HIMACHAL PRADESH,5,519
240513,HIMACHAL PRADESH,6,266
240513,HIMACHAL PRADESH,7,169
240513,HIMACHAL PRADESH,8,88
240513,HIMACHAL PRADESH,9,94
240513,HIMACHAL PRADESH,10,355
240513,HIMACHAL PRADESH,11,268
240513,HIMACHAL PRADESH,12,167
240513,HIMACHAL PRADESH,13,135
240513,HIMACHAL PRADESH,14,78
240513,HIMACHAL PRADESH,15,75
240513,HIMACHAL PRADESH,16,36
240513,HIMACHAL PRADESH,17,45
240513,HIMACHAL PRADESH,18,191
240513,HIMACHAL PRADESH,19,136
240513,HIMACHAL PRADESH,20,302
240513,HIMACHAL PRADESH,21,320
240513,HIMACHAL PRADESH,22,167
240513,HIMACHAL PRADESH,23,467
240513,HIMACHAL PRADESH,24,208
240513,HIMACHAL PRADESH,25,403
240513,HIMACHAL PRADESH,26,93
240513,HIMACHAL PRADESH,27,308
240513,HIMACHAL PRADESH,28,108
240513,HIMACHAL PRADESH,29,60
240513,HIMACHAL PRADESH,30,85
240513,HIMACHAL PRADESH,31,262
240513,HIMACHAL PRADESH,32,319
240513,HIMACHAL PRADESH,33,90
240513,HIMACHAL PRADESH,34,114
240513,HIMACHAL PRADESH,35,495
240513,HIMACHAL PRADESH,36,432
240513,HIMACHAL PRADESH,37,265
240513,HIMACHAL PRADESH,38,354
240513,HIMACHAL PRADESH,39,62
240513,HIMACHAL PRADESH,40,157
240513,HIMACHAL PRADESH,41,69
240513,HIMACHAL PRADESH,42,155
240513,HIMACHAL PRADESH,43,503
240513,HIMACHAL PRADESH,44,227
240513,HIMACHAL PRADESH,45,203
240513,HIMACHAL PRADESH,46,258
240513,HIMACHAL PRADESH,47,86
240513,HIMACHAL PRADESH,48,317
240513,HIMACHAL PRADESH,49,109
240513,HIMACHAL PRADESH,50,71
240513,HIMACHAL PRADESH,51,176
240513,HIMACHAL PRADESH,52,208
240513,HIMACHAL PRADESH,53,160
240513,HIMACHAL PRADESH,54,532
240513,HIMACHAL PRADESH,55,58
240513,HIMACHAL PRADESH,56,243
240513,HIMACHAL PRADESH,57,282
240513,HIMACHAL PRADESH,58,59
240513,HIMACHAL PRADESH,59,99
240513,HIMACHAL PRADESH,60,165
240513,HIMACHAL PRADESH,61,197
240513,HIMACHAL PRADESH,62,112
240513,HIMACHAL PRADESH,63,472
240513,HIMACHAL PRADESH,64,183
240513,HIMACHAL PRADESH,65,142
240513,HIMACHAL PRADESH,66,360
240513,HIMACHAL PRADESH,67,123
240513,HIMACHAL PRADESH,68,138
240513,HIMACHAL PRADESH,69,180
240513,HIMACHAL PRADESH,70,375
240513,HIMACHAL PRADESH,71,197
240513,HIMACHAL PRADESH,72,276
240513,HIMACHAL PRADESH,73,33
240513,HIMACHAL PRADESH,74,192
240513,HIMACHAL PRADESH,75,328
240513,HIMACHAL PRADESH,76,160
240513,HIMACHAL PRADESH,77,178
240513,HIMACHAL PRADESH,78,66
240513,HIMACHAL PRADESH,79,65
240513,HIMACHAL PRADESH,80,556
240513,HIMACHAL PRADESH,81,270
240513,HIMACHAL PRADESH,82,276
240513,HIMACHAL PRADESH,83,518
240513,HIMACHAL PRADESH,84,148
240513,HIMACHAL PRADESH,85,380
240513,HIMACHAL PRADESH,86,284
240513,HIMACHAL PRADESH,87,287
240513,HIMACHAL PRADESH,88,165
240513,HIMACHAL PRADESH,89,222
240513,HIMACHAL PRADESH,90,144
240513,HIMACHAL PRADESH,91,353
240513,HIMACHAL PRADESH,92,139
240513,HIMACHAL PRADESH,93,266
240513,HIMACHAL PRADESH,94,32
240513,HIMACHAL PRADESH,95,157
240513,HIMACHAL PRADESH,96,227
240513,HIMACHAL PRADESH,97,95
240513,HIMACHAL PRADESH,98,257
240513,HIMACHAL PRADESH,99,305
240513,HIMACHAL PRADESH,100,582
240513,HIMACHAL PRADESH,101,323
240513,HIMACHAL PRADESH,102,70
240513,HIMACHAL PRADESH,103,392
240513,HIMACHAL PRADESH,104,262
240513,HIMACHAL PRADESH,105,130
240513,HIMACHAL PRADESH,106,405
240513,HIMACHAL PRADESH,107,271
240513,HIMACHAL PRADESH,108,215
240513,HIMACHAL PRADESH,109,416
240513,HIMACHAL PRADESH,110,148
240513,HIMACHAL PRADESH,111,167
240513,HIMACHAL PRADESH,112,167
240513,HIMACHAL PRADESH,113,101
240513,HIMACHAL PRADESH,114,73
240513,HIMACHAL PRADESH,115,115
240513,HIMACHAL PRADESH,116,112
240513,HIMACHAL PRADESH,117,177
240513,HIMACHAL PRADESH,118,174
240513,HIMACHAL PRADESH,119,274
240513,HIMACHAL PRADESH,120,167
240513,HIMACHAL PRADESH,121,320
240513,HIMACHAL PRADESH,122,310
240513,HIMACHAL PRADESH,123,50
240513,HIMACHAL PRADESH,124,269
240513,HIMACHAL PRADESH,125,86
240513,HIMACHAL PRADESH,126,70
240513,HIMACHAL PRADESH,127,585
240513,HIMACHAL PRADESH,128,120
240513,HIMACHAL PRADESH,129,63
240513,HIMACHAL PRADESH,130,614
240513,HIMACHAL PRADESH,131,335
240513,HIMACHAL PRADESH,132,107
240513,HIMACHAL PRADESH,133,155
240513,HIMACHAL PRADESH,134,309
240513,HIMACHAL PRADESH,135,514
240513,HIMACHAL PRADESH,136,571
240513,HIMACHAL PRADESH,137,117
240513,HIMACHAL PRADESH,138,205
240513,HIMACHAL PRADESH,139,535
240513,HIMACHAL PRADESH,140,236
240513,HIMACHAL PRADESH,141,41
240513,HIMACHAL PRADESH,142,435
240513,HIMACHAL PRADESH,143,76
240513,HIMACHAL PRADESH,144,205
240513,HIMACHAL PRADESH,145,381
240513,HIMACHAL PRADESH,146,326
240513,HIMACHAL PRADESH,147,94
240513,HIMACHAL PRADESH,148,345
240513,HIMACHAL PRADESH,149,65
240513,HIMACHAL PRADESH,150,361
240513,HIMACHAL PRADESH,151,446
240513,HIMACHAL PRADESH,152,172
240513,HIMACHAL PRADESH,153,381
240513,HIMACHAL PRADESH,154,391
240513,HIMACHAL PRADESH,155,25
240513,HIMACHAL PRADESH,156,96
240513,HIMACHAL PRADESH,157,86
240513,HIMACHAL PRADESH,158,236
240513,HIMACHAL PRADESH,159,107
240513,HIMACHAL PRADESH,160,255
240513,HIMACHAL PRADESH,161,66
240513,HIMACHAL PRADESH,162,76
240513,HIMACHAL PRADESH,163,150
240513,HIMACHAL PRADESH,164,68
240513,HIMACHAL PRADESH,165,50
240513,HIMACHAL PRADESH,166,70
240513,HIMACHAL PRADESH,167,26
240513,HIMACHAL PRADESH,168,166
240513,HIMACHAL PRADESH,169,214
240513,HIMACHAL PRADESH,170,98
240513,HIMACHAL PRADESH,171,102
240513,HIMACHAL PRADESH,172,292
240513,HIMACHAL PRADESH,173,167
240513,HIMACHAL PRADESH,174,477
240513,HIMACHAL PRADESH,175,190
240513,HIMACHAL PRADESH,176,86
240513,HIMACHAL PRADESH,177,50
240513,HIMACHAL PRADESH,178,134
240513,HIMACHAL PRADESH,179,521
240513,HIMACHAL PRADESH,180,115
240513,HIMACHAL PRADESH,181,210
240513,HIMACHAL PRADESH,182,40
240513,HIMACHAL PRADESH,183,83
240513,HIMACHAL PRADESH,184,529
240513,HIMACHAL PRADESH,185,185
240513,HIMACHAL PRADESH,186,381
240513,HIMACHAL PRADESH,187,320
240513,HIMACHAL PRADESH,188,131
240513,HIMACHAL PRADESH,189,109
240513,HIMACHAL PRADESH,190,150
240513,HIMACHAL PRADESH,191,507
240513,HIMACHAL PRADESH,192,431
240513,HIMACHAL PRADESH,193,348
240513,HIMACHAL PRADESH,194,240
240513,HIMACHAL PRADESH,195,97
240513,HIMACHAL PRADESH,196,28
240513,HIMACHAL PRADESH,197,159
240513,HIMACHAL PRADESH,198,459
240513,HIMACHAL PRADESH,199,110
240513,HIMACHAL PRADESH,200,210
240513,HIMACHAL PRADESH,201,219
240513,HIMACHAL PRADESH,202,320
240513,HIMACHAL PRADESH,203,94
240513,HIMACHAL PRADESH,204,73
240513,HIMACHAL PRADESH,205,300
240513,HIMACHAL PRADESH,206,223
240513,HIMACHAL PRADESH,207,54
240513,HIMACHAL PRADESH,208,131
240513,HIMACHAL PRADESH,209,61
240513,HIMACHAL PRADESH,210,420
240513,HIMACHAL PRADESH,211,141
240513,HIMACHAL PRADESH,212,95
