Center Number,State Name,Srl No,Marks
240507,HIMACHAL PRADESH,1,315
240507,HIMACHAL PRADESH,2,491
240507,HIMACHAL PRADESH,3,625
240507,HIMACHAL PRADESH,4,106
240507,HIMACHAL PRADESH,5,192
240507,HIMACHAL PRADESH,6,140
240507,HIMACHAL PRADESH,7,189
240507,HIMACHAL PRADESH,8,109
240507,HIMACHAL PRADESH,9,108
240507,HIMACHAL PRADESH,10,438
240507,HIMACHAL PRADESH,11,390
240507,HIMACHAL PRADESH,12,76
240507,HIMACHAL PRADESH,13,50
240507,HIMACHAL PRADESH,14,306
240507,HIMACHAL PRADESH,15,125
240507,HIMACHAL PRADESH,16,137
240507,HIMACHAL PRADESH,17,313
240507,HIMACHAL PRADESH,18,125
240507,HIMACHAL PRADESH,19,225
240507,HIMACHAL PRADESH,20,231
240507,HIMACHAL PRADESH,21,145
240507,HIMACHAL PRADESH,22,589
240507,HIMACHAL PRADESH,23,120
240507,HIMACHAL PRADESH,24,111
240507,HIMACHAL PRADESH,25,233
240507,HIMACHAL PRADESH,26,69
240507,HIMACHAL PRADESH,27,116
240507,HIMACHAL PRADESH,28,512
240507,HIMACHAL PRADESH,29,217
240507,HIMACHAL PRADESH,30,276
240507,HIMACHAL PRADESH,31,127
240507,HIMACHAL PRADESH,32,283
240507,HIMACHAL PRADESH,33,194
240507,HIMACHAL PRADESH,34,130
240507,HIMACHAL PRADESH,35,476
240507,HIMACHAL PRADESH,36,615
240507,HIMACHAL PRADESH,37,324
240507,HIMACHAL PRADESH,38,184
240507,HIMACHAL PRADESH,39,513
240507,HIMACHAL PRADESH,40,484
240507,HIMACHAL PRADESH,41,182
240507,HIMACHAL PRADESH,42,674
240507,HIMACHAL PRADESH,43,107
240507,HIMACHAL PRADESH,44,23
240507,HIMACHAL PRADESH,45,179
240507,HIMACHAL PRADESH,46,149
240507,HIMACHAL PRADESH,47,57
240507,HIMACHAL PRADESH,48,139
240507,HIMACHAL PRADESH,49,112
240507,HIMACHAL PRADESH,50,371
240507,HIMACHAL PRADESH,51,187
240507,HIMACHAL PRADESH,52,200
240507,HIMACHAL PRADESH,53,259
240507,HIMACHAL PRADESH,54,238
240507,HIMACHAL PRADESH,55,176
240507,HIMACHAL PRADESH,56,191
240507,HIMACHAL PRADESH,57,386
240507,HIMACHAL PRADESH,58,100
240507,HIMACHAL PRADESH,59,183
240507,HIMACHAL PRADESH,60,90
240507,HIMACHAL PRADESH,61,175
240507,HIMACHAL PRADESH,62,165
240507,HIMACHAL PRADESH,63,482
240507,HIMACHAL PRADESH,64,393
240507,HIMACHAL PRADESH,65,136
240507,HIMACHAL PRADESH,66,180
240507,HIMACHAL PRADESH,67,138
240507,HIMACHAL PRADESH,68,494
240507,HIMACHAL PRADESH,69,116
240507,HIMACHAL PRADESH,70,88
240507,HIMACHAL PRADESH,71,87
240507,HIMACHAL PRADESH,72,275
240507,HIMACHAL PRADESH,73,55
240507,HIMACHAL PRADESH,74,170
240507,HIMACHAL PRADESH,75,112
240507,HIMACHAL PRADESH,76,443
240507,HIMACHAL PRADESH,77,262
240507,HIMACHAL PRADESH,78,143
240507,HIMACHAL PRADESH,79,180
240507,HIMACHAL PRADESH,80,87
240507,HIMACHAL PRADESH,81,23
240507,HIMACHAL PRADESH,82,95
240507,HIMACHAL PRADESH,83,204
240507,HIMACHAL PRADESH,84,76
240507,HIMACHAL PRADESH,85,138
240507,HIMACHAL PRADESH,86,93
240507,HIMACHAL PRADESH,87,60
240507,HIMACHAL PRADESH,88,295
240507,HIMACHAL PRADESH,89,200
240507,HIMACHAL PRADESH,90,538
240507,HIMACHAL PRADESH,91,136
240507,HIMACHAL PRADESH,92,151
240507,HIMACHAL PRADESH,93,425
240507,HIMACHAL PRADESH,94,173
240507,HIMACHAL PRADESH,95,458
240507,HIMACHAL PRADESH,96,302
240507,HIMACHAL PRADESH,97,222
240507,HIMACHAL PRADESH,98,289
240507,HIMACHAL PRADESH,99,145
240507,HIMACHAL PRADESH,100,85
240507,HIMACHAL PRADESH,101,420
240507,HIMACHAL PRADESH,102,275
240507,HIMACHAL PRADESH,103,169
240507,HIMACHAL PRADESH,104,82
240507,HIMACHAL PRADESH,105,244
240507,HIMACHAL PRADESH,106,229
240507,HIMACHAL PRADESH,107,294
240507,HIMACHAL PRADESH,108,110
240507,HIMACHAL PRADESH,109,258
240507,HIMACHAL PRADESH,110,454
240507,HIMACHAL PRADESH,111,546
240507,HIMACHAL PRADESH,112,220
240507,HIMACHAL PRADESH,113,95
240507,HIMACHAL PRADESH,114,183
240507,HIMACHAL PRADESH,115,130
240507,HIMACHAL PRADESH,116,193
240507,HIMACHAL PRADESH,117,245
240507,HIMACHAL PRADESH,118,186
240507,HIMACHAL PRADESH,119,141
240507,HIMACHAL PRADESH,120,197
240507,HIMACHAL PRADESH,121,20
240507,HIMACHAL PRADESH,122,120
240507,HIMACHAL PRADESH,123,511
240507,HIMACHAL PRADESH,124,244
240507,HIMACHAL PRADESH,125,158
240507,HIMACHAL PRADESH,126,292
240507,HIMACHAL PRADESH,127,77
240507,HIMACHAL PRADESH,128,355
240507,HIMACHAL PRADESH,129,111
240507,HIMACHAL PRADESH,130,276
240507,HIMACHAL PRADESH,131,263
240507,HIMACHAL PRADESH,132,45
240507,HIMACHAL PRADESH,133,283
240507,HIMACHAL PRADESH,134,224
240507,HIMACHAL PRADESH,135,65
240507,HIMACHAL PRADESH,136,115
240507,HIMACHAL PRADESH,137,120
240507,HIMACHAL PRADESH,138,309
240507,HIMACHAL PRADESH,139,396
240507,HIMACHAL PRADESH,140,200
240507,HIMACHAL PRADESH,141,163
240507,HIMACHAL PRADESH,142,450
240507,HIMACHAL PRADESH,143,369
240507,HIMACHAL PRADESH,144,50
240507,HIMACHAL PRADESH,145,106
240507,HIMACHAL PRADESH,146,76
240507,HIMACHAL PRADESH,147,22
240507,HIMACHAL PRADESH,148,271
240507,HIMACHAL PRADESH,149,270
240507,HIMACHAL PRADESH,150,123
240507,HIMACHAL PRADESH,151,160
240507,HIMACHAL PRADESH,152,363
240507,HIMACHAL PRADESH,153,266
240507,HIMACHAL PRADESH,154,45
240507,HIMACHAL PRADESH,155,251
240507,HIMACHAL PRADESH,156,290
240507,HIMACHAL PRADESH,157,135
240507,HIMACHAL PRADESH,158,28
240507,HIMACHAL PRADESH,159,190
240507,HIMACHAL PRADESH,160,336
240507,HIMACHAL PRADESH,161,282
240507,HIMACHAL PRADESH,162,89
240507,HIMACHAL PRADESH,163,18
240507,HIMACHAL PRADESH,164,228
240507,HIMACHAL PRADESH,165,111
240507,HIMACHAL PRADESH,166,77
240507,HIMACHAL PRADESH,167,60
240507,HIMACHAL PRADESH,168,36
240507,HIMACHAL PRADESH,169,327
240507,HIMACHAL PRADESH,170,252
240507,HIMACHAL PRADESH,171,194
240507,HIMACHAL PRADESH,172,76
240507,HIMACHAL PRADESH,173,163
240507,HIMACHAL PRADESH,174,403
240507,HIMACHAL PRADESH,175,159
240507,HIMACHAL PRADESH,176,152
240507,HIMACHAL PRADESH,177,93
240507,HIMACHAL PRADESH,178,158
240507,HIMACHAL PRADESH,179,541
240507,HIMACHAL PRADESH,180,15
240507,HIMACHAL PRADESH,181,178
240507,HIMACHAL PRADESH,182,221
240507,HIMACHAL PRADESH,183,135
240507,HIMACHAL PRADESH,184,270
240507,HIMACHAL PRADESH,185,111
240507,HIMACHAL PRADESH,186,209
240507,HIMACHAL PRADESH,187,227
240507,HIMACHAL PRADESH,188,188
240507,HIMACHAL PRADESH,189,326
240507,HIMACHAL PRADESH,190,54
240507,HIMACHAL PRADESH,191,140
240507,HIMACHAL PRADESH,192,606
240507,HIMACHAL PRADESH,193,272
240507,HIMACHAL PRADESH,194,576
240507,HIMACHAL PRADESH,195,308
240507,HIMACHAL PRADESH,196,121
240507,HIMACHAL PRADESH,197,235
240507,HIMACHAL PRADESH,198,77
240507,HIMACHAL PRADESH,199,420
240507,HIMACHAL PRADESH,200,262
240507,HIMACHAL PRADESH,201,198
240507,HIMACHAL PRADESH,202,200
240507,HIMACHAL PRADESH,203,211
240507,HIMACHAL PRADESH,204,68
240507,HIMACHAL PRADESH,205,236
240507,HIMACHAL PRADESH,206,197
240507,HIMACHAL PRADESH,207,398
240507,HIMACHAL PRADESH,208,67
240507,HIMACHAL PRADESH,209,360
240507,HIMACHAL PRADESH,210,139
240507,HIMACHAL PRADESH,211,143
240507,HIMACHAL PRADESH,212,88
240507,HIMACHAL PRADESH,213,90
240507,HIMACHAL PRADESH,214,464
240507,HIMACHAL PRADESH,215,294
240507,HIMACHAL PRADESH,216,149
240507,HIMACHAL PRADESH,217,259
240507,HIMACHAL PRADESH,218,626
240507,HIMACHAL PRADESH,219,320
240507,HIMACHAL PRADESH,220,49
240507,HIMACHAL PRADESH,221,204
240507,HIMACHAL PRADESH,222,118
240507,HIMACHAL PRADESH,223,270
240507,HIMACHAL PRADESH,224,377
240507,HIMACHAL PRADESH,225,280
240507,HIMACHAL PRADESH,226,152
240507,HIMACHAL PRADESH,227,87
240507,HIMACHAL PRADESH,228,135
240507,HIMACHAL PRADESH,229,137
240507,HIMACHAL PRADESH,230,488
240507,HIMACHAL PRADESH,231,300
240507,HIMACHAL PRADESH,232,147
240507,HIMACHAL PRADESH,233,478
240507,HIMACHAL PRADESH,234,192
240507,HIMACHAL PRADESH,235,617
240507,HIMACHAL PRADESH,236,208
240507,HIMACHAL PRADESH,237,105
240507,HIMACHAL PRADESH,238,424
240507,HIMACHAL PRADESH,239,290
240507,HIMACHAL PRADESH,240,285
240507,HIMACHAL PRADESH,241,123
240507,HIMACHAL PRADESH,242,115
240507,HIMACHAL PRADESH,243,378
240507,HIMACHAL PRADESH,244,43
240507,HIMACHAL PRADESH,245,18
240507,HIMACHAL PRADESH,246,213
240507,HIMACHAL PRADESH,247,410
240507,HIMACHAL PRADESH,248,27
240507,HIMACHAL PRADESH,249,87
240507,HIMACHAL PRADESH,250,115
240507,HIMACHAL PRADESH,251,140
240507,HIMACHAL PRADESH,252,171
240507,HIMACHAL PRADESH,253,110
240507,HIMACHAL PRADESH,254,187
240507,HIMACHAL PRADESH,255,344
240507,HIMACHAL PRADESH,256,400
240507,HIMACHAL PRADESH,257,423
240507,HIMACHAL PRADESH,258,564
240507,HIMACHAL PRADESH,259,490
240507,HIMACHAL PRADESH,260,53
240507,HIMACHAL PRADESH,261,385
240507,HIMACHAL PRADESH,262,438
240507,HIMACHAL PRADESH,263,456
240507,HIMACHAL PRADESH,264,113
240507,HIMACHAL PRADESH,265,113
240507,HIMACHAL PRADESH,266,265
240507,HIMACHAL PRADESH,267,97
240507,HIMACHAL PRADESH,268,85
240507,HIMACHAL PRADESH,269,105
240507,HIMACHAL PRADESH,270,468
240507,HIMACHAL PRADESH,271,246
240507,HIMACHAL PRADESH,272,169
240507,HIMACHAL PRADESH,273,139
240507,HIMACHAL PRADESH,274,44
240507,HIMACHAL PRADESH,275,98
240507,HIMACHAL PRADESH,276,413
240507,HIMACHAL PRADESH,277,94
240507,HIMACHAL PRADESH,278,148
240507,HIMACHAL PRADESH,279,250
240507,HIMACHAL PRADESH,280,644
240507,HIMACHAL PRADESH,281,395
240507,HIMACHAL PRADESH,282,564
240507,HIMACHAL PRADESH,283,82
240507,HIMACHAL PRADESH,284,94
240507,HIMACHAL PRADESH,285,98
240507,HIMACHAL PRADESH,286,227
240507,HIMACHAL PRADESH,287,276
240507,HIMACHAL PRADESH,288,44
240507,HIMACHAL PRADESH,289,257
240507,HIMACHAL PRADESH,290,176
240507,HIMACHAL PRADESH,291,168
240507,HIMACHAL PRADESH,292,99
240507,HIMACHAL PRADESH,293,204
240507,HIMACHAL PRADESH,294,154
240507,HIMACHAL PRADESH,295,420
240507,HIMACHAL PRADESH,296,383
240507,HIMACHAL PRADESH,297,126
240507,HIMACHAL PRADESH,298,145
240507,HIMACHAL PRADESH,299,654
240507,HIMACHAL PRADESH,300,257
240507,HIMACHAL PRADESH,301,273
240507,HIMACHAL PRADESH,302,39
240507,HIMACHAL PRADESH,303,384
240507,HIMACHAL PRADESH,304,123
240507,HIMACHAL PRADESH,305,99
240507,HIMACHAL PRADESH,306,402
240507,HIMACHAL PRADESH,307,629
240507,HIMACHAL PRADESH,308,103
240507,HIMACHAL PRADESH,309,79
240507,HIMACHAL PRADESH,310,483
240507,HIMACHAL PRADESH,311,194
240507,HIMACHAL PRADESH,312,109
240507,HIMACHAL PRADESH,313,435
240507,HIMACHAL PRADESH,314,95
240507,HIMACHAL PRADESH,315,476
240507,HIMACHAL PRADESH,316,452
240507,HIMACHAL PRADESH,317,584
240507,HIMACHAL PRADESH,318,230
240507,HIMACHAL PRADESH,319,88
240507,HIMACHAL PRADESH,320,206
240507,HIMACHAL PRADESH,321,361
240507,HIMACHAL PRADESH,322,252
240507,HIMACHAL PRADESH,323,10
240507,HIMACHAL PRADESH,324,161
240507,HIMACHAL PRADESH,325,165
