Center Number,State Name,Srl No,Marks
240704,HIMACHAL PRADESH,1,279
240704,HIMACHAL PRADESH,2,474
240704,HIMACHAL PRADESH,3,74
240704,HIMACHAL PRADESH,4,275
240704,HIMACHAL PRADESH,5,167
240704,HIMACHAL PRADESH,6,543
240704,HIMACHAL PRADESH,7,128
240704,HIMACHAL PRADESH,8,129
240704,HIMACHAL PRADESH,9,136
240704,HIMACHAL PRADESH,10,409
240704,HIMACHAL PRADESH,11,51
240704,HIMACHAL PRADESH,12,324
240704,HIMACHAL PRADESH,13,413
240704,HIMACHAL PRADESH,14,130
240704,HIMACHAL PRADESH,15,259
240704,HIMACHAL PRADESH,16,70
240704,HIMACHAL PRADESH,17,437
240704,HIMACHAL PRADESH,18,86
240704,HIMACHAL PRADESH,19,69
240704,HIMACHAL PRADESH,20,70
240704,HIMACHAL PRADESH,21,85
240704,HIMACHAL PRADESH,22,242
240704,HIMACHAL PRADESH,23,280
240704,HIMACHAL PRADESH,24,260
240704,HIMACHAL PRADESH,25,334
240704,HIMACHAL PRADESH,26,18
240704,HIMACHAL PRADESH,27,473
240704,HIMACHAL PRADESH,28,77
240704,HIMACHAL PRADESH,29,22
240704,HIMACHAL PRADESH,30,118
240704,HIMACHAL PRADESH,31,129
240704,HIMACHAL PRADESH,32,253
240704,HIMACHAL PRADESH,33,42
240704,HIMACHAL PRADESH,34,327
240704,HIMACHAL PRADESH,35,91
240704,HIMACHAL PRADESH,36,381
240704,HIMACHAL PRADESH,37,312
240704,HIMACHAL PRADESH,38,101
240704,HIMACHAL PRADESH,39,101
240704,HIMACHAL PRADESH,40,130
240704,HIMACHAL PRADESH,41,521
240704,HIMACHAL PRADESH,42,195
240704,HIMACHAL PRADESH,43,54
240704,HIMACHAL PRADESH,44,87
240704,HIMACHAL PRADESH,45,130
240704,HIMACHAL PRADESH,46,296
240704,HIMACHAL PRADESH,47,184
240704,HIMACHAL PRADESH,48,654
240704,HIMACHAL PRADESH,49,121
240704,HIMACHAL PRADESH,50,100
240704,HIMACHAL PRADESH,51,78
240704,HIMACHAL PRADESH,52,100
240704,HIMACHAL PRADESH,53,15
240704,HIMACHAL PRADESH,54,290
240704,HIMACHAL PRADESH,55,130
240704,HIMACHAL PRADESH,56,177
240704,HIMACHAL PRADESH,57,184
240704,HIMACHAL PRADESH,58,93
240704,HIMACHAL PRADESH,59,40
240704,HIMACHAL PRADESH,60,115
240704,HIMACHAL PRADESH,61,28
240704,HIMACHAL PRADESH,62,109
240704,HIMACHAL PRADESH,63,137
240704,HIMACHAL PRADESH,64,80
240704,HIMACHAL PRADESH,65,89
240704,HIMACHAL PRADESH,66,381
240704,HIMACHAL PRADESH,67,223
240704,HIMACHAL PRADESH,68,419
240704,HIMACHAL PRADESH,69,112
240704,HIMACHAL PRADESH,70,153
240704,HIMACHAL PRADESH,71,128
240704,HIMACHAL PRADESH,72,169
240704,HIMACHAL PRADESH,73,119
240704,HIMACHAL PRADESH,74,69
240704,HIMACHAL PRADESH,75,61
240704,HIMACHAL PRADESH,76,236
240704,HIMACHAL PRADESH,77,493
240704,HIMACHAL PRADESH,78,209
240704,HIMACHAL PRADESH,79,150
240704,HIMACHAL PRADESH,80,233
240704,HIMACHAL PRADESH,81,120
240704,HIMACHAL PRADESH,82,131
240704,HIMACHAL PRADESH,83,109
240704,HIMACHAL PRADESH,84,63
240704,HIMACHAL PRADESH,85,147
240704,HIMACHAL PRADESH,86,294
240704,HIMACHAL PRADESH,87,38
240704,HIMACHAL PRADESH,88,40
240704,HIMACHAL PRADESH,89,313
240704,HIMACHAL PRADESH,90,518
240704,HIMACHAL PRADESH,91,124
240704,HIMACHAL PRADESH,92,390
240704,HIMACHAL PRADESH,93,368
240704,HIMACHAL PRADESH,94,672
240704,HIMACHAL PRADESH,95,177
240704,HIMACHAL PRADESH,96,50
240704,HIMACHAL PRADESH,97,285
240704,HIMACHAL PRADESH,98,609
240704,HIMACHAL PRADESH,99,158
240704,HIMACHAL PRADESH,100,182
240704,HIMACHAL PRADESH,101,34
240704,HIMACHAL PRADESH,102,218
240704,HIMACHAL PRADESH,103,210
240704,HIMACHAL PRADESH,104,54
240704,HIMACHAL PRADESH,105,223
240704,HIMACHAL PRADESH,106,173
240704,HIMACHAL PRADESH,107,85
240704,HIMACHAL PRADESH,108,132
240704,HIMACHAL PRADESH,109,188
240704,HIMACHAL PRADESH,110,286
240704,HIMACHAL PRADESH,111,84
240704,HIMACHAL PRADESH,112,55
240704,HIMACHAL PRADESH,113,68
240704,HIMACHAL PRADESH,114,360
240704,HIMACHAL PRADESH,115,71
240704,HIMACHAL PRADESH,116,424
240704,HIMACHAL PRADESH,117,41
240704,HIMACHAL PRADESH,118,238
240704,HIMACHAL PRADESH,119,355
240704,HIMACHAL PRADESH,120,139
240704,HIMACHAL PRADESH,121,150
240704,HIMACHAL PRADESH,122,186
240704,HIMACHAL PRADESH,123,28
240704,HIMACHAL PRADESH,124,211
240704,HIMACHAL PRADESH,125,488
240704,HIMACHAL PRADESH,126,337
240704,HIMACHAL PRADESH,127,129
240704,HIMACHAL PRADESH,128,397
240704,HIMACHAL PRADESH,129,297
240704,HIMACHAL PRADESH,130,177
240704,HIMACHAL PRADESH,131,100
240704,HIMACHAL PRADESH,132,98
240704,HIMACHAL PRADESH,133,558
240704,HIMACHAL PRADESH,134,0
240704,HIMACHAL PRADESH,135,494
240704,HIMACHAL PRADESH,136,397
240704,HIMACHAL PRADESH,137,156
240704,HIMACHAL PRADESH,138,338
240704,HIMACHAL PRADESH,139,145
240704,HIMACHAL PRADESH,140,53
240704,HIMACHAL PRADESH,141,68
240704,HIMACHAL PRADESH,142,65
240704,HIMACHAL PRADESH,143,242
240704,HIMACHAL PRADESH,144,204
240704,HIMACHAL PRADESH,145,200
240704,HIMACHAL PRADESH,146,189
240704,HIMACHAL PRADESH,147,149
240704,HIMACHAL PRADESH,148,279
240704,HIMACHAL PRADESH,149,132
240704,HIMACHAL PRADESH,150,64
240704,HIMACHAL PRADESH,151,272
240704,HIMACHAL PRADESH,152,383
240704,HIMACHAL PRADESH,153,125
240704,HIMACHAL PRADESH,154,411
240704,HIMACHAL PRADESH,155,143
240704,HIMACHAL PRADESH,156,357
240704,HIMACHAL PRADESH,157,239
240704,HIMACHAL PRADESH,158,446
240704,HIMACHAL PRADESH,159,402
240704,HIMACHAL PRADESH,160,331
240704,HIMACHAL PRADESH,161,328
240704,HIMACHAL PRADESH,162,354
240704,HIMACHAL PRADESH,163,471
240704,HIMACHAL PRADESH,164,243
240704,HIMACHAL PRADESH,165,55
240704,HIMACHAL PRADESH,166,60
240704,HIMACHAL PRADESH,167,285
240704,HIMACHAL PRADESH,168,91
240704,HIMACHAL PRADESH,169,190
240704,HIMACHAL PRADESH,170,102
240704,HIMACHAL PRADESH,171,51
240704,HIMACHAL PRADESH,172,158
240704,HIMACHAL PRADESH,173,240
240704,HIMACHAL PRADESH,174,69
240704,HIMACHAL PRADESH,175,28
240704,HIMACHAL PRADESH,176,96
240704,HIMACHAL PRADESH,177,489
240704,HIMACHAL PRADESH,178,259
240704,HIMACHAL PRADESH,179,431
240704,HIMACHAL PRADESH,180,390
240704,HIMACHAL PRADESH,181,322
240704,HIMACHAL PRADESH,182,32
240704,HIMACHAL PRADESH,183,77
240704,HIMACHAL PRADESH,184,203
240704,HIMACHAL PRADESH,185,56
240704,HIMACHAL PRADESH,186,319
240704,HIMACHAL PRADESH,187,185
240704,HIMACHAL PRADESH,188,82
240704,HIMACHAL PRADESH,189,79
240704,HIMACHAL PRADESH,190,278
240704,HIMACHAL PRADESH,191,303
240704,HIMACHAL PRADESH,192,96
240704,HIMACHAL PRADESH,193,121
240704,HIMACHAL PRADESH,194,176
240704,HIMACHAL PRADESH,195,156
240704,HIMACHAL PRADESH,196,549
240704,HIMACHAL PRADESH,197,183
240704,HIMACHAL PRADESH,198,130
240704,HIMACHAL PRADESH,199,61
240704,HIMACHAL PRADESH,200,43
240704,HIMACHAL PRADESH,201,53
240704,HIMACHAL PRADESH,202,292
240704,HIMACHAL PRADESH,203,80
240704,HIMACHAL PRADESH,204,115
240704,HIMACHAL PRADESH,205,109
240704,HIMACHAL PRADESH,206,222
240704,HIMACHAL PRADESH,207,40
240704,HIMACHAL PRADESH,208,158
240704,HIMACHAL PRADESH,209,353
240704,HIMACHAL PRADESH,210,15
