Center Number,State Name,Srl No,Marks
260205,JHARKHAND,1,115
260205,JHARKHAND,2,503
260205,JHARKHAND,3,208
260205,JHARKHAND,4,399
260205,JHARKHAND,5,105
260205,JHARKHAND,6,15
260205,JHARKHAND,7,203
260205,JHARKHAND,8,378
260205,JHARKHAND,9,186
260205,JHARKHAND,10,124
260205,JHARKHAND,11,675
260205,JHARKHAND,12,100
260205,JHARKHAND,13,158
260205,JHARKHAND,14,188
260205,JHARKHAND,15,23
260205,JHARKHAND,16,356
260205,JHARKHAND,17,61
260205,JHARKHAND,18,43
260205,JHARKHAND,19,169
260205,JHARKHAND,20,234
260205,JHARKHAND,21,499
260205,JHARKHAND,22,303
260205,JHARKHAND,23,282
260205,JHARKHAND,24,32
260205,JHARKHAND,25,35
260205,JHARKHAND,26,492
260205,JHARKHAND,27,45
260205,JHARKHAND,28,40
260205,JHARKHAND,29,255
260205,JHARKHAND,30,178
260205,JHARKHAND,31,61
260205,JHARKHAND,32,188
260205,JHARKHAND,33,274
260205,JHARKHAND,34,506
260205,JHARKHAND,35,338
260205,JHARKHAND,36,336
260205,JHARKHAND,37,243
260205,JHARKHAND,38,449
260205,JHARKHAND,39,255
260205,JHARKHAND,40,155
260205,JHARKHAND,41,481
260205,JHARKHAND,42,42
260205,JHARKHAND,43,126
260205,JHARKHAND,44,85
260205,JHARKHAND,45,191
260205,JHARKHAND,46,291
260205,JHARKHAND,47,206
260205,JHARKHAND,48,45
260205,JHARKHAND,49,195
260205,JHARKHAND,50,521
260205,JHARKHAND,51,94
260205,JHARKHAND,52,83
260205,JHARKHAND,53,166
260205,JHARKHAND,54,252
260205,JHARKHAND,55,359
260205,JHARKHAND,56,57
260205,JHARKHAND,57,167
260205,JHARKHAND,58,124
260205,JHARKHAND,59,170
260205,JHARKHAND,60,476
260205,JHARKHAND,61,54
260205,JHARKHAND,62,244
260205,JHARKHAND,63,332
260205,JHARKHAND,64,218
260205,JHARKHAND,65,333
260205,JHARKHAND,66,317
260205,JHARKHAND,67,173
260205,JHARKHAND,68,588
260205,JHARKHAND,69,97
260205,JHARKHAND,70,650
260205,JHARKHAND,71,123
260205,JHARKHAND,35,73
260205,JHARKHAND,212,74
260205,JHARKHAND,124,75
260205,JHARKHAND,255,76
260205,JHARKHAND,136,77
260205,JHARKHAND,121,78
260205,JHARKHAND,45,79
260205,JHARKHAND,193,80
260205,JHARKHAND,141,81
260205,JHARKHAND,151,82
260205,JHARKHAND,84,83
260205,JHARKHAND,326,84
260205,JHARKHAND,55,85
260205,JHARKHAND,17,86
260205,JHARKHAND,239,87
260205,JHARKHAND,452,88
260205,JHARKHAND,179,89
260205,JHARKHAND,303,90
260205,JHARKHAND,91,100
260205,JHARKHAND,92,253
260205,JHARKHAND,93,141
260205,JHARKHAND,94,100
260205,JHARKHAND,95,178
260205,JHARKHAND,96,209
260205,JHARKHAND,97,23
260205,JHARKHAND,98,554
260205,JHARKHAND,99,207
260205,JHARKHAND,100,127
260205,JHARKHAND,101,201
260205,JHARKHAND,102,264
260205,JHARKHAND,103,294
260205,JHARKHAND,104,702
260205,JHARKHAND,105,161
260205,JHARKHAND,106,54
260205,JHARKHAND,107,237
260205,JHARKHAND,108,105
260205,JHARKHAND,109,75
260205,JHARKHAND,110,312
260205,JHARKHAND,111,256
260205,JHARKHAND,112,62
260205,JHARKHAND,113,408
260205,JHARKHAND,114,62
260205,JHARKHAND,115,648
260205,JHARKHAND,116,187
260205,JHARKHAND,117,80
260205,JHARKHAND,118,482
260205,JHARKHAND,119,511
260205,JHARKHAND,120,124
260205,JHARKHAND,121,165
260205,JHARKHAND,122,65
260205,JHARKHAND,123,147
260205,JHARKHAND,124,108
260205,JHARKHAND,125,649
260205,JHARKHAND,126,129
260205,JHARKHAND,127,57
260205,JHARKHAND,128,22
260205,JHARKHAND,129,101
260205,JHARKHAND,130,192
260205,JHARKHAND,131,75
260205,JHARKHAND,132,55
260205,JHARKHAND,133,32
260205,JHARKHAND,134,41
260205,JHARKHAND,135,89
260205,JHARKHAND,136,201
260205,JHARKHAND,137,1
260205,JHARKHAND,138,100
260205,JHARKHAND,139,492
260205,JHARKHAND,140,136
260205,JHARKHAND,141,171
260205,JHARKHAND,142,235
260205,JHARKHAND,143,55
260205,JHARKHAND,144,201
260205,JHARKHAND,145,576
260205,JHARKHAND,146,62
260205,JHARKHAND,147,74
260205,JHARKHAND,148,135
260205,JHARKHAND,149,305
260205,JHARKHAND,150,433
260205,JHARKHAND,151,90
260205,JHARKHAND,152,191
260205,JHARKHAND,153,72
260205,JHARKHAND,154,55
260205,JHARKHAND,155,364
260205,JHARKHAND,156,52
260205,JHARKHAND,157,74
260205,JHARKHAND,158,359
260205,JHARKHAND,159,144
260205,JHARKHAND,160,167
260205,JHARKHAND,161,257
260205,JHARKHAND,162,25
260205,JHARKHAND,163,267
260205,JHARKHAND,164,341
260205,JHARKHAND,165,71
260205,JHARKHAND,166,210
260205,JHARKHAND,167,427
260205,JHARKHAND,168,293
260205,JHARKHAND,169,53
260205,JHARKHAND,170,25
260205,JHARKHAND,171,79
260205,JHARKHAND,172,183
260205,JHARKHAND,173,253
260205,JHARKHAND,174,301
260205,JHARKHAND,175,84
260205,JHARKHAND,176,443
260205,JHARKHAND,177,372
260205,JHARKHAND,178,77
260205,JHARKHAND,179,154
260205,JHARKHAND,180,51
260205,JHARKHAND,181,180
260205,JHARKHAND,182,600
260205,JHARKHAND,183,22
260205,JHARKHAND,184,61
260205,JHARKHAND,185,141
260205,JHARKHAND,186,243
260205,JHARKHAND,187,250
260205,JHARKHAND,188,176
260205,JHARKHAND,189,423
260205,JHARKHAND,190,229
260205,JHARKHAND,191,104
260205,JHARKHAND,192,169
260205,JHARKHAND,193,149
260205,JHARKHAND,194,459
260205,JHARKHAND,195,118
260205,JHARKHAND,196,202
260205,JHARKHAND,197,101
260205,JHARKHAND,198,50
260205,JHARKHAND,199,508
260205,JHARKHAND,200,316
260205,JHARKHAND,201,226
260205,JHARKHAND,202,17
260205,JHARKHAND,203,190
260205,JHARKHAND,204,197
260205,JHARKHAND,205,340
260205,JHARKHAND,206,421
260205,JHARKHAND,207,61
260205,JHARKHAND,208,217
260205,JHARKHAND,209,43
260205,JHARKHAND,210,89
260205,JHARKHAND,211,78
260205,JHARKHAND,212,172
260205,JHARKHAND,213,107
260205,JHARKHAND,214,156
260205,JHARKHAND,215,110
260205,JHARKHAND,216,57
260205,JHARKHAND,217,677
260205,JHARKHAND,218,101
260205,JHARKHAND,219,175
260205,JHARKHAND,220,333
260205,JHARKHAND,221,548
260205,JHARKHAND,222,174
260205,JHARKHAND,223,608
260205,JHARKHAND,224,249
260205,JHARKHAND,225,282
260205,JHARKHAND,226,223
260205,JHARKHAND,227,190
260205,JHARKHAND,228,116
260205,JHARKHAND,229,229
260205,JHARKHAND,230,169
260205,JHARKHAND,231,307
260205,JHARKHAND,232,134
260205,JHARKHAND,233,489
260205,JHARKHAND,234,159
260205,JHARKHAND,235,82
260205,JHARKHAND,236,316
260205,JHARKHAND,237,119
260205,JHARKHAND,238,189
260205,JHARKHAND,239,46
260205,JHARKHAND,240,452
260205,JHARKHAND,241,110
260205,JHARKHAND,242,386
260205,JHARKHAND,243,43
260205,JHARKHAND,244,306
260205,JHARKHAND,245,305
260205,JHARKHAND,246,445
260205,JHARKHAND,247,118
260205,JHARKHAND,248,253
260205,JHARKHAND,249,203
260205,JHARKHAND,250,209
260205,JHARKHAND,251,321
260205,JHARKHAND,252,146
260205,JHARKHAND,253,45
260205,JHARKHAND,254,148
260205,JHARKHAND,255,350
260205,JHARKHAND,256,580
260205,JHARKHAND,257,159
260205,JHARKHAND,258,350
260205,JHARKHAND,259,641
260205,JHARKHAND,260,140
260205,JHARKHAND,261,301
260205,JHARKHAND,262,204
260205,JHARKHAND,263,344
260205,JHARKHAND,264,113
260205,JHARKHAND,265,554
260205,JHARKHAND,266,51
260205,JHARKHAND,267,166
260205,JHARKHAND,268,130
260205,JHARKHAND,269,52
260205,JHARKHAND,270,387
260205,JHARKHAND,271,142
260205,JHARKHAND,272,217
260205,JHARKHAND,273,534
260205,JHARKHAND,274,226
260205,JHARKHAND,275,251
260205,JHARKHAND,276,106
260205,JHARKHAND,277,222
260205,JHARKHAND,278,195
260205,JHARKHAND,279,192
260205,JHARKHAND,280,211
260205,JHARKHAND,281,391
260205,JHARKHAND,282,90
260205,JHARKHAND,283,144
260205,JHARKHAND,284,78
260205,JHARKHAND,285,577
260205,JHARKHAND,286,525
260205,JHARKHAND,287,124
260205,JHARKHAND,288,397
260205,JHARKHAND,289,300
260205,JHARKHAND,290,156
260205,JHARKHAND,291,200
260205,JHARKHAND,292,595
260205,JHARKHAND,293,346
260205,JHARKHAND,294,144
260205,JHARKHAND,295,181
260205,JHARKHAND,296,445
260205,JHARKHAND,297,115
260205,JHARKHAND,25,299
260205,JHARKHAND,60,300
260205,JHARKHAND,301,178
260205,JHARKHAND,302,92
260205,JHARKHAND,303,36
260205,JHARKHAND,304,309
260205,JHARKHAND,305,214
260205,JHARKHAND,306,545
260205,JHARKHAND,307,166
260205,JHARKHAND,308,320
260205,JHARKHAND,309,473
260205,JHARKHAND,310,317
260205,JHARKHAND,311,143
260205,JHARKHAND,312,616
260205,JHARKHAND,313,55
260205,JHARKHAND,314,200
260205,JHARKHAND,315,503
260205,JHARKHAND,316,460
260205,JHARKHAND,317,44
260205,JHARKHAND,318,286
260205,JHARKHAND,319,309
260205,JHARKHAND,320,142
260205,JHARKHAND,321,309
260205,JHARKHAND,322,77
260205,JHARKHAND,323,105
260205,JHARKHAND,324,252
260205,JHARKHAND,325,79
260205,JHARKHAND,326,60
260205,JHARKHAND,327,276
260205,JHARKHAND,328,95
260205,JHARKHAND,329,236
260205,JHARKHAND,330,633
260205,JHARKHAND,331,207
260205,JHARKHAND,332,565
260205,JHARKHAND,333,300
260205,JHARKHAND,334,265
260205,JHARKHAND,335,306
260205,JHARKHAND,336,90
260205,JHARKHAND,337,171
260205,JHARKHAND,338,308
260205,JHARKHAND,339,0
260205,JHARKHAND,340,97
260205,JHARKHAND,341,53
260205,JHARKHAND,342,140
260205,JHARKHAND,343,151
260205,JHARKHAND,344,600
260205,JHARKHAND,345,268
260205,JHARKHAND,346,338
