Center Number,State Name,Srl No,Marks
260204,JHARKHAND,1,45
260204,JHARKHAND,2,30
260204,JHARKHAND,3,194
260204,JHARKHAND,4,148
260204,JHARKHAND,5,169
260204,JHARKHAND,6,86
260204,JHARKHAND,7,84
260204,JHARKHAND,8,275
260204,JHARKHAND,9,70
260204,JHARKHAND,10,59
260204,JHARKHAND,11,115
260204,JHARKHAND,12,11
260204,JHARKHAND,13,48
260204,JHARKHAND,14,40
260204,JHARKHAND,15,60
260204,JHARKHAND,16,544
260204,JHARKHAND,17,421
260204,JHARKHAND,18,120
260204,JHARKHAND,19,85
260204,JHARKHAND,20,99
260204,JHARKHAND,21,176
260204,JHARKHAND,22,115
260204,JHARKHAND,23,234
260204,JHARKHAND,24,52
260204,JHARKHAND,25,342
260204,JHARKHAND,26,591
260204,JHARKHAND,27,259
260204,JHARKHAND,28,157
260204,JHARKHAND,29,47
260204,JHARKHAND,30,186
260204,JHARKHAND,31,65
260204,JHARKHAND,32,290
260204,JHARKHAND,33,241
260204,JHARKHAND,34,142
260204,JHARKHAND,35,86
260204,JHARKHAND,36,519
260204,JHARKHAND,37,88
260204,JHARKHAND,38,114
260204,JHARKHAND,39,83
260204,JHARKHAND,40,75
260204,JHARKHAND,41,480
260204,JHARKHAND,42,131
260204,JHARKHAND,43,50
260204,JHARKHAND,44,63
260204,JHARKHAND,45,277
260204,JHARKHAND,46,65
260204,JHARKHAND,47,341
260204,JHARKHAND,48,90
260204,JHARKHAND,49,160
260204,JHARKHAND,50,208
260204,JHARKHAND,51,171
260204,JHARKHAND,52,381
260204,JHARKHAND,53,367
260204,JHARKHAND,54,500
260204,JHARKHAND,55,457
260204,JHARKHAND,56,674
260204,JHARKHAND,57,27
260204,JHARKHAND,58,147
260204,JHARKHAND,59,211
260204,JHARKHAND,60,203
260204,JHARKHAND,61,211
260204,JHARKHAND,62,309
260204,JHARKHAND,63,182
260204,JHARKHAND,64,269
260204,JHARKHAND,65,497
260204,JHARKHAND,66,107
260204,JHARKHAND,67,130
260204,JHARKHAND,68,116
260204,JHARKHAND,69,205
260204,JHARKHAND,70,344
260204,JHARKHAND,71,74
260204,JHARKHAND,72,516
260204,JHARKHAND,73,198
260204,JHARKHAND,74,87
260204,JHARKHAND,75,235
260204,JHARKHAND,76,223
260204,JHARKHAND,77,397
260204,JHARKHAND,78,64
260204,JHARKHAND,79,125
260204,JHARKHAND,80,232
260204,JHARKHAND,81,149
260204,JHARKHAND,82,100
260204,JHARKHAND,83,369
260204,JHARKHAND,84,146
260204,JHARKHAND,85,77
260204,JHARKHAND,86,191
260204,JHARKHAND,87,170
260204,JHARKHAND,88,20
260204,JHARKHAND,89,258
260204,JHARKHAND,90,459
260204,JHARKHAND,91,185
260204,JHARKHAND,92,547
260204,JHARKHAND,93,10
260204,JHARKHAND,94,105
260204,JHARKHAND,95,224
260204,JHARKHAND,96,112
260204,JHARKHAND,97,116
260204,JHARKHAND,98,120
260204,JHARKHAND,99,645
260204,JHARKHAND,100,481
260204,JHARKHAND,101,119
260204,JHARKHAND,102,441
260204,JHARKHAND,103,255
260204,JHARKHAND,104,566
260204,JHARKHAND,105,447
260204,JHARKHAND,106,38
260204,JHARKHAND,107,40
260204,JHARKHAND,108,357
260204,JHARKHAND,109,590
260204,JHARKHAND,110,50
260204,JHARKHAND,111,313
260204,JHARKHAND,112,306
260204,JHARKHAND,113,209
260204,JHARKHAND,114,438
260204,JHARKHAND,115,140
260204,JHARKHAND,116,66
260204,JHARKHAND,117,35
260204,JHARKHAND,118,152
260204,JHARKHAND,119,594
260204,JHARKHAND,120,132
260204,JHARKHAND,121,181
260204,JHARKHAND,122,161
260204,JHARKHAND,123,72
260204,JHARKHAND,124,359
260204,JHARKHAND,125,306
260204,JHARKHAND,126,175
260204,JHARKHAND,127,397
260204,JHARKHAND,128,81
260204,JHARKHAND,129,350
260204,JHARKHAND,130,415
260204,JHARKHAND,131,195
260204,JHARKHAND,132,283
260204,JHARKHAND,133,140
260204,JHARKHAND,134,598
260204,JHARKHAND,135,81
260204,JHARKHAND,136,619
260204,JHARKHAND,137,206
260204,JHARKHAND,138,129
260204,JHARKHAND,139,82
260204,JHARKHAND,140,617
260204,JHARKHAND,141,152
260204,JHARKHAND,142,177
260204,JHARKHAND,143,217
260204,JHARKHAND,144,164
260204,JHARKHAND,145,80
260204,JHARKHAND,146,174
260204,JHARKHAND,147,80
260204,JHARKHAND,148,510
260204,JHARKHAND,149,123
260204,JHARKHAND,150,165
260204,JHARKHAND,151,259
260204,JHARKHAND,152,263
260204,JHARKHAND,153,523
260204,JHARKHAND,154,74
260204,JHARKHAND,155,200
260204,JHARKHAND,156,164
260204,JHARKHAND,157,104
260204,JHARKHAND,158,240
260204,JHARKHAND,159,240
260204,JHARKHAND,160,246
260204,JHARKHAND,161,47
260204,JHARKHAND,162,142
260204,JHARKHAND,163,324
260204,JHARKHAND,164,398
260204,JHARKHAND,165,175
260204,JHARKHAND,166,638
260204,JHARKHAND,167,243
260204,JHARKHAND,168,152
260204,JHARKHAND,169,139
260204,JHARKHAND,170,117
260204,JHARKHAND,171,17
260204,JHARKHAND,172,160
260204,JHARKHAND,173,51
260204,JHARKHAND,174,68
260204,JHARKHAND,175,207
260204,JHARKHAND,176,205
260204,JHARKHAND,177,113
260204,JHARKHAND,178,289
260204,JHARKHAND,179,398
260204,JHARKHAND,180,104
260204,JHARKHAND,181,191
260204,JHARKHAND,182,45
260204,JHARKHAND,183,263
260204,JHARKHAND,184,100
260204,JHARKHAND,185,87
260204,JHARKHAND,186,616
260204,JHARKHAND,187,224
260204,JHARKHAND,188,67
260204,JHARKHAND,189,193
260204,JHARKHAND,190,172
260204,JHARKHAND,191,210
260204,JHARKHAND,192,65
260204,JHARKHAND,193,539
260204,JHARKHAND,194,40
260204,JHARKHAND,195,110
260204,JHARKHAND,196,150
260204,JHARKHAND,197,123
260204,JHARKHAND,198,291
260204,JHARKHAND,199,61
260204,JHARKHAND,200,136
260204,JHARKHAND,201,176
260204,JHARKHAND,202,348
260204,JHARKHAND,203,184
260204,JHARKHAND,204,97
260204,JHARKHAND,205,74
260204,JHARKHAND,206,114
260204,JHARKHAND,207,58
260204,JHARKHAND,208,149
260204,JHARKHAND,209,51
260204,JHARKHAND,210,21
260204,JHARKHAND,211,48
260204,JHARKHAND,212,93
260204,JHARKHAND,213,95
260204,JHARKHAND,214,105
260204,JHARKHAND,215,312
260204,JHARKHAND,216,530
260204,JHARKHAND,217,289
260204,JHARKHAND,218,232
260204,JHARKHAND,219,478
260204,JHARKHAND,220,154
260204,JHARKHAND,221,40
260204,JHARKHAND,222,186
260204,JHARKHAND,223,75
260204,JHARKHAND,224,75
260204,JHARKHAND,225,100
260204,JHARKHAND,226,84
260204,JHARKHAND,227,140
260204,JHARKHAND,228,260
260204,JHARKHAND,229,94
260204,JHARKHAND,230,148
260204,JHARKHAND,231,148
260204,JHARKHAND,232,126
260204,JHARKHAND,233,20
260204,JHARKHAND,234,334
260204,JHARKHAND,235,28
260204,JHARKHAND,236,101
260204,JHARKHAND,237,351
260204,JHARKHAND,238,660
260204,JHARKHAND,239,252
260204,JHARKHAND,240,245
260204,JHARKHAND,241,407
260204,JHARKHAND,242,97
260204,JHARKHAND,243,35
260204,JHARKHAND,244,31
260204,JHARKHAND,245,51
260204,JHARKHAND,246,64
260204,JHARKHAND,247,260
260204,JHARKHAND,248,65
260204,JHARKHAND,249,319
260204,JHARKHAND,250,126
260204,JHARKHAND,251,189
260204,JHARKHAND,252,94
260204,JHARKHAND,253,101
260204,JHARKHAND,254,218
260204,JHARKHAND,255,228
260204,JHARKHAND,256,74
260204,JHARKHAND,257,483
260204,JHARKHAND,258,253
260204,JHARKHAND,259,516
260204,JHARKHAND,260,124
260204,JHARKHAND,261,9
260204,JHARKHAND,262,105
260204,JHARKHAND,263,83
260204,JHARKHAND,264,55
260204,JHARKHAND,265,105
260204,JHARKHAND,266,378
260204,JHARKHAND,267,535
260204,JHARKHAND,268,101
260204,JHARKHAND,269,99
260204,JHARKHAND,270,637
260204,JHARKHAND,271,87
260204,JHARKHAND,272,177
260204,JHARKHAND,273,237
260204,JHARKHAND,274,188
260204,JHARKHAND,275,170
260204,JHARKHAND,276,210
260204,JHARKHAND,277,490
260204,JHARKHAND,278,224
260204,JHARKHAND,279,461
260204,JHARKHAND,280,117
260204,JHARKHAND,281,273
260204,JHARKHAND,282,135
260204,JHARKHAND,283,28
260204,JHARKHAND,284,562
260204,JHARKHAND,285,319
260204,JHARKHAND,286,169
260204,JHARKHAND,287,155
260204,JHARKHAND,288,344
260204,JHARKHAND,289,243
260204,JHARKHAND,290,67
260204,JHARKHAND,291,120
260204,JHARKHAND,292,86
260204,JHARKHAND,293,57
260204,JHARKHAND,294,424
260204,JHARKHAND,295,568
260204,JHARKHAND,296,69
260204,JHARKHAND,297,548
260204,JHARKHAND,298,91
260204,JHARKHAND,299,207
260204,JHARKHAND,300,438
260204,JHARKHAND,301,201
260204,JHARKHAND,302,153
260204,JHARKHAND,303,657
260204,JHARKHAND,304,223
260204,JHARKHAND,305,106
260204,JHARKHAND,306,35
260204,JHARKHAND,307,169
260204,JHARKHAND,308,427
260204,JHARKHAND,309,81
260204,JHARKHAND,310,603
260204,JHARKHAND,311,132
260204,JHARKHAND,312,383
260204,JHARKHAND,313,35
260204,JHARKHAND,314,183
260204,JHARKHAND,315,283
260204,JHARKHAND,316,200
260204,JHARKHAND,317,307
260204,JHARKHAND,318,610
260204,JHARKHAND,319,180
260204,JHARKHAND,320,63
260204,JHARKHAND,321,538
260204,JHARKHAND,322,156
260204,JHARKHAND,323,54
260204,JHARKHAND,324,638
260204,JHARKHAND,325,76
260204,JHARKHAND,326,119
260204,JHARKHAND,327,310
260204,JHARKHAND,328,338
260204,JHARKHAND,329,120
260204,JHARKHAND,330,87
260204,JHARKHAND,331,214
260204,JHARKHAND,332,273
260204,JHARKHAND,333,158
260204,JHARKHAND,334,460
260204,JHARKHAND,335,25
260204,JHARKHAND,336,74
260204,JHARKHAND,337,283
260204,JHARKHAND,338,198
260204,JHARKHAND,339,81
260204,JHARKHAND,340,163
260204,JHARKHAND,341,292
260204,JHARKHAND,342,164
260204,JHARKHAND,343,320
260204,JHARKHAND,344,135
260204,JHARKHAND,345,425
260204,JHARKHAND,346,356
260204,JHARKHAND,347,56
260204,JHARKHAND,348,32
260204,JHARKHAND,349,214
260204,JHARKHAND,350,46
260204,JHARKHAND,351,136
260204,JHARKHAND,352,67
260204,JHARKHAND,353,108
260204,JHARKHAND,354,153
260204,JHARKHAND,355,295
260204,JHARKHAND,356,188
260204,JHARKHAND,357,204
260204,JHARKHAND,358,398
260204,JHARKHAND,359,117
260204,JHARKHAND,360,143
260204,JHARKHAND,361,40
260204,JHARKHAND,362,105
260204,JHARKHAND,363,209
260204,JHARKHAND,364,276
260204,JHARKHAND,365,80
260204,JHARKHAND,366,416
260204,JHARKHAND,367,57
260204,JHARKHAND,368,124
260204,JHARKHAND,369,11
260204,JHARKHAND,370,138
260204,JHARKHAND,371,538
260204,JHARKHAND,372,300
260204,JHARKHAND,373,129
260204,JHARKHAND,374,68
260204,JHARKHAND,375,189
260204,JHARKHAND,376,73
260204,JHARKHAND,377,46
260204,JHARKHAND,378,130
260204,JHARKHAND,379,89
260204,JHARKHAND,380,529
260204,JHARKHAND,381,412
260204,JHARKHAND,382,468
260204,JHARKHAND,383,597
260204,JHARKHAND,384,64
260204,JHARKHAND,385,133
260204,JHARKHAND,386,140
260204,JHARKHAND,387,66
260204,JHARKHAND,388,414
260204,JHARKHAND,389,137
260204,JHARKHAND,390,423
260204,JHARKHAND,391,436
260204,JHARKHAND,392,28
260204,JHARKHAND,393,240
260204,JHARKHAND,394,350
260204,JHARKHAND,395,71
260204,JHARKHAND,396,433
260204,JHARKHAND,397,175
260204,JHARKHAND,398,53
260204,JHARKHAND,399,527
260204,JHARKHAND,400,444
260204,JHARKHAND,401,108
260204,JHARKHAND,402,206
260204,JHARKHAND,403,80
260204,JHARKHAND,404,125
260204,JHARKHAND,405,145
260204,JHARKHAND,406,100
260204,JHARKHAND,407,66
260204,JHARKHAND,408,133
260204,JHARKHAND,409,73
260204,JHARKHAND,410,264
260204,JHARKHAND,411,365
260204,JHARKHAND,412,227
260204,JHARKHAND,413,62
260204,JHARKHAND,414,105
260204,JHARKHAND,415,94
260204,JHARKHAND,416,153
260204,JHARKHAND,417,43
260204,JHARKHAND,418,89
260204,JHARKHAND,419,511
260204,JHARKHAND,420,136
260204,JHARKHAND,421,159
260204,JHARKHAND,422,61
260204,JHARKHAND,423,327
260204,JHARKHAND,424,7
260204,JHARKHAND,425,305
260204,JHARKHAND,426,238
260204,JHARKHAND,427,35
260204,JHARKHAND,428,209
260204,JHARKHAND,429,394
260204,JHARKHAND,430,56
260204,JHARKHAND,431,182
260204,JHARKHAND,432,60
260204,JHARKHAND,433,114
260204,JHARKHAND,434,273
260204,JHARKHAND,435,68
260204,JHARKHAND,436,150
260204,JHARKHAND,437,185
260204,JHARKHAND,438,205
260204,JHARKHAND,439,323
260204,JHARKHAND,440,429
260204,JHARKHAND,441,46
260204,JHARKHAND,442,148
260204,JHARKHAND,443,594
260204,JHARKHAND,444,154
260204,JHARKHAND,445,382
260204,JHARKHAND,446,32
260204,JHARKHAND,447,104
260204,JHARKHAND,448,279
260204,JHARKHAND,449,51
260204,JHARKHAND,450,23
260204,JHARKHAND,451,184
260204,JHARKHAND,452,116
260204,JHARKHAND,453,74
260204,JHARKHAND,454,55
260204,JHARKHAND,455,65
260204,JHARKHAND,456,40
260204,JHARKHAND,457,105
260204,JHARKHAND,458,8
260204,JHARKHAND,459,255
260204,JHARKHAND,460,147
260204,JHARKHAND,461,234
260204,JHARKHAND,462,63
260204,JHARKHAND,463,207
