Center Number,State Name,Srl No,Marks
262201,JHARKHAND,1,120
262201,JHARKHAND,2,209
262201,JHARKHAND,3,57
262201,JHARKHAND,4,40
262201,JHARKHAND,5,24
262201,JHARKHAND,6,270
262201,JHARKHAND,7,28
262201,JHARKHAND,8,45
262201,JHARKHAND,9,60
262201,JHARKHAND,10,175
262201,JHARKHAND,11,639
262201,JHARKHAND,12,80
262201,JHARKHAND,13,11
262201,JHARKHAND,14,196
262201,JHARKHAND,15,76
262201,JHARKHAND,16,66
262201,JHARKHAND,17,215
262201,JHARKHAND,18,401
262201,JHARKHAND,19,154
262201,JHARKHAND,20,100
262201,JHARKHAND,21,74
262201,JHARKHAND,22,285
262201,JHARKHAND,23,410
262201,JHARKHAND,24,80
262201,JHARKHAND,25,84
262201,JHARKHAND,26,134
262201,JHARKHAND,27,39
262201,JHARKHAND,28,130
262201,JHARKHAND,29,545
262201,JHARKHAND,30,129
262201,JHARKHAND,31,98
262201,JHARKHAND,32,89
262201,JHARKHAND,33,187
262201,JHARKHAND,34,141
262201,JHARKHAND,35,255
262201,JHARKHAND,36,546
262201,JHARKHAND,37,50
262201,JHARKHAND,38,107
262201,JHARKHAND,39,90
262201,JHARKHAND,40,81
262201,JHARKHAND,41,104
262201,JHARKHAND,42,67
262201,JHARKHAND,43,185
262201,JHARKHAND,44,246
262201,JHARKHAND,45,76
262201,JHARKHAND,46,109
262201,JHARKHAND,47,181
262201,JHARKHAND,48,50
262201,JHARKHAND,49,241
262201,JHARKHAND,50,55
262201,JHARKHAND,51,293
262201,JHARKHAND,52,186
262201,JHARKHAND,53,115
262201,JHARKHAND,54,30
262201,JHARKHAND,55,73
262201,JHARKHAND,56,94
262201,JHARKHAND,57,416
262201,JHARKHAND,58,268
262201,JHARKHAND,59,63
262201,JHARKHAND,60,81
262201,JHARKHAND,61,117
262201,JHARKHAND,62,372
262201,JHARKHAND,63,105
262201,JHARKHAND,64,190
262201,JHARKHAND,65,57
262201,JHARKHAND,66,85
262201,JHARKHAND,67,127
262201,JHARKHAND,68,45
262201,JHARKHAND,69,76
262201,JHARKHAND,70,72
262201,JHARKHAND,71,80
262201,JHARKHAND,72,564
262201,JHARKHAND,73,89
262201,JHARKHAND,74,54
262201,JHARKHAND,75,108
262201,JHARKHAND,76,110
