Center Number,State Name,Srl No,Marks
270604,KARNATAKA,1,407
270604,KARNATAKA,2,10
270604,KARNATAKA,3,246
270604,KARNATAKA,4,227
270604,KARNATAKA,5,342
270604,KARNATAKA,6,216
270604,KARNATAKA,7,300
270604,KARNATAKA,8,90
270604,KARNATAKA,9,103
270604,KARNATAKA,10,253
270604,KARNATAKA,11,65
270604,KARNATAKA,12,434
270604,KARNATAKA,13,144
270604,KARNATAKA,14,173
270604,KARNATAKA,15,216
270604,KARNATAKA,16,442
270604,KARNATAKA,17,257
270604,KARNATAKA,18,261
270604,KARNATAKA,19,130
270604,KARNATAKA,20,162
270604,KARNATAKA,21,64
270604,KARNATAKA,22,232
270604,KARNATAKA,23,196
270604,KARNATAKA,24,177
270604,KARNATAKA,25,65
270604,KARNATAKA,26,170
270604,KARNATAKA,27,221
270604,KARNATAKA,28,532
270604,KARNATAKA,29,167
270604,KARNATAKA,30,288
270604,KARNATAKA,31,20
270604,KARNATAKA,32,41
270604,KARNATAKA,33,597
270604,KARNATAKA,34,142
270604,KARNATAKA,35,143
270604,KARNATAKA,36,600
270604,KARNATAKA,37,321
270604,KARNATAKA,38,136
270604,KARNATAKA,39,542
270604,KARNATAKA,40,579
270604,KARNATAKA,41,342
270604,KARNATAKA,42,408
270604,KARNATAKA,43,150
270604,KARNATAKA,44,171
270604,KARNATAKA,45,240
270604,KARNATAKA,46,107
270604,KARNATAKA,47,19
270604,KARNATAKA,48,157
270604,KARNATAKA,49,156
270604,KARNATAKA,50,226
270604,KARNATAKA,51,165
270604,KARNATAKA,52,111
270604,KARNATAKA,53,124
270604,KARNATAKA,54,451
270604,KARNATAKA,55,35
270604,KARNATAKA,56,543
270604,KARNATAKA,57,307
270604,KARNATAKA,58,200
270604,KARNATAKA,59,339
270604,KARNATAKA,60,397
270604,KARNATAKA,61,483
270604,KARNATAKA,62,540
270604,KARNATAKA,63,290
270604,KARNATAKA,64,436
270604,KARNATAKA,65,128
270604,KARNATAKA,66,126
270604,KARNATAKA,67,60
270604,KARNATAKA,68,39
270604,KARNATAKA,69,117
270604,KARNATAKA,70,514
270604,KARNATAKA,71,115
270604,KARNATAKA,72,134
270604,KARNATAKA,73,330
270604,KARNATAKA,74,178
270604,KARNATAKA,75,278
270604,KARNATAKA,76,318
270604,KARNATAKA,77,612
270604,KARNATAKA,78,18
270604,KARNATAKA,79,64
270604,KARNATAKA,80,443
270604,KARNATAKA,81,169
270604,KARNATAKA,82,53
270604,KARNATAKA,83,94
270604,KARNATAKA,84,454
270604,KARNATAKA,85,180
270604,KARNATAKA,86,623
270604,KARNATAKA,87,122
270604,KARNATAKA,88,176
270604,KARNATAKA,89,85
270604,KARNATAKA,90,209
270604,KARNATAKA,91,336
270604,KARNATAKA,92,208
270604,KARNATAKA,93,350
270604,KARNATAKA,94,173
270604,KARNATAKA,95,102
270604,KARNATAKA,96,88
270604,KARNATAKA,97,115
270604,KARNATAKA,98,55
270604,KARNATAKA,99,97
270604,KARNATAKA,100,74
270604,KARNATAKA,101,274
270604,KARNATAKA,102,134
270604,KARNATAKA,103,132
270604,KARNATAKA,104,48
270604,KARNATAKA,105,515
270604,KARNATAKA,106,120
270604,KARNATAKA,107,179
270604,KARNATAKA,108,337
270604,KARNATAKA,109,85
270604,KARNATAKA,110,594
270604,KARNATAKA,111,485
270604,KARNATAKA,112,259
270604,KARNATAKA,113,113
270604,KARNATAKA,114,244
270604,KARNATAKA,115,348
270604,KARNATAKA,116,537
270604,KARNATAKA,117,120
270604,KARNATAKA,118,217
270604,KARNATAKA,119,181
270604,KARNATAKA,120,117
270604,KARNATAKA,121,70
270604,KARNATAKA,122,280
270604,KARNATAKA,123,368
270604,KARNATAKA,124,100
270604,KARNATAKA,125,185
270604,KARNATAKA,126,149
270604,KARNATAKA,127,91
270604,KARNATAKA,128,411
270604,KARNATAKA,129,51
270604,KARNATAKA,130,45
270604,KARNATAKA,131,440
270604,KARNATAKA,132,551
270604,KARNATAKA,133,152
270604,KARNATAKA,134,50
270604,KARNATAKA,135,195
270604,KARNATAKA,136,138
270604,KARNATAKA,137,59
270604,KARNATAKA,138,26
270604,KARNATAKA,139,242
270604,KARNATAKA,140,102
270604,KARNATAKA,141,23
270604,KARNATAKA,142,120
270604,KARNATAKA,143,64
270604,KARNATAKA,144,401
270604,KARNATAKA,145,150
270604,KARNATAKA,146,60
270604,KARNATAKA,147,431
270604,KARNATAKA,148,598
270604,KARNATAKA,149,150
270604,KARNATAKA,150,172
270604,KARNATAKA,151,431
270604,KARNATAKA,152,159
270604,KARNATAKA,153,521
270604,KARNATAKA,154,31
270604,KARNATAKA,155,86
270604,KARNATAKA,156,289
270604,KARNATAKA,157,87
270604,KARNATAKA,158,145
270604,KARNATAKA,159,115
270604,KARNATAKA,160,133
270604,KARNATAKA,161,138
270604,KARNATAKA,162,148
270604,KARNATAKA,163,41
270604,KARNATAKA,164,225
270604,KARNATAKA,165,206
270604,KARNATAKA,166,40
270604,KARNATAKA,167,321
270604,KARNATAKA,168,153
270604,KARNATAKA,169,25
270604,KARNATAKA,170,327
270604,KARNATAKA,171,52
270604,KARNATAKA,172,359
270604,KARNATAKA,173,194
270604,KARNATAKA,174,436
270604,KARNATAKA,175,66
270604,KARNATAKA,176,202
270604,KARNATAKA,177,307
270604,KARNATAKA,178,469
270604,KARNATAKA,179,288
270604,KARNATAKA,180,332
270604,KARNATAKA,181,432
270604,KARNATAKA,182,393
270604,KARNATAKA,183,130
270604,KARNATAKA,184,170
270604,KARNATAKA,185,220
270604,KARNATAKA,186,27
270604,KARNATAKA,187,373
270604,KARNATAKA,188,110
270604,KARNATAKA,189,173
270604,KARNATAKA,190,114
270604,KARNATAKA,191,154
270604,KARNATAKA,192,73
270604,KARNATAKA,193,321
270604,KARNATAKA,194,105
270604,KARNATAKA,195,283
270604,KARNATAKA,196,135
270604,KARNATAKA,197,426
270604,KARNATAKA,198,418
270604,KARNATAKA,199,321
270604,KARNATAKA,200,62
270604,KARNATAKA,201,71
270604,KARNATAKA,202,251
270604,KARNATAKA,203,280
270604,KARNATAKA,204,127
270604,KARNATAKA,205,296
270604,KARNATAKA,206,70
270604,KARNATAKA,207,526
270604,KARNATAKA,208,164
270604,KARNATAKA,209,610
270604,KARNATAKA,210,331
270604,KARNATAKA,211,53
270604,KARNATAKA,212,25
270604,KARNATAKA,213,190
270604,KARNATAKA,214,402
270604,KARNATAKA,215,396
270604,KARNATAKA,216,88
270604,KARNATAKA,217,145
270604,KARNATAKA,218,98
270604,KARNATAKA,219,79
270604,KARNATAKA,220,680
270604,KARNATAKA,221,65
270604,KARNATAKA,222,20
270604,KARNATAKA,223,106
270604,KARNATAKA,224,106
270604,KARNATAKA,225,163
270604,KARNATAKA,226,76
270604,KARNATAKA,227,436
270604,KARNATAKA,228,115
270604,KARNATAKA,229,154
270604,KARNATAKA,230,237
270604,KARNATAKA,231,57
270604,KARNATAKA,232,236
270604,KARNATAKA,233,140
270604,KARNATAKA,234,114
270604,KARNATAKA,235,77
270604,KARNATAKA,236,336
270604,KARNATAKA,237,165
270604,KARNATAKA,238,216
270604,KARNATAKA,239,385
270604,KARNATAKA,240,458
270604,KARNATAKA,241,235
270604,KARNATAKA,242,180
270604,KARNATAKA,243,522
270604,KARNATAKA,244,160
270604,KARNATAKA,245,523
270604,KARNATAKA,246,77
270604,KARNATAKA,247,126
270604,KARNATAKA,248,78
270604,KARNATAKA,249,95
270604,KARNATAKA,250,135
270604,KARNATAKA,251,132
270604,KARNATAKA,252,111
270604,KARNATAKA,253,191
270604,KARNATAKA,254,239
270604,KARNATAKA,255,460
270604,KARNATAKA,256,55
270604,KARNATAKA,257,210
270604,KARNATAKA,258,367
270604,KARNATAKA,259,192
270604,KARNATAKA,260,308
270604,KARNATAKA,261,142
270604,KARNATAKA,262,275
270604,KARNATAKA,263,104
270604,KARNATAKA,264,131
270604,KARNATAKA,265,199
270604,KARNATAKA,266,50
270604,KARNATAKA,267,111
270604,KARNATAKA,268,192
270604,KARNATAKA,269,608
270604,KARNATAKA,270,339
270604,KARNATAKA,271,361
270604,KARNATAKA,272,122
270604,KARNATAKA,273,170
270604,KARNATAKA,274,34
270604,KARNATAKA,275,127
270604,KARNATAKA,276,143
270604,KARNATAKA,277,416
270604,KARNATAKA,278,114
270604,KARNATAKA,279,241
270604,KARNATAKA,280,331
270604,KARNATAKA,281,385
270604,KARNATAKA,282,653
270604,KARNATAKA,283,120
270604,KARNATAKA,284,185
270604,KARNATAKA,285,367
270604,KARNATAKA,286,110
270604,KARNATAKA,287,100
270604,KARNATAKA,288,47
270604,KARNATAKA,289,545
270604,KARNATAKA,290,148
270604,KARNATAKA,291,465
270604,KARNATAKA,292,615
270604,KARNATAKA,293,89
270604,KARNATAKA,294,400
270604,KARNATAKA,295,489
270604,KARNATAKA,296,381
270604,KARNATAKA,297,633
270604,KARNATAKA,298,100
270604,KARNATAKA,299,92
270604,KARNATAKA,300,84
270604,KARNATAKA,301,365
270604,KARNATAKA,302,56
270604,KARNATAKA,303,60
270604,KARNATAKA,304,135
270604,KARNATAKA,305,285
270604,KARNATAKA,306,188
270604,KARNATAKA,307,110
270604,KARNATAKA,308,45
270604,KARNATAKA,309,334
270604,KARNATAKA,310,73
270604,KARNATAKA,311,249
270604,KARNATAKA,312,31
270604,KARNATAKA,313,107
270604,KARNATAKA,314,182
270604,KARNATAKA,315,435
270604,KARNATAKA,316,263
270604,KARNATAKA,317,257
270604,KARNATAKA,318,219
270604,KARNATAKA,319,157
270604,KARNATAKA,320,480
270604,KARNATAKA,321,44
270604,KARNATAKA,322,153
270604,KARNATAKA,323,86
270604,KARNATAKA,324,298
270604,KARNATAKA,325,138
270604,KARNATAKA,326,115
270604,KARNATAKA,327,270
270604,KARNATAKA,328,75
270604,KARNATAKA,329,274
270604,KARNATAKA,330,95
270604,KARNATAKA,331,88
270604,KARNATAKA,332,80
270604,KARNATAKA,333,180
270604,KARNATAKA,334,109
270604,KARNATAKA,335,281
270604,KARNATAKA,336,80
270604,KARNATAKA,337,175
270604,KARNATAKA,338,77
270604,KARNATAKA,339,285
270604,KARNATAKA,340,272
270604,KARNATAKA,341,119
270604,KARNATAKA,342,202
270604,KARNATAKA,343,71
270604,KARNATAKA,344,99
270604,KARNATAKA,345,130
270604,KARNATAKA,346,245
270604,KARNATAKA,347,157
270604,KARNATAKA,348,119
270604,KARNATAKA,349,384
270604,KARNATAKA,350,90
270604,KARNATAKA,351,438
270604,KARNATAKA,352,94
270604,KARNATAKA,353,487
270604,KARNATAKA,354,452
270604,KARNATAKA,355,62
270604,KARNATAKA,356,94
270604,KARNATAKA,357,206
270604,KARNATAKA,358,112
270604,KARNATAKA,359,72
270604,KARNATAKA,360,298
270604,KARNATAKA,361,652
270604,KARNATAKA,362,76
270604,KARNATAKA,363,147
270604,KARNATAKA,364,411
270604,KARNATAKA,365,295
270604,KARNATAKA,366,532
270604,KARNATAKA,367,188
270604,KARNATAKA,368,541
270604,KARNATAKA,369,265
270604,KARNATAKA,370,293
270604,KARNATAKA,371,440
270604,KARNATAKA,372,139
270604,KARNATAKA,373,140
270604,KARNATAKA,374,123
270604,KARNATAKA,375,75
270604,KARNATAKA,376,101
270604,KARNATAKA,377,91
270604,KARNATAKA,378,306
270604,KARNATAKA,379,201
270604,KARNATAKA,380,77
270604,KARNATAKA,381,586
270604,KARNATAKA,382,261
270604,KARNATAKA,383,301
270604,KARNATAKA,384,80
270604,KARNATAKA,385,76
270604,KARNATAKA,386,585
270604,KARNATAKA,387,262
270604,KARNATAKA,388,272
270604,KARNATAKA,389,85
270604,KARNATAKA,390,266
270604,KARNATAKA,391,72
270604,KARNATAKA,392,622
270604,KARNATAKA,393,142
270604,KARNATAKA,394,102
270604,KARNATAKA,395,320
270604,KARNATAKA,396,149
270604,KARNATAKA,397,177
270604,KARNATAKA,398,275
270604,KARNATAKA,399,211
270604,KARNATAKA,400,91
270604,KARNATAKA,401,642
270604,KARNATAKA,402,456
270604,KARNATAKA,403,70
270604,KARNATAKA,404,419
270604,KARNATAKA,405,224
270604,KARNATAKA,406,35
270604,KARNATAKA,407,633
270604,KARNATAKA,408,580
270604,KARNATAKA,409,548
270604,KARNATAKA,410,347
270604,KARNATAKA,411,116
270604,KARNATAKA,412,117
270604,KARNATAKA,413,361
270604,KARNATAKA,414,605
270604,KARNATAKA,415,54
270604,KARNATAKA,416,338
270604,KARNATAKA,417,360
270604,KARNATAKA,418,55
270604,KARNATAKA,419,186
270604,KARNATAKA,420,440
270604,KARNATAKA,421,96
270604,KARNATAKA,422,160
270604,KARNATAKA,423,452
270604,KARNATAKA,424,128
270604,KARNATAKA,425,321
270604,KARNATAKA,426,141
270604,KARNATAKA,427,80
270604,KARNATAKA,428,61
270604,KARNATAKA,429,478
270604,KARNATAKA,430,505
270604,KARNATAKA,431,100
270604,KARNATAKA,432,196
270604,KARNATAKA,433,224
270604,KARNATAKA,434,117
270604,KARNATAKA,435,123
270604,KARNATAKA,436,165
270604,KARNATAKA,437,425
270604,KARNATAKA,438,370
270604,KARNATAKA,439,330
270604,KARNATAKA,440,5
270604,KARNATAKA,441,120
270604,KARNATAKA,442,169
270604,KARNATAKA,443,406
270604,KARNATAKA,444,140
270604,KARNATAKA,445,248
270604,KARNATAKA,446,58
270604,KARNATAKA,447,480
270604,KARNATAKA,448,86
270604,KARNATAKA,449,378
270604,KARNATAKA,450,90
270604,KARNATAKA,451,270
270604,KARNATAKA,452,449
270604,KARNATAKA,453,52
270604,KARNATAKA,454,79
270604,KARNATAKA,455,213
270604,KARNATAKA,456,446
270604,KARNATAKA,457,340
270604,KARNATAKA,458,140
270604,KARNATAKA,459,292
270604,KARNATAKA,460,120
270604,KARNATAKA,461,91
270604,KARNATAKA,462,55
270604,KARNATAKA,463,47
270604,KARNATAKA,464,185
270604,KARNATAKA,465,244
270604,KARNATAKA,466,152
270604,KARNATAKA,467,131
270604,KARNATAKA,468,243
270604,KARNATAKA,469,480
270604,KARNATAKA,470,302
270604,KARNATAKA,471,312
270604,KARNATAKA,472,383
270604,KARNATAKA,473,318
270604,KARNATAKA,474,133
270604,KARNATAKA,475,565
270604,KARNATAKA,476,418
270604,KARNATAKA,477,367
270604,KARNATAKA,478,115
270604,KARNATAKA,479,67
270604,KARNATAKA,480,35
270604,KARNATAKA,481,122
270604,KARNATAKA,482,207
270604,KARNATAKA,483,208
270604,KARNATAKA,484,365
270604,KARNATAKA,485,391
270604,KARNATAKA,486,273
270604,KARNATAKA,487,321
270604,KARNATAKA,488,11
270604,KARNATAKA,489,225
270604,KARNATAKA,490,55
270604,KARNATAKA,491,96
270604,KARNATAKA,492,206
270604,KARNATAKA,493,312
270604,KARNATAKA,494,582
270604,KARNATAKA,495,69
270604,KARNATAKA,496,283
270604,KARNATAKA,497,102
270604,KARNATAKA,498,270
270604,KARNATAKA,499,130
270604,KARNATAKA,500,308
270604,KARNATAKA,501,53
270604,KARNATAKA,502,626
270604,KARNATAKA,503,486
270604,KARNATAKA,504,446
270604,KARNATAKA,505,0
270604,KARNATAKA,506,435
270604,KARNATAKA,507,91
270604,KARNATAKA,508,46
270604,KARNATAKA,509,429
270604,KARNATAKA,510,408
270604,KARNATAKA,511,123
270604,KARNATAKA,512,150
270604,KARNATAKA,513,106
270604,KARNATAKA,514,77
270604,KARNATAKA,515,422
270604,KARNATAKA,516,190
270604,KARNATAKA,517,71
