Center Number,State Name,Srl No,Marks
270809,KARNATAKA,1,70
270809,KARNATAKA,2,489
270809,KARNATAKA,3,85
270809,KARNATAKA,4,198
270809,KARNATAKA,5,511
270809,KARNATAKA,6,17
270809,KARNATAKA,7,77
270809,KARNATAKA,8,40
270809,KARNATAKA,9,53
270809,KARNATAKA,10,516
270809,KARNATAKA,11,55
270809,KARNATAKA,12,156
270809,KARNATAKA,13,403
270809,KARNATAKA,14,489
270809,KARNATAKA,15,206
270809,KARNATAKA,16,670
270809,KARNATAKA,17,188
270809,KARNATAKA,18,40
270809,KARNATAKA,19,122
270809,KARNATAKA,20,633
270809,KARNATAKA,21,539
270809,KARNATAKA,22,150
270809,KARNATAKA,23,144
270809,KARNATAKA,24,631
270809,KARNATAKA,25,254
270809,KARNATAKA,26,142
270809,KARNATAKA,27,26
270809,KARNATAKA,28,122
270809,KARNATAKA,29,275
270809,KARNATAKA,30,85
270809,KARNATAKA,31,214
270809,KARNATAKA,32,75
270809,KARNATAKA,33,298
270809,KARNATAKA,34,680
270809,KARNATAKA,35,163
270809,KARNATAKA,36,180
270809,KARNATAKA,37,144
270809,KARNATAKA,38,65
270809,KARNATAKA,39,422
270809,KARNATAKA,40,355
270809,KARNATAKA,41,147
270809,KARNATAKA,42,661
270809,KARNATAKA,43,185
270809,KARNATAKA,44,80
270809,KARNATAKA,45,220
270809,KARNATAKA,46,220
270809,KARNATAKA,47,175
270809,KARNATAKA,48,126
270809,KARNATAKA,49,251
270809,KARNATAKA,50,67
270809,KARNATAKA,51,383
270809,KARNATAKA,52,73
270809,KARNATAKA,53,170
270809,KARNATAKA,54,15
270809,KARNATAKA,55,386
270809,KARNATAKA,56,30
270809,KARNATAKA,57,325
270809,KARNATAKA,58,554
270809,KARNATAKA,59,73
270809,KARNATAKA,60,99
270809,KARNATAKA,61,415
270809,KARNATAKA,62,136
270809,KARNATAKA,63,195
270809,KARNATAKA,64,56
270809,KARNATAKA,65,225
270809,KARNATAKA,66,85
270809,KARNATAKA,67,185
270809,KARNATAKA,68,120
270809,KARNATAKA,69,189
270809,KARNATAKA,70,622
270809,KARNATAKA,71,165
270809,KARNATAKA,72,246
270809,KARNATAKA,73,100
270809,KARNATAKA,74,142
270809,KARNATAKA,75,128
270809,KARNATAKA,76,230
270809,KARNATAKA,77,95
270809,KARNATAKA,78,126
270809,KARNATAKA,79,128
270809,KARNATAKA,80,337
270809,KARNATAKA,81,160
270809,KARNATAKA,82,131
270809,KARNATAKA,83,20
270809,KARNATAKA,84,176
270809,KARNATAKA,85,246
270809,KARNATAKA,86,311
270809,KARNATAKA,87,402
270809,KARNATAKA,88,235
270809,KARNATAKA,89,602
270809,KARNATAKA,90,218
270809,KARNATAKA,91,245
270809,KARNATAKA,92,7
270809,KARNATAKA,93,133
270809,KARNATAKA,94,195
270809,KARNATAKA,95,226
270809,KARNATAKA,96,130
270809,KARNATAKA,97,112
270809,KARNATAKA,98,105
270809,KARNATAKA,99,145
270809,KARNATAKA,100,483
270809,KARNATAKA,101,524
270809,KARNATAKA,102,308
270809,KARNATAKA,103,63
270809,KARNATAKA,104,176
270809,KARNATAKA,105,270
270809,KARNATAKA,106,150
270809,KARNATAKA,107,121
270809,KARNATAKA,108,433
270809,KARNATAKA,109,134
270809,KARNATAKA,110,110
270809,KARNATAKA,111,368
270809,KARNATAKA,112,151
270809,KARNATAKA,113,151
270809,KARNATAKA,114,377
270809,KARNATAKA,115,290
270809,KARNATAKA,116,167
270809,KARNATAKA,117,145
270809,KARNATAKA,118,142
270809,KARNATAKA,119,279
270809,KARNATAKA,120,195
270809,KARNATAKA,121,141
270809,KARNATAKA,122,475
270809,KARNATAKA,123,264
270809,KARNATAKA,124,670
270809,KARNATAKA,125,34
270809,KARNATAKA,126,67
270809,KARNATAKA,127,276
270809,KARNATAKA,128,31
270809,KARNATAKA,129,321
270809,KARNATAKA,130,153
270809,KARNATAKA,131,50
270809,KARNATAKA,132,128
270809,KARNATAKA,133,233
270809,KARNATAKA,134,123
270809,KARNATAKA,135,583
270809,KARNATAKA,136,395
270809,KARNATAKA,137,398
270809,KARNATAKA,138,400
270809,KARNATAKA,139,424
270809,KARNATAKA,140,412
270809,KARNATAKA,141,134
270809,KARNATAKA,142,93
270809,KARNATAKA,143,335
270809,KARNATAKA,144,55
270809,KARNATAKA,145,55
270809,KARNATAKA,146,480
270809,KARNATAKA,147,147
270809,KARNATAKA,148,108
270809,KARNATAKA,149,100
270809,KARNATAKA,150,116
270809,KARNATAKA,151,474
270809,KARNATAKA,152,446
270809,KARNATAKA,153,181
270809,KARNATAKA,154,57
270809,KARNATAKA,155,63
270809,KARNATAKA,156,202
270809,KARNATAKA,157,198
270809,KARNATAKA,158,366
270809,KARNATAKA,159,165
270809,KARNATAKA,160,382
270809,KARNATAKA,161,173
270809,KARNATAKA,162,65
270809,KARNATAKA,163,105
270809,KARNATAKA,164,137
270809,KARNATAKA,165,143
270809,KARNATAKA,166,477
270809,KARNATAKA,167,117
270809,KARNATAKA,168,92
270809,KARNATAKA,169,38
270809,KARNATAKA,170,168
270809,KARNATAKA,171,351
270809,KARNATAKA,172,125
270809,KARNATAKA,173,100
270809,KARNATAKA,174,54
270809,KARNATAKA,175,184
270809,KARNATAKA,176,65
270809,KARNATAKA,177,513
270809,KARNATAKA,178,233
270809,KARNATAKA,179,145
270809,KARNATAKA,180,137
270809,KARNATAKA,181,250
270809,KARNATAKA,182,53
270809,KARNATAKA,183,120
270809,KARNATAKA,184,127
270809,KARNATAKA,185,116
270809,KARNATAKA,186,168
270809,KARNATAKA,187,319
270809,KARNATAKA,188,377
270809,KARNATAKA,189,129
270809,KARNATAKA,190,35
270809,KARNATAKA,191,137
270809,KARNATAKA,192,255
270809,KARNATAKA,193,102
270809,KARNATAKA,194,55
270809,KARNATAKA,195,48
270809,KARNATAKA,196,105
270809,KARNATAKA,197,295
270809,KARNATAKA,198,532
270809,KARNATAKA,199,191
270809,KARNATAKA,200,92
270809,KARNATAKA,201,169
270809,KARNATAKA,202,212
270809,KARNATAKA,203,92
270809,KARNATAKA,204,176
270809,KARNATAKA,205,160
270809,KARNATAKA,206,234
270809,KARNATAKA,207,61
270809,KARNATAKA,208,356
270809,KARNATAKA,209,129
270809,KARNATAKA,210,374
270809,KARNATAKA,211,20
270809,KARNATAKA,212,266
270809,KARNATAKA,213,86
270809,KARNATAKA,214,134
270809,KARNATAKA,215,551
270809,KARNATAKA,216,100
270809,KARNATAKA,217,46
270809,KARNATAKA,218,272
270809,KARNATAKA,219,256
270809,KARNATAKA,220,171
270809,KARNATAKA,221,75
270809,KARNATAKA,222,100
270809,KARNATAKA,223,127
270809,KARNATAKA,224,113
270809,KARNATAKA,225,328
270809,KARNATAKA,226,317
270809,KARNATAKA,227,269
270809,KARNATAKA,228,81
270809,KARNATAKA,229,72
270809,KARNATAKA,230,382
270809,KARNATAKA,231,122
270809,KARNATAKA,232,265
270809,KARNATAKA,233,190
270809,KARNATAKA,234,125
270809,KARNATAKA,235,420
270809,KARNATAKA,236,265
270809,KARNATAKA,237,411
270809,KARNATAKA,238,519
270809,KARNATAKA,239,73
270809,KARNATAKA,240,447
270809,KARNATAKA,241,112
270809,KARNATAKA,242,329
270809,KARNATAKA,243,385
270809,KARNATAKA,244,60
270809,KARNATAKA,245,349
270809,KARNATAKA,246,65
270809,KARNATAKA,247,129
270809,KARNATAKA,248,129
270809,KARNATAKA,249,166
270809,KARNATAKA,250,520
270809,KARNATAKA,251,162
270809,KARNATAKA,252,92
270809,KARNATAKA,253,58
270809,KARNATAKA,254,115
270809,KARNATAKA,255,71
270809,KARNATAKA,256,88
270809,KARNATAKA,257,61
270809,KARNATAKA,258,459
270809,KARNATAKA,259,163
270809,KARNATAKA,260,130
270809,KARNATAKA,261,207
270809,KARNATAKA,262,571
270809,KARNATAKA,263,505
270809,KARNATAKA,264,642
270809,KARNATAKA,265,224
270809,KARNATAKA,266,96
270809,KARNATAKA,267,60
270809,KARNATAKA,268,287
270809,KARNATAKA,269,103
270809,KARNATAKA,270,291
270809,KARNATAKA,271,334
270809,KARNATAKA,272,185
270809,KARNATAKA,273,54
270809,KARNATAKA,274,170
270809,KARNATAKA,275,249
270809,KARNATAKA,276,46
270809,KARNATAKA,277,102
270809,KARNATAKA,278,72
270809,KARNATAKA,279,50
270809,KARNATAKA,280,455
270809,KARNATAKA,281,165
270809,KARNATAKA,282,131
270809,KARNATAKA,283,316
270809,KARNATAKA,284,235
270809,KARNATAKA,285,303
270809,KARNATAKA,286,70
270809,KARNATAKA,287,359
270809,KARNATAKA,288,138
270809,KARNATAKA,289,487
270809,KARNATAKA,290,679
270809,KARNATAKA,291,352
270809,KARNATAKA,292,140
270809,KARNATAKA,293,113
270809,KARNATAKA,294,87
270809,KARNATAKA,295,347
270809,KARNATAKA,296,48
270809,KARNATAKA,297,130
270809,KARNATAKA,298,623
270809,KARNATAKA,299,231
270809,KARNATAKA,300,42
270809,KARNATAKA,301,82
270809,KARNATAKA,302,174
270809,KARNATAKA,303,281
270809,KARNATAKA,304,10
270809,KARNATAKA,305,60
270809,KARNATAKA,306,48
270809,KARNATAKA,307,656
270809,KARNATAKA,308,571
270809,KARNATAKA,309,174
270809,KARNATAKA,310,81
270809,KARNATAKA,311,105
270809,KARNATAKA,312,70
270809,KARNATAKA,313,387
270809,KARNATAKA,314,256
270809,KARNATAKA,315,50
270809,KARNATAKA,316,45
270809,KARNATAKA,317,228
270809,KARNATAKA,318,361
270809,KARNATAKA,319,411
270809,KARNATAKA,320,715
270809,KARNATAKA,321,331
270809,KARNATAKA,322,419
270809,KARNATAKA,323,250
270809,KARNATAKA,324,70
270809,KARNATAKA,325,37
270809,KARNATAKA,326,30
270809,KARNATAKA,327,142
270809,KARNATAKA,328,80
270809,KARNATAKA,329,236
270809,KARNATAKA,330,157
270809,KARNATAKA,331,145
270809,KARNATAKA,332,159
270809,KARNATAKA,333,124
270809,KARNATAKA,334,378
270809,KARNATAKA,335,175
270809,KARNATAKA,336,231
270809,KARNATAKA,337,362
270809,KARNATAKA,338,149
270809,KARNATAKA,339,600
270809,KARNATAKA,340,99
270809,KARNATAKA,341,147
270809,KARNATAKA,342,95
270809,KARNATAKA,343,143
270809,KARNATAKA,344,65
270809,KARNATAKA,345,200
270809,KARNATAKA,346,300
270809,KARNATAKA,347,196
270809,KARNATAKA,348,211
270809,KARNATAKA,349,130
270809,KARNATAKA,350,461
270809,KARNATAKA,351,143
270809,KARNATAKA,352,41
270809,KARNATAKA,353,190
270809,KARNATAKA,354,105
270809,KARNATAKA,355,346
270809,KARNATAKA,356,364
270809,KARNATAKA,357,131
270809,KARNATAKA,358,330
270809,KARNATAKA,359,454
270809,KARNATAKA,360,287
270809,KARNATAKA,361,363
270809,KARNATAKA,362,98
270809,KARNATAKA,363,25
270809,KARNATAKA,364,129
270809,KARNATAKA,365,35
270809,KARNATAKA,366,105
270809,KARNATAKA,367,139
270809,KARNATAKA,368,166
270809,KARNATAKA,369,159
270809,KARNATAKA,370,36
270809,KARNATAKA,371,626
270809,KARNATAKA,372,181
270809,KARNATAKA,373,159
270809,KARNATAKA,374,141
270809,KARNATAKA,375,156
270809,KARNATAKA,376,547
270809,KARNATAKA,377,82
270809,KARNATAKA,378,239
270809,KARNATAKA,379,228
270809,KARNATAKA,380,100
270809,KARNATAKA,381,265
270809,KARNATAKA,382,387
270809,KARNATAKA,383,110
270809,KARNATAKA,384,644
270809,KARNATAKA,385,35
270809,KARNATAKA,386,119
270809,KARNATAKA,387,180
270809,KARNATAKA,388,61
270809,KARNATAKA,389,108
270809,KARNATAKA,390,143
270809,KARNATAKA,391,108
270809,KARNATAKA,392,597
270809,KARNATAKA,393,235
270809,KARNATAKA,394,164
270809,KARNATAKA,395,105
270809,KARNATAKA,396,528
270809,KARNATAKA,397,435
270809,KARNATAKA,398,100
270809,KARNATAKA,399,85
270809,KARNATAKA,400,125
270809,KARNATAKA,401,172
270809,KARNATAKA,402,529
270809,KARNATAKA,403,31
270809,KARNATAKA,404,262
270809,KARNATAKA,405,434
270809,KARNATAKA,406,147
270809,KARNATAKA,407,102
270809,KARNATAKA,408,506
270809,KARNATAKA,409,256
270809,KARNATAKA,410,105
270809,KARNATAKA,411,65
270809,KARNATAKA,412,611
270809,KARNATAKA,413,114
270809,KARNATAKA,414,195
270809,KARNATAKA,415,70
270809,KARNATAKA,416,83
270809,KARNATAKA,417,50
270809,KARNATAKA,418,136
270809,KARNATAKA,419,238
270809,KARNATAKA,420,177
270809,KARNATAKA,421,91
270809,KARNATAKA,422,276
270809,KARNATAKA,423,110
270809,KARNATAKA,424,180
270809,KARNATAKA,425,302
270809,KARNATAKA,426,85
270809,KARNATAKA,427,35
270809,KARNATAKA,428,66
270809,KARNATAKA,429,151
270809,KARNATAKA,430,223
270809,KARNATAKA,431,129
270809,KARNATAKA,432,164
270809,KARNATAKA,433,154
270809,KARNATAKA,434,146
270809,KARNATAKA,435,97
270809,KARNATAKA,436,220
270809,KARNATAKA,437,378
270809,KARNATAKA,438,91
270809,KARNATAKA,439,70
270809,KARNATAKA,440,50
270809,KARNATAKA,441,370
270809,KARNATAKA,442,36
270809,KARNATAKA,443,138
270809,KARNATAKA,444,406
270809,KARNATAKA,445,63
270809,KARNATAKA,446,175
270809,KARNATAKA,447,194
270809,KARNATAKA,448,146
270809,KARNATAKA,449,76
270809,KARNATAKA,450,0
270809,KARNATAKA,451,420
270809,KARNATAKA,452,469
270809,KARNATAKA,453,135
270809,KARNATAKA,454,451
270809,KARNATAKA,455,47
270809,KARNATAKA,456,555
270809,KARNATAKA,457,185
270809,KARNATAKA,458,50
270809,KARNATAKA,459,31
270809,KARNATAKA,460,143
270809,KARNATAKA,461,174
270809,KARNATAKA,462,166
270809,KARNATAKA,463,99
270809,KARNATAKA,464,559
