Center Number,State Name,Srl No,Marks
270808,KARNATAKA,1,156
270808,KARNATAKA,2,365
270808,KARNATAKA,3,275
270808,KARNATAKA,4,92
270808,KARNATAKA,5,144
270808,KARNATAKA,6,118
270808,KARNATAKA,7,191
270808,KARNATAKA,8,200
270808,KARNATAKA,9,75
270808,KARNATAKA,10,304
270808,KARNATAKA,11,147
270808,KARNATAKA,12,555
270808,KARNATAKA,13,63
270808,KARNATAKA,14,120
270808,KARNATAKA,15,274
270808,KARNATAKA,16,135
270808,KARNATAKA,17,391
270808,KARNATAKA,18,212
270808,KARNATAKA,19,474
270808,KARNATAKA,20,342
270808,KARNATAKA,21,352
270808,KARNATAKA,22,273
270808,KARNATAKA,23,491
270808,KARNATAKA,24,499
270808,KARNATAKA,25,311
270808,KARNATAKA,26,60
270808,KARNATAKA,27,299
270808,KARNATAKA,28,349
270808,KARNATAKA,29,150
270808,KARNATAKA,30,376
270808,KARNATAKA,31,404
270808,KARNATAKA,32,424
270808,KARNATAKA,33,132
270808,KARNATAKA,34,168
270808,KARNATAKA,35,212
270808,KARNATAKA,36,243
270808,KARNATAKA,37,51
270808,KARNATAKA,38,130
270808,KARNATAKA,39,438
270808,KARNATAKA,40,576
270808,KARNATAKA,41,102
270808,KARNATAKA,42,278
270808,KARNATAKA,43,60
270808,KARNATAKA,44,33
270808,KARNATAKA,45,532
270808,KARNATAKA,46,105
270808,KARNATAKA,47,98
270808,KARNATAKA,48,219
270808,KARNATAKA,49,169
270808,KARNATAKA,9,51
270808,KARNATAKA,83,52
270808,KARNATAKA,517,53
270808,KARNATAKA,451,54
270808,KARNATAKA,216,55
270808,KARNATAKA,80,56
270808,KARNATAKA,110,57
270808,KARNATAKA,178,58
270808,KARNATAKA,121,59
270808,KARNATAKA,132,60
270808,KARNATAKA,61,208
270808,KARNATAKA,62,145
270808,KARNATAKA,63,419
270808,KARNATAKA,64,311
270808,KARNATAKA,65,412
270808,KARNATAKA,66,453
270808,KARNATAKA,67,151
270808,KARNATAKA,68,483
270808,KARNATAKA,69,345
270808,KARNATAKA,70,486
270808,KARNATAKA,71,376
270808,KARNATAKA,72,137
270808,KARNATAKA,73,178
270808,KARNATAKA,74,349
270808,KARNATAKA,75,191
270808,KARNATAKA,76,125
270808,KARNATAKA,77,398
270808,KARNATAKA,78,405
270808,KARNATAKA,79,197
270808,KARNATAKA,80,585
270808,KARNATAKA,81,90
270808,KARNATAKA,82,32
270808,KARNATAKA,83,158
270808,KARNATAKA,84,127
270808,KARNATAKA,85,101
270808,KARNATAKA,86,115
270808,KARNATAKA,87,184
270808,KARNATAKA,88,145
270808,KARNATAKA,89,140
270808,KARNATAKA,90,48
270808,KARNATAKA,91,165
270808,KARNATAKA,92,70
270808,KARNATAKA,93,463
270808,KARNATAKA,94,141
270808,KARNATAKA,95,255
270808,KARNATAKA,96,365
270808,KARNATAKA,97,110
270808,KARNATAKA,98,132
270808,KARNATAKA,99,219
270808,KARNATAKA,100,66
270808,KARNATAKA,101,90
270808,KARNATAKA,102,31
270808,KARNATAKA,103,295
270808,KARNATAKA,104,131
270808,KARNATAKA,105,10
270808,KARNATAKA,106,239
270808,KARNATAKA,107,216
270808,KARNATAKA,108,256
270808,KARNATAKA,109,632
270808,KARNATAKA,110,245
270808,KARNATAKA,111,346
270808,KARNATAKA,112,393
270808,KARNATAKA,113,100
270808,KARNATAKA,114,114
270808,KARNATAKA,115,144
270808,KARNATAKA,116,255
270808,KARNATAKA,117,503
270808,KARNATAKA,118,335
270808,KARNATAKA,119,59
270808,KARNATAKA,120,72
270808,KARNATAKA,121,219
270808,KARNATAKA,122,46
270808,KARNATAKA,123,389
270808,KARNATAKA,124,453
270808,KARNATAKA,125,308
270808,KARNATAKA,126,140
270808,KARNATAKA,127,34
270808,KARNATAKA,128,191
270808,KARNATAKA,129,307
270808,KARNATAKA,130,539
270808,KARNATAKA,131,223
270808,KARNATAKA,132,99
270808,KARNATAKA,133,444
270808,KARNATAKA,134,563
270808,KARNATAKA,135,106
270808,KARNATAKA,136,230
270808,KARNATAKA,137,152
270808,KARNATAKA,138,177
270808,KARNATAKA,139,469
270808,KARNATAKA,140,83
270808,KARNATAKA,141,136
270808,KARNATAKA,142,135
270808,KARNATAKA,143,476
270808,KARNATAKA,144,211
270808,KARNATAKA,145,60
270808,KARNATAKA,146,139
270808,KARNATAKA,147,408
270808,KARNATAKA,148,55
270808,KARNATAKA,149,227
270808,KARNATAKA,150,17
270808,KARNATAKA,151,56
270808,KARNATAKA,152,95
270808,KARNATAKA,153,349
270808,KARNATAKA,154,117
270808,KARNATAKA,155,630
270808,KARNATAKA,156,55
270808,KARNATAKA,157,37
270808,KARNATAKA,158,90
270808,KARNATAKA,39,160
270808,KARNATAKA,163,161
270808,KARNATAKA,254,162
270808,KARNATAKA,204,163
270808,KARNATAKA,290,164
270808,KARNATAKA,75,165
270808,KARNATAKA,282,166
270808,KARNATAKA,331,167
270808,KARNATAKA,110,168
270808,KARNATAKA,553,169
270808,KARNATAKA,388,170
270808,KARNATAKA,120,171
270808,KARNATAKA,163,172
270808,KARNATAKA,201,173
270808,KARNATAKA,196,174
270808,KARNATAKA,149,175
270808,KARNATAKA,394,176
270808,KARNATAKA,120,177
270808,KARNATAKA,172,178
270808,KARNATAKA,381,179
270808,KARNATAKA,169,180
270808,KARNATAKA,181,132
270808,KARNATAKA,182,100
270808,KARNATAKA,183,292
270808,KARNATAKA,184,303
270808,KARNATAKA,185,103
270808,KARNATAKA,186,323
270808,KARNATAKA,187,124
270808,KARNATAKA,188,705
270808,KARNATAKA,189,14
270808,KARNATAKA,190,78
270808,KARNATAKA,191,164
270808,KARNATAKA,192,187
270808,KARNATAKA,193,48
270808,KARNATAKA,194,236
270808,KARNATAKA,195,410
270808,KARNATAKA,196,195
270808,KARNATAKA,197,325
270808,KARNATAKA,198,77
270808,KARNATAKA,199,40
270808,KARNATAKA,200,109
270808,KARNATAKA,201,487
270808,KARNATAKA,202,115
270808,KARNATAKA,203,342
270808,KARNATAKA,204,140
270808,KARNATAKA,205,169
270808,KARNATAKA,206,513
270808,KARNATAKA,207,245
270808,KARNATAKA,208,125
270808,KARNATAKA,209,48
270808,KARNATAKA,210,135
270808,KARNATAKA,211,515
270808,KARNATAKA,212,214
270808,KARNATAKA,213,112
270808,KARNATAKA,214,434
270808,KARNATAKA,215,346
270808,KARNATAKA,216,299
270808,KARNATAKA,217,112
270808,KARNATAKA,218,254
270808,KARNATAKA,219,172
270808,KARNATAKA,220,118
270808,KARNATAKA,221,125
270808,KARNATAKA,222,125
270808,KARNATAKA,223,79
270808,KARNATAKA,224,180
270808,KARNATAKA,225,28
270808,KARNATAKA,226,36
270808,KARNATAKA,227,265
270808,KARNATAKA,228,155
270808,KARNATAKA,229,503
270808,KARNATAKA,230,78
270808,KARNATAKA,231,141
270808,KARNATAKA,232,119
270808,KARNATAKA,233,388
270808,KARNATAKA,234,142
270808,KARNATAKA,235,113
270808,KARNATAKA,236,150
270808,KARNATAKA,237,135
270808,KARNATAKA,238,210
270808,KARNATAKA,239,440
270808,KARNATAKA,240,97
270808,KARNATAKA,241,225
270808,KARNATAKA,242,177
270808,KARNATAKA,243,189
270808,KARNATAKA,244,80
270808,KARNATAKA,245,496
270808,KARNATAKA,246,358
270808,KARNATAKA,247,148
270808,KARNATAKA,248,80
270808,KARNATAKA,249,411
270808,KARNATAKA,250,129
270808,KARNATAKA,251,397
270808,KARNATAKA,252,47
270808,KARNATAKA,253,103
270808,KARNATAKA,254,402
270808,KARNATAKA,255,48
270808,KARNATAKA,256,208
270808,KARNATAKA,257,111
270808,KARNATAKA,258,50
270808,KARNATAKA,259,268
270808,KARNATAKA,260,299
270808,KARNATAKA,261,114
270808,KARNATAKA,262,231
270808,KARNATAKA,263,60
270808,KARNATAKA,264,104
270808,KARNATAKA,265,340
270808,KARNATAKA,266,163
270808,KARNATAKA,267,216
270808,KARNATAKA,268,398
270808,KARNATAKA,269,158
270808,KARNATAKA,270,211
270808,KARNATAKA,271,115
270808,KARNATAKA,272,89
270808,KARNATAKA,273,124
270808,KARNATAKA,274,110
270808,KARNATAKA,275,35
270808,KARNATAKA,276,370
270808,KARNATAKA,277,320
270808,KARNATAKA,278,100
270808,KARNATAKA,279,263
270808,KARNATAKA,280,242
270808,KARNATAKA,281,145
270808,KARNATAKA,282,145
270808,KARNATAKA,283,125
270808,KARNATAKA,284,411
270808,KARNATAKA,285,125
270808,KARNATAKA,286,272
270808,KARNATAKA,287,631
270808,KARNATAKA,288,70
270808,KARNATAKA,289,125
270808,KARNATAKA,290,110
270808,KARNATAKA,291,45
270808,KARNATAKA,292,141
270808,KARNATAKA,293,65
270808,KARNATAKA,294,509
270808,KARNATAKA,295,140
270808,KARNATAKA,296,110
270808,KARNATAKA,297,508
270808,KARNATAKA,298,320
270808,KARNATAKA,299,136
270808,KARNATAKA,300,245
270808,KARNATAKA,301,85
270808,KARNATAKA,302,125
270808,KARNATAKA,303,80
270808,KARNATAKA,304,48
270808,KARNATAKA,305,305
270808,KARNATAKA,306,204
270808,KARNATAKA,307,141
270808,KARNATAKA,308,130
270808,KARNATAKA,309,276
270808,KARNATAKA,310,304
270808,KARNATAKA,311,516
270808,KARNATAKA,312,100
270808,KARNATAKA,313,85
270808,KARNATAKA,314,127
270808,KARNATAKA,315,69
270808,KARNATAKA,316,67
270808,KARNATAKA,317,124
270808,KARNATAKA,318,384
270808,KARNATAKA,319,247
270808,KARNATAKA,320,605
270808,KARNATAKA,321,267
270808,KARNATAKA,322,79
270808,KARNATAKA,323,128
270808,KARNATAKA,324,296
270808,KARNATAKA,325,201
270808,KARNATAKA,326,145
270808,KARNATAKA,327,210
270808,KARNATAKA,328,65
270808,KARNATAKA,329,149
270808,KARNATAKA,330,313
270808,KARNATAKA,331,127
270808,KARNATAKA,332,146
270808,KARNATAKA,333,201
270808,KARNATAKA,334,239
270808,KARNATAKA,335,108
270808,KARNATAKA,336,145
270808,KARNATAKA,15,338
270808,KARNATAKA,157,339
270808,KARNATAKA,210,340
270808,KARNATAKA,182,341
270808,KARNATAKA,131,342
270808,KARNATAKA,318,343
270808,KARNATAKA,545,344
270808,KARNATAKA,229,345
270808,KARNATAKA,318,346
270808,KARNATAKA,124,347
270808,KARNATAKA,182,348
270808,KARNATAKA,393,349
270808,KARNATAKA,105,350
270808,KARNATAKA,577,351
270808,KARNATAKA,230,352
270808,KARNATAKA,506,353
270808,KARNATAKA,665,354
270808,KARNATAKA,376,355
270808,KARNATAKA,561,356
270808,KARNATAKA,36,357
270808,KARNATAKA,85,358
270808,KARNATAKA,151,359
270808,KARNATAKA,474,360
270808,KARNATAKA,361,146
270808,KARNATAKA,362,121
270808,KARNATAKA,363,331
270808,KARNATAKA,364,602
270808,KARNATAKA,365,20
270808,KARNATAKA,366,485
270808,KARNATAKA,367,219
270808,KARNATAKA,368,73
270808,KARNATAKA,369,430
270808,KARNATAKA,370,80
270808,KARNATAKA,371,100
270808,KARNATAKA,372,280
270808,KARNATAKA,373,161
270808,KARNATAKA,374,72
270808,KARNATAKA,375,169
270808,KARNATAKA,376,224
270808,KARNATAKA,377,102
270808,KARNATAKA,378,151
270808,KARNATAKA,379,116
270808,KARNATAKA,380,144
270808,KARNATAKA,381,33
270808,KARNATAKA,382,131
270808,KARNATAKA,383,70
270808,KARNATAKA,384,135
270808,KARNATAKA,385,125
270808,KARNATAKA,386,320
270808,KARNATAKA,387,111
270808,KARNATAKA,388,120
270808,KARNATAKA,389,173
270808,KARNATAKA,390,59
270808,KARNATAKA,391,60
270808,KARNATAKA,392,160
270808,KARNATAKA,393,80
270808,KARNATAKA,394,45
270808,KARNATAKA,395,61
270808,KARNATAKA,396,232
270808,KARNATAKA,397,280
270808,KARNATAKA,398,190
270808,KARNATAKA,399,70
270808,KARNATAKA,400,105
270808,KARNATAKA,401,139
270808,KARNATAKA,402,6
270808,KARNATAKA,403,144
270808,KARNATAKA,404,449
270808,KARNATAKA,405,148
270808,KARNATAKA,406,382
270808,KARNATAKA,407,340
270808,KARNATAKA,408,312
270808,KARNATAKA,409,132
270808,KARNATAKA,410,381
270808,KARNATAKA,411,318
270808,KARNATAKA,412,89
270808,KARNATAKA,413,392
270808,KARNATAKA,414,602
270808,KARNATAKA,415,150
270808,KARNATAKA,416,95
270808,KARNATAKA,417,39
270808,KARNATAKA,418,352
270808,KARNATAKA,419,80
270808,KARNATAKA,420,388
270808,KARNATAKA,421,118
270808,KARNATAKA,422,107
270808,KARNATAKA,423,188
270808,KARNATAKA,424,141
270808,KARNATAKA,425,199
270808,KARNATAKA,426,61
270808,KARNATAKA,427,266
270808,KARNATAKA,428,132
270808,KARNATAKA,429,15
270808,KARNATAKA,430,63
270808,KARNATAKA,431,374
270808,KARNATAKA,432,156
270808,KARNATAKA,433,184
270808,KARNATAKA,434,26
270808,KARNATAKA,435,175
270808,KARNATAKA,436,107
270808,KARNATAKA,437,158
270808,KARNATAKA,438,188
270808,KARNATAKA,439,145
270808,KARNATAKA,440,359
270808,KARNATAKA,441,167
270808,KARNATAKA,442,29
270808,KARNATAKA,443,350
270808,KARNATAKA,444,109
270808,KARNATAKA,445,521
270808,KARNATAKA,446,185
270808,KARNATAKA,447,219
270808,KARNATAKA,448,341
270808,KARNATAKA,449,212
270808,KARNATAKA,450,158
270808,KARNATAKA,451,309
270808,KARNATAKA,452,245
270808,KARNATAKA,453,211
270808,KARNATAKA,454,60
270808,KARNATAKA,455,153
270808,KARNATAKA,456,337
270808,KARNATAKA,457,91
270808,KARNATAKA,458,116
270808,KARNATAKA,459,77
270808,KARNATAKA,460,312
270808,KARNATAKA,461,245
270808,KARNATAKA,462,119
270808,KARNATAKA,463,158
270808,KARNATAKA,464,308
