Center Number,State Name,Srl No,Marks
271243,KARNATAKA,1,47
271243,KARNATAKA,2,250
271243,KARNATAKA,3,517
271243,KARNATAKA,4,563
271243,KARNATAKA,5,589
271243,KARNATAKA,6,82
271243,KARNATAKA,7,271
271243,KARNATAKA,8,527
271243,KARNATAKA,9,606
271243,KARNATAKA,10,258
271243,KARNATAKA,11,125
271243,KARNATAKA,12,550
271243,KARNATAKA,13,240
271243,KARNATAKA,14,125
271243,KARNATAKA,15,399
271243,KARNATAKA,16,465
271243,KARNATAKA,17,91
271243,KARNATAKA,18,280
271243,KARNATAKA,19,430
271243,KARNATAKA,20,200
271243,KARNATAKA,21,154
271243,KARNATAKA,22,199
271243,KARNATAKA,23,64
271243,KARNATAKA,24,132
271243,KARNATAKA,25,454
271243,KARNATAKA,26,179
271243,KARNATAKA,27,661
271243,KARNATAKA,28,374
271243,KARNATAKA,29,568
271243,KARNATAKA,30,84
271243,KARNATAKA,31,354
271243,KARNATAKA,32,165
271243,KARNATAKA,33,478
271243,KARNATAKA,34,690
271243,KARNATAKA,35,324
271243,KARNATAKA,36,522
271243,KARNATAKA,37,142
271243,KARNATAKA,38,558
271243,KARNATAKA,39,249
271243,KARNATAKA,40,305
271243,KARNATAKA,41,75
271243,KARNATAKA,42,564
271243,KARNATAKA,43,77
271243,KARNATAKA,44,183
271243,KARNATAKA,45,358
271243,KARNATAKA,46,340
271243,KARNATAKA,47,141
271243,KARNATAKA,48,450
271243,KARNATAKA,49,115
271243,KARNATAKA,50,499
271243,KARNATAKA,51,70
271243,KARNATAKA,52,93
271243,KARNATAKA,53,69
271243,KARNATAKA,54,178
271243,KARNATAKA,55,234
271243,KARNATAKA,56,547
271243,KARNATAKA,57,256
271243,KARNATAKA,58,246
271243,KARNATAKA,59,53
271243,KARNATAKA,60,297
271243,KARNATAKA,61,87
271243,KARNATAKA,62,140
271243,KARNATAKA,63,266
271243,KARNATAKA,64,324
271243,KARNATAKA,65,144
271243,KARNATAKA,66,192
271243,KARNATAKA,67,23
271243,KARNATAKA,68,113
271243,KARNATAKA,69,650
271243,KARNATAKA,70,166
271243,KARNATAKA,71,98
271243,KARNATAKA,72,360
271243,KARNATAKA,73,504
271243,KARNATAKA,74,186
271243,KARNATAKA,75,133
271243,KARNATAKA,76,430
271243,KARNATAKA,77,429
271243,KARNATAKA,78,110
271243,KARNATAKA,79,203
271243,KARNATAKA,80,224
271243,KARNATAKA,81,203
271243,KARNATAKA,82,660
271243,KARNATAKA,83,355
271243,KARNATAKA,84,92
271243,KARNATAKA,85,90
271243,KARNATAKA,86,103
271243,KARNATAKA,87,357
271243,KARNATAKA,88,61
271243,KARNATAKA,89,373
271243,KARNATAKA,90,109
271243,KARNATAKA,91,331
271243,KARNATAKA,92,589
271243,KARNATAKA,93,628
271243,KARNATAKA,94,309
271243,KARNATAKA,95,347
271243,KARNATAKA,5,97
271243,KARNATAKA,286,98
271243,KARNATAKA,383,99
271243,KARNATAKA,154,100
271243,KARNATAKA,503,101
271243,KARNATAKA,197,102
271243,KARNATAKA,482,103
271243,KARNATAKA,309,104
271243,KARNATAKA,121,105
271243,KARNATAKA,231,106
271243,KARNATAKA,106,107
271243,KARNATAKA,40,108
271243,KARNATAKA,497,109
271243,KARNATAKA,468,110
271243,KARNATAKA,382,111
271243,KARNATAKA,661,112
271243,KARNATAKA,216,113
271243,KARNATAKA,211,114
271243,KARNATAKA,164,115
271243,KARNATAKA,298,116
271243,KARNATAKA,537,117
271243,KARNATAKA,209,118
271243,KARNATAKA,90,119
271243,KARNATAKA,224,120
271243,KARNATAKA,121,76
271243,KARNATAKA,122,147
271243,KARNATAKA,123,211
271243,KARNATAKA,124,168
271243,KARNATAKA,125,135
271243,KARNATAKA,126,126
271243,KARNATAKA,127,121
271243,KARNATAKA,128,314
271243,KARNATAKA,129,261
271243,KARNATAKA,130,309
271243,KARNATAKA,131,145
271243,KARNATAKA,132,345
271243,KARNATAKA,133,328
271243,KARNATAKA,134,541
271243,KARNATAKA,135,255
271243,KARNATAKA,136,250
271243,KARNATAKA,137,507
271243,KARNATAKA,138,640
271243,KARNATAKA,139,232
271243,KARNATAKA,140,455
271243,KARNATAKA,141,125
271243,KARNATAKA,142,421
271243,KARNATAKA,143,109
271243,KARNATAKA,144,191
271243,KARNATAKA,145,254
271243,KARNATAKA,146,140
271243,KARNATAKA,147,219
271243,KARNATAKA,148,133
271243,KARNATAKA,149,236
271243,KARNATAKA,150,90
271243,KARNATAKA,151,508
271243,KARNATAKA,152,74
271243,KARNATAKA,153,201
271243,KARNATAKA,154,257
271243,KARNATAKA,155,220
271243,KARNATAKA,156,151
271243,KARNATAKA,157,148
271243,KARNATAKA,158,628
271243,KARNATAKA,159,524
271243,KARNATAKA,160,346
271243,KARNATAKA,161,29
271243,KARNATAKA,162,197
271243,KARNATAKA,163,391
271243,KARNATAKA,164,234
271243,KARNATAKA,165,26
271243,KARNATAKA,166,92
271243,KARNATAKA,167,136
271243,KARNATAKA,168,94
271243,KARNATAKA,169,545
271243,KARNATAKA,170,228
271243,KARNATAKA,171,156
271243,KARNATAKA,172,197
271243,KARNATAKA,173,255
271243,KARNATAKA,174,459
271243,KARNATAKA,175,214
271243,KARNATAKA,176,120
271243,KARNATAKA,177,364
271243,KARNATAKA,178,85
271243,KARNATAKA,179,384
271243,KARNATAKA,180,197
271243,KARNATAKA,181,85
271243,KARNATAKA,182,356
271243,KARNATAKA,183,285
271243,KARNATAKA,184,672
271243,KARNATAKA,185,350
271243,KARNATAKA,186,230
271243,KARNATAKA,187,381
271243,KARNATAKA,188,263
271243,KARNATAKA,189,415
271243,KARNATAKA,190,179
271243,KARNATAKA,191,236
271243,KARNATAKA,192,175
271243,KARNATAKA,193,50
271243,KARNATAKA,194,521
271243,KARNATAKA,195,286
271243,KARNATAKA,196,282
271243,KARNATAKA,197,87
271243,KARNATAKA,198,587
271243,KARNATAKA,199,173
271243,KARNATAKA,200,225
271243,KARNATAKA,201,134
271243,KARNATAKA,202,621
271243,KARNATAKA,203,260
271243,KARNATAKA,204,206
271243,KARNATAKA,205,396
271243,KARNATAKA,206,297
271243,KARNATAKA,207,484
271243,KARNATAKA,208,239
271243,KARNATAKA,209,252
271243,KARNATAKA,210,348
271243,KARNATAKA,211,204
271243,KARNATAKA,212,427
271243,KARNATAKA,213,56
271243,KARNATAKA,214,99
271243,KARNATAKA,215,143
271243,KARNATAKA,216,578
271243,KARNATAKA,217,460
271243,KARNATAKA,218,141
271243,KARNATAKA,219,125
271243,KARNATAKA,220,301
271243,KARNATAKA,221,603
271243,KARNATAKA,222,287
271243,KARNATAKA,223,130
271243,KARNATAKA,224,155
271243,KARNATAKA,225,150
271243,KARNATAKA,226,265
271243,KARNATAKA,227,397
271243,KARNATAKA,228,81
271243,KARNATAKA,229,230
271243,KARNATAKA,230,321
271243,KARNATAKA,231,75
271243,KARNATAKA,232,93
271243,KARNATAKA,233,528
271243,KARNATAKA,234,567
271243,KARNATAKA,235,644
271243,KARNATAKA,236,466
271243,KARNATAKA,237,610
271243,KARNATAKA,238,156
271243,KARNATAKA,239,530
271243,KARNATAKA,240,148
271243,KARNATAKA,241,146
271243,KARNATAKA,242,189
271243,KARNATAKA,243,556
271243,KARNATAKA,244,352
271243,KARNATAKA,245,150
271243,KARNATAKA,246,95
271243,KARNATAKA,247,502
271243,KARNATAKA,248,535
271243,KARNATAKA,249,133
271243,KARNATAKA,250,676
271243,KARNATAKA,251,274
271243,KARNATAKA,252,173
271243,KARNATAKA,253,204
271243,KARNATAKA,254,223
271243,KARNATAKA,255,112
271243,KARNATAKA,256,112
271243,KARNATAKA,257,185
271243,KARNATAKA,258,145
271243,KARNATAKA,259,39
271243,KARNATAKA,260,503
271243,KARNATAKA,261,232
271243,KARNATAKA,262,468
271243,KARNATAKA,263,473
271243,KARNATAKA,264,220
271243,KARNATAKA,265,132
271243,KARNATAKA,266,175
271243,KARNATAKA,267,521
271243,KARNATAKA,268,184
271243,KARNATAKA,269,335
271243,KARNATAKA,270,159
271243,KARNATAKA,271,171
271243,KARNATAKA,272,264
271243,KARNATAKA,273,509
271243,KARNATAKA,274,153
271243,KARNATAKA,275,473
271243,KARNATAKA,276,110
271243,KARNATAKA,277,162
271243,KARNATAKA,278,473
271243,KARNATAKA,279,359
271243,KARNATAKA,280,126
271243,KARNATAKA,281,402
271243,KARNATAKA,282,80
271243,KARNATAKA,283,81
271243,KARNATAKA,284,559
271243,KARNATAKA,285,114
271243,KARNATAKA,286,150
271243,KARNATAKA,287,275
271243,KARNATAKA,288,588
271243,KARNATAKA,289,118
271243,KARNATAKA,290,6
271243,KARNATAKA,291,630
271243,KARNATAKA,292,189
271243,KARNATAKA,293,160
271243,KARNATAKA,294,82
271243,KARNATAKA,295,232
271243,KARNATAKA,296,610
271243,KARNATAKA,297,41
271243,KARNATAKA,298,655
271243,KARNATAKA,299,360
271243,KARNATAKA,300,267
271243,KARNATAKA,301,108
271243,KARNATAKA,302,375
271243,KARNATAKA,303,56
271243,KARNATAKA,304,130
271243,KARNATAKA,305,655
271243,KARNATAKA,306,105
271243,KARNATAKA,307,349
271243,KARNATAKA,308,425
271243,KARNATAKA,309,95
271243,KARNATAKA,310,110
271243,KARNATAKA,311,380
271243,KARNATAKA,312,165
271243,KARNATAKA,313,366
271243,KARNATAKA,314,608
271243,KARNATAKA,315,515
271243,KARNATAKA,316,209
271243,KARNATAKA,317,537
271243,KARNATAKA,318,636
271243,KARNATAKA,319,562
271243,KARNATAKA,320,271
271243,KARNATAKA,321,297
271243,KARNATAKA,322,159
271243,KARNATAKA,323,121
