Center Number,State Name,Srl No,Marks
271902,KARNATAKA,1,90
271902,KARNATAKA,2,35
271902,KARNATAKA,3,320
271902,KARNATAKA,4,66
271902,KARNATAKA,5,106
271902,KARNATAKA,6,96
271902,KARNATAKA,7,110
271902,KARNATAKA,8,90
271902,KARNATAKA,9,99
271902,KARNATAKA,10,79
271902,KARNATAKA,11,183
271902,KARNATAKA,12,210
271902,KARNATAKA,13,107
271902,KARNATAKA,14,75
271902,KARNATAKA,15,55
271902,KARNATAKA,16,181
271902,KARNATAKA,17,110
271902,KARNATAKA,18,118
271902,KARNATAKA,19,305
271902,KARNATAKA,20,55
271902,KARNATAKA,21,113
271902,KARNATAKA,22,136
271902,KARNATAKA,23,8
271902,KARNATAKA,24,88
271902,KARNATAKA,25,98
271902,KARNATAKA,26,93
271902,KARNATAKA,27,371
271902,KARNATAKA,28,105
271902,KARNATAKA,29,171
271902,KARNATAKA,30,299
271902,KARNATAKA,31,180
271902,KARNATAKA,32,40
271902,KARNATAKA,33,129
271902,KARNATAKA,34,113
271902,KARNATAKA,35,106
271902,KARNATAKA,36,438
271902,KARNATAKA,37,484
271902,KARNATAKA,38,112
271902,KARNATAKA,39,95
271902,KARNATAKA,40,97
271902,KARNATAKA,41,189
271902,KARNATAKA,42,354
271902,KARNATAKA,43,87
271902,KARNATAKA,44,559
271902,KARNATAKA,45,147
271902,KARNATAKA,46,222
271902,KARNATAKA,47,130
271902,KARNATAKA,48,565
271902,KARNATAKA,49,35
271902,KARNATAKA,50,64
271902,KARNATAKA,51,302
271902,KARNATAKA,52,31
271902,KARNATAKA,53,46
271902,KARNATAKA,54,176
271902,KARNATAKA,55,22
271902,KARNATAKA,56,220
271902,KARNATAKA,57,20
271902,KARNATAKA,58,144
271902,KARNATAKA,59,483
271902,KARNATAKA,60,508
271902,KARNATAKA,61,375
271902,KARNATAKA,62,101
271902,KARNATAKA,63,78
271902,KARNATAKA,64,516
271902,KARNATAKA,65,479
271902,KARNATAKA,66,36
271902,KARNATAKA,67,122
271902,KARNATAKA,68,245
271902,KARNATAKA,69,148
271902,KARNATAKA,70,153
271902,KARNATAKA,71,137
271902,KARNATAKA,72,79
271902,KARNATAKA,73,180
271902,KARNATAKA,74,141
271902,KARNATAKA,75,70
271902,KARNATAKA,76,35
271902,KARNATAKA,77,115
271902,KARNATAKA,78,101
271902,KARNATAKA,79,97
271902,KARNATAKA,80,43
271902,KARNATAKA,81,265
271902,KARNATAKA,82,423
271902,KARNATAKA,83,277
271902,KARNATAKA,84,120
271902,KARNATAKA,85,48
271902,KARNATAKA,86,215
271902,KARNATAKA,87,44
271902,KARNATAKA,88,73
271902,KARNATAKA,89,451
271902,KARNATAKA,90,74
271902,KARNATAKA,91,196
271902,KARNATAKA,92,57
271902,KARNATAKA,93,232
271902,KARNATAKA,94,17
271902,KARNATAKA,95,409
271902,KARNATAKA,96,203
271902,KARNATAKA,97,96
271902,KARNATAKA,98,264
271902,KARNATAKA,99,134
271902,KARNATAKA,100,288
271902,KARNATAKA,101,343
271902,KARNATAKA,102,345
271902,KARNATAKA,103,125
271902,KARNATAKA,104,319
271902,KARNATAKA,105,125
271902,KARNATAKA,106,260
271902,KARNATAKA,107,538
271902,KARNATAKA,108,77
271902,KARNATAKA,109,128
271902,KARNATAKA,110,195
271902,KARNATAKA,111,479
271902,KARNATAKA,112,115
271902,KARNATAKA,113,163
271902,KARNATAKA,114,476
271902,KARNATAKA,115,379
271902,KARNATAKA,116,412
271902,KARNATAKA,117,150
271902,KARNATAKA,118,60
271902,KARNATAKA,119,134
271902,KARNATAKA,120,73
271902,KARNATAKA,121,493
271902,KARNATAKA,122,137
271902,KARNATAKA,123,175
271902,KARNATAKA,124,138
271902,KARNATAKA,125,183
271902,KARNATAKA,126,145
271902,KARNATAKA,127,285
271902,KARNATAKA,128,155
271902,KARNATAKA,129,125
271902,KARNATAKA,130,102
271902,KARNATAKA,131,74
271902,KARNATAKA,132,276
271902,KARNATAKA,133,487
271902,KARNATAKA,134,52
271902,KARNATAKA,135,570
271902,KARNATAKA,136,40
271902,KARNATAKA,137,49
271902,KARNATAKA,138,144
271902,KARNATAKA,139,75
271902,KARNATAKA,140,31
271902,KARNATAKA,141,20
271902,KARNATAKA,142,77
271902,KARNATAKA,143,26
271902,KARNATAKA,144,32
271902,KARNATAKA,145,194
271902,KARNATAKA,146,93
271902,KARNATAKA,147,285
271902,KARNATAKA,148,237
271902,KARNATAKA,149,695
271902,KARNATAKA,150,83
271902,KARNATAKA,151,122
271902,KARNATAKA,152,217
271902,KARNATAKA,153,64
271902,KARNATAKA,154,589
271902,KARNATAKA,155,187
271902,KARNATAKA,156,244
271902,KARNATAKA,157,70
271902,KARNATAKA,158,19
271902,KARNATAKA,159,273
271902,KARNATAKA,160,265
271902,KARNATAKA,161,300
271902,KARNATAKA,162,71
271902,KARNATAKA,163,432
271902,KARNATAKA,164,298
271902,KARNATAKA,165,59
271902,KARNATAKA,166,539
271902,KARNATAKA,167,396
271902,KARNATAKA,168,158
271902,KARNATAKA,169,661
271902,KARNATAKA,170,593
271902,KARNATAKA,171,154
271902,KARNATAKA,172,100
271902,KARNATAKA,173,261
271902,KARNATAKA,7,175
271902,KARNATAKA,556,176
271902,KARNATAKA,159,177
271902,KARNATAKA,480,178
271902,KARNATAKA,130,179
271902,KARNATAKA,140,180
271902,KARNATAKA,181,65
271902,KARNATAKA,182,145
271902,KARNATAKA,183,200
271902,KARNATAKA,184,53
271902,KARNATAKA,185,29
271902,KARNATAKA,186,150
271902,KARNATAKA,187,193
271902,KARNATAKA,188,64
271902,KARNATAKA,189,260
271902,KARNATAKA,190,115
271902,KARNATAKA,191,179
271902,KARNATAKA,192,244
271902,KARNATAKA,193,165
271902,KARNATAKA,194,91
271902,KARNATAKA,195,272
271902,KARNATAKA,196,57
271902,KARNATAKA,197,287
271902,KARNATAKA,198,106
271902,KARNATAKA,199,567
271902,KARNATAKA,200,558
271902,KARNATAKA,201,195
271902,KARNATAKA,202,621
271902,KARNATAKA,203,190
271902,KARNATAKA,204,212
271902,KARNATAKA,205,65
271902,KARNATAKA,206,189
271902,KARNATAKA,207,190
271902,KARNATAKA,208,250
271902,KARNATAKA,209,140
271902,KARNATAKA,210,105
271902,KARNATAKA,211,286
271902,KARNATAKA,212,613
271902,KARNATAKA,213,430
271902,KARNATAKA,214,64
271902,KARNATAKA,215,83
271902,KARNATAKA,216,120
271902,KARNATAKA,217,575
271902,KARNATAKA,218,25
271902,KARNATAKA,219,91
271902,KARNATAKA,220,542
271902,KARNATAKA,221,406
271902,KARNATAKA,222,265
271902,KARNATAKA,223,101
271902,KARNATAKA,224,70
271902,KARNATAKA,225,685
271902,KARNATAKA,226,69
271902,KARNATAKA,227,28
271902,KARNATAKA,228,141
271902,KARNATAKA,229,43
271902,KARNATAKA,230,94
271902,KARNATAKA,231,99
271902,KARNATAKA,232,380
271902,KARNATAKA,233,110
271902,KARNATAKA,234,129
271902,KARNATAKA,235,668
271902,KARNATAKA,236,119
271902,KARNATAKA,237,411
271902,KARNATAKA,238,660
271902,KARNATAKA,239,301
271902,KARNATAKA,240,38
271902,KARNATAKA,241,313
271902,KARNATAKA,242,139
271902,KARNATAKA,243,299
271902,KARNATAKA,244,202
271902,KARNATAKA,245,100
271902,KARNATAKA,246,321
271902,KARNATAKA,247,95
271902,KARNATAKA,248,298
271902,KARNATAKA,249,115
271902,KARNATAKA,250,99
271902,KARNATAKA,251,45
271902,KARNATAKA,252,194
271902,KARNATAKA,253,175
271902,KARNATAKA,254,107
271902,KARNATAKA,255,80
271902,KARNATAKA,256,242
271902,KARNATAKA,257,75
271902,KARNATAKA,258,211
271902,KARNATAKA,259,110
271902,KARNATAKA,260,367
271902,KARNATAKA,261,189
271902,KARNATAKA,262,461
271902,KARNATAKA,263,145
271902,KARNATAKA,264,120
271902,KARNATAKA,265,130
271902,KARNATAKA,266,25
271902,KARNATAKA,267,540
271902,KARNATAKA,268,567
271902,KARNATAKA,269,249
271902,KARNATAKA,270,117
271902,KARNATAKA,271,114
271902,KARNATAKA,272,186
271902,KARNATAKA,273,620
271902,KARNATAKA,274,135
271902,KARNATAKA,275,24
271902,KARNATAKA,276,30
271902,KARNATAKA,277,114
271902,KARNATAKA,278,585
271902,KARNATAKA,279,155
271902,KARNATAKA,280,206
271902,KARNATAKA,281,292
271902,KARNATAKA,282,336
271902,KARNATAKA,283,389
271902,KARNATAKA,284,321
271902,KARNATAKA,285,163
271902,KARNATAKA,286,95
271902,KARNATAKA,287,72
271902,KARNATAKA,288,87
271902,KARNATAKA,289,71
271902,KARNATAKA,290,100
271902,KARNATAKA,291,340
271902,KARNATAKA,292,442
271902,KARNATAKA,293,101
271902,KARNATAKA,294,394
271902,KARNATAKA,295,166
271902,KARNATAKA,296,165
271902,KARNATAKA,297,157
271902,KARNATAKA,298,75
271902,KARNATAKA,299,166
271902,KARNATAKA,300,188
271902,KARNATAKA,301,431
271902,KARNATAKA,302,125
271902,KARNATAKA,303,76
271902,KARNATAKA,304,143
271902,KARNATAKA,305,299
271902,KARNATAKA,306,420
271902,KARNATAKA,307,270
271902,KARNATAKA,308,180
271902,KARNATAKA,309,239
271902,KARNATAKA,310,95
271902,KARNATAKA,311,135
271902,KARNATAKA,312,140
271902,KARNATAKA,313,216
271902,KARNATAKA,314,61
271902,KARNATAKA,315,253
271902,KARNATAKA,316,89
271902,KARNATAKA,317,80
271902,KARNATAKA,318,92
271902,KARNATAKA,319,140
271902,KARNATAKA,320,225
271902,KARNATAKA,321,156
271902,KARNATAKA,322,363
271902,KARNATAKA,323,650
271902,KARNATAKA,324,350
271902,KARNATAKA,325,434
271902,KARNATAKA,326,543
271902,KARNATAKA,327,366
271902,KARNATAKA,328,354
271902,KARNATAKA,329,246
271902,KARNATAKA,330,106
271902,KARNATAKA,331,98
271902,KARNATAKA,332,54
271902,KARNATAKA,333,159
271902,KARNATAKA,334,333
271902,KARNATAKA,335,127
271902,KARNATAKA,336,546
271902,KARNATAKA,337,50
271902,KARNATAKA,338,28
271902,KARNATAKA,339,215
271902,KARNATAKA,340,45
271902,KARNATAKA,341,86
271902,KARNATAKA,342,622
271902,KARNATAKA,343,198
271902,KARNATAKA,344,75
271902,KARNATAKA,345,239
271902,KARNATAKA,346,215
271902,KARNATAKA,347,205
271902,KARNATAKA,348,373
271902,KARNATAKA,349,256
271902,KARNATAKA,350,172
271902,KARNATAKA,351,107
271902,KARNATAKA,352,507
271902,KARNATAKA,353,270
271902,KARNATAKA,354,149
271902,KARNATAKA,355,559
271902,KARNATAKA,356,353
271902,KARNATAKA,357,133
271902,KARNATAKA,358,255
271902,KARNATAKA,359,52
271902,KARNATAKA,360,245
271902,KARNATAKA,361,205
271902,KARNATAKA,362,185
271902,KARNATAKA,363,150
271902,KARNATAKA,364,108
271902,KARNATAKA,365,170
271902,KARNATAKA,366,134
271902,KARNATAKA,367,115
271902,KARNATAKA,368,84
271902,KARNATAKA,369,176
271902,KARNATAKA,370,61
271902,KARNATAKA,371,538
271902,KARNATAKA,372,124
271902,KARNATAKA,373,213
271902,KARNATAKA,374,493
