Center Number,State Name,Srl No,Marks
272004,KARNATAKA,1,103
272004,KARNATAKA,2,80
272004,KARNATAKA,3,44
272004,KARNATAKA,4,147
272004,KARNATAKA,5,277
272004,KARNATAKA,6,174
272004,KARNATAKA,7,93
272004,KARNATAKA,8,70
272004,KARNATAKA,9,150
272004,KARNATAKA,10,80
272004,KARNATAKA,11,55
272004,KARNATAKA,12,290
272004,KARNATAKA,13,563
272004,KARNATAKA,14,49
272004,KARNATAKA,15,135
272004,KARNATAKA,16,128
272004,KARNATAKA,17,71
272004,KARNATAKA,18,256
272004,KARNATAKA,19,407
272004,KARNATAKA,20,72
272004,KARNATAKA,21,115
272004,KARNATAKA,22,150
272004,KARNATAKA,23,77
272004,KARNATAKA,24,105
272004,KARNATAKA,25,156
272004,KARNATAKA,26,61
272004,KARNATAKA,27,116
272004,KARNATAKA,28,444
272004,KARNATAKA,29,25
272004,KARNATAKA,30,59
272004,KARNATAKA,31,144
272004,KARNATAKA,32,94
272004,KARNATAKA,33,143
272004,KARNATAKA,34,167
272004,KARNATAKA,35,57
272004,KARNATAKA,36,102
272004,KARNATAKA,37,157
272004,KARNATAKA,38,72
272004,KARNATAKA,39,185
272004,KARNATAKA,40,114
272004,KARNATAKA,41,70
272004,KARNATAKA,42,88
272004,KARNATAKA,43,56
272004,KARNATAKA,44,95
272004,KARNATAKA,45,130
272004,KARNATAKA,46,73
272004,KARNATAKA,47,120
272004,KARNATAKA,48,64
272004,KARNATAKA,49,60
272004,KARNATAKA,5,51
272004,KARNATAKA,199,52
272004,KARNATAKA,248,53
272004,KARNATAKA,77,54
272004,KARNATAKA,33,55
272004,KARNATAKA,234,56
272004,KARNATAKA,99,57
272004,KARNATAKA,80,58
272004,KARNATAKA,67,59
272004,KARNATAKA,231,60
272004,KARNATAKA,61,511
272004,KARNATAKA,62,367
272004,KARNATAKA,63,69
272004,KARNATAKA,64,41
272004,KARNATAKA,65,63
272004,KARNATAKA,66,134
272004,KARNATAKA,67,90
272004,KARNATAKA,68,143
272004,KARNATAKA,69,77
272004,KARNATAKA,70,194
272004,KARNATAKA,71,115
272004,KARNATAKA,72,68
272004,KARNATAKA,73,75
272004,KARNATAKA,74,199
272004,KARNATAKA,75,77
272004,KARNATAKA,76,298
272004,KARNATAKA,77,44
272004,KARNATAKA,78,100
272004,KARNATAKA,79,90
272004,KARNATAKA,80,183
272004,KARNATAKA,81,65
272004,KARNATAKA,82,30
272004,KARNATAKA,83,121
272004,KARNATAKA,84,78
272004,KARNATAKA,85,160
272004,KARNATAKA,86,163
272004,KARNATAKA,87,98
272004,KARNATAKA,88,40
272004,KARNATAKA,89,211
272004,KARNATAKA,90,5
272004,KARNATAKA,91,135
272004,KARNATAKA,92,203
272004,KARNATAKA,93,80
272004,KARNATAKA,94,162
272004,KARNATAKA,95,346
272004,KARNATAKA,96,115
272004,KARNATAKA,97,140
272004,KARNATAKA,98,33
272004,KARNATAKA,99,65
272004,KARNATAKA,100,577
272004,KARNATAKA,101,74
272004,KARNATAKA,102,461
272004,KARNATAKA,103,107
272004,KARNATAKA,104,222
272004,KARNATAKA,105,42
272004,KARNATAKA,106,112
272004,KARNATAKA,107,96
272004,KARNATAKA,108,115
272004,KARNATAKA,109,181
272004,KARNATAKA,110,490
272004,KARNATAKA,111,10
272004,KARNATAKA,112,125
272004,KARNATAKA,113,39
272004,KARNATAKA,114,384
272004,KARNATAKA,115,40
272004,KARNATAKA,116,95
272004,KARNATAKA,117,5
272004,KARNATAKA,118,128
272004,KARNATAKA,119,129
272004,KARNATAKA,120,389
272004,KARNATAKA,121,424
272004,KARNATAKA,122,372
272004,KARNATAKA,123,106
272004,KARNATAKA,124,266
272004,KARNATAKA,125,224
272004,KARNATAKA,126,200
272004,KARNATAKA,127,113
272004,KARNATAKA,128,9
272004,KARNATAKA,129,105
272004,KARNATAKA,130,358
272004,KARNATAKA,131,141
272004,KARNATAKA,132,128
272004,KARNATAKA,133,111
272004,KARNATAKA,134,75
272004,KARNATAKA,135,80
272004,KARNATAKA,136,150
272004,KARNATAKA,137,93
272004,KARNATAKA,138,80
272004,KARNATAKA,139,180
272004,KARNATAKA,140,121
272004,KARNATAKA,141,149
272004,KARNATAKA,142,125
272004,KARNATAKA,143,69
272004,KARNATAKA,144,443
272004,KARNATAKA,145,131
272004,KARNATAKA,146,81
272004,KARNATAKA,147,85
272004,KARNATAKA,148,25
272004,KARNATAKA,149,153
272004,KARNATAKA,150,31
272004,KARNATAKA,151,47
272004,KARNATAKA,152,69
272004,KARNATAKA,153,118
272004,KARNATAKA,154,111
272004,KARNATAKA,155,75
272004,KARNATAKA,156,114
272004,KARNATAKA,157,239
272004,KARNATAKA,158,414
272004,KARNATAKA,159,326
272004,KARNATAKA,160,577
272004,KARNATAKA,161,197
272004,KARNATAKA,162,165
272004,KARNATAKA,163,87
272004,KARNATAKA,164,299
272004,KARNATAKA,165,156
272004,KARNATAKA,166,60
272004,KARNATAKA,167,164
272004,KARNATAKA,168,110
272004,KARNATAKA,169,145
272004,KARNATAKA,170,370
272004,KARNATAKA,171,136
272004,KARNATAKA,172,145
272004,KARNATAKA,173,365
272004,KARNATAKA,174,269
272004,KARNATAKA,175,50
272004,KARNATAKA,176,60
272004,KARNATAKA,177,55
272004,KARNATAKA,178,82
272004,KARNATAKA,179,75
272004,KARNATAKA,180,488
272004,KARNATAKA,181,91
272004,KARNATAKA,182,60
272004,KARNATAKA,183,145
272004,KARNATAKA,184,67
272004,KARNATAKA,185,130
272004,KARNATAKA,186,298
272004,KARNATAKA,187,190
272004,KARNATAKA,188,13
272004,KARNATAKA,189,59
272004,KARNATAKA,190,508
272004,KARNATAKA,191,156
272004,KARNATAKA,192,140
272004,KARNATAKA,193,150
272004,KARNATAKA,194,238
272004,KARNATAKA,195,243
272004,KARNATAKA,196,80
272004,KARNATAKA,197,189
272004,KARNATAKA,198,75
272004,KARNATAKA,199,41
272004,KARNATAKA,200,298
272004,KARNATAKA,201,135
272004,KARNATAKA,202,95
272004,KARNATAKA,203,75
272004,KARNATAKA,204,223
272004,KARNATAKA,205,389
272004,KARNATAKA,206,106
272004,KARNATAKA,207,170
272004,KARNATAKA,208,318
272004,KARNATAKA,209,328
272004,KARNATAKA,210,566
272004,KARNATAKA,211,663
272004,KARNATAKA,212,143
272004,KARNATAKA,213,362
272004,KARNATAKA,214,96
272004,KARNATAKA,215,431
272004,KARNATAKA,216,168
272004,KARNATAKA,217,205
272004,KARNATAKA,218,61
272004,KARNATAKA,219,92
272004,KARNATAKA,220,174
272004,KARNATAKA,221,255
272004,KARNATAKA,222,35
272004,KARNATAKA,223,70
272004,KARNATAKA,224,157
272004,KARNATAKA,225,424
272004,KARNATAKA,226,276
272004,KARNATAKA,227,135
272004,KARNATAKA,228,84
272004,KARNATAKA,229,15
272004,KARNATAKA,230,313
272004,KARNATAKA,231,34
