Center Number,State Name,Srl No,Marks
272007,KARNATAKA,1,80
272007,KARNATAKA,2,177
272007,KARNATAKA,3,145
272007,KARNATAKA,4,28
272007,KARNATAKA,5,75
272007,KARNATAKA,6,73
272007,KARNATAKA,7,229
272007,KARNATAKA,8,36
272007,KARNATAKA,9,74
272007,KARNATAKA,10,107
272007,KARNATAKA,11,105
272007,KARNATAKA,12,170
272007,KARNATAKA,13,359
272007,KARNATAKA,14,142
272007,KARNATAKA,15,105
272007,KARNATAKA,16,88
272007,KARNATAKA,17,35
272007,KARNATAKA,18,99
272007,KARNATAKA,19,95
272007,KARNATAKA,20,57
272007,KARNATAKA,21,72
272007,KARNATAKA,22,144
272007,KARNATAKA,23,81
272007,KARNATAKA,24,120
272007,KARNATAKA,25,101
272007,KARNATAKA,26,165
272007,KARNATAKA,27,283
272007,KARNATAKA,28,39
272007,KARNATAKA,29,107
272007,KARNATAKA,30,215
272007,KARNATAKA,31,47
272007,KARNATAKA,32,193
272007,KARNATAKA,33,106
272007,KARNATAKA,34,178
272007,KARNATAKA,35,150
272007,KARNATAKA,36,123
272007,KARNATAKA,37,100
272007,KARNATAKA,38,100
272007,KARNATAKA,39,444
272007,KARNATAKA,40,420
272007,KARNATAKA,41,65
272007,KARNATAKA,42,54
272007,KARNATAKA,43,281
272007,KARNATAKA,44,112
272007,KARNATAKA,45,60
272007,KARNATAKA,46,121
272007,KARNATAKA,47,70
272007,KARNATAKA,48,297
272007,KARNATAKA,49,156
272007,KARNATAKA,50,487
272007,KARNATAKA,51,80
272007,KARNATAKA,52,81
272007,KARNATAKA,53,105
272007,KARNATAKA,54,84
272007,KARNATAKA,55,267
272007,KARNATAKA,56,313
272007,KARNATAKA,57,191
272007,KARNATAKA,58,396
272007,KARNATAKA,59,57
272007,KARNATAKA,60,126
272007,KARNATAKA,61,216
272007,KARNATAKA,62,72
272007,KARNATAKA,63,130
272007,KARNATAKA,64,37
272007,KARNATAKA,65,141
272007,KARNATAKA,66,100
272007,KARNATAKA,67,367
272007,KARNATAKA,68,89
272007,KARNATAKA,69,100
272007,KARNATAKA,70,57
272007,KARNATAKA,71,0
272007,KARNATAKA,72,80
272007,KARNATAKA,73,134
272007,KARNATAKA,74,37
272007,KARNATAKA,75,269
272007,KARNATAKA,76,50
272007,KARNATAKA,77,209
272007,KARNATAKA,78,48
272007,KARNATAKA,79,58
272007,KARNATAKA,80,203
272007,KARNATAKA,81,40
272007,KARNATAKA,82,225
272007,KARNATAKA,83,323
272007,KARNATAKA,84,55
272007,KARNATAKA,85,25
272007,KARNATAKA,86,164
272007,KARNATAKA,87,80
272007,KARNATAKA,88,90
272007,KARNATAKA,89,49
272007,KARNATAKA,90,79
272007,KARNATAKA,91,101
272007,KARNATAKA,92,461
272007,KARNATAKA,93,115
272007,KARNATAKA,94,36
272007,KARNATAKA,95,113
272007,KARNATAKA,96,111
272007,KARNATAKA,97,169
272007,KARNATAKA,98,102
272007,KARNATAKA,99,97
272007,KARNATAKA,100,353
272007,KARNATAKA,101,194
272007,KARNATAKA,102,497
272007,KARNATAKA,103,105
272007,KARNATAKA,104,299
272007,KARNATAKA,105,156
272007,KARNATAKA,106,359
272007,KARNATAKA,107,73
272007,KARNATAKA,108,244
272007,KARNATAKA,109,142
272007,KARNATAKA,110,106
272007,KARNATAKA,111,117
272007,KARNATAKA,112,84
272007,KARNATAKA,113,237
272007,KARNATAKA,114,70
272007,KARNATAKA,115,474
272007,KARNATAKA,116,151
272007,KARNATAKA,117,50
272007,KARNATAKA,118,136
272007,KARNATAKA,119,80
272007,KARNATAKA,120,292
272007,KARNATAKA,121,177
272007,KARNATAKA,122,39
272007,KARNATAKA,123,10
272007,KARNATAKA,124,194
272007,KARNATAKA,125,126
272007,KARNATAKA,126,92
272007,KARNATAKA,127,81
272007,KARNATAKA,128,80
272007,KARNATAKA,129,31
272007,KARNATAKA,130,189
272007,KARNATAKA,131,143
272007,KARNATAKA,132,403
272007,KARNATAKA,133,441
272007,KARNATAKA,134,188
272007,KARNATAKA,135,45
272007,KARNATAKA,136,88
272007,KARNATAKA,137,40
272007,KARNATAKA,138,27
272007,KARNATAKA,139,45
272007,KARNATAKA,140,66
272007,KARNATAKA,141,160
272007,KARNATAKA,142,127
272007,KARNATAKA,143,194
272007,KARNATAKA,144,231
272007,KARNATAKA,145,75
272007,KARNATAKA,146,128
272007,KARNATAKA,147,80
272007,KARNATAKA,148,58
272007,KARNATAKA,149,287
272007,KARNATAKA,150,107
272007,KARNATAKA,151,56
272007,KARNATAKA,152,119
272007,KARNATAKA,153,60
272007,KARNATAKA,154,111
272007,KARNATAKA,155,75
272007,KARNATAKA,156,100
272007,KARNATAKA,157,180
272007,KARNATAKA,158,135
272007,KARNATAKA,159,59
272007,KARNATAKA,160,501
272007,KARNATAKA,161,25
272007,KARNATAKA,162,213
272007,KARNATAKA,163,105
