Center Number,State Name,Srl No,Marks
272403,KARNATAKA,583,231
272403,KARNATAKA,1,44
272403,KARNATAKA,2,311
272403,KARNATAKA,3,318
272403,KARNATAKA,4,418
272403,KARNATAKA,5,19
272403,KARNATAKA,6,527
272403,KARNATAKA,7,43
272403,KARNATAKA,8,239
272403,KARNATAKA,9,116
272403,KARNATAKA,10,104
272403,KARNATAKA,11,315
272403,KARNATAKA,12,624
272403,KARNATAKA,13,76
272403,KARNATAKA,14,39
272403,KARNATAKA,15,55
272403,KARNATAKA,16,116
272403,KARNATAKA,17,117
272403,KARNATAKA,18,175
272403,KARNATAKA,19,119
272403,KARNATAKA,20,57
272403,KARNATAKA,21,68
272403,KARNATAKA,22,125
272403,KARNATAKA,23,173
272403,KARNATAKA,24,145
272403,KARNATAKA,25,65
272403,KARNATAKA,26,59
272403,KARNATAKA,27,154
272403,KARNATAKA,28,183
272403,KARNATAKA,29,45
272403,KARNATAKA,30,78
272403,KARNATAKA,31,320
272403,KARNATAKA,32,581
272403,KARNATAKA,33,163
272403,KARNATAKA,34,40
272403,KARNATAKA,35,566
272403,KARNATAKA,36,616
272403,KARNATAKA,37,97
272403,KARNATAKA,38,297
272403,KARNATAKA,39,39
272403,KARNATAKA,40,111
272403,KARNATAKA,41,507
272403,KARNATAKA,42,92
272403,KARNATAKA,43,74
272403,KARNATAKA,44,243
272403,KARNATAKA,45,45
272403,KARNATAKA,46,426
272403,KARNATAKA,47,87
272403,KARNATAKA,48,275
272403,KARNATAKA,49,213
272403,KARNATAKA,50,117
272403,KARNATAKA,51,109
272403,KARNATAKA,52,90
272403,KARNATAKA,53,421
272403,KARNATAKA,54,511
272403,KARNATAKA,55,402
272403,KARNATAKA,56,48
272403,KARNATAKA,57,93
272403,KARNATAKA,58,80
272403,KARNATAKA,59,262
272403,KARNATAKA,60,315
272403,KARNATAKA,61,118
272403,KARNATAKA,62,48
272403,KARNATAKA,63,45
272403,KARNATAKA,64,478
272403,KARNATAKA,65,110
272403,KARNATAKA,66,137
272403,KARNATAKA,67,194
272403,KARNATAKA,68,569
272403,KARNATAKA,69,317
272403,KARNATAKA,70,190
272403,KARNATAKA,71,324
272403,KARNATAKA,72,346
272403,KARNATAKA,73,555
272403,KARNATAKA,74,228
272403,KARNATAKA,75,142
272403,KARNATAKA,76,58
272403,KARNATAKA,77,129
272403,KARNATAKA,78,265
272403,KARNATAKA,79,134
272403,KARNATAKA,80,203
272403,KARNATAKA,81,71
272403,KARNATAKA,82,80
272403,KARNATAKA,83,64
272403,KARNATAKA,84,118
272403,KARNATAKA,85,184
272403,KARNATAKA,86,100
272403,KARNATAKA,87,128
272403,KARNATAKA,88,45
272403,KARNATAKA,89,62
272403,KARNATAKA,90,173
272403,KARNATAKA,91,288
272403,KARNATAKA,92,132
272403,KARNATAKA,93,55
272403,KARNATAKA,94,385
272403,KARNATAKA,95,163
272403,KARNATAKA,96,528
272403,KARNATAKA,97,96
272403,KARNATAKA,98,227
272403,KARNATAKA,99,193
272403,KARNATAKA,100,268
272403,KARNATAKA,101,174
272403,KARNATAKA,102,451
272403,KARNATAKA,103,513
272403,KARNATAKA,104,87
272403,KARNATAKA,105,132
272403,KARNATAKA,106,207
272403,KARNATAKA,107,188
272403,KARNATAKA,108,130
272403,KARNATAKA,109,143
272403,KARNATAKA,110,35
272403,KARNATAKA,111,333
272403,KARNATAKA,112,25
272403,KARNATAKA,113,185
272403,KARNATAKA,114,69
272403,KARNATAKA,115,537
272403,KARNATAKA,116,20
272403,KARNATAKA,117,613
272403,KARNATAKA,118,217
272403,KARNATAKA,119,85
272403,KARNATAKA,120,266
272403,KARNATAKA,121,49
272403,KARNATAKA,122,138
272403,KARNATAKA,123,91
272403,KARNATAKA,124,336
272403,KARNATAKA,125,140
272403,KARNATAKA,126,165
272403,KARNATAKA,127,125
272403,KARNATAKA,128,120
272403,KARNATAKA,129,375
272403,KARNATAKA,130,294
272403,KARNATAKA,131,127
272403,KARNATAKA,132,511
272403,KARNATAKA,133,188
272403,KARNATAKA,134,356
272403,KARNATAKA,135,29
272403,KARNATAKA,136,118
272403,KARNATAKA,137,136
272403,KARNATAKA,138,482
272403,KARNATAKA,139,24
272403,KARNATAKA,140,83
272403,KARNATAKA,141,83
272403,KARNATAKA,142,351
272403,KARNATAKA,143,115
272403,KARNATAKA,144,478
272403,KARNATAKA,145,305
272403,KARNATAKA,146,231
272403,KARNATAKA,147,142
272403,KARNATAKA,148,523
272403,KARNATAKA,149,193
272403,KARNATAKA,150,42
272403,KARNATAKA,151,140
272403,KARNATAKA,152,51
272403,KARNATAKA,153,135
272403,KARNATAKA,154,63
272403,KARNATAKA,155,63
272403,KARNATAKA,156,127
272403,KARNATAKA,157,91
272403,KARNATAKA,158,258
272403,KARNATAKA,159,459
272403,KARNATAKA,160,114
272403,KARNATAKA,161,134
272403,KARNATAKA,162,67
272403,KARNATAKA,163,137
272403,KARNATAKA,164,80
272403,KARNATAKA,165,97
272403,KARNATAKA,166,140
272403,KARNATAKA,167,216
272403,KARNATAKA,168,151
272403,KARNATAKA,169,364
272403,KARNATAKA,170,172
272403,KARNATAKA,171,83
272403,KARNATAKA,172,172
272403,KARNATAKA,173,404
272403,KARNATAKA,174,569
272403,KARNATAKA,175,182
272403,KARNATAKA,176,120
272403,KARNATAKA,177,238
272403,KARNATAKA,178,119
272403,KARNATAKA,179,316
272403,KARNATAKA,180,107
272403,KARNATAKA,181,129
272403,KARNATAKA,182,202
272403,KARNATAKA,183,49
272403,KARNATAKA,184,113
272403,KARNATAKA,185,53
272403,KARNATAKA,186,447
272403,KARNATAKA,187,183
272403,KARNATAKA,188,98
272403,KARNATAKA,189,158
272403,KARNATAKA,190,195
272403,KARNATAKA,191,44
272403,KARNATAKA,192,112
272403,KARNATAKA,193,80
272403,KARNATAKA,194,46
272403,KARNATAKA,195,140
272403,KARNATAKA,196,523
272403,KARNATAKA,197,89
272403,KARNATAKA,198,214
272403,KARNATAKA,199,206
272403,KARNATAKA,200,54
272403,KARNATAKA,201,75
272403,KARNATAKA,202,103
272403,KARNATAKA,203,196
272403,KARNATAKA,204,523
272403,KARNATAKA,205,110
272403,KARNATAKA,206,115
272403,KARNATAKA,207,114
272403,KARNATAKA,208,54
272403,KARNATAKA,209,15
272403,KARNATAKA,210,91
272403,KARNATAKA,211,28
272403,KARNATAKA,212,133
272403,KARNATAKA,213,120
272403,KARNATAKA,214,180
272403,KARNATAKA,215,110
272403,KARNATAKA,216,186
272403,KARNATAKA,217,85
272403,KARNATAKA,218,148
272403,KARNATAKA,219,371
272403,KARNATAKA,220,161
272403,KARNATAKA,221,26
272403,KARNATAKA,222,519
272403,KARNATAKA,223,76
272403,KARNATAKA,224,120
272403,KARNATAKA,225,300
272403,KARNATAKA,226,101
272403,KARNATAKA,227,125
272403,KARNATAKA,228,90
272403,KARNATAKA,229,156
272403,KARNATAKA,230,126
272403,KARNATAKA,231,228
272403,KARNATAKA,232,155
272403,KARNATAKA,233,118
272403,KARNATAKA,234,125
272403,KARNATAKA,235,71
272403,KARNATAKA,236,78
272403,KARNATAKA,237,95
272403,KARNATAKA,238,134
272403,KARNATAKA,239,104
272403,KARNATAKA,240,199
272403,KARNATAKA,241,120
272403,KARNATAKA,242,251
272403,KARNATAKA,243,200
272403,KARNATAKA,244,287
272403,KARNATAKA,245,97
272403,KARNATAKA,246,240
272403,KARNATAKA,247,283
272403,KARNATAKA,248,279
272403,KARNATAKA,249,68
272403,KARNATAKA,250,448
272403,KARNATAKA,251,70
272403,KARNATAKA,252,364
272403,KARNATAKA,253,97
272403,KARNATAKA,254,226
272403,KARNATAKA,255,187
272403,KARNATAKA,256,210
272403,KARNATAKA,257,70
272403,KARNATAKA,258,110
272403,KARNATAKA,259,41
272403,KARNATAKA,260,271
272403,KARNATAKA,261,148
272403,KARNATAKA,262,558
272403,KARNATAKA,263,271
272403,KARNATAKA,264,160
272403,KARNATAKA,265,122
272403,KARNATAKA,266,105
272403,KARNATAKA,267,24
272403,KARNATAKA,268,60
272403,KARNATAKA,269,25
272403,KARNATAKA,270,80
272403,KARNATAKA,271,206
272403,KARNATAKA,272,40
272403,KARNATAKA,273,139
272403,KARNATAKA,274,87
272403,KARNATAKA,275,123
272403,KARNATAKA,276,76
272403,KARNATAKA,277,489
272403,KARNATAKA,278,110
272403,KARNATAKA,279,189
272403,KARNATAKA,280,334
272403,KARNATAKA,281,67
272403,KARNATAKA,282,146
272403,KARNATAKA,283,568
272403,KARNATAKA,284,195
272403,KARNATAKA,285,178
272403,KARNATAKA,286,96
272403,KARNATAKA,287,45
272403,KARNATAKA,288,141
272403,KARNATAKA,289,218
272403,KARNATAKA,290,137
272403,KARNATAKA,291,38
272403,KARNATAKA,292,25
272403,KARNATAKA,293,153
272403,KARNATAKA,294,309
272403,KARNATAKA,295,130
272403,KARNATAKA,296,201
272403,KARNATAKA,297,74
272403,KARNATAKA,298,74
272403,KARNATAKA,299,96
272403,KARNATAKA,583,231
272403,KARNATAKA,301,70
272403,KARNATAKA,302,85
272403,KARNATAKA,303,242
272403,KARNATAKA,304,73
272403,KARNATAKA,305,117
272403,KARNATAKA,306,360
272403,KARNATAKA,307,171
272403,KARNATAKA,308,9
272403,KARNATAKA,309,63
272403,KARNATAKA,310,161
272403,KARNATAKA,311,229
272403,KARNATAKA,312,258
272403,KARNATAKA,313,472
272403,KARNATAKA,314,33
272403,KARNATAKA,315,50
272403,KARNATAKA,316,67
272403,KARNATAKA,317,155
272403,KARNATAKA,318,120
272403,KARNATAKA,319,70
272403,KARNATAKA,320,433
272403,KARNATAKA,321,11
272403,KARNATAKA,322,85
272403,KARNATAKA,323,139
272403,KARNATAKA,324,41
272403,KARNATAKA,325,33
272403,KARNATAKA,326,444
272403,KARNATAKA,327,57
272403,KARNATAKA,328,42
272403,KARNATAKA,329,97
272403,KARNATAKA,330,530
272403,KARNATAKA,331,30
