Center Number,State Name,Srl No,Marks
272601,KARNATAKA,1,73
272601,KARNATAKA,2,105
272601,KARNATAKA,3,19
272601,KARNATAKA,4,188
272601,KARNATAKA,5,115
272601,KARNATAKA,6,128
272601,KARNATAKA,7,67
272601,KARNATAKA,8,73
272601,KARNATAKA,9,108
272601,KARNATAKA,10,67
272601,KARNATAKA,11,415
272601,KARNATAKA,12,152
272601,KARNATAKA,13,445
272601,KARNATAKA,14,261
272601,KARNATAKA,15,283
272601,KARNATAKA,16,103
272601,KARNATAKA,17,354
272601,KARNATAKA,18,307
272601,KARNATAKA,19,74
272601,KARNATAKA,20,60
272601,KARNATAKA,21,246
272601,KARNATAKA,22,183
272601,KARNATAKA,5,24
272601,KARNATAKA,32,25
272601,KARNATAKA,75,26
272601,KARNATAKA,125,27
272601,KARNATAKA,133,28
272601,KARNATAKA,481,29
272601,KARNATAKA,369,30
272601,KARNATAKA,31,123
272601,KARNATAKA,32,189
272601,KARNATAKA,33,204
272601,KARNATAKA,34,88
272601,KARNATAKA,35,119
272601,KARNATAKA,36,681
272601,KARNATAKA,37,157
272601,KARNATAKA,38,493
272601,KARNATAKA,39,127
272601,KARNATAKA,40,320
272601,KARNATAKA,41,142
272601,KARNATAKA,42,166
272601,KARNATAKA,43,10
272601,KARNATAKA,44,549
272601,KARNATAKA,45,36
272601,KARNATAKA,46,82
272601,KARNATAKA,47,407
272601,KARNATAKA,48,50
272601,KARNATAKA,49,161
272601,KARNATAKA,50,35
272601,KARNATAKA,51,99
272601,KARNATAKA,52,207
272601,KARNATAKA,53,608
272601,KARNATAKA,54,55
272601,KARNATAKA,55,406
272601,KARNATAKA,56,407
272601,KARNATAKA,57,176
272601,KARNATAKA,58,97
272601,KARNATAKA,59,59
272601,KARNATAKA,60,227
272601,KARNATAKA,61,134
272601,KARNATAKA,62,101
272601,KARNATAKA,63,53
272601,KARNATAKA,64,33
272601,KARNATAKA,65,173
272601,KARNATAKA,66,174
272601,KARNATAKA,67,293
272601,KARNATAKA,68,381
272601,KARNATAKA,69,142
272601,KARNATAKA,70,223
272601,KARNATAKA,71,159
272601,KARNATAKA,72,245
272601,KARNATAKA,73,274
272601,KARNATAKA,74,472
272601,KARNATAKA,75,155
272601,KARNATAKA,76,253
272601,KARNATAKA,77,41
272601,KARNATAKA,78,62
272601,KARNATAKA,79,541
272601,KARNATAKA,80,477
272601,KARNATAKA,81,60
272601,KARNATAKA,82,263
272601,KARNATAKA,83,325
272601,KARNATAKA,84,132
272601,KARNATAKA,85,74
272601,KARNATAKA,86,188
272601,KARNATAKA,87,95
272601,KARNATAKA,88,139
272601,KARNATAKA,89,205
272601,KARNATAKA,90,110
272601,KARNATAKA,91,26
272601,KARNATAKA,92,362
272601,KARNATAKA,93,337
272601,KARNATAKA,94,104
272601,KARNATAKA,95,217
272601,KARNATAKA,96,45
272601,KARNATAKA,97,63
272601,KARNATAKA,98,65
272601,KARNATAKA,99,25
272601,KARNATAKA,100,163
272601,KARNATAKA,101,37
272601,KARNATAKA,102,105
272601,KARNATAKA,103,127
272601,KARNATAKA,104,54
272601,KARNATAKA,105,38
272601,KARNATAKA,106,21
272601,KARNATAKA,107,152
272601,KARNATAKA,108,160
272601,KARNATAKA,109,242
272601,KARNATAKA,110,145
272601,KARNATAKA,111,574
272601,KARNATAKA,112,23
272601,KARNATAKA,113,179
272601,KARNATAKA,114,149
272601,KARNATAKA,115,241
272601,KARNATAKA,116,459
272601,KARNATAKA,117,190
272601,KARNATAKA,118,102
272601,KARNATAKA,119,61
272601,KARNATAKA,120,380
272601,KARNATAKA,121,86
272601,KARNATAKA,122,171
272601,KARNATAKA,123,26
272601,KARNATAKA,124,289
272601,KARNATAKA,125,266
272601,KARNATAKA,126,45
272601,KARNATAKA,127,400
272601,KARNATAKA,128,581
272601,KARNATAKA,129,207
272601,KARNATAKA,130,71
272601,KARNATAKA,131,85
272601,KARNATAKA,132,390
272601,KARNATAKA,133,88
272601,KARNATAKA,134,55
272601,KARNATAKA,135,636
272601,KARNATAKA,136,59
272601,KARNATAKA,137,163
272601,KARNATAKA,138,98
272601,KARNATAKA,139,120
272601,KARNATAKA,140,130
272601,KARNATAKA,141,80
272601,KARNATAKA,142,128
272601,KARNATAKA,143,90
272601,KARNATAKA,144,109
272601,KARNATAKA,145,114
272601,KARNATAKA,146,457
272601,KARNATAKA,147,160
272601,KARNATAKA,148,625
272601,KARNATAKA,149,221
272601,KARNATAKA,150,28
272601,KARNATAKA,151,309
272601,KARNATAKA,152,81
272601,KARNATAKA,153,35
272601,KARNATAKA,154,216
272601,KARNATAKA,155,236
272601,KARNATAKA,156,45
272601,KARNATAKA,157,289
272601,KARNATAKA,158,16
272601,KARNATAKA,159,15
272601,KARNATAKA,160,73
272601,KARNATAKA,161,75
272601,KARNATAKA,162,75
272601,KARNATAKA,163,218
272601,KARNATAKA,164,90
272601,KARNATAKA,165,107
272601,KARNATAKA,166,0
272601,KARNATAKA,167,110
272601,KARNATAKA,168,60
272601,KARNATAKA,169,118
272601,KARNATAKA,170,404
272601,KARNATAKA,171,101
272601,KARNATAKA,172,530
272601,KARNATAKA,173,54
272601,KARNATAKA,174,108
272601,KARNATAKA,175,177
272601,KARNATAKA,176,272
272601,KARNATAKA,177,184
272601,KARNATAKA,178,249
272601,KARNATAKA,179,109
272601,KARNATAKA,180,310
272601,KARNATAKA,181,584
272601,KARNATAKA,182,123
272601,KARNATAKA,183,129
272601,KARNATAKA,184,65
272601,KARNATAKA,185,90
272601,KARNATAKA,186,176
272601,KARNATAKA,187,85
272601,KARNATAKA,188,112
272601,KARNATAKA,189,96
272601,KARNATAKA,190,70
272601,KARNATAKA,191,337
272601,KARNATAKA,192,80
272601,KARNATAKA,193,90
272601,KARNATAKA,194,110
272601,KARNATAKA,195,430
272601,KARNATAKA,196,137
272601,KARNATAKA,197,90
272601,KARNATAKA,198,175
272601,KARNATAKA,199,442
272601,KARNATAKA,200,233
272601,KARNATAKA,201,107
272601,KARNATAKA,202,552
272601,KARNATAKA,203,29
272601,KARNATAKA,204,166
272601,KARNATAKA,205,35
272601,KARNATAKA,206,176
272601,KARNATAKA,207,35
272601,KARNATAKA,208,49
272601,KARNATAKA,209,487
272601,KARNATAKA,210,145
272601,KARNATAKA,211,86
272601,KARNATAKA,212,25
272601,KARNATAKA,213,237
272601,KARNATAKA,214,202
272601,KARNATAKA,215,469
272601,KARNATAKA,216,133
272601,KARNATAKA,217,194
272601,KARNATAKA,218,122
272601,KARNATAKA,219,95
272601,KARNATAKA,220,147
272601,KARNATAKA,25,222
272601,KARNATAKA,222,223
272601,KARNATAKA,212,224
272601,KARNATAKA,179,225
272601,KARNATAKA,289,226
272601,KARNATAKA,379,227
272601,KARNATAKA,115,228
272601,KARNATAKA,246,229
272601,KARNATAKA,234,230
272601,KARNATAKA,362,231
272601,KARNATAKA,438,232
272601,KARNATAKA,522,233
272601,KARNATAKA,148,234
272601,KARNATAKA,74,235
272601,KARNATAKA,49,236
272601,KARNATAKA,270,237
272601,KARNATAKA,496,238
272601,KARNATAKA,371,239
272601,KARNATAKA,59,240
272601,KARNATAKA,241,143
272601,KARNATAKA,242,73
272601,KARNATAKA,243,149
272601,KARNATAKA,244,122
272601,KARNATAKA,245,158
272601,KARNATAKA,246,26
272601,KARNATAKA,247,74
272601,KARNATAKA,248,125
272601,KARNATAKA,249,109
272601,KARNATAKA,250,155
272601,KARNATAKA,251,84
272601,KARNATAKA,252,75
272601,KARNATAKA,253,198
272601,KARNATAKA,254,205
272601,KARNATAKA,255,58
272601,KARNATAKA,256,24
272601,KARNATAKA,257,140
272601,KARNATAKA,258,141
272601,KARNATAKA,259,176
272601,KARNATAKA,260,91
272601,KARNATAKA,261,181
272601,KARNATAKA,262,77
272601,KARNATAKA,263,106
272601,KARNATAKA,264,102
272601,KARNATAKA,265,233
272601,KARNATAKA,266,38
272601,KARNATAKA,267,106
272601,KARNATAKA,268,91
272601,KARNATAKA,269,249
272601,KARNATAKA,270,137
272601,KARNATAKA,271,106
272601,KARNATAKA,272,601
272601,KARNATAKA,273,82
272601,KARNATAKA,274,144
272601,KARNATAKA,275,242
272601,KARNATAKA,276,179
272601,KARNATAKA,5,278
272601,KARNATAKA,188,279
272601,KARNATAKA,168,280
272601,KARNATAKA,75,281
272601,KARNATAKA,124,282
272601,KARNATAKA,573,283
272601,KARNATAKA,473,284
272601,KARNATAKA,97,285
272601,KARNATAKA,95,286
272601,KARNATAKA,217,287
272601,KARNATAKA,79,288
272601,KARNATAKA,53,289
272601,KARNATAKA,82,290
272601,KARNATAKA,197,291
272601,KARNATAKA,143,292
272601,KARNATAKA,68,293
272601,KARNATAKA,236,294
272601,KARNATAKA,114,295
272601,KARNATAKA,80,296
272601,KARNATAKA,419,297
272601,KARNATAKA,88,298
272601,KARNATAKA,390,299
272601,KARNATAKA,59,300
272601,KARNATAKA,301,379
272601,KARNATAKA,302,223
272601,KARNATAKA,303,25
272601,KARNATAKA,304,132
272601,KARNATAKA,305,162
272601,KARNATAKA,306,203
272601,KARNATAKA,307,137
272601,KARNATAKA,308,80
272601,KARNATAKA,309,165
272601,KARNATAKA,310,261
272601,KARNATAKA,311,50
272601,KARNATAKA,312,21
272601,KARNATAKA,313,309
272601,KARNATAKA,314,65
272601,KARNATAKA,315,27
272601,KARNATAKA,316,16
272601,KARNATAKA,317,342
272601,KARNATAKA,318,380
272601,KARNATAKA,319,246
272601,KARNATAKA,320,258
272601,KARNATAKA,321,132
272601,KARNATAKA,322,262
272601,KARNATAKA,323,76
272601,KARNATAKA,324,263
272601,KARNATAKA,325,555
272601,KARNATAKA,326,26
272601,KARNATAKA,327,87
272601,KARNATAKA,328,119
272601,KARNATAKA,329,122
272601,KARNATAKA,330,121
272601,KARNATAKA,331,184
272601,KARNATAKA,332,74
272601,KARNATAKA,333,115
272601,KARNATAKA,334,485
272601,KARNATAKA,335,395
272601,KARNATAKA,336,106
272601,KARNATAKA,337,161
272601,KARNATAKA,338,582
272601,KARNATAKA,339,97
272601,KARNATAKA,340,101
272601,KARNATAKA,341,617
272601,KARNATAKA,342,167
272601,KARNATAKA,343,30
272601,KARNATAKA,344,28
272601,KARNATAKA,345,113
272601,KARNATAKA,346,123
272601,KARNATAKA,347,478
272601,KARNATAKA,348,70
272601,KARNATAKA,349,23
272601,KARNATAKA,350,128
272601,KARNATAKA,351,299
272601,KARNATAKA,352,66
272601,KARNATAKA,353,74
272601,KARNATAKA,354,80
272601,KARNATAKA,355,79
272601,KARNATAKA,356,181
272601,KARNATAKA,357,240
272601,KARNATAKA,358,93
272601,KARNATAKA,359,158
272601,KARNATAKA,360,55
272601,KARNATAKA,361,9
272601,KARNATAKA,362,36
272601,KARNATAKA,363,293
272601,KARNATAKA,364,32
272601,KARNATAKA,365,130
272601,KARNATAKA,366,216
272601,KARNATAKA,367,283
272601,KARNATAKA,368,248
272601,KARNATAKA,369,571
272601,KARNATAKA,370,232
272601,KARNATAKA,371,528
272601,KARNATAKA,372,536
272601,KARNATAKA,373,66
272601,KARNATAKA,374,108
272601,KARNATAKA,375,370
272601,KARNATAKA,376,54
272601,KARNATAKA,377,47
272601,KARNATAKA,378,170
272601,KARNATAKA,379,382
272601,KARNATAKA,380,260
272601,KARNATAKA,381,109
272601,KARNATAKA,382,206
272601,KARNATAKA,383,176
272601,KARNATAKA,384,105
272601,KARNATAKA,385,34
272601,KARNATAKA,386,52
272601,KARNATAKA,387,167
272601,KARNATAKA,388,298
272601,KARNATAKA,389,107
272601,KARNATAKA,390,148
272601,KARNATAKA,391,373
272601,KARNATAKA,392,449
272601,KARNATAKA,393,128
272601,KARNATAKA,394,160
272601,KARNATAKA,395,78
272601,KARNATAKA,396,55
272601,KARNATAKA,397,212
272601,KARNATAKA,398,416
272601,KARNATAKA,399,41
272601,KARNATAKA,400,135
272601,KARNATAKA,401,85
272601,KARNATAKA,402,105
272601,KARNATAKA,403,55
272601,KARNATAKA,404,144
272601,KARNATAKA,405,119
272601,KARNATAKA,406,244
272601,KARNATAKA,407,79
272601,KARNATAKA,408,61
272601,KARNATAKA,409,41
272601,KARNATAKA,410,125
272601,KARNATAKA,411,109
272601,KARNATAKA,412,8
272601,KARNATAKA,413,128
272601,KARNATAKA,414,40
272601,KARNATAKA,415,99
272601,KARNATAKA,416,139
272601,KARNATAKA,417,162
272601,KARNATAKA,418,583
272601,KARNATAKA,419,65
272601,KARNATAKA,420,164
272601,KARNATAKA,421,90
272601,KARNATAKA,422,61
272601,KARNATAKA,423,119
272601,KARNATAKA,424,36
272601,KARNATAKA,425,132
272601,KARNATAKA,426,374
272601,KARNATAKA,427,50
272601,KARNATAKA,428,271
272601,KARNATAKA,429,101
272601,KARNATAKA,430,40
272601,KARNATAKA,431,65
272601,KARNATAKA,432,130
272601,KARNATAKA,433,83
272601,KARNATAKA,434,428
272601,KARNATAKA,435,92
272601,KARNATAKA,436,26
272601,KARNATAKA,437,191
272601,KARNATAKA,438,48
272601,KARNATAKA,439,164
272601,KARNATAKA,440,140
272601,KARNATAKA,441,43
272601,KARNATAKA,442,80
272601,KARNATAKA,443,352
272601,KARNATAKA,444,218
272601,KARNATAKA,445,305
272601,KARNATAKA,446,155
272601,KARNATAKA,447,58
272601,KARNATAKA,448,243
272601,KARNATAKA,449,337
272601,KARNATAKA,450,16
272601,KARNATAKA,451,55
272601,KARNATAKA,452,91
272601,KARNATAKA,453,566
272601,KARNATAKA,454,75
272601,KARNATAKA,455,346
272601,KARNATAKA,456,54
272601,KARNATAKA,457,242
272601,KARNATAKA,458,52
272601,KARNATAKA,459,392
272601,KARNATAKA,460,124
272601,KARNATAKA,461,45
272601,KARNATAKA,462,266
272601,KARNATAKA,463,83
272601,KARNATAKA,464,221
272601,KARNATAKA,465,42
272601,KARNATAKA,466,80
272601,KARNATAKA,467,71
272601,KARNATAKA,468,149
272601,KARNATAKA,469,411
272601,KARNATAKA,470,91
272601,KARNATAKA,471,179
272601,KARNATAKA,472,81
272601,KARNATAKA,473,67
272601,KARNATAKA,474,126
272601,KARNATAKA,475,93
272601,KARNATAKA,476,115
272601,KARNATAKA,477,80
272601,KARNATAKA,478,127
272601,KARNATAKA,479,73
272601,KARNATAKA,480,130
272601,KARNATAKA,481,325
272601,KARNATAKA,482,183
272601,KARNATAKA,483,94
272601,KARNATAKA,484,90
272601,KARNATAKA,485,54
272601,KARNATAKA,486,148
272601,KARNATAKA,487,621
272601,KARNATAKA,488,85
272601,KARNATAKA,489,106
272601,KARNATAKA,490,299
272601,KARNATAKA,491,175
272601,KARNATAKA,492,57
272601,KARNATAKA,493,64
272601,KARNATAKA,494,482
272601,KARNATAKA,495,106
272601,KARNATAKA,496,351
272601,KARNATAKA,497,102
272601,KARNATAKA,498,56
272601,KARNATAKA,499,74
272601,KARNATAKA,500,40
272601,KARNATAKA,501,132
272601,KARNATAKA,502,110
272601,KARNATAKA,503,39
272601,KARNATAKA,504,70
272601,KARNATAKA,505,182
272601,KARNATAKA,506,286
272601,KARNATAKA,507,264
272601,KARNATAKA,508,63
272601,KARNATAKA,509,201
272601,KARNATAKA,510,21
272601,KARNATAKA,511,130
272601,KARNATAKA,512,510
272601,KARNATAKA,513,425
272601,KARNATAKA,514,97
272601,KARNATAKA,515,186
272601,KARNATAKA,516,281
272601,KARNATAKA,517,452
272601,KARNATAKA,518,365
272601,KARNATAKA,519,21
272601,KARNATAKA,520,271
272601,KARNATAKA,521,323
272601,KARNATAKA,522,380
272601,KARNATAKA,523,141
272601,KARNATAKA,524,93
272601,KARNATAKA,525,76
272601,KARNATAKA,526,274
272601,KARNATAKA,527,101
272601,KARNATAKA,528,38
272601,KARNATAKA,529,107
272601,KARNATAKA,530,587
272601,KARNATAKA,531,143
272601,KARNATAKA,532,139
272601,KARNATAKA,533,173
272601,KARNATAKA,534,99
272601,KARNATAKA,535,85
272601,KARNATAKA,536,183
272601,KARNATAKA,537,129
272601,KARNATAKA,538,80
272601,KARNATAKA,539,270
272601,KARNATAKA,540,225
272601,KARNATAKA,541,288
272601,KARNATAKA,542,231
272601,KARNATAKA,543,37
272601,KARNATAKA,544,91
272601,KARNATAKA,545,123
272601,KARNATAKA,546,36
272601,KARNATAKA,547,242
272601,KARNATAKA,548,513
272601,KARNATAKA,549,119
272601,KARNATAKA,550,89
272601,KARNATAKA,551,85
272601,KARNATAKA,552,229
272601,KARNATAKA,553,134
272601,KARNATAKA,554,314
272601,KARNATAKA,555,437
272601,KARNATAKA,556,35
272601,KARNATAKA,557,153
272601,KARNATAKA,558,149
272601,KARNATAKA,559,149
