Center Number,State Name,Srl No,Marks
300121,MADHYA PRADESH,1,157
300121,MADHYA PRADESH,2,89
300121,MADHYA PRADESH,3,122
300121,MADHYA PRADESH,4,35
300121,MADHYA PRADESH,5,117
300121,MADHYA PRADESH,6,59
300121,MADHYA PRADESH,7,90
300121,MADHYA PRADESH,8,165
300121,MADHYA PRADESH,9,216
300121,MADHYA PRADESH,10,54
300121,MADHYA PRADESH,11,178
300121,MADHYA PRADESH,12,172
300121,MADHYA PRADESH,13,273
300121,MADHYA PRADESH,14,61
300121,MADHYA PRADESH,15,136
300121,MADHYA PRADESH,16,40
300121,MADHYA PRADESH,17,47
300121,MADHYA PRADESH,18,35
300121,MADHYA PRADESH,19,422
300121,MADHYA PRADESH,20,40
300121,MADHYA PRADESH,21,25
300121,MADHYA PRADESH,22,87
300121,MADHYA PRADESH,23,46
300121,MADHYA PRADESH,24,51
300121,MADHYA PRADESH,25,82
300121,MADHYA PRADESH,26,70
300121,MADHYA PRADESH,27,110
300121,MADHYA PRADESH,28,88
300121,MADHYA PRADESH,29,124
300121,MADHYA PRADESH,30,90
300121,MADHYA PRADESH,31,78
300121,MADHYA PRADESH,32,313
300121,MADHYA PRADESH,33,63
300121,MADHYA PRADESH,34,183
300121,MADHYA PRADESH,35,16
300121,MADHYA PRADESH,36,135
300121,MADHYA PRADESH,37,86
300121,MADHYA PRADESH,38,10
300121,MADHYA PRADESH,39,123
300121,MADHYA PRADESH,40,35
300121,MADHYA PRADESH,41,71
300121,MADHYA PRADESH,42,18
300121,MADHYA PRADESH,43,41
300121,MADHYA PRADESH,44,143
300121,MADHYA PRADESH,45,55
300121,MADHYA PRADESH,46,43
300121,MADHYA PRADESH,47,105
300121,MADHYA PRADESH,48,120
300121,MADHYA PRADESH,49,393
300121,MADHYA PRADESH,50,150
300121,MADHYA PRADESH,51,56
300121,MADHYA PRADESH,52,70
300121,MADHYA PRADESH,53,116
300121,MADHYA PRADESH,54,142
300121,MADHYA PRADESH,4,56
300121,MADHYA PRADESH,472,57
300121,MADHYA PRADESH,71,58
300121,MADHYA PRADESH,527,59
300121,MADHYA PRADESH,72,60
300121,MADHYA PRADESH,61,88
300121,MADHYA PRADESH,62,21
300121,MADHYA PRADESH,63,64
300121,MADHYA PRADESH,64,5
300121,MADHYA PRADESH,65,290
300121,MADHYA PRADESH,66,97
300121,MADHYA PRADESH,67,104
300121,MADHYA PRADESH,68,351
300121,MADHYA PRADESH,69,366
300121,MADHYA PRADESH,70,53
300121,MADHYA PRADESH,71,46
300121,MADHYA PRADESH,72,186
300121,MADHYA PRADESH,73,438
300121,MADHYA PRADESH,74,175
300121,MADHYA PRADESH,75,475
300121,MADHYA PRADESH,76,52
300121,MADHYA PRADESH,77,455
300121,MADHYA PRADESH,78,364
300121,MADHYA PRADESH,79,149
300121,MADHYA PRADESH,80,70
300121,MADHYA PRADESH,81,231
300121,MADHYA PRADESH,82,276
300121,MADHYA PRADESH,83,55
300121,MADHYA PRADESH,84,61
300121,MADHYA PRADESH,85,130
300121,MADHYA PRADESH,86,182
300121,MADHYA PRADESH,87,329
300121,MADHYA PRADESH,88,40
300121,MADHYA PRADESH,89,68
300121,MADHYA PRADESH,90,234
300121,MADHYA PRADESH,91,266
300121,MADHYA PRADESH,92,86
300121,MADHYA PRADESH,93,75
300121,MADHYA PRADESH,94,85
300121,MADHYA PRADESH,95,58
300121,MADHYA PRADESH,96,45
300121,MADHYA PRADESH,97,10
300121,MADHYA PRADESH,98,581
300121,MADHYA PRADESH,99,218
300121,MADHYA PRADESH,100,30
300121,MADHYA PRADESH,101,315
300121,MADHYA PRADESH,102,30
300121,MADHYA PRADESH,103,88
300121,MADHYA PRADESH,104,30
300121,MADHYA PRADESH,105,226
300121,MADHYA PRADESH,106,60
300121,MADHYA PRADESH,107,96
300121,MADHYA PRADESH,108,637
300121,MADHYA PRADESH,109,590
300121,MADHYA PRADESH,110,160
300121,MADHYA PRADESH,111,24
300121,MADHYA PRADESH,112,50
300121,MADHYA PRADESH,113,337
300121,MADHYA PRADESH,114,60
300121,MADHYA PRADESH,115,241
300121,MADHYA PRADESH,116,512
300121,MADHYA PRADESH,117,57
300121,MADHYA PRADESH,118,296
300121,MADHYA PRADESH,119,72
300121,MADHYA PRADESH,120,166
300121,MADHYA PRADESH,121,79
300121,MADHYA PRADESH,122,144
300121,MADHYA PRADESH,123,451
300121,MADHYA PRADESH,124,44
300121,MADHYA PRADESH,125,50
300121,MADHYA PRADESH,126,40
300121,MADHYA PRADESH,127,49
300121,MADHYA PRADESH,128,86
300121,MADHYA PRADESH,129,81
300121,MADHYA PRADESH,130,52
300121,MADHYA PRADESH,131,229
300121,MADHYA PRADESH,132,237
300121,MADHYA PRADESH,133,136
300121,MADHYA PRADESH,134,167
300121,MADHYA PRADESH,135,121
300121,MADHYA PRADESH,136,128
300121,MADHYA PRADESH,137,53
300121,MADHYA PRADESH,138,340
300121,MADHYA PRADESH,139,207
300121,MADHYA PRADESH,140,129
300121,MADHYA PRADESH,141,164
300121,MADHYA PRADESH,142,183
300121,MADHYA PRADESH,143,156
300121,MADHYA PRADESH,144,83
300121,MADHYA PRADESH,145,101
300121,MADHYA PRADESH,146,413
300121,MADHYA PRADESH,147,86
300121,MADHYA PRADESH,148,262
300121,MADHYA PRADESH,149,102
300121,MADHYA PRADESH,150,124
300121,MADHYA PRADESH,151,170
300121,MADHYA PRADESH,152,80
300121,MADHYA PRADESH,153,61
300121,MADHYA PRADESH,154,291
300121,MADHYA PRADESH,155,416
300121,MADHYA PRADESH,156,145
300121,MADHYA PRADESH,157,60
300121,MADHYA PRADESH,158,40
300121,MADHYA PRADESH,159,47
300121,MADHYA PRADESH,160,358
300121,MADHYA PRADESH,161,45
300121,MADHYA PRADESH,162,80
300121,MADHYA PRADESH,163,155
300121,MADHYA PRADESH,164,154
300121,MADHYA PRADESH,165,40
300121,MADHYA PRADESH,166,370
300121,MADHYA PRADESH,167,155
300121,MADHYA PRADESH,168,169
300121,MADHYA PRADESH,169,33
300121,MADHYA PRADESH,170,129
300121,MADHYA PRADESH,171,40
300121,MADHYA PRADESH,172,240
300121,MADHYA PRADESH,173,96
300121,MADHYA PRADESH,174,40
300121,MADHYA PRADESH,175,112
300121,MADHYA PRADESH,176,261
300121,MADHYA PRADESH,177,113
300121,MADHYA PRADESH,178,50
300121,MADHYA PRADESH,179,83
300121,MADHYA PRADESH,180,76
300121,MADHYA PRADESH,181,118
300121,MADHYA PRADESH,182,264
300121,MADHYA PRADESH,183,141
300121,MADHYA PRADESH,184,39
300121,MADHYA PRADESH,185,12
300121,MADHYA PRADESH,186,80
300121,MADHYA PRADESH,187,79
300121,MADHYA PRADESH,188,195
300121,MADHYA PRADESH,189,17
300121,MADHYA PRADESH,190,65
300121,MADHYA PRADESH,191,5
300121,MADHYA PRADESH,192,28
300121,MADHYA PRADESH,193,84
300121,MADHYA PRADESH,194,225
300121,MADHYA PRADESH,195,90
300121,MADHYA PRADESH,196,225
300121,MADHYA PRADESH,197,40
300121,MADHYA PRADESH,198,14
300121,MADHYA PRADESH,199,146
300121,MADHYA PRADESH,200,263
300121,MADHYA PRADESH,201,278
300121,MADHYA PRADESH,202,45
300121,MADHYA PRADESH,203,60
300121,MADHYA PRADESH,204,50
300121,MADHYA PRADESH,205,26
300121,MADHYA PRADESH,206,57
300121,MADHYA PRADESH,207,310
300121,MADHYA PRADESH,208,24
300121,MADHYA PRADESH,209,135
300121,MADHYA PRADESH,210,599
300121,MADHYA PRADESH,211,521
300121,MADHYA PRADESH,212,70
300121,MADHYA PRADESH,213,10
300121,MADHYA PRADESH,214,113
300121,MADHYA PRADESH,215,77
300121,MADHYA PRADESH,216,606
300121,MADHYA PRADESH,217,71
300121,MADHYA PRADESH,218,69
300121,MADHYA PRADESH,219,107
300121,MADHYA PRADESH,220,75
300121,MADHYA PRADESH,221,240
300121,MADHYA PRADESH,222,85
300121,MADHYA PRADESH,223,30
300121,MADHYA PRADESH,224,235
300121,MADHYA PRADESH,225,141
300121,MADHYA PRADESH,226,120
300121,MADHYA PRADESH,227,46
300121,MADHYA PRADESH,228,416
300121,MADHYA PRADESH,229,95
300121,MADHYA PRADESH,230,12
300121,MADHYA PRADESH,231,135
300121,MADHYA PRADESH,232,132
300121,MADHYA PRADESH,233,485
300121,MADHYA PRADESH,234,115
300121,MADHYA PRADESH,235,377
300121,MADHYA PRADESH,236,152
300121,MADHYA PRADESH,237,135
300121,MADHYA PRADESH,238,85
300121,MADHYA PRADESH,239,88
300121,MADHYA PRADESH,240,52
300121,MADHYA PRADESH,241,444
300121,MADHYA PRADESH,242,29
300121,MADHYA PRADESH,243,209
300121,MADHYA PRADESH,244,228
300121,MADHYA PRADESH,245,35
300121,MADHYA PRADESH,246,40
300121,MADHYA PRADESH,247,478
300121,MADHYA PRADESH,248,111
300121,MADHYA PRADESH,249,630
300121,MADHYA PRADESH,250,161
300121,MADHYA PRADESH,251,50
300121,MADHYA PRADESH,1,253
300121,MADHYA PRADESH,86,254
300121,MADHYA PRADESH,46,255
300121,MADHYA PRADESH,22,256
300121,MADHYA PRADESH,186,257
300121,MADHYA PRADESH,92,258
300121,MADHYA PRADESH,210,259
300121,MADHYA PRADESH,73,260
300121,MADHYA PRADESH,60,261
300121,MADHYA PRADESH,212,262
300121,MADHYA PRADESH,96,263
300121,MADHYA PRADESH,201,264
300121,MADHYA PRADESH,368,265
300121,MADHYA PRADESH,88,266
300121,MADHYA PRADESH,166,267
300121,MADHYA PRADESH,160,268
300121,MADHYA PRADESH,26,269
300121,MADHYA PRADESH,225,270
300121,MADHYA PRADESH,271,387
300121,MADHYA PRADESH,272,192
300121,MADHYA PRADESH,273,193
300121,MADHYA PRADESH,274,153
300121,MADHYA PRADESH,275,165
300121,MADHYA PRADESH,276,293
300121,MADHYA PRADESH,277,46
300121,MADHYA PRADESH,278,27
300121,MADHYA PRADESH,279,157
300121,MADHYA PRADESH,280,40
300121,MADHYA PRADESH,281,91
300121,MADHYA PRADESH,282,174
300121,MADHYA PRADESH,283,257
300121,MADHYA PRADESH,284,140
300121,MADHYA PRADESH,285,50
300121,MADHYA PRADESH,286,242
300121,MADHYA PRADESH,287,272
300121,MADHYA PRADESH,288,38
300121,MADHYA PRADESH,289,219
300121,MADHYA PRADESH,290,115
300121,MADHYA PRADESH,291,60
300121,MADHYA PRADESH,292,35
300121,MADHYA PRADESH,293,432
300121,MADHYA PRADESH,294,99
300121,MADHYA PRADESH,295,50
300121,MADHYA PRADESH,296,156
300121,MADHYA PRADESH,297,175
300121,MADHYA PRADESH,298,94
300121,MADHYA PRADESH,299,34
300121,MADHYA PRADESH,300,153
300121,MADHYA PRADESH,301,76
300121,MADHYA PRADESH,302,52
300121,MADHYA PRADESH,303,75
300121,MADHYA PRADESH,304,71
300121,MADHYA PRADESH,305,75
300121,MADHYA PRADESH,306,32
300121,MADHYA PRADESH,307,41
300121,MADHYA PRADESH,308,55
300121,MADHYA PRADESH,309,351
300121,MADHYA PRADESH,310,42
300121,MADHYA PRADESH,311,547
300121,MADHYA PRADESH,312,171
300121,MADHYA PRADESH,313,77
300121,MADHYA PRADESH,314,75
300121,MADHYA PRADESH,315,20
300121,MADHYA PRADESH,316,60
300121,MADHYA PRADESH,317,602
300121,MADHYA PRADESH,318,292
300121,MADHYA PRADESH,319,391
300121,MADHYA PRADESH,320,88
300121,MADHYA PRADESH,321,64
300121,MADHYA PRADESH,322,55
300121,MADHYA PRADESH,323,72
300121,MADHYA PRADESH,324,122
300121,MADHYA PRADESH,325,240
300121,MADHYA PRADESH,326,81
300121,MADHYA PRADESH,327,135
300121,MADHYA PRADESH,328,60
300121,MADHYA PRADESH,329,94
300121,MADHYA PRADESH,330,102
300121,MADHYA PRADESH,331,55
300121,MADHYA PRADESH,332,100
300121,MADHYA PRADESH,333,332
300121,MADHYA PRADESH,334,118
300121,MADHYA PRADESH,335,34
300121,MADHYA PRADESH,336,20
300121,MADHYA PRADESH,4,338
300121,MADHYA PRADESH,45,339
300121,MADHYA PRADESH,504,340
300121,MADHYA PRADESH,181,341
300121,MADHYA PRADESH,83,342
300121,MADHYA PRADESH,130,343
300121,MADHYA PRADESH,229,344
300121,MADHYA PRADESH,399,345
300121,MADHYA PRADESH,233,346
300121,MADHYA PRADESH,47,347
300121,MADHYA PRADESH,54,348
300121,MADHYA PRADESH,75,349
300121,MADHYA PRADESH,70,350
300121,MADHYA PRADESH,39,351
300121,MADHYA PRADESH,96,352
300121,MADHYA PRADESH,110,353
300121,MADHYA PRADESH,458,354
300121,MADHYA PRADESH,125,355
300121,MADHYA PRADESH,418,356
300121,MADHYA PRADESH,60,357
300121,MADHYA PRADESH,188,358
300121,MADHYA PRADESH,65,359
300121,MADHYA PRADESH,111,360
300121,MADHYA PRADESH,361,104
300121,MADHYA PRADESH,362,70
300121,MADHYA PRADESH,363,81
300121,MADHYA PRADESH,364,323
300121,MADHYA PRADESH,365,200
300121,MADHYA PRADESH,366,344
300121,MADHYA PRADESH,367,125
300121,MADHYA PRADESH,368,154
300121,MADHYA PRADESH,369,54
300121,MADHYA PRADESH,370,77
300121,MADHYA PRADESH,371,211
300121,MADHYA PRADESH,372,50
300121,MADHYA PRADESH,373,105
300121,MADHYA PRADESH,374,109
300121,MADHYA PRADESH,375,70
300121,MADHYA PRADESH,376,143
300121,MADHYA PRADESH,377,72
300121,MADHYA PRADESH,378,52
300121,MADHYA PRADESH,379,80
300121,MADHYA PRADESH,380,43
300121,MADHYA PRADESH,381,25
300121,MADHYA PRADESH,382,64
300121,MADHYA PRADESH,383,163
300121,MADHYA PRADESH,384,348
300121,MADHYA PRADESH,385,105
300121,MADHYA PRADESH,386,162
300121,MADHYA PRADESH,387,273
300121,MADHYA PRADESH,388,349
300121,MADHYA PRADESH,389,334
300121,MADHYA PRADESH,390,53
300121,MADHYA PRADESH,391,100
300121,MADHYA PRADESH,392,67
300121,MADHYA PRADESH,393,90
300121,MADHYA PRADESH,394,80
300121,MADHYA PRADESH,395,161
300121,MADHYA PRADESH,396,64
300121,MADHYA PRADESH,397,307
300121,MADHYA PRADESH,398,114
300121,MADHYA PRADESH,399,458
300121,MADHYA PRADESH,400,46
300121,MADHYA PRADESH,401,80
300121,MADHYA PRADESH,402,59
300121,MADHYA PRADESH,403,540
300121,MADHYA PRADESH,404,165
300121,MADHYA PRADESH,405,295
300121,MADHYA PRADESH,406,105
300121,MADHYA PRADESH,407,33
300121,MADHYA PRADESH,408,478
300121,MADHYA PRADESH,409,21
300121,MADHYA PRADESH,410,37
300121,MADHYA PRADESH,411,203
300121,MADHYA PRADESH,412,45
300121,MADHYA PRADESH,413,10
300121,MADHYA PRADESH,414,75
300121,MADHYA PRADESH,415,220
300121,MADHYA PRADESH,416,105
300121,MADHYA PRADESH,417,104
300121,MADHYA PRADESH,418,331
300121,MADHYA PRADESH,419,104
300121,MADHYA PRADESH,420,34
300121,MADHYA PRADESH,421,61
300121,MADHYA PRADESH,422,5
300121,MADHYA PRADESH,423,35
300121,MADHYA PRADESH,424,10
300121,MADHYA PRADESH,425,95
300121,MADHYA PRADESH,426,81
300121,MADHYA PRADESH,427,40
300121,MADHYA PRADESH,428,71
300121,MADHYA PRADESH,429,56
300121,MADHYA PRADESH,430,119
300121,MADHYA PRADESH,3,432
300121,MADHYA PRADESH,28,433
300121,MADHYA PRADESH,395,434
300121,MADHYA PRADESH,355,435
300121,MADHYA PRADESH,345,436
300121,MADHYA PRADESH,59,437
300121,MADHYA PRADESH,39,438
300121,MADHYA PRADESH,68,439
300121,MADHYA PRADESH,14,440
300121,MADHYA PRADESH,51,441
300121,MADHYA PRADESH,104,442
300121,MADHYA PRADESH,28,443
300121,MADHYA PRADESH,419,444
300121,MADHYA PRADESH,67,445
300121,MADHYA PRADESH,526,446
300121,MADHYA PRADESH,151,447
300121,MADHYA PRADESH,89,448
300121,MADHYA PRADESH,110,449
300121,MADHYA PRADESH,73,450
300121,MADHYA PRADESH,451,84
300121,MADHYA PRADESH,452,309
300121,MADHYA PRADESH,453,87
300121,MADHYA PRADESH,454,545
300121,MADHYA PRADESH,455,182
300121,MADHYA PRADESH,456,115
300121,MADHYA PRADESH,457,63
300121,MADHYA PRADESH,458,39
300121,MADHYA PRADESH,459,247
300121,MADHYA PRADESH,460,51
300121,MADHYA PRADESH,461,7
300121,MADHYA PRADESH,462,90
300121,MADHYA PRADESH,463,55
300121,MADHYA PRADESH,464,95
300121,MADHYA PRADESH,465,69
