Center Number,State Name,Srl No,Marks
300109,MADHYA PRADESH,1,234
300109,MADHYA PRADESH,2,228
300109,MADHYA PRADESH,3,303
300109,MADHYA PRADESH,4,616
300109,MADHYA PRADESH,5,165
300109,MADHYA PRADESH,6,177
300109,MADHYA PRADESH,7,44
300109,MADHYA PRADESH,8,586
300109,MADHYA PRADESH,9,78
300109,MADHYA PRADESH,10,152
300109,MADHYA PRADESH,11,100
300109,MADHYA PRADESH,12,300
300109,MADHYA PRADESH,13,94
300109,MADHYA PRADESH,14,157
300109,MADHYA PRADESH,15,73
300109,MADHYA PRADESH,16,298
300109,MADHYA PRADESH,17,595
300109,MADHYA PRADESH,18,236
300109,MADHYA PRADESH,19,278
300109,MADHYA PRADESH,20,418
300109,MADHYA PRADESH,21,258
300109,MADHYA PRADESH,22,206
300109,MADHYA PRADESH,23,528
300109,MADHYA PRADESH,24,210
300109,MADHYA PRADESH,25,241
300109,MADHYA PRADESH,26,348
300109,MADHYA PRADESH,27,78
300109,MADHYA PRADESH,28,60
300109,MADHYA PRADESH,29,119
300109,MADHYA PRADESH,30,244
300109,MADHYA PRADESH,31,49
300109,MADHYA PRADESH,32,301
300109,MADHYA PRADESH,33,150
300109,MADHYA PRADESH,34,113
300109,MADHYA PRADESH,35,76
300109,MADHYA PRADESH,36,211
300109,MADHYA PRADESH,37,73
300109,MADHYA PRADESH,38,38
300109,MADHYA PRADESH,39,138
300109,MADHYA PRADESH,40,60
300109,MADHYA PRADESH,41,342
300109,MADHYA PRADESH,42,71
300109,MADHYA PRADESH,43,134
300109,MADHYA PRADESH,44,604
300109,MADHYA PRADESH,45,180
300109,MADHYA PRADESH,46,211
300109,MADHYA PRADESH,47,446
300109,MADHYA PRADESH,48,458
300109,MADHYA PRADESH,49,234
300109,MADHYA PRADESH,50,99
300109,MADHYA PRADESH,51,56
300109,MADHYA PRADESH,52,389
300109,MADHYA PRADESH,53,76
300109,MADHYA PRADESH,54,67
300109,MADHYA PRADESH,55,135
300109,MADHYA PRADESH,56,94
300109,MADHYA PRADESH,57,438
300109,MADHYA PRADESH,58,80
300109,MADHYA PRADESH,59,82
300109,MADHYA PRADESH,60,106
300109,MADHYA PRADESH,61,106
300109,MADHYA PRADESH,62,124
300109,MADHYA PRADESH,63,94
300109,MADHYA PRADESH,64,60
300109,MADHYA PRADESH,65,80
300109,MADHYA PRADESH,66,62
300109,MADHYA PRADESH,67,124
300109,MADHYA PRADESH,68,92
300109,MADHYA PRADESH,69,66
300109,MADHYA PRADESH,70,239
300109,MADHYA PRADESH,71,261
300109,MADHYA PRADESH,72,87
300109,MADHYA PRADESH,73,103
300109,MADHYA PRADESH,74,176
300109,MADHYA PRADESH,75,299
300109,MADHYA PRADESH,76,326
300109,MADHYA PRADESH,77,108
300109,MADHYA PRADESH,78,246
300109,MADHYA PRADESH,79,89
300109,MADHYA PRADESH,80,379
300109,MADHYA PRADESH,81,159
300109,MADHYA PRADESH,82,183
300109,MADHYA PRADESH,83,148
300109,MADHYA PRADESH,84,48
300109,MADHYA PRADESH,85,213
300109,MADHYA PRADESH,86,420
300109,MADHYA PRADESH,87,121
300109,MADHYA PRADESH,88,79
300109,MADHYA PRADESH,89,312
300109,MADHYA PRADESH,90,213
300109,MADHYA PRADESH,91,80
300109,MADHYA PRADESH,92,59
300109,MADHYA PRADESH,93,240
300109,MADHYA PRADESH,94,138
300109,MADHYA PRADESH,95,333
300109,MADHYA PRADESH,96,606
300109,MADHYA PRADESH,97,85
300109,MADHYA PRADESH,98,97
300109,MADHYA PRADESH,99,281
300109,MADHYA PRADESH,100,334
300109,MADHYA PRADESH,101,65
300109,MADHYA PRADESH,102,548
300109,MADHYA PRADESH,103,192
300109,MADHYA PRADESH,104,290
300109,MADHYA PRADESH,105,244
300109,MADHYA PRADESH,106,103
300109,MADHYA PRADESH,107,60
300109,MADHYA PRADESH,108,136
300109,MADHYA PRADESH,109,22
300109,MADHYA PRADESH,110,176
300109,MADHYA PRADESH,111,160
300109,MADHYA PRADESH,112,94
300109,MADHYA PRADESH,113,235
300109,MADHYA PRADESH,114,178
300109,MADHYA PRADESH,115,302
300109,MADHYA PRADESH,116,126
300109,MADHYA PRADESH,117,151
300109,MADHYA PRADESH,118,311
300109,MADHYA PRADESH,119,147
300109,MADHYA PRADESH,120,145
300109,MADHYA PRADESH,121,82
300109,MADHYA PRADESH,122,403
300109,MADHYA PRADESH,123,61
300109,MADHYA PRADESH,124,78
300109,MADHYA PRADESH,125,186
300109,MADHYA PRADESH,126,314
300109,MADHYA PRADESH,127,164
300109,MADHYA PRADESH,128,343
300109,MADHYA PRADESH,129,65
300109,MADHYA PRADESH,130,92
300109,MADHYA PRADESH,131,80
300109,MADHYA PRADESH,132,140
300109,MADHYA PRADESH,133,221
300109,MADHYA PRADESH,134,243
300109,MADHYA PRADESH,135,161
300109,MADHYA PRADESH,136,367
300109,MADHYA PRADESH,137,241
300109,MADHYA PRADESH,138,209
300109,MADHYA PRADESH,139,17
300109,MADHYA PRADESH,140,144
300109,MADHYA PRADESH,141,79
300109,MADHYA PRADESH,142,69
300109,MADHYA PRADESH,143,51
300109,MADHYA PRADESH,144,436
300109,MADHYA PRADESH,145,505
300109,MADHYA PRADESH,146,166
300109,MADHYA PRADESH,147,183
300109,MADHYA PRADESH,148,416
300109,MADHYA PRADESH,149,30
300109,MADHYA PRADESH,150,320
300109,MADHYA PRADESH,151,175
300109,MADHYA PRADESH,152,41
300109,MADHYA PRADESH,153,101
300109,MADHYA PRADESH,154,105
300109,MADHYA PRADESH,155,55
300109,MADHYA PRADESH,156,55
300109,MADHYA PRADESH,157,398
300109,MADHYA PRADESH,158,41
300109,MADHYA PRADESH,159,295
300109,MADHYA PRADESH,160,491
300109,MADHYA PRADESH,161,85
300109,MADHYA PRADESH,162,311
300109,MADHYA PRADESH,163,542
300109,MADHYA PRADESH,164,560
300109,MADHYA PRADESH,165,9
300109,MADHYA PRADESH,166,56
300109,MADHYA PRADESH,167,554
300109,MADHYA PRADESH,168,460
300109,MADHYA PRADESH,169,247
300109,MADHYA PRADESH,170,118
300109,MADHYA PRADESH,171,143
300109,MADHYA PRADESH,172,83
300109,MADHYA PRADESH,173,180
300109,MADHYA PRADESH,174,90
300109,MADHYA PRADESH,175,52
300109,MADHYA PRADESH,176,85
300109,MADHYA PRADESH,177,451
300109,MADHYA PRADESH,178,124
300109,MADHYA PRADESH,179,378
300109,MADHYA PRADESH,180,291
300109,MADHYA PRADESH,181,435
300109,MADHYA PRADESH,182,26
300109,MADHYA PRADESH,183,167
300109,MADHYA PRADESH,184,14
300109,MADHYA PRADESH,185,396
300109,MADHYA PRADESH,186,462
300109,MADHYA PRADESH,187,281
300109,MADHYA PRADESH,188,353
300109,MADHYA PRADESH,189,65
300109,MADHYA PRADESH,190,280
300109,MADHYA PRADESH,191,160
300109,MADHYA PRADESH,192,53
300109,MADHYA PRADESH,193,202
300109,MADHYA PRADESH,194,236
300109,MADHYA PRADESH,195,402
300109,MADHYA PRADESH,196,71
300109,MADHYA PRADESH,197,87
300109,MADHYA PRADESH,198,115
300109,MADHYA PRADESH,199,530
300109,MADHYA PRADESH,200,53
300109,MADHYA PRADESH,201,617
300109,MADHYA PRADESH,202,661
300109,MADHYA PRADESH,203,69
300109,MADHYA PRADESH,204,158
300109,MADHYA PRADESH,205,454
300109,MADHYA PRADESH,206,180
300109,MADHYA PRADESH,207,130
300109,MADHYA PRADESH,208,218
300109,MADHYA PRADESH,209,298
300109,MADHYA PRADESH,210,455
300109,MADHYA PRADESH,211,68
300109,MADHYA PRADESH,212,70
300109,MADHYA PRADESH,213,60
300109,MADHYA PRADESH,214,380
300109,MADHYA PRADESH,215,45
300109,MADHYA PRADESH,216,540
300109,MADHYA PRADESH,217,157
300109,MADHYA PRADESH,218,123
300109,MADHYA PRADESH,219,235
300109,MADHYA PRADESH,220,85
300109,MADHYA PRADESH,221,40
300109,MADHYA PRADESH,222,184
300109,MADHYA PRADESH,223,66
300109,MADHYA PRADESH,224,350
300109,MADHYA PRADESH,225,66
300109,MADHYA PRADESH,226,101
300109,MADHYA PRADESH,227,172
300109,MADHYA PRADESH,228,588
300109,MADHYA PRADESH,229,134
300109,MADHYA PRADESH,230,267
300109,MADHYA PRADESH,231,55
300109,MADHYA PRADESH,232,301
300109,MADHYA PRADESH,233,165
300109,MADHYA PRADESH,234,122
300109,MADHYA PRADESH,235,371
300109,MADHYA PRADESH,236,80
300109,MADHYA PRADESH,237,143
300109,MADHYA PRADESH,238,131
300109,MADHYA PRADESH,239,211
300109,MADHYA PRADESH,240,189
300109,MADHYA PRADESH,241,103
300109,MADHYA PRADESH,242,410
300109,MADHYA PRADESH,243,260
300109,MADHYA PRADESH,244,609
300109,MADHYA PRADESH,245,469
300109,MADHYA PRADESH,246,258
300109,MADHYA PRADESH,247,97
300109,MADHYA PRADESH,248,130
300109,MADHYA PRADESH,249,400
300109,MADHYA PRADESH,250,98
300109,MADHYA PRADESH,251,336
300109,MADHYA PRADESH,252,112
300109,MADHYA PRADESH,253,364
300109,MADHYA PRADESH,254,489
300109,MADHYA PRADESH,255,163
300109,MADHYA PRADESH,256,175
300109,MADHYA PRADESH,257,333
300109,MADHYA PRADESH,258,276
300109,MADHYA PRADESH,259,5
300109,MADHYA PRADESH,260,429
300109,MADHYA PRADESH,261,222
300109,MADHYA PRADESH,262,56
300109,MADHYA PRADESH,263,36
300109,MADHYA PRADESH,264,48
300109,MADHYA PRADESH,265,191
300109,MADHYA PRADESH,266,114
300109,MADHYA PRADESH,267,113
300109,MADHYA PRADESH,268,121
300109,MADHYA PRADESH,269,339
300109,MADHYA PRADESH,270,569
300109,MADHYA PRADESH,271,142
300109,MADHYA PRADESH,272,106
300109,MADHYA PRADESH,273,119
300109,MADHYA PRADESH,274,128
300109,MADHYA PRADESH,275,264
300109,MADHYA PRADESH,276,266
300109,MADHYA PRADESH,277,105
300109,MADHYA PRADESH,278,76
300109,MADHYA PRADESH,279,272
300109,MADHYA PRADESH,280,161
300109,MADHYA PRADESH,281,75
300109,MADHYA PRADESH,282,378
300109,MADHYA PRADESH,283,341
300109,MADHYA PRADESH,284,267
300109,MADHYA PRADESH,285,194
300109,MADHYA PRADESH,286,116
300109,MADHYA PRADESH,287,60
300109,MADHYA PRADESH,288,206
300109,MADHYA PRADESH,289,81
300109,MADHYA PRADESH,290,51
300109,MADHYA PRADESH,291,163
300109,MADHYA PRADESH,292,254
300109,MADHYA PRADESH,293,158
300109,MADHYA PRADESH,294,40
300109,MADHYA PRADESH,295,50
300109,MADHYA PRADESH,296,200
300109,MADHYA PRADESH,297,165
300109,MADHYA PRADESH,298,163
300109,MADHYA PRADESH,299,441
300109,MADHYA PRADESH,300,227
300109,MADHYA PRADESH,301,81
300109,MADHYA PRADESH,302,274
300109,MADHYA PRADESH,303,111
300109,MADHYA PRADESH,304,285
300109,MADHYA PRADESH,305,650
300109,MADHYA PRADESH,306,109
300109,MADHYA PRADESH,307,348
300109,MADHYA PRADESH,308,124
300109,MADHYA PRADESH,309,130
300109,MADHYA PRADESH,310,40
300109,MADHYA PRADESH,311,15
300109,MADHYA PRADESH,312,36
300109,MADHYA PRADESH,313,483
300109,MADHYA PRADESH,314,12
300109,MADHYA PRADESH,315,173
300109,MADHYA PRADESH,316,46
300109,MADHYA PRADESH,317,150
300109,MADHYA PRADESH,318,10
300109,MADHYA PRADESH,319,233
300109,MADHYA PRADESH,320,249
300109,MADHYA PRADESH,321,179
300109,MADHYA PRADESH,322,266
300109,MADHYA PRADESH,323,11
300109,MADHYA PRADESH,324,374
300109,MADHYA PRADESH,325,231
300109,MADHYA PRADESH,326,347
300109,MADHYA PRADESH,327,466
300109,MADHYA PRADESH,328,195
300109,MADHYA PRADESH,329,58
300109,MADHYA PRADESH,330,205
300109,MADHYA PRADESH,331,35
300109,MADHYA PRADESH,332,245
300109,MADHYA PRADESH,333,198
300109,MADHYA PRADESH,334,177
300109,MADHYA PRADESH,335,73
300109,MADHYA PRADESH,336,258
300109,MADHYA PRADESH,337,379
300109,MADHYA PRADESH,338,98
300109,MADHYA PRADESH,339,171
300109,MADHYA PRADESH,340,488
300109,MADHYA PRADESH,341,452
300109,MADHYA PRADESH,342,140
300109,MADHYA PRADESH,343,125
300109,MADHYA PRADESH,344,486
300109,MADHYA PRADESH,345,288
300109,MADHYA PRADESH,346,114
300109,MADHYA PRADESH,347,111
300109,MADHYA PRADESH,348,322
300109,MADHYA PRADESH,349,488
300109,MADHYA PRADESH,350,270
300109,MADHYA PRADESH,351,57
300109,MADHYA PRADESH,352,303
300109,MADHYA PRADESH,353,71
300109,MADHYA PRADESH,354,270
300109,MADHYA PRADESH,355,552
300109,MADHYA PRADESH,356,161
300109,MADHYA PRADESH,357,135
300109,MADHYA PRADESH,358,58
300109,MADHYA PRADESH,359,57
300109,MADHYA PRADESH,360,172
300109,MADHYA PRADESH,361,66
300109,MADHYA PRADESH,362,15
300109,MADHYA PRADESH,363,94
300109,MADHYA PRADESH,364,219
300109,MADHYA PRADESH,365,111
300109,MADHYA PRADESH,366,547
300109,MADHYA PRADESH,367,615
300109,MADHYA PRADESH,368,54
300109,MADHYA PRADESH,369,91
300109,MADHYA PRADESH,370,300
300109,MADHYA PRADESH,371,99
300109,MADHYA PRADESH,372,537
300109,MADHYA PRADESH,373,299
300109,MADHYA PRADESH,374,258
300109,MADHYA PRADESH,375,214
300109,MADHYA PRADESH,376,237
300109,MADHYA PRADESH,377,60
300109,MADHYA PRADESH,378,186
300109,MADHYA PRADESH,379,311
300109,MADHYA PRADESH,380,250
300109,MADHYA PRADESH,381,66
300109,MADHYA PRADESH,382,372
300109,MADHYA PRADESH,383,74
300109,MADHYA PRADESH,384,113
300109,MADHYA PRADESH,385,355
300109,MADHYA PRADESH,386,111
300109,MADHYA PRADESH,387,94
300109,MADHYA PRADESH,388,30
300109,MADHYA PRADESH,389,88
300109,MADHYA PRADESH,390,155
300109,MADHYA PRADESH,391,549
300109,MADHYA PRADESH,392,424
300109,MADHYA PRADESH,393,143
300109,MADHYA PRADESH,394,94
300109,MADHYA PRADESH,395,96
300109,MADHYA PRADESH,396,35
300109,MADHYA PRADESH,397,265
300109,MADHYA PRADESH,398,171
300109,MADHYA PRADESH,399,89
300109,MADHYA PRADESH,400,435
300109,MADHYA PRADESH,401,28
300109,MADHYA PRADESH,402,62
300109,MADHYA PRADESH,403,353
300109,MADHYA PRADESH,404,50
300109,MADHYA PRADESH,405,88
300109,MADHYA PRADESH,406,140
300109,MADHYA PRADESH,407,43
300109,MADHYA PRADESH,408,187
300109,MADHYA PRADESH,409,143
300109,MADHYA PRADESH,410,209
300109,MADHYA PRADESH,411,150
300109,MADHYA PRADESH,412,138
300109,MADHYA PRADESH,413,85
300109,MADHYA PRADESH,414,506
300109,MADHYA PRADESH,415,643
300109,MADHYA PRADESH,416,124
300109,MADHYA PRADESH,417,135
300109,MADHYA PRADESH,418,267
300109,MADHYA PRADESH,419,131
300109,MADHYA PRADESH,420,57
300109,MADHYA PRADESH,421,162
300109,MADHYA PRADESH,422,281
300109,MADHYA PRADESH,423,621
300109,MADHYA PRADESH,424,60
300109,MADHYA PRADESH,425,60
300109,MADHYA PRADESH,426,127
300109,MADHYA PRADESH,427,464
300109,MADHYA PRADESH,428,237
300109,MADHYA PRADESH,429,77
300109,MADHYA PRADESH,430,251
300109,MADHYA PRADESH,431,53
300109,MADHYA PRADESH,432,56
300109,MADHYA PRADESH,433,46
300109,MADHYA PRADESH,434,621
300109,MADHYA PRADESH,435,195
300109,MADHYA PRADESH,436,135
300109,MADHYA PRADESH,437,171
300109,MADHYA PRADESH,438,110
300109,MADHYA PRADESH,439,76
300109,MADHYA PRADESH,440,254
300109,MADHYA PRADESH,441,321
300109,MADHYA PRADESH,442,77
300109,MADHYA PRADESH,443,45
300109,MADHYA PRADESH,444,105
300109,MADHYA PRADESH,445,289
300109,MADHYA PRADESH,446,544
300109,MADHYA PRADESH,447,66
300109,MADHYA PRADESH,448,160
300109,MADHYA PRADESH,449,105
300109,MADHYA PRADESH,450,361
300109,MADHYA PRADESH,451,87
300109,MADHYA PRADESH,452,218
300109,MADHYA PRADESH,453,106
300109,MADHYA PRADESH,454,21
300109,MADHYA PRADESH,455,147
300109,MADHYA PRADESH,456,272
300109,MADHYA PRADESH,457,35
300109,MADHYA PRADESH,458,130
300109,MADHYA PRADESH,459,312
300109,MADHYA PRADESH,460,299
300109,MADHYA PRADESH,461,406
300109,MADHYA PRADESH,462,95
300109,MADHYA PRADESH,463,54
300109,MADHYA PRADESH,464,52
300109,MADHYA PRADESH,465,259
300109,MADHYA PRADESH,466,238
300109,MADHYA PRADESH,467,144
300109,MADHYA PRADESH,468,85
300109,MADHYA PRADESH,469,100
300109,MADHYA PRADESH,470,77
300109,MADHYA PRADESH,471,60
300109,MADHYA PRADESH,472,159
300109,MADHYA PRADESH,473,153
300109,MADHYA PRADESH,474,49
300109,MADHYA PRADESH,475,306
300109,MADHYA PRADESH,476,97
300109,MADHYA PRADESH,477,111
300109,MADHYA PRADESH,478,172
300109,MADHYA PRADESH,479,220
300109,MADHYA PRADESH,480,133
300109,MADHYA PRADESH,481,51
300109,MADHYA PRADESH,482,205
300109,MADHYA PRADESH,483,168
300109,MADHYA PRADESH,484,76
300109,MADHYA PRADESH,485,291
300109,MADHYA PRADESH,486,95
300109,MADHYA PRADESH,487,79
300109,MADHYA PRADESH,488,127
300109,MADHYA PRADESH,489,140
300109,MADHYA PRADESH,490,443
300109,MADHYA PRADESH,491,519
300109,MADHYA PRADESH,492,229
300109,MADHYA PRADESH,493,167
300109,MADHYA PRADESH,494,181
300109,MADHYA PRADESH,495,146
300109,MADHYA PRADESH,496,237
300109,MADHYA PRADESH,497,222
300109,MADHYA PRADESH,498,85
300109,MADHYA PRADESH,499,101
300109,MADHYA PRADESH,500,527
300109,MADHYA PRADESH,501,130
300109,MADHYA PRADESH,502,196
300109,MADHYA PRADESH,503,200
300109,MADHYA PRADESH,504,92
300109,MADHYA PRADESH,505,110
300109,MADHYA PRADESH,506,557
300109,MADHYA PRADESH,507,601
300109,MADHYA PRADESH,508,484
300109,MADHYA PRADESH,509,247
300109,MADHYA PRADESH,510,83
300109,MADHYA PRADESH,511,62
300109,MADHYA PRADESH,512,504
300109,MADHYA PRADESH,513,96
300109,MADHYA PRADESH,514,27
300109,MADHYA PRADESH,515,167
300109,MADHYA PRADESH,516,197
300109,MADHYA PRADESH,517,261
300109,MADHYA PRADESH,518,272
300109,MADHYA PRADESH,519,7
300109,MADHYA PRADESH,520,146
300109,MADHYA PRADESH,521,58
300109,MADHYA PRADESH,522,152
300109,MADHYA PRADESH,523,117
300109,MADHYA PRADESH,524,86
300109,MADHYA PRADESH,525,336
300109,MADHYA PRADESH,526,202
300109,MADHYA PRADESH,527,238
300109,MADHYA PRADESH,528,468
300109,MADHYA PRADESH,529,60
300109,MADHYA PRADESH,530,521
300109,MADHYA PRADESH,531,124
300109,MADHYA PRADESH,532,567
300109,MADHYA PRADESH,533,388
300109,MADHYA PRADESH,534,212
300109,MADHYA PRADESH,535,285
300109,MADHYA PRADESH,536,294
300109,MADHYA PRADESH,537,429
300109,MADHYA PRADESH,538,361
300109,MADHYA PRADESH,539,16
300109,MADHYA PRADESH,540,194
300109,MADHYA PRADESH,10,542
300109,MADHYA PRADESH,145,543
300109,MADHYA PRADESH,36,544
300109,MADHYA PRADESH,115,545
300109,MADHYA PRADESH,243,546
300109,MADHYA PRADESH,542,547
300109,MADHYA PRADESH,240,548
300109,MADHYA PRADESH,459,549
300109,MADHYA PRADESH,97,550
300109,MADHYA PRADESH,40,551
300109,MADHYA PRADESH,340,552
300109,MADHYA PRADESH,113,553
300109,MADHYA PRADESH,601,554
300109,MADHYA PRADESH,85,555
300109,MADHYA PRADESH,394,556
300109,MADHYA PRADESH,40,557
300109,MADHYA PRADESH,134,558
300109,MADHYA PRADESH,226,559
300109,MADHYA PRADESH,223,560
300109,MADHYA PRADESH,126,561
300109,MADHYA PRADESH,68,562
300109,MADHYA PRADESH,336,563
300109,MADHYA PRADESH,451,564
300109,MADHYA PRADESH,52,565
300109,MADHYA PRADESH,97,566
300109,MADHYA PRADESH,297,567
300109,MADHYA PRADESH,175,568
300109,MADHYA PRADESH,57,569
300109,MADHYA PRADESH,91,570
300109,MADHYA PRADESH,571,167
300109,MADHYA PRADESH,572,526
300109,MADHYA PRADESH,573,164
300109,MADHYA PRADESH,574,348
300109,MADHYA PRADESH,575,80
300109,MADHYA PRADESH,576,169
300109,MADHYA PRADESH,577,242
300109,MADHYA PRADESH,578,120
300109,MADHYA PRADESH,579,221
300109,MADHYA PRADESH,580,131
300109,MADHYA PRADESH,581,158
300109,MADHYA PRADESH,582,186
300109,MADHYA PRADESH,583,74
300109,MADHYA PRADESH,584,81
300109,MADHYA PRADESH,585,107
300109,MADHYA PRADESH,586,476
