Center Number,State Name,Srl No,Marks
300123,MADHYA PRADESH,1,58
300123,MADHYA PRADESH,2,183
300123,MADHYA PRADESH,3,62
300123,MADHYA PRADESH,4,89
300123,MADHYA PRADESH,5,396
300123,MADHYA PRADESH,6,93
300123,MADHYA PRADESH,7,55
300123,MADHYA PRADESH,4,9
300123,MADHYA PRADESH,64,10
300123,MADHYA PRADESH,124,11
300123,MADHYA PRADESH,44,12
300123,MADHYA PRADESH,279,13
300123,MADHYA PRADESH,49,14
300123,MADHYA PRADESH,94,15
300123,MADHYA PRADESH,71,16
300123,MADHYA PRADESH,58,17
300123,MADHYA PRADESH,32,18
300123,MADHYA PRADESH,210,19
300123,MADHYA PRADESH,378,20
300123,MADHYA PRADESH,50,21
300123,MADHYA PRADESH,33,22
300123,MADHYA PRADESH,22,23
300123,MADHYA PRADESH,53,24
300123,MADHYA PRADESH,102,25
300123,MADHYA PRADESH,42,26
300123,MADHYA PRADESH,57,27
300123,MADHYA PRADESH,308,28
300123,MADHYA PRADESH,131,29
300123,MADHYA PRADESH,51,30
300123,MADHYA PRADESH,31,97
300123,MADHYA PRADESH,32,70
300123,MADHYA PRADESH,33,128
300123,MADHYA PRADESH,34,99
300123,MADHYA PRADESH,35,45
300123,MADHYA PRADESH,36,123
300123,MADHYA PRADESH,37,74
300123,MADHYA PRADESH,38,88
300123,MADHYA PRADESH,39,555
300123,MADHYA PRADESH,40,90
300123,MADHYA PRADESH,41,373
300123,MADHYA PRADESH,42,477
300123,MADHYA PRADESH,43,230
300123,MADHYA PRADESH,44,57
300123,MADHYA PRADESH,45,67
300123,MADHYA PRADESH,46,259
300123,MADHYA PRADESH,47,112
300123,MADHYA PRADESH,48,30
300123,MADHYA PRADESH,49,40
300123,MADHYA PRADESH,50,38
300123,MADHYA PRADESH,51,349
300123,MADHYA PRADESH,52,283
300123,MADHYA PRADESH,53,282
300123,MADHYA PRADESH,54,275
300123,MADHYA PRADESH,55,70
300123,MADHYA PRADESH,56,107
300123,MADHYA PRADESH,57,80
300123,MADHYA PRADESH,58,25
300123,MADHYA PRADESH,59,643
300123,MADHYA PRADESH,60,140
300123,MADHYA PRADESH,61,66
300123,MADHYA PRADESH,62,234
300123,MADHYA PRADESH,63,65
300123,MADHYA PRADESH,64,10
300123,MADHYA PRADESH,65,107
300123,MADHYA PRADESH,66,167
300123,MADHYA PRADESH,67,148
300123,MADHYA PRADESH,68,104
300123,MADHYA PRADESH,69,120
300123,MADHYA PRADESH,70,10
300123,MADHYA PRADESH,71,21
300123,MADHYA PRADESH,72,100
300123,MADHYA PRADESH,73,203
300123,MADHYA PRADESH,74,416
300123,MADHYA PRADESH,75,126
300123,MADHYA PRADESH,76,53
300123,MADHYA PRADESH,77,82
300123,MADHYA PRADESH,78,76
300123,MADHYA PRADESH,79,46
300123,MADHYA PRADESH,80,65
300123,MADHYA PRADESH,81,120
300123,MADHYA PRADESH,82,78
300123,MADHYA PRADESH,83,108
300123,MADHYA PRADESH,84,280
300123,MADHYA PRADESH,85,469
300123,MADHYA PRADESH,86,98
300123,MADHYA PRADESH,87,56
300123,MADHYA PRADESH,88,54
300123,MADHYA PRADESH,89,88
300123,MADHYA PRADESH,90,50
300123,MADHYA PRADESH,91,60
300123,MADHYA PRADESH,92,8
300123,MADHYA PRADESH,93,87
300123,MADHYA PRADESH,94,70
300123,MADHYA PRADESH,95,228
300123,MADHYA PRADESH,96,263
300123,MADHYA PRADESH,97,165
300123,MADHYA PRADESH,98,59
300123,MADHYA PRADESH,99,514
300123,MADHYA PRADESH,100,60
300123,MADHYA PRADESH,101,72
300123,MADHYA PRADESH,102,107
300123,MADHYA PRADESH,103,70
300123,MADHYA PRADESH,104,45
300123,MADHYA PRADESH,105,96
300123,MADHYA PRADESH,106,32
300123,MADHYA PRADESH,107,46
300123,MADHYA PRADESH,108,50
300123,MADHYA PRADESH,109,91
300123,MADHYA PRADESH,110,44
300123,MADHYA PRADESH,111,507
300123,MADHYA PRADESH,112,130
300123,MADHYA PRADESH,113,146
300123,MADHYA PRADESH,114,65
300123,MADHYA PRADESH,115,94
300123,MADHYA PRADESH,116,547
300123,MADHYA PRADESH,117,327
300123,MADHYA PRADESH,118,24
300123,MADHYA PRADESH,119,92
300123,MADHYA PRADESH,120,123
300123,MADHYA PRADESH,121,110
300123,MADHYA PRADESH,122,150
300123,MADHYA PRADESH,123,424
300123,MADHYA PRADESH,124,30
300123,MADHYA PRADESH,125,77
300123,MADHYA PRADESH,126,40
300123,MADHYA PRADESH,127,150
300123,MADHYA PRADESH,128,10
300123,MADHYA PRADESH,129,52
300123,MADHYA PRADESH,130,134
300123,MADHYA PRADESH,131,391
300123,MADHYA PRADESH,132,98
300123,MADHYA PRADESH,133,115
300123,MADHYA PRADESH,134,8
300123,MADHYA PRADESH,135,183
300123,MADHYA PRADESH,136,50
300123,MADHYA PRADESH,137,28
300123,MADHYA PRADESH,138,85
300123,MADHYA PRADESH,139,160
300123,MADHYA PRADESH,140,394
300123,MADHYA PRADESH,141,50
300123,MADHYA PRADESH,142,96
300123,MADHYA PRADESH,143,62
300123,MADHYA PRADESH,144,213
300123,MADHYA PRADESH,145,155
300123,MADHYA PRADESH,146,93
300123,MADHYA PRADESH,147,203
300123,MADHYA PRADESH,148,426
300123,MADHYA PRADESH,149,356
300123,MADHYA PRADESH,150,71
300123,MADHYA PRADESH,151,211
300123,MADHYA PRADESH,152,82
300123,MADHYA PRADESH,153,117
300123,MADHYA PRADESH,154,60
300123,MADHYA PRADESH,155,65
300123,MADHYA PRADESH,156,73
300123,MADHYA PRADESH,157,177
300123,MADHYA PRADESH,158,247
300123,MADHYA PRADESH,159,48
300123,MADHYA PRADESH,160,92
300123,MADHYA PRADESH,161,520
300123,MADHYA PRADESH,162,50
300123,MADHYA PRADESH,163,50
300123,MADHYA PRADESH,164,13
300123,MADHYA PRADESH,165,208
300123,MADHYA PRADESH,166,342
300123,MADHYA PRADESH,167,103
300123,MADHYA PRADESH,168,128
300123,MADHYA PRADESH,169,183
300123,MADHYA PRADESH,170,56
300123,MADHYA PRADESH,171,70
300123,MADHYA PRADESH,172,74
300123,MADHYA PRADESH,173,50
300123,MADHYA PRADESH,174,67
300123,MADHYA PRADESH,175,112
300123,MADHYA PRADESH,176,363
300123,MADHYA PRADESH,177,80
300123,MADHYA PRADESH,178,33
300123,MADHYA PRADESH,179,90
300123,MADHYA PRADESH,180,335
300123,MADHYA PRADESH,181,48
300123,MADHYA PRADESH,182,316
300123,MADHYA PRADESH,183,26
300123,MADHYA PRADESH,184,89
300123,MADHYA PRADESH,2,186
300123,MADHYA PRADESH,110,187
300123,MADHYA PRADESH,31,188
300123,MADHYA PRADESH,590,189
300123,MADHYA PRADESH,32,190
300123,MADHYA PRADESH,73,191
300123,MADHYA PRADESH,57,192
300123,MADHYA PRADESH,113,193
300123,MADHYA PRADESH,41,194
300123,MADHYA PRADESH,40,195
300123,MADHYA PRADESH,60,196
300123,MADHYA PRADESH,44,197
300123,MADHYA PRADESH,273,198
300123,MADHYA PRADESH,66,199
300123,MADHYA PRADESH,101,200
300123,MADHYA PRADESH,403,201
300123,MADHYA PRADESH,6,202
300123,MADHYA PRADESH,153,203
300123,MADHYA PRADESH,462,204
300123,MADHYA PRADESH,40,205
300123,MADHYA PRADESH,515,206
300123,MADHYA PRADESH,648,207
300123,MADHYA PRADESH,75,208
300123,MADHYA PRADESH,466,209
300123,MADHYA PRADESH,73,210
300123,MADHYA PRADESH,211,159
300123,MADHYA PRADESH,212,180
300123,MADHYA PRADESH,213,65
300123,MADHYA PRADESH,214,46
300123,MADHYA PRADESH,215,584
300123,MADHYA PRADESH,216,197
300123,MADHYA PRADESH,217,78
300123,MADHYA PRADESH,218,66
300123,MADHYA PRADESH,219,97
300123,MADHYA PRADESH,220,75
300123,MADHYA PRADESH,221,12
300123,MADHYA PRADESH,222,89
300123,MADHYA PRADESH,10,224
300123,MADHYA PRADESH,57,225
300123,MADHYA PRADESH,190,226
300123,MADHYA PRADESH,180,227
300123,MADHYA PRADESH,176,228
300123,MADHYA PRADESH,122,229
300123,MADHYA PRADESH,91,230
300123,MADHYA PRADESH,8,231
300123,MADHYA PRADESH,61,232
300123,MADHYA PRADESH,71,233
300123,MADHYA PRADESH,137,234
300123,MADHYA PRADESH,98,235
300123,MADHYA PRADESH,571,236
300123,MADHYA PRADESH,40,237
300123,MADHYA PRADESH,319,238
300123,MADHYA PRADESH,85,239
300123,MADHYA PRADESH,32,240
300123,MADHYA PRADESH,241,59
300123,MADHYA PRADESH,242,55
300123,MADHYA PRADESH,243,68
300123,MADHYA PRADESH,244,90
300123,MADHYA PRADESH,245,87
300123,MADHYA PRADESH,246,96
300123,MADHYA PRADESH,247,67
300123,MADHYA PRADESH,248,375
300123,MADHYA PRADESH,249,98
300123,MADHYA PRADESH,250,165
300123,MADHYA PRADESH,251,215
300123,MADHYA PRADESH,252,126
300123,MADHYA PRADESH,253,78
300123,MADHYA PRADESH,254,26
300123,MADHYA PRADESH,255,277
300123,MADHYA PRADESH,256,20
300123,MADHYA PRADESH,257,25
300123,MADHYA PRADESH,258,128
300123,MADHYA PRADESH,259,52
300123,MADHYA PRADESH,260,97
300123,MADHYA PRADESH,261,133
300123,MADHYA PRADESH,262,69
300123,MADHYA PRADESH,263,529
300123,MADHYA PRADESH,264,152
300123,MADHYA PRADESH,265,35
300123,MADHYA PRADESH,266,263
300123,MADHYA PRADESH,267,252
300123,MADHYA PRADESH,268,80
300123,MADHYA PRADESH,269,160
300123,MADHYA PRADESH,270,115
300123,MADHYA PRADESH,271,256
300123,MADHYA PRADESH,272,100
300123,MADHYA PRADESH,273,534
300123,MADHYA PRADESH,274,85
300123,MADHYA PRADESH,275,252
300123,MADHYA PRADESH,276,131
300123,MADHYA PRADESH,277,589
300123,MADHYA PRADESH,278,215
300123,MADHYA PRADESH,279,387
300123,MADHYA PRADESH,280,81
300123,MADHYA PRADESH,281,2
300123,MADHYA PRADESH,282,294
300123,MADHYA PRADESH,283,141
300123,MADHYA PRADESH,284,111
300123,MADHYA PRADESH,285,388
300123,MADHYA PRADESH,286,59
300123,MADHYA PRADESH,287,249
300123,MADHYA PRADESH,288,268
300123,MADHYA PRADESH,289,236
300123,MADHYA PRADESH,290,178
300123,MADHYA PRADESH,291,259
300123,MADHYA PRADESH,292,60
300123,MADHYA PRADESH,293,94
300123,MADHYA PRADESH,294,502
300123,MADHYA PRADESH,295,66
300123,MADHYA PRADESH,296,50
300123,MADHYA PRADESH,297,97
300123,MADHYA PRADESH,298,162
300123,MADHYA PRADESH,299,130
300123,MADHYA PRADESH,300,35
300123,MADHYA PRADESH,301,637
300123,MADHYA PRADESH,302,5
300123,MADHYA PRADESH,303,31
300123,MADHYA PRADESH,304,91
300123,MADHYA PRADESH,305,131
300123,MADHYA PRADESH,306,62
300123,MADHYA PRADESH,307,128
300123,MADHYA PRADESH,308,261
300123,MADHYA PRADESH,309,629
300123,MADHYA PRADESH,310,30
300123,MADHYA PRADESH,311,64
300123,MADHYA PRADESH,312,236
300123,MADHYA PRADESH,313,60
300123,MADHYA PRADESH,314,60
300123,MADHYA PRADESH,315,176
300123,MADHYA PRADESH,316,201
300123,MADHYA PRADESH,317,51
300123,MADHYA PRADESH,318,52
300123,MADHYA PRADESH,319,83
300123,MADHYA PRADESH,320,160
300123,MADHYA PRADESH,321,131
300123,MADHYA PRADESH,322,42
300123,MADHYA PRADESH,323,243
300123,MADHYA PRADESH,324,172
300123,MADHYA PRADESH,325,310
300123,MADHYA PRADESH,326,298
300123,MADHYA PRADESH,327,71
300123,MADHYA PRADESH,328,628
300123,MADHYA PRADESH,329,35
300123,MADHYA PRADESH,330,37
300123,MADHYA PRADESH,331,252
300123,MADHYA PRADESH,332,65
300123,MADHYA PRADESH,333,330
300123,MADHYA PRADESH,334,289
300123,MADHYA PRADESH,335,82
300123,MADHYA PRADESH,336,625
300123,MADHYA PRADESH,337,83
300123,MADHYA PRADESH,338,53
300123,MADHYA PRADESH,339,58
300123,MADHYA PRADESH,340,94
300123,MADHYA PRADESH,341,406
300123,MADHYA PRADESH,342,52
300123,MADHYA PRADESH,343,50
300123,MADHYA PRADESH,344,94
300123,MADHYA PRADESH,345,73
300123,MADHYA PRADESH,346,116
300123,MADHYA PRADESH,347,80
300123,MADHYA PRADESH,348,112
300123,MADHYA PRADESH,349,43
300123,MADHYA PRADESH,350,130
300123,MADHYA PRADESH,351,306
300123,MADHYA PRADESH,352,243
300123,MADHYA PRADESH,353,120
300123,MADHYA PRADESH,354,84
300123,MADHYA PRADESH,355,57
300123,MADHYA PRADESH,356,236
300123,MADHYA PRADESH,357,120
300123,MADHYA PRADESH,358,550
300123,MADHYA PRADESH,359,21
300123,MADHYA PRADESH,360,383
300123,MADHYA PRADESH,361,105
300123,MADHYA PRADESH,362,24
300123,MADHYA PRADESH,363,313
300123,MADHYA PRADESH,364,58
300123,MADHYA PRADESH,365,99
300123,MADHYA PRADESH,366,48
300123,MADHYA PRADESH,367,59
300123,MADHYA PRADESH,368,75
300123,MADHYA PRADESH,369,25
300123,MADHYA PRADESH,370,335
300123,MADHYA PRADESH,371,483
300123,MADHYA PRADESH,372,327
300123,MADHYA PRADESH,373,83
300123,MADHYA PRADESH,374,21
300123,MADHYA PRADESH,375,66
300123,MADHYA PRADESH,376,406
300123,MADHYA PRADESH,377,110
300123,MADHYA PRADESH,378,135
300123,MADHYA PRADESH,379,215
300123,MADHYA PRADESH,380,39
300123,MADHYA PRADESH,20,382
300123,MADHYA PRADESH,60,383
300123,MADHYA PRADESH,77,384
300123,MADHYA PRADESH,161,385
300123,MADHYA PRADESH,34,386
300123,MADHYA PRADESH,412,387
300123,MADHYA PRADESH,23,388
300123,MADHYA PRADESH,124,389
300123,MADHYA PRADESH,684,390
300123,MADHYA PRADESH,391,231
300123,MADHYA PRADESH,392,68
300123,MADHYA PRADESH,393,18
300123,MADHYA PRADESH,394,91
300123,MADHYA PRADESH,395,170
300123,MADHYA PRADESH,396,15
300123,MADHYA PRADESH,397,444
300123,MADHYA PRADESH,398,98
300123,MADHYA PRADESH,399,80
300123,MADHYA PRADESH,400,442
300123,MADHYA PRADESH,401,232
300123,MADHYA PRADESH,402,412
300123,MADHYA PRADESH,403,398
300123,MADHYA PRADESH,404,504
300123,MADHYA PRADESH,405,25
300123,MADHYA PRADESH,406,38
300123,MADHYA PRADESH,407,175
300123,MADHYA PRADESH,408,544
300123,MADHYA PRADESH,409,22
300123,MADHYA PRADESH,410,45
300123,MADHYA PRADESH,411,5
300123,MADHYA PRADESH,412,81
300123,MADHYA PRADESH,413,11
300123,MADHYA PRADESH,414,15
300123,MADHYA PRADESH,415,113
300123,MADHYA PRADESH,416,105
300123,MADHYA PRADESH,417,83
300123,MADHYA PRADESH,418,65
300123,MADHYA PRADESH,419,169
300123,MADHYA PRADESH,420,45
300123,MADHYA PRADESH,421,60
300123,MADHYA PRADESH,422,198
300123,MADHYA PRADESH,423,20
300123,MADHYA PRADESH,424,104
300123,MADHYA PRADESH,425,233
300123,MADHYA PRADESH,426,22
300123,MADHYA PRADESH,427,70
300123,MADHYA PRADESH,428,238
300123,MADHYA PRADESH,429,83
300123,MADHYA PRADESH,430,91
300123,MADHYA PRADESH,431,90
300123,MADHYA PRADESH,432,136
300123,MADHYA PRADESH,433,35
300123,MADHYA PRADESH,434,494
300123,MADHYA PRADESH,435,60
300123,MADHYA PRADESH,436,531
300123,MADHYA PRADESH,437,60
300123,MADHYA PRADESH,438,46
300123,MADHYA PRADESH,439,160
300123,MADHYA PRADESH,440,315
300123,MADHYA PRADESH,441,534
300123,MADHYA PRADESH,442,253
300123,MADHYA PRADESH,443,0
300123,MADHYA PRADESH,444,24
300123,MADHYA PRADESH,445,330
300123,MADHYA PRADESH,446,51
300123,MADHYA PRADESH,447,269
300123,MADHYA PRADESH,448,141
300123,MADHYA PRADESH,449,89
300123,MADHYA PRADESH,450,146
300123,MADHYA PRADESH,451,153
300123,MADHYA PRADESH,452,10
300123,MADHYA PRADESH,453,159
300123,MADHYA PRADESH,454,198
