Center Number,State Name,Srl No,Marks
300308,MADHYA PRADESH,1,261
300308,MADHYA PRADESH,2,95
300308,MADHYA PRADESH,3,480
300308,MADHYA PRADESH,4,113
300308,MADHYA PRADESH,5,25
300308,MADHYA PRADESH,6,162
300308,MADHYA PRADESH,7,403
300308,MADHYA PRADESH,8,465
300308,MADHYA PRADESH,9,588
300308,MADHYA PRADESH,10,55
300308,MADHYA PRADESH,11,515
300308,MADHYA PRADESH,12,247
300308,MADHYA PRADESH,13,484
300308,MADHYA PRADESH,14,73
300308,MADHYA PRADESH,15,159
300308,MADHYA PRADESH,16,138
300308,MADHYA PRADESH,17,400
300308,MADHYA PRADESH,18,528
300308,MADHYA PRADESH,19,321
300308,MADHYA PRADESH,20,501
300308,MADHYA PRADESH,21,215
300308,MADHYA PRADESH,22,248
300308,MADHYA PRADESH,23,52
300308,MADHYA PRADESH,24,96
300308,MADHYA PRADESH,25,350
300308,MADHYA PRADESH,26,178
300308,MADHYA PRADESH,27,145
300308,MADHYA PRADESH,28,451
300308,MADHYA PRADESH,29,179
300308,MADHYA PRADESH,30,376
300308,MADHYA PRADESH,31,80
300308,MADHYA PRADESH,32,175
300308,MADHYA PRADESH,33,528
300308,MADHYA PRADESH,34,393
300308,MADHYA PRADESH,35,127
300308,MADHYA PRADESH,36,30
300308,MADHYA PRADESH,37,222
300308,MADHYA PRADESH,38,80
300308,MADHYA PRADESH,39,366
300308,MADHYA PRADESH,40,61
300308,MADHYA PRADESH,41,144
300308,MADHYA PRADESH,42,158
300308,MADHYA PRADESH,43,341
300308,MADHYA PRADESH,44,194
300308,MADHYA PRADESH,45,429
300308,MADHYA PRADESH,46,147
300308,MADHYA PRADESH,47,195
300308,MADHYA PRADESH,48,205
300308,MADHYA PRADESH,49,71
300308,MADHYA PRADESH,50,155
300308,MADHYA PRADESH,51,314
300308,MADHYA PRADESH,52,203
300308,MADHYA PRADESH,53,75
300308,MADHYA PRADESH,54,65
300308,MADHYA PRADESH,55,193
300308,MADHYA PRADESH,56,269
300308,MADHYA PRADESH,57,29
300308,MADHYA PRADESH,58,160
300308,MADHYA PRADESH,59,260
300308,MADHYA PRADESH,60,187
300308,MADHYA PRADESH,61,36
300308,MADHYA PRADESH,62,307
300308,MADHYA PRADESH,63,498
300308,MADHYA PRADESH,64,45
300308,MADHYA PRADESH,65,600
300308,MADHYA PRADESH,66,103
300308,MADHYA PRADESH,67,128
300308,MADHYA PRADESH,68,118
300308,MADHYA PRADESH,69,379
300308,MADHYA PRADESH,70,206
300308,MADHYA PRADESH,71,76
300308,MADHYA PRADESH,72,150
300308,MADHYA PRADESH,73,567
300308,MADHYA PRADESH,74,25
300308,MADHYA PRADESH,75,145
300308,MADHYA PRADESH,76,132
300308,MADHYA PRADESH,77,479
300308,MADHYA PRADESH,78,40
300308,MADHYA PRADESH,79,44
300308,MADHYA PRADESH,80,569
300308,MADHYA PRADESH,81,229
300308,MADHYA PRADESH,82,220
300308,MADHYA PRADESH,83,99
300308,MADHYA PRADESH,84,40
300308,MADHYA PRADESH,85,139
300308,MADHYA PRADESH,86,165
300308,MADHYA PRADESH,87,140
300308,MADHYA PRADESH,88,202
300308,MADHYA PRADESH,89,93
300308,MADHYA PRADESH,90,50
300308,MADHYA PRADESH,91,54
300308,MADHYA PRADESH,92,75
300308,MADHYA PRADESH,93,131
300308,MADHYA PRADESH,94,94
300308,MADHYA PRADESH,95,508
300308,MADHYA PRADESH,96,40
300308,MADHYA PRADESH,97,289
300308,MADHYA PRADESH,98,277
300308,MADHYA PRADESH,99,52
300308,MADHYA PRADESH,100,106
300308,MADHYA PRADESH,101,105
300308,MADHYA PRADESH,102,80
300308,MADHYA PRADESH,103,57
300308,MADHYA PRADESH,104,45
300308,MADHYA PRADESH,105,87
300308,MADHYA PRADESH,106,257
300308,MADHYA PRADESH,107,110
300308,MADHYA PRADESH,108,427
300308,MADHYA PRADESH,109,321
300308,MADHYA PRADESH,110,391
300308,MADHYA PRADESH,111,123
300308,MADHYA PRADESH,112,578
300308,MADHYA PRADESH,113,480
300308,MADHYA PRADESH,114,393
300308,MADHYA PRADESH,115,94
300308,MADHYA PRADESH,116,152
300308,MADHYA PRADESH,117,79
300308,MADHYA PRADESH,118,80
300308,MADHYA PRADESH,119,257
300308,MADHYA PRADESH,120,509
300308,MADHYA PRADESH,121,263
300308,MADHYA PRADESH,122,108
300308,MADHYA PRADESH,123,78
300308,MADHYA PRADESH,124,287
300308,MADHYA PRADESH,125,400
300308,MADHYA PRADESH,126,200
300308,MADHYA PRADESH,127,23
300308,MADHYA PRADESH,128,434
300308,MADHYA PRADESH,129,315
300308,MADHYA PRADESH,130,153
300308,MADHYA PRADESH,131,309
300308,MADHYA PRADESH,132,178
300308,MADHYA PRADESH,133,283
300308,MADHYA PRADESH,134,35
300308,MADHYA PRADESH,135,177
300308,MADHYA PRADESH,136,115
300308,MADHYA PRADESH,137,85
300308,MADHYA PRADESH,138,105
300308,MADHYA PRADESH,139,434
300308,MADHYA PRADESH,140,65
300308,MADHYA PRADESH,141,357
300308,MADHYA PRADESH,142,24
300308,MADHYA PRADESH,143,230
300308,MADHYA PRADESH,144,383
300308,MADHYA PRADESH,145,286
300308,MADHYA PRADESH,146,152
300308,MADHYA PRADESH,147,325
300308,MADHYA PRADESH,148,39
300308,MADHYA PRADESH,149,160
300308,MADHYA PRADESH,150,370
300308,MADHYA PRADESH,151,400
300308,MADHYA PRADESH,152,80
300308,MADHYA PRADESH,153,54
300308,MADHYA PRADESH,154,483
300308,MADHYA PRADESH,155,93
300308,MADHYA PRADESH,156,295
300308,MADHYA PRADESH,157,70
300308,MADHYA PRADESH,158,74
300308,MADHYA PRADESH,159,207
300308,MADHYA PRADESH,160,70
300308,MADHYA PRADESH,161,473
300308,MADHYA PRADESH,162,586
300308,MADHYA PRADESH,163,504
300308,MADHYA PRADESH,164,184
300308,MADHYA PRADESH,165,173
300308,MADHYA PRADESH,166,548
300308,MADHYA PRADESH,167,52
300308,MADHYA PRADESH,168,36
300308,MADHYA PRADESH,169,646
300308,MADHYA PRADESH,170,72
300308,MADHYA PRADESH,171,218
300308,MADHYA PRADESH,172,88
300308,MADHYA PRADESH,173,151
300308,MADHYA PRADESH,174,317
300308,MADHYA PRADESH,175,112
300308,MADHYA PRADESH,176,568
300308,MADHYA PRADESH,177,336
300308,MADHYA PRADESH,178,645
300308,MADHYA PRADESH,179,171
300308,MADHYA PRADESH,180,269
300308,MADHYA PRADESH,181,538
300308,MADHYA PRADESH,182,318
300308,MADHYA PRADESH,183,118
300308,MADHYA PRADESH,184,48
300308,MADHYA PRADESH,185,32
300308,MADHYA PRADESH,186,206
300308,MADHYA PRADESH,187,109
300308,MADHYA PRADESH,188,256
300308,MADHYA PRADESH,189,79
300308,MADHYA PRADESH,190,177
300308,MADHYA PRADESH,191,194
300308,MADHYA PRADESH,192,50
300308,MADHYA PRADESH,193,277
300308,MADHYA PRADESH,17,195
300308,MADHYA PRADESH,58,196
300308,MADHYA PRADESH,444,197
300308,MADHYA PRADESH,109,198
300308,MADHYA PRADESH,226,199
300308,MADHYA PRADESH,293,200
300308,MADHYA PRADESH,117,201
300308,MADHYA PRADESH,63,202
300308,MADHYA PRADESH,168,203
300308,MADHYA PRADESH,164,204
300308,MADHYA PRADESH,225,205
300308,MADHYA PRADESH,73,206
300308,MADHYA PRADESH,491,207
300308,MADHYA PRADESH,656,208
300308,MADHYA PRADESH,242,209
300308,MADHYA PRADESH,313,210
300308,MADHYA PRADESH,211,78
300308,MADHYA PRADESH,212,450
300308,MADHYA PRADESH,213,244
300308,MADHYA PRADESH,214,246
300308,MADHYA PRADESH,215,522
300308,MADHYA PRADESH,216,142
300308,MADHYA PRADESH,217,480
300308,MADHYA PRADESH,218,105
300308,MADHYA PRADESH,219,402
300308,MADHYA PRADESH,220,91
300308,MADHYA PRADESH,221,465
300308,MADHYA PRADESH,222,580
300308,MADHYA PRADESH,223,618
300308,MADHYA PRADESH,224,281
300308,MADHYA PRADESH,225,148
300308,MADHYA PRADESH,226,486
300308,MADHYA PRADESH,227,120
300308,MADHYA PRADESH,228,97
300308,MADHYA PRADESH,229,45
300308,MADHYA PRADESH,230,30
300308,MADHYA PRADESH,231,297
300308,MADHYA PRADESH,232,45
300308,MADHYA PRADESH,233,140
300308,MADHYA PRADESH,234,72
300308,MADHYA PRADESH,235,300
300308,MADHYA PRADESH,236,65
300308,MADHYA PRADESH,237,519
300308,MADHYA PRADESH,238,50
300308,MADHYA PRADESH,239,61
300308,MADHYA PRADESH,240,267
300308,MADHYA PRADESH,241,287
300308,MADHYA PRADESH,242,152
300308,MADHYA PRADESH,243,371
300308,MADHYA PRADESH,244,510
300308,MADHYA PRADESH,245,50
300308,MADHYA PRADESH,246,120
300308,MADHYA PRADESH,247,311
300308,MADHYA PRADESH,248,274
300308,MADHYA PRADESH,249,288
300308,MADHYA PRADESH,250,238
300308,MADHYA PRADESH,251,321
300308,MADHYA PRADESH,252,117
300308,MADHYA PRADESH,253,85
300308,MADHYA PRADESH,254,135
300308,MADHYA PRADESH,255,103
300308,MADHYA PRADESH,256,35
300308,MADHYA PRADESH,257,239
300308,MADHYA PRADESH,258,241
300308,MADHYA PRADESH,259,99
300308,MADHYA PRADESH,260,231
300308,MADHYA PRADESH,261,582
300308,MADHYA PRADESH,262,80
300308,MADHYA PRADESH,263,81
300308,MADHYA PRADESH,264,62
300308,MADHYA PRADESH,265,166
300308,MADHYA PRADESH,266,170
300308,MADHYA PRADESH,267,574
300308,MADHYA PRADESH,268,367
300308,MADHYA PRADESH,269,129
300308,MADHYA PRADESH,270,163
300308,MADHYA PRADESH,271,485
300308,MADHYA PRADESH,272,281
300308,MADHYA PRADESH,273,199
300308,MADHYA PRADESH,274,46
300308,MADHYA PRADESH,275,106
300308,MADHYA PRADESH,276,100
300308,MADHYA PRADESH,277,78
300308,MADHYA PRADESH,278,200
300308,MADHYA PRADESH,279,326
300308,MADHYA PRADESH,280,256
300308,MADHYA PRADESH,281,168
300308,MADHYA PRADESH,282,70
300308,MADHYA PRADESH,283,231
300308,MADHYA PRADESH,284,104
300308,MADHYA PRADESH,285,95
300308,MADHYA PRADESH,286,496
300308,MADHYA PRADESH,287,91
300308,MADHYA PRADESH,288,440
300308,MADHYA PRADESH,289,126
300308,MADHYA PRADESH,290,104
300308,MADHYA PRADESH,291,139
300308,MADHYA PRADESH,292,118
300308,MADHYA PRADESH,293,161
300308,MADHYA PRADESH,294,105
300308,MADHYA PRADESH,295,47
300308,MADHYA PRADESH,296,55
300308,MADHYA PRADESH,297,240
300308,MADHYA PRADESH,298,41
300308,MADHYA PRADESH,299,144
300308,MADHYA PRADESH,300,31
300308,MADHYA PRADESH,301,25
300308,MADHYA PRADESH,302,95
300308,MADHYA PRADESH,303,125
300308,MADHYA PRADESH,304,115
300308,MADHYA PRADESH,305,671
300308,MADHYA PRADESH,306,88
300308,MADHYA PRADESH,307,45
300308,MADHYA PRADESH,308,112
300308,MADHYA PRADESH,309,69
300308,MADHYA PRADESH,310,493
300308,MADHYA PRADESH,311,358
300308,MADHYA PRADESH,312,404
300308,MADHYA PRADESH,313,502
300308,MADHYA PRADESH,314,528
300308,MADHYA PRADESH,315,253
300308,MADHYA PRADESH,316,292
300308,MADHYA PRADESH,317,203
300308,MADHYA PRADESH,318,170
300308,MADHYA PRADESH,319,173
300308,MADHYA PRADESH,320,461
300308,MADHYA PRADESH,321,62
300308,MADHYA PRADESH,322,115
300308,MADHYA PRADESH,323,380
300308,MADHYA PRADESH,324,59
300308,MADHYA PRADESH,325,117
300308,MADHYA PRADESH,326,91
300308,MADHYA PRADESH,327,32
300308,MADHYA PRADESH,328,343
300308,MADHYA PRADESH,329,622
300308,MADHYA PRADESH,330,454
300308,MADHYA PRADESH,331,381
300308,MADHYA PRADESH,332,58
300308,MADHYA PRADESH,333,306
300308,MADHYA PRADESH,334,347
300308,MADHYA PRADESH,335,75
300308,MADHYA PRADESH,336,325
300308,MADHYA PRADESH,337,202
300308,MADHYA PRADESH,338,45
300308,MADHYA PRADESH,339,20
300308,MADHYA PRADESH,340,35
300308,MADHYA PRADESH,341,45
300308,MADHYA PRADESH,342,431
300308,MADHYA PRADESH,343,50
300308,MADHYA PRADESH,344,591
300308,MADHYA PRADESH,345,229
300308,MADHYA PRADESH,346,295
300308,MADHYA PRADESH,347,316
300308,MADHYA PRADESH,348,100
300308,MADHYA PRADESH,349,127
300308,MADHYA PRADESH,350,167
300308,MADHYA PRADESH,351,214
300308,MADHYA PRADESH,352,106
300308,MADHYA PRADESH,353,209
300308,MADHYA PRADESH,354,618
300308,MADHYA PRADESH,355,152
300308,MADHYA PRADESH,356,125
300308,MADHYA PRADESH,357,26
300308,MADHYA PRADESH,358,173
300308,MADHYA PRADESH,359,350
300308,MADHYA PRADESH,360,417
300308,MADHYA PRADESH,361,345
300308,MADHYA PRADESH,362,56
300308,MADHYA PRADESH,363,295
300308,MADHYA PRADESH,364,55
300308,MADHYA PRADESH,365,491
300308,MADHYA PRADESH,366,168
300308,MADHYA PRADESH,367,63
300308,MADHYA PRADESH,368,90
300308,MADHYA PRADESH,369,174
300308,MADHYA PRADESH,370,110
300308,MADHYA PRADESH,371,488
300308,MADHYA PRADESH,372,344
300308,MADHYA PRADESH,373,210
300308,MADHYA PRADESH,374,159
300308,MADHYA PRADESH,375,15
300308,MADHYA PRADESH,376,125
300308,MADHYA PRADESH,377,167
300308,MADHYA PRADESH,378,294
300308,MADHYA PRADESH,379,190
300308,MADHYA PRADESH,380,255
300308,MADHYA PRADESH,381,76
300308,MADHYA PRADESH,382,545
300308,MADHYA PRADESH,383,248
300308,MADHYA PRADESH,384,170
300308,MADHYA PRADESH,385,430
300308,MADHYA PRADESH,386,215
300308,MADHYA PRADESH,387,273
300308,MADHYA PRADESH,388,238
300308,MADHYA PRADESH,389,65
300308,MADHYA PRADESH,390,165
300308,MADHYA PRADESH,391,45
300308,MADHYA PRADESH,392,101
300308,MADHYA PRADESH,393,142
300308,MADHYA PRADESH,394,111
300308,MADHYA PRADESH,395,326
300308,MADHYA PRADESH,396,180
300308,MADHYA PRADESH,397,586
300308,MADHYA PRADESH,398,185
300308,MADHYA PRADESH,399,196
300308,MADHYA PRADESH,400,74
300308,MADHYA PRADESH,401,98
300308,MADHYA PRADESH,402,100
300308,MADHYA PRADESH,403,281
300308,MADHYA PRADESH,404,152
300308,MADHYA PRADESH,405,517
300308,MADHYA PRADESH,406,590
300308,MADHYA PRADESH,407,262
300308,MADHYA PRADESH,408,254
300308,MADHYA PRADESH,409,274
300308,MADHYA PRADESH,410,466
300308,MADHYA PRADESH,411,317
300308,MADHYA PRADESH,412,145
300308,MADHYA PRADESH,413,622
300308,MADHYA PRADESH,414,128
300308,MADHYA PRADESH,415,107
300308,MADHYA PRADESH,416,228
300308,MADHYA PRADESH,417,133
300308,MADHYA PRADESH,418,570
300308,MADHYA PRADESH,419,13
300308,MADHYA PRADESH,420,51
300308,MADHYA PRADESH,421,197
300308,MADHYA PRADESH,422,189
300308,MADHYA PRADESH,423,82
300308,MADHYA PRADESH,424,388
300308,MADHYA PRADESH,425,116
300308,MADHYA PRADESH,426,249
300308,MADHYA PRADESH,427,79
300308,MADHYA PRADESH,428,254
300308,MADHYA PRADESH,429,105
300308,MADHYA PRADESH,430,197
300308,MADHYA PRADESH,431,47
300308,MADHYA PRADESH,5,433
300308,MADHYA PRADESH,468,434
300308,MADHYA PRADESH,178,435
300308,MADHYA PRADESH,386,436
300308,MADHYA PRADESH,213,437
300308,MADHYA PRADESH,256,438
300308,MADHYA PRADESH,273,439
300308,MADHYA PRADESH,131,440
300308,MADHYA PRADESH,615,441
300308,MADHYA PRADESH,241,442
300308,MADHYA PRADESH,284,443
300308,MADHYA PRADESH,368,444
300308,MADHYA PRADESH,383,445
300308,MADHYA PRADESH,263,446
300308,MADHYA PRADESH,82,447
300308,MADHYA PRADESH,73,448
300308,MADHYA PRADESH,220,449
300308,MADHYA PRADESH,389,450
300308,MADHYA PRADESH,451,229
300308,MADHYA PRADESH,452,33
300308,MADHYA PRADESH,453,482
300308,MADHYA PRADESH,454,135
300308,MADHYA PRADESH,455,338
300308,MADHYA PRADESH,456,290
300308,MADHYA PRADESH,457,103
300308,MADHYA PRADESH,458,51
300308,MADHYA PRADESH,459,295
300308,MADHYA PRADESH,460,372
300308,MADHYA PRADESH,461,170
300308,MADHYA PRADESH,462,40
300308,MADHYA PRADESH,463,135
300308,MADHYA PRADESH,464,474
300308,MADHYA PRADESH,465,9
300308,MADHYA PRADESH,466,135
300308,MADHYA PRADESH,467,115
300308,MADHYA PRADESH,468,227
300308,MADHYA PRADESH,469,262
300308,MADHYA PRADESH,470,268
300308,MADHYA PRADESH,471,618
300308,MADHYA PRADESH,472,80
300308,MADHYA PRADESH,473,38
300308,MADHYA PRADESH,474,75
300308,MADHYA PRADESH,475,117
300308,MADHYA PRADESH,476,523
300308,MADHYA PRADESH,477,546
300308,MADHYA PRADESH,478,218
300308,MADHYA PRADESH,479,258
300308,MADHYA PRADESH,480,43
300308,MADHYA PRADESH,481,489
300308,MADHYA PRADESH,482,261
300308,MADHYA PRADESH,483,204
300308,MADHYA PRADESH,484,70
300308,MADHYA PRADESH,485,389
300308,MADHYA PRADESH,486,393
300308,MADHYA PRADESH,487,428
300308,MADHYA PRADESH,488,257
300308,MADHYA PRADESH,489,256
300308,MADHYA PRADESH,490,435
300308,MADHYA PRADESH,491,108
300308,MADHYA PRADESH,492,110
300308,MADHYA PRADESH,493,211
300308,MADHYA PRADESH,494,203
300308,MADHYA PRADESH,495,205
300308,MADHYA PRADESH,496,90
300308,MADHYA PRADESH,497,504
300308,MADHYA PRADESH,498,490
300308,MADHYA PRADESH,499,105
300308,MADHYA PRADESH,500,153
300308,MADHYA PRADESH,501,278
300308,MADHYA PRADESH,502,502
300308,MADHYA PRADESH,503,528
300308,MADHYA PRADESH,504,60
300308,MADHYA PRADESH,505,460
300308,MADHYA PRADESH,506,200
300308,MADHYA PRADESH,507,271
300308,MADHYA PRADESH,508,106
300308,MADHYA PRADESH,509,15
300308,MADHYA PRADESH,510,72
300308,MADHYA PRADESH,511,332
300308,MADHYA PRADESH,512,81
300308,MADHYA PRADESH,513,127
300308,MADHYA PRADESH,514,185
300308,MADHYA PRADESH,515,241
300308,MADHYA PRADESH,516,77
300308,MADHYA PRADESH,517,206
300308,MADHYA PRADESH,518,111
300308,MADHYA PRADESH,519,61
300308,MADHYA PRADESH,520,221
300308,MADHYA PRADESH,521,200
300308,MADHYA PRADESH,522,525
300308,MADHYA PRADESH,523,292
300308,MADHYA PRADESH,524,184
300308,MADHYA PRADESH,525,35
300308,MADHYA PRADESH,526,91
300308,MADHYA PRADESH,527,64
300308,MADHYA PRADESH,528,277
300308,MADHYA PRADESH,529,80
300308,MADHYA PRADESH,530,194
300308,MADHYA PRADESH,531,618
300308,MADHYA PRADESH,532,413
300308,MADHYA PRADESH,533,70
300308,MADHYA PRADESH,534,223
300308,MADHYA PRADESH,535,209
300308,MADHYA PRADESH,536,47
300308,MADHYA PRADESH,537,192
300308,MADHYA PRADESH,538,93
300308,MADHYA PRADESH,539,337
300308,MADHYA PRADESH,540,110
300308,MADHYA PRADESH,541,512
300308,MADHYA PRADESH,542,45
300308,MADHYA PRADESH,543,71
300308,MADHYA PRADESH,544,182
300308,MADHYA PRADESH,545,358
300308,MADHYA PRADESH,546,353
300308,MADHYA PRADESH,547,195
300308,MADHYA PRADESH,548,393
300308,MADHYA PRADESH,549,62
300308,MADHYA PRADESH,550,81
300308,MADHYA PRADESH,551,90
300308,MADHYA PRADESH,552,196
300308,MADHYA PRADESH,553,631
300308,MADHYA PRADESH,554,412
300308,MADHYA PRADESH,555,58
300308,MADHYA PRADESH,556,217
300308,MADHYA PRADESH,557,412
300308,MADHYA PRADESH,558,70
300308,MADHYA PRADESH,559,646
300308,MADHYA PRADESH,560,370
300308,MADHYA PRADESH,561,250
300308,MADHYA PRADESH,562,134
300308,MADHYA PRADESH,563,106
300308,MADHYA PRADESH,564,54
300308,MADHYA PRADESH,565,47
300308,MADHYA PRADESH,566,266
300308,MADHYA PRADESH,567,194
300308,MADHYA PRADESH,568,242
300308,MADHYA PRADESH,569,607
300308,MADHYA PRADESH,570,194
300308,MADHYA PRADESH,571,59
300308,MADHYA PRADESH,572,409
300308,MADHYA PRADESH,573,128
300308,MADHYA PRADESH,574,55
300308,MADHYA PRADESH,575,128
300308,MADHYA PRADESH,576,237
300308,MADHYA PRADESH,577,167
300308,MADHYA PRADESH,578,179
300308,MADHYA PRADESH,579,153
300308,MADHYA PRADESH,580,56
300308,MADHYA PRADESH,581,75
300308,MADHYA PRADESH,582,532
300308,MADHYA PRADESH,583,221
300308,MADHYA PRADESH,584,57
300308,MADHYA PRADESH,585,134
300308,MADHYA PRADESH,586,321
300308,MADHYA PRADESH,587,51
300308,MADHYA PRADESH,588,40
300308,MADHYA PRADESH,589,273
300308,MADHYA PRADESH,590,43
300308,MADHYA PRADESH,591,45
300308,MADHYA PRADESH,592,376
300308,MADHYA PRADESH,593,328
300308,MADHYA PRADESH,594,18
300308,MADHYA PRADESH,595,216
300308,MADHYA PRADESH,596,123
300308,MADHYA PRADESH,597,135
300308,MADHYA PRADESH,598,115
300308,MADHYA PRADESH,599,277
300308,MADHYA PRADESH,600,56
300308,MADHYA PRADESH,601,195
300308,MADHYA PRADESH,602,69
300308,MADHYA PRADESH,603,326
300308,MADHYA PRADESH,604,70
300308,MADHYA PRADESH,605,110
300308,MADHYA PRADESH,606,96
300308,MADHYA PRADESH,607,75
300308,MADHYA PRADESH,608,26
300308,MADHYA PRADESH,609,152
300308,MADHYA PRADESH,610,100
300308,MADHYA PRADESH,611,131
300308,MADHYA PRADESH,612,53
300308,MADHYA PRADESH,613,188
300308,MADHYA PRADESH,614,126
300308,MADHYA PRADESH,615,297
300308,MADHYA PRADESH,616,170
300308,MADHYA PRADESH,617,284
300308,MADHYA PRADESH,618,412
300308,MADHYA PRADESH,619,200
300308,MADHYA PRADESH,620,284
300308,MADHYA PRADESH,621,27
300308,MADHYA PRADESH,622,42
300308,MADHYA PRADESH,623,80
300308,MADHYA PRADESH,624,39
300308,MADHYA PRADESH,625,81
300308,MADHYA PRADESH,626,194
300308,MADHYA PRADESH,627,275
300308,MADHYA PRADESH,628,185
300308,MADHYA PRADESH,629,247
300308,MADHYA PRADESH,630,182
300308,MADHYA PRADESH,631,316
300308,MADHYA PRADESH,632,320
300308,MADHYA PRADESH,633,260
300308,MADHYA PRADESH,634,210
300308,MADHYA PRADESH,635,95
300308,MADHYA PRADESH,636,284
300308,MADHYA PRADESH,637,72
300308,MADHYA PRADESH,638,67
300308,MADHYA PRADESH,639,532
300308,MADHYA PRADESH,640,94
300308,MADHYA PRADESH,641,323
300308,MADHYA PRADESH,642,54
300308,MADHYA PRADESH,643,138
300308,MADHYA PRADESH,644,123
300308,MADHYA PRADESH,645,367
300308,MADHYA PRADESH,646,695
300308,MADHYA PRADESH,647,75
300308,MADHYA PRADESH,648,58
300308,MADHYA PRADESH,649,292
300308,MADHYA PRADESH,650,67
300308,MADHYA PRADESH,651,340
300308,MADHYA PRADESH,652,84
300308,MADHYA PRADESH,653,10
300308,MADHYA PRADESH,654,116
300308,MADHYA PRADESH,655,241
300308,MADHYA PRADESH,656,71
300308,MADHYA PRADESH,657,326
300308,MADHYA PRADESH,658,462
300308,MADHYA PRADESH,659,134
300308,MADHYA PRADESH,660,185
300308,MADHYA PRADESH,661,190
300308,MADHYA PRADESH,662,79
300308,MADHYA PRADESH,663,115
300308,MADHYA PRADESH,664,296
300308,MADHYA PRADESH,665,62
300308,MADHYA PRADESH,666,133
300308,MADHYA PRADESH,667,129
300308,MADHYA PRADESH,668,632
300308,MADHYA PRADESH,669,390
300308,MADHYA PRADESH,670,344
300308,MADHYA PRADESH,671,122
300308,MADHYA PRADESH,672,390
300308,MADHYA PRADESH,673,287
300308,MADHYA PRADESH,674,140
300308,MADHYA PRADESH,675,366
300308,MADHYA PRADESH,676,216
300308,MADHYA PRADESH,677,496
300308,MADHYA PRADESH,678,107
300308,MADHYA PRADESH,679,342
300308,MADHYA PRADESH,680,199
300308,MADHYA PRADESH,681,160
300308,MADHYA PRADESH,682,76
300308,MADHYA PRADESH,683,142
300308,MADHYA PRADESH,684,69
300308,MADHYA PRADESH,685,353
300308,MADHYA PRADESH,686,365
300308,MADHYA PRADESH,687,113
300308,MADHYA PRADESH,688,574
300308,MADHYA PRADESH,689,39
300308,MADHYA PRADESH,690,232
300308,MADHYA PRADESH,691,195
300308,MADHYA PRADESH,692,50
300308,MADHYA PRADESH,693,95
300308,MADHYA PRADESH,694,307
300308,MADHYA PRADESH,695,53
300308,MADHYA PRADESH,696,584
300308,MADHYA PRADESH,697,305
300308,MADHYA PRADESH,698,198
300308,MADHYA PRADESH,699,121
300308,MADHYA PRADESH,700,577
300308,MADHYA PRADESH,701,86
300308,MADHYA PRADESH,702,40
300308,MADHYA PRADESH,703,162
300308,MADHYA PRADESH,704,320
300308,MADHYA PRADESH,705,97
