Center Number,State Name,Srl No,Marks
300322,MADHYA PRADESH,1,327
300322,MADHYA PRADESH,2,214
300322,MADHYA PRADESH,3,172
300322,MADHYA PRADESH,4,160
300322,MADHYA PRADESH,5,123
300322,MADHYA PRADESH,6,412
300322,MADHYA PRADESH,7,172
300322,MADHYA PRADESH,8,80
300322,MADHYA PRADESH,9,264
300322,MADHYA PRADESH,10,268
300322,MADHYA PRADESH,11,203
300322,MADHYA PRADESH,12,45
300322,MADHYA PRADESH,13,508
300322,MADHYA PRADESH,14,221
300322,MADHYA PRADESH,15,72
300322,MADHYA PRADESH,16,149
300322,MADHYA PRADESH,17,93
300322,MADHYA PRADESH,18,19
300322,MADHYA PRADESH,19,138
300322,MADHYA PRADESH,20,275
300322,MADHYA PRADESH,21,196
300322,MADHYA PRADESH,22,75
300322,MADHYA PRADESH,23,226
300322,MADHYA PRADESH,24,94
300322,MADHYA PRADESH,25,71
300322,MADHYA PRADESH,26,25
300322,MADHYA PRADESH,27,70
300322,MADHYA PRADESH,28,118
300322,MADHYA PRADESH,29,85
300322,MADHYA PRADESH,30,108
300322,MADHYA PRADESH,31,214
300322,MADHYA PRADESH,32,232
300322,MADHYA PRADESH,33,25
300322,MADHYA PRADESH,34,53
300322,MADHYA PRADESH,35,71
300322,MADHYA PRADESH,36,273
300322,MADHYA PRADESH,37,323
300322,MADHYA PRADESH,38,204
300322,MADHYA PRADESH,39,156
300322,MADHYA PRADESH,40,176
300322,MADHYA PRADESH,41,59
300322,MADHYA PRADESH,42,334
300322,MADHYA PRADESH,43,232
300322,MADHYA PRADESH,44,273
300322,MADHYA PRADESH,45,198
300322,MADHYA PRADESH,46,132
300322,MADHYA PRADESH,47,338
300322,MADHYA PRADESH,48,282
300322,MADHYA PRADESH,49,410
300322,MADHYA PRADESH,50,44
300322,MADHYA PRADESH,51,124
300322,MADHYA PRADESH,52,158
300322,MADHYA PRADESH,53,65
300322,MADHYA PRADESH,54,438
300322,MADHYA PRADESH,55,356
300322,MADHYA PRADESH,56,137
300322,MADHYA PRADESH,57,270
300322,MADHYA PRADESH,58,38
300322,MADHYA PRADESH,59,590
300322,MADHYA PRADESH,60,263
300322,MADHYA PRADESH,61,671
300322,MADHYA PRADESH,62,120
300322,MADHYA PRADESH,63,547
300322,MADHYA PRADESH,64,429
300322,MADHYA PRADESH,65,144
300322,MADHYA PRADESH,66,210
300322,MADHYA PRADESH,67,177
300322,MADHYA PRADESH,68,224
300322,MADHYA PRADESH,69,491
300322,MADHYA PRADESH,70,106
300322,MADHYA PRADESH,71,28
300322,MADHYA PRADESH,72,197
300322,MADHYA PRADESH,73,58
300322,MADHYA PRADESH,74,432
300322,MADHYA PRADESH,75,120
300322,MADHYA PRADESH,76,142
300322,MADHYA PRADESH,77,230
300322,MADHYA PRADESH,78,144
300322,MADHYA PRADESH,79,331
300322,MADHYA PRADESH,80,25
300322,MADHYA PRADESH,81,87
300322,MADHYA PRADESH,82,202
300322,MADHYA PRADESH,83,415
300322,MADHYA PRADESH,84,48
300322,MADHYA PRADESH,85,25
300322,MADHYA PRADESH,86,452
300322,MADHYA PRADESH,87,530
300322,MADHYA PRADESH,88,80
300322,MADHYA PRADESH,89,115
300322,MADHYA PRADESH,90,394
300322,MADHYA PRADESH,91,164
300322,MADHYA PRADESH,92,96
300322,MADHYA PRADESH,93,625
300322,MADHYA PRADESH,94,317
300322,MADHYA PRADESH,95,321
300322,MADHYA PRADESH,96,72
300322,MADHYA PRADESH,97,213
300322,MADHYA PRADESH,98,597
300322,MADHYA PRADESH,99,59
300322,MADHYA PRADESH,100,153
300322,MADHYA PRADESH,101,146
300322,MADHYA PRADESH,102,405
300322,MADHYA PRADESH,103,151
300322,MADHYA PRADESH,104,45
300322,MADHYA PRADESH,105,354
300322,MADHYA PRADESH,106,332
300322,MADHYA PRADESH,107,255
300322,MADHYA PRADESH,108,80
300322,MADHYA PRADESH,109,111
300322,MADHYA PRADESH,110,371
300322,MADHYA PRADESH,111,60
300322,MADHYA PRADESH,112,200
300322,MADHYA PRADESH,113,219
300322,MADHYA PRADESH,114,324
300322,MADHYA PRADESH,115,41
300322,MADHYA PRADESH,116,155
300322,MADHYA PRADESH,117,165
300322,MADHYA PRADESH,118,45
300322,MADHYA PRADESH,119,193
300322,MADHYA PRADESH,120,115
300322,MADHYA PRADESH,121,278
300322,MADHYA PRADESH,122,110
300322,MADHYA PRADESH,123,80
300322,MADHYA PRADESH,124,526
300322,MADHYA PRADESH,125,371
300322,MADHYA PRADESH,126,64
300322,MADHYA PRADESH,127,205
300322,MADHYA PRADESH,128,251
300322,MADHYA PRADESH,129,56
300322,MADHYA PRADESH,130,81
300322,MADHYA PRADESH,131,127
300322,MADHYA PRADESH,132,624
300322,MADHYA PRADESH,133,67
300322,MADHYA PRADESH,134,265
300322,MADHYA PRADESH,135,46
300322,MADHYA PRADESH,136,129
300322,MADHYA PRADESH,137,46
300322,MADHYA PRADESH,138,92
300322,MADHYA PRADESH,139,189
300322,MADHYA PRADESH,140,357
300322,MADHYA PRADESH,141,46
300322,MADHYA PRADESH,142,373
300322,MADHYA PRADESH,143,48
300322,MADHYA PRADESH,144,223
300322,MADHYA PRADESH,145,100
300322,MADHYA PRADESH,146,111
300322,MADHYA PRADESH,147,60
300322,MADHYA PRADESH,148,84
300322,MADHYA PRADESH,149,294
300322,MADHYA PRADESH,150,326
300322,MADHYA PRADESH,151,465
300322,MADHYA PRADESH,152,580
300322,MADHYA PRADESH,153,135
300322,MADHYA PRADESH,154,24
300322,MADHYA PRADESH,155,246
300322,MADHYA PRADESH,156,63
300322,MADHYA PRADESH,157,125
300322,MADHYA PRADESH,158,685
300322,MADHYA PRADESH,159,60
300322,MADHYA PRADESH,160,358
300322,MADHYA PRADESH,161,37
300322,MADHYA PRADESH,162,194
300322,MADHYA PRADESH,163,95
300322,MADHYA PRADESH,164,278
300322,MADHYA PRADESH,165,216
300322,MADHYA PRADESH,166,72
300322,MADHYA PRADESH,167,478
300322,MADHYA PRADESH,168,259
300322,MADHYA PRADESH,169,9
300322,MADHYA PRADESH,170,220
300322,MADHYA PRADESH,171,290
300322,MADHYA PRADESH,172,325
300322,MADHYA PRADESH,173,85
300322,MADHYA PRADESH,174,317
300322,MADHYA PRADESH,175,92
300322,MADHYA PRADESH,176,255
300322,MADHYA PRADESH,177,360
300322,MADHYA PRADESH,178,73
300322,MADHYA PRADESH,179,308
300322,MADHYA PRADESH,180,154
300322,MADHYA PRADESH,181,95
300322,MADHYA PRADESH,182,281
300322,MADHYA PRADESH,183,228
300322,MADHYA PRADESH,184,167
300322,MADHYA PRADESH,185,63
300322,MADHYA PRADESH,186,112
300322,MADHYA PRADESH,187,234
300322,MADHYA PRADESH,188,55
300322,MADHYA PRADESH,189,135
300322,MADHYA PRADESH,190,221
300322,MADHYA PRADESH,191,170
300322,MADHYA PRADESH,192,52
300322,MADHYA PRADESH,193,171
300322,MADHYA PRADESH,194,159
300322,MADHYA PRADESH,195,233
300322,MADHYA PRADESH,196,257
300322,MADHYA PRADESH,197,248
300322,MADHYA PRADESH,198,382
300322,MADHYA PRADESH,199,353
300322,MADHYA PRADESH,200,201
300322,MADHYA PRADESH,201,670
300322,MADHYA PRADESH,202,440
300322,MADHYA PRADESH,203,435
300322,MADHYA PRADESH,204,318
300322,MADHYA PRADESH,205,223
300322,MADHYA PRADESH,206,101
300322,MADHYA PRADESH,207,75
300322,MADHYA PRADESH,208,66
300322,MADHYA PRADESH,209,53
300322,MADHYA PRADESH,210,368
300322,MADHYA PRADESH,211,343
300322,MADHYA PRADESH,212,246
300322,MADHYA PRADESH,213,369
300322,MADHYA PRADESH,214,293
300322,MADHYA PRADESH,215,65
300322,MADHYA PRADESH,216,108
300322,MADHYA PRADESH,217,476
300322,MADHYA PRADESH,218,66
300322,MADHYA PRADESH,219,636
300322,MADHYA PRADESH,220,137
300322,MADHYA PRADESH,221,548
300322,MADHYA PRADESH,222,420
300322,MADHYA PRADESH,223,208
300322,MADHYA PRADESH,224,75
300322,MADHYA PRADESH,225,336
300322,MADHYA PRADESH,226,451
300322,MADHYA PRADESH,227,126
300322,MADHYA PRADESH,228,29
300322,MADHYA PRADESH,229,55
300322,MADHYA PRADESH,230,329
300322,MADHYA PRADESH,231,275
300322,MADHYA PRADESH,232,140
300322,MADHYA PRADESH,233,579
300322,MADHYA PRADESH,234,215
300322,MADHYA PRADESH,235,119
300322,MADHYA PRADESH,236,95
300322,MADHYA PRADESH,237,163
300322,MADHYA PRADESH,238,134
300322,MADHYA PRADESH,239,307
300322,MADHYA PRADESH,240,69
300322,MADHYA PRADESH,241,144
300322,MADHYA PRADESH,242,360
300322,MADHYA PRADESH,243,35
300322,MADHYA PRADESH,244,109
300322,MADHYA PRADESH,245,151
300322,MADHYA PRADESH,246,28
300322,MADHYA PRADESH,247,420
300322,MADHYA PRADESH,248,129
300322,MADHYA PRADESH,249,444
300322,MADHYA PRADESH,250,295
300322,MADHYA PRADESH,251,77
300322,MADHYA PRADESH,252,159
300322,MADHYA PRADESH,253,415
300322,MADHYA PRADESH,254,110
300322,MADHYA PRADESH,255,150
300322,MADHYA PRADESH,256,86
300322,MADHYA PRADESH,257,163
300322,MADHYA PRADESH,258,255
300322,MADHYA PRADESH,259,14
300322,MADHYA PRADESH,260,587
300322,MADHYA PRADESH,261,80
300322,MADHYA PRADESH,262,164
300322,MADHYA PRADESH,263,65
300322,MADHYA PRADESH,264,102
300322,MADHYA PRADESH,265,33
300322,MADHYA PRADESH,266,74
300322,MADHYA PRADESH,267,125
300322,MADHYA PRADESH,268,196
300322,MADHYA PRADESH,269,330
300322,MADHYA PRADESH,270,339
300322,MADHYA PRADESH,271,61
300322,MADHYA PRADESH,272,222
300322,MADHYA PRADESH,273,84
300322,MADHYA PRADESH,274,83
300322,MADHYA PRADESH,275,261
300322,MADHYA PRADESH,276,244
300322,MADHYA PRADESH,277,304
300322,MADHYA PRADESH,278,22
300322,MADHYA PRADESH,279,67
300322,MADHYA PRADESH,280,70
300322,MADHYA PRADESH,281,71
300322,MADHYA PRADESH,282,37
300322,MADHYA PRADESH,283,57
300322,MADHYA PRADESH,284,213
300322,MADHYA PRADESH,285,55
300322,MADHYA PRADESH,286,62
300322,MADHYA PRADESH,287,255
300322,MADHYA PRADESH,288,80
300322,MADHYA PRADESH,289,98
300322,MADHYA PRADESH,290,24
300322,MADHYA PRADESH,291,91
300322,MADHYA PRADESH,292,54
300322,MADHYA PRADESH,293,291
300322,MADHYA PRADESH,294,522
300322,MADHYA PRADESH,295,111
300322,MADHYA PRADESH,296,348
300322,MADHYA PRADESH,297,147
300322,MADHYA PRADESH,298,56
300322,MADHYA PRADESH,299,36
300322,MADHYA PRADESH,300,321
300322,MADHYA PRADESH,301,109
300322,MADHYA PRADESH,302,280
300322,MADHYA PRADESH,303,310
300322,MADHYA PRADESH,304,39
300322,MADHYA PRADESH,305,174
300322,MADHYA PRADESH,306,552
300322,MADHYA PRADESH,307,333
300322,MADHYA PRADESH,308,72
300322,MADHYA PRADESH,309,95
300322,MADHYA PRADESH,310,120
300322,MADHYA PRADESH,311,327
300322,MADHYA PRADESH,312,114
300322,MADHYA PRADESH,313,471
300322,MADHYA PRADESH,314,522
300322,MADHYA PRADESH,315,109
300322,MADHYA PRADESH,316,58
300322,MADHYA PRADESH,317,215
300322,MADHYA PRADESH,318,116
300322,MADHYA PRADESH,319,82
300322,MADHYA PRADESH,320,216
300322,MADHYA PRADESH,321,98
300322,MADHYA PRADESH,322,584
300322,MADHYA PRADESH,323,63
300322,MADHYA PRADESH,324,355
300322,MADHYA PRADESH,325,405
300322,MADHYA PRADESH,326,69
300322,MADHYA PRADESH,327,299
300322,MADHYA PRADESH,328,136
300322,MADHYA PRADESH,329,73
300322,MADHYA PRADESH,330,283
300322,MADHYA PRADESH,331,147
300322,MADHYA PRADESH,332,308
300322,MADHYA PRADESH,333,596
300322,MADHYA PRADESH,334,318
300322,MADHYA PRADESH,335,446
300322,MADHYA PRADESH,336,225
300322,MADHYA PRADESH,337,523
300322,MADHYA PRADESH,338,631
300322,MADHYA PRADESH,339,87
300322,MADHYA PRADESH,340,165
300322,MADHYA PRADESH,341,55
300322,MADHYA PRADESH,342,330
300322,MADHYA PRADESH,343,178
300322,MADHYA PRADESH,344,261
300322,MADHYA PRADESH,345,26
300322,MADHYA PRADESH,346,530
300322,MADHYA PRADESH,347,15
300322,MADHYA PRADESH,348,141
300322,MADHYA PRADESH,349,513
300322,MADHYA PRADESH,350,127
300322,MADHYA PRADESH,351,121
300322,MADHYA PRADESH,352,149
300322,MADHYA PRADESH,353,436
300322,MADHYA PRADESH,354,300
300322,MADHYA PRADESH,355,379
300322,MADHYA PRADESH,356,239
300322,MADHYA PRADESH,357,346
300322,MADHYA PRADESH,358,67
300322,MADHYA PRADESH,359,62
300322,MADHYA PRADESH,360,656
300322,MADHYA PRADESH,361,85
300322,MADHYA PRADESH,362,95
300322,MADHYA PRADESH,363,208
300322,MADHYA PRADESH,364,336
300322,MADHYA PRADESH,365,41
300322,MADHYA PRADESH,366,237
300322,MADHYA PRADESH,367,389
300322,MADHYA PRADESH,368,207
300322,MADHYA PRADESH,369,226
300322,MADHYA PRADESH,370,525
300322,MADHYA PRADESH,371,138
300322,MADHYA PRADESH,372,76
300322,MADHYA PRADESH,373,577
300322,MADHYA PRADESH,374,221
300322,MADHYA PRADESH,375,105
300322,MADHYA PRADESH,376,86
300322,MADHYA PRADESH,377,221
300322,MADHYA PRADESH,378,98
300322,MADHYA PRADESH,379,177
300322,MADHYA PRADESH,380,536
300322,MADHYA PRADESH,381,123
300322,MADHYA PRADESH,382,113
300322,MADHYA PRADESH,383,293
300322,MADHYA PRADESH,384,501
300322,MADHYA PRADESH,385,117
300322,MADHYA PRADESH,386,94
300322,MADHYA PRADESH,387,98
300322,MADHYA PRADESH,388,53
300322,MADHYA PRADESH,389,146
300322,MADHYA PRADESH,390,17
300322,MADHYA PRADESH,391,192
300322,MADHYA PRADESH,392,239
300322,MADHYA PRADESH,393,26
300322,MADHYA PRADESH,394,445
300322,MADHYA PRADESH,395,463
300322,MADHYA PRADESH,396,336
300322,MADHYA PRADESH,397,251
300322,MADHYA PRADESH,398,222
300322,MADHYA PRADESH,399,76
300322,MADHYA PRADESH,400,167
300322,MADHYA PRADESH,401,27
300322,MADHYA PRADESH,402,141
300322,MADHYA PRADESH,403,533
300322,MADHYA PRADESH,404,86
300322,MADHYA PRADESH,405,157
300322,MADHYA PRADESH,406,522
300322,MADHYA PRADESH,407,390
300322,MADHYA PRADESH,408,171
300322,MADHYA PRADESH,409,224
300322,MADHYA PRADESH,410,184
300322,MADHYA PRADESH,411,348
300322,MADHYA PRADESH,412,70
300322,MADHYA PRADESH,413,292
300322,MADHYA PRADESH,414,87
300322,MADHYA PRADESH,415,161
300322,MADHYA PRADESH,416,30
300322,MADHYA PRADESH,417,105
300322,MADHYA PRADESH,418,100
300322,MADHYA PRADESH,419,78
300322,MADHYA PRADESH,420,538
300322,MADHYA PRADESH,421,101
300322,MADHYA PRADESH,422,188
300322,MADHYA PRADESH,423,222
300322,MADHYA PRADESH,424,145
300322,MADHYA PRADESH,425,337
300322,MADHYA PRADESH,426,434
300322,MADHYA PRADESH,427,131
300322,MADHYA PRADESH,428,265
300322,MADHYA PRADESH,429,75
300322,MADHYA PRADESH,430,212
300322,MADHYA PRADESH,431,238
300322,MADHYA PRADESH,432,165
300322,MADHYA PRADESH,433,104
300322,MADHYA PRADESH,434,440
300322,MADHYA PRADESH,435,209
300322,MADHYA PRADESH,436,410
300322,MADHYA PRADESH,437,255
300322,MADHYA PRADESH,438,327
300322,MADHYA PRADESH,439,393
300322,MADHYA PRADESH,440,580
300322,MADHYA PRADESH,441,227
300322,MADHYA PRADESH,442,92
300322,MADHYA PRADESH,443,554
300322,MADHYA PRADESH,444,450
300322,MADHYA PRADESH,445,617
300322,MADHYA PRADESH,446,57
300322,MADHYA PRADESH,447,55
300322,MADHYA PRADESH,448,57
300322,MADHYA PRADESH,449,315
300322,MADHYA PRADESH,450,42
300322,MADHYA PRADESH,451,102
300322,MADHYA PRADESH,452,51
300322,MADHYA PRADESH,453,27
300322,MADHYA PRADESH,454,337
300322,MADHYA PRADESH,455,563
300322,MADHYA PRADESH,456,58
300322,MADHYA PRADESH,457,198
300322,MADHYA PRADESH,458,444
300322,MADHYA PRADESH,459,362
300322,MADHYA PRADESH,460,443
300322,MADHYA PRADESH,461,208
300322,MADHYA PRADESH,462,251
300322,MADHYA PRADESH,463,241
300322,MADHYA PRADESH,464,419
300322,MADHYA PRADESH,465,409
300322,MADHYA PRADESH,466,122
300322,MADHYA PRADESH,467,411
300322,MADHYA PRADESH,468,117
300322,MADHYA PRADESH,469,75
300322,MADHYA PRADESH,470,295
300322,MADHYA PRADESH,471,351
300322,MADHYA PRADESH,472,34
300322,MADHYA PRADESH,473,253
300322,MADHYA PRADESH,474,75
300322,MADHYA PRADESH,475,333
300322,MADHYA PRADESH,476,102
300322,MADHYA PRADESH,477,100
300322,MADHYA PRADESH,478,394
300322,MADHYA PRADESH,479,657
300322,MADHYA PRADESH,480,61
300322,MADHYA PRADESH,481,130
300322,MADHYA PRADESH,482,92
300322,MADHYA PRADESH,483,198
300322,MADHYA PRADESH,484,136
300322,MADHYA PRADESH,485,486
300322,MADHYA PRADESH,486,207
300322,MADHYA PRADESH,487,138
300322,MADHYA PRADESH,488,53
300322,MADHYA PRADESH,489,349
300322,MADHYA PRADESH,490,277
300322,MADHYA PRADESH,491,106
300322,MADHYA PRADESH,492,132
300322,MADHYA PRADESH,493,60
300322,MADHYA PRADESH,494,110
300322,MADHYA PRADESH,495,358
300322,MADHYA PRADESH,496,58
300322,MADHYA PRADESH,497,548
300322,MADHYA PRADESH,498,76
300322,MADHYA PRADESH,499,486
300322,MADHYA PRADESH,500,40
300322,MADHYA PRADESH,501,371
300322,MADHYA PRADESH,502,25
300322,MADHYA PRADESH,503,435
300322,MADHYA PRADESH,504,399
300322,MADHYA PRADESH,505,560
300322,MADHYA PRADESH,506,104
300322,MADHYA PRADESH,507,354
300322,MADHYA PRADESH,508,482
300322,MADHYA PRADESH,509,108
300322,MADHYA PRADESH,510,656
300322,MADHYA PRADESH,511,101
300322,MADHYA PRADESH,512,98
300322,MADHYA PRADESH,513,437
300322,MADHYA PRADESH,514,541
300322,MADHYA PRADESH,515,527
300322,MADHYA PRADESH,516,76
300322,MADHYA PRADESH,517,549
300322,MADHYA PRADESH,518,325
300322,MADHYA PRADESH,519,52
300322,MADHYA PRADESH,520,45
300322,MADHYA PRADESH,521,265
300322,MADHYA PRADESH,522,97
300322,MADHYA PRADESH,523,93
300322,MADHYA PRADESH,524,76
300322,MADHYA PRADESH,525,336
300322,MADHYA PRADESH,526,70
300322,MADHYA PRADESH,527,24
300322,MADHYA PRADESH,528,202
300322,MADHYA PRADESH,529,68
300322,MADHYA PRADESH,530,183
300322,MADHYA PRADESH,531,150
300322,MADHYA PRADESH,532,475
300322,MADHYA PRADESH,533,448
300322,MADHYA PRADESH,534,492
300322,MADHYA PRADESH,535,68
300322,MADHYA PRADESH,536,75
300322,MADHYA PRADESH,537,176
300322,MADHYA PRADESH,538,86
300322,MADHYA PRADESH,539,349
300322,MADHYA PRADESH,540,431
300322,MADHYA PRADESH,541,226
300322,MADHYA PRADESH,542,216
300322,MADHYA PRADESH,543,309
300322,MADHYA PRADESH,544,67
300322,MADHYA PRADESH,545,34
300322,MADHYA PRADESH,546,68
300322,MADHYA PRADESH,547,90
300322,MADHYA PRADESH,548,118
300322,MADHYA PRADESH,549,425
300322,MADHYA PRADESH,550,176
300322,MADHYA PRADESH,551,252
300322,MADHYA PRADESH,552,9
300322,MADHYA PRADESH,553,223
300322,MADHYA PRADESH,554,210
300322,MADHYA PRADESH,555,148
300322,MADHYA PRADESH,556,100
300322,MADHYA PRADESH,557,37
300322,MADHYA PRADESH,558,216
300322,MADHYA PRADESH,559,104
300322,MADHYA PRADESH,560,508
300322,MADHYA PRADESH,561,86
