Center Number,State Name,Srl No,Marks
300323,MADHYA PRADESH,1,485
300323,MADHYA PRADESH,2,279
300323,MADHYA PRADESH,3,636
300323,MADHYA PRADESH,1,5
300323,MADHYA PRADESH,88,6
300323,MADHYA PRADESH,194,7
300323,MADHYA PRADESH,160,8
300323,MADHYA PRADESH,470,9
300323,MADHYA PRADESH,64,10
300323,MADHYA PRADESH,25,11
300323,MADHYA PRADESH,40,12
300323,MADHYA PRADESH,208,13
300323,MADHYA PRADESH,97,14
300323,MADHYA PRADESH,70,15
300323,MADHYA PRADESH,126,16
300323,MADHYA PRADESH,157,17
300323,MADHYA PRADESH,61,18
300323,MADHYA PRADESH,110,19
300323,MADHYA PRADESH,67,20
300323,MADHYA PRADESH,75,21
300323,MADHYA PRADESH,44,22
300323,MADHYA PRADESH,164,23
300323,MADHYA PRADESH,249,24
300323,MADHYA PRADESH,120,25
300323,MADHYA PRADESH,314,26
300323,MADHYA PRADESH,148,27
300323,MADHYA PRADESH,52,28
300323,MADHYA PRADESH,180,29
300323,MADHYA PRADESH,305,30
300323,MADHYA PRADESH,31,94
300323,MADHYA PRADESH,32,193
300323,MADHYA PRADESH,33,273
300323,MADHYA PRADESH,34,514
300323,MADHYA PRADESH,35,101
300323,MADHYA PRADESH,36,31
300323,MADHYA PRADESH,37,185
300323,MADHYA PRADESH,38,251
300323,MADHYA PRADESH,39,195
300323,MADHYA PRADESH,40,178
300323,MADHYA PRADESH,41,221
300323,MADHYA PRADESH,42,482
300323,MADHYA PRADESH,43,25
300323,MADHYA PRADESH,44,279
300323,MADHYA PRADESH,45,584
300323,MADHYA PRADESH,46,202
300323,MADHYA PRADESH,47,504
300323,MADHYA PRADESH,48,209
300323,MADHYA PRADESH,49,80
300323,MADHYA PRADESH,50,80
300323,MADHYA PRADESH,51,69
300323,MADHYA PRADESH,52,169
300323,MADHYA PRADESH,53,308
300323,MADHYA PRADESH,54,96
300323,MADHYA PRADESH,55,130
300323,MADHYA PRADESH,56,240
300323,MADHYA PRADESH,57,266
300323,MADHYA PRADESH,58,306
300323,MADHYA PRADESH,59,146
300323,MADHYA PRADESH,60,133
300323,MADHYA PRADESH,61,138
300323,MADHYA PRADESH,62,191
300323,MADHYA PRADESH,63,132
300323,MADHYA PRADESH,64,316
300323,MADHYA PRADESH,65,541
300323,MADHYA PRADESH,66,63
300323,MADHYA PRADESH,67,50
300323,MADHYA PRADESH,68,75
300323,MADHYA PRADESH,69,187
300323,MADHYA PRADESH,70,284
300323,MADHYA PRADESH,71,189
300323,MADHYA PRADESH,72,60
300323,MADHYA PRADESH,73,195
300323,MADHYA PRADESH,74,452
300323,MADHYA PRADESH,75,86
300323,MADHYA PRADESH,76,231
300323,MADHYA PRADESH,77,299
300323,MADHYA PRADESH,78,265
300323,MADHYA PRADESH,79,140
300323,MADHYA PRADESH,80,80
300323,MADHYA PRADESH,81,34
300323,MADHYA PRADESH,82,197
300323,MADHYA PRADESH,83,285
300323,MADHYA PRADESH,84,75
300323,MADHYA PRADESH,85,264
300323,MADHYA PRADESH,86,531
300323,MADHYA PRADESH,87,115
300323,MADHYA PRADESH,88,40
300323,MADHYA PRADESH,89,102
300323,MADHYA PRADESH,90,73
300323,MADHYA PRADESH,91,39
300323,MADHYA PRADESH,92,67
300323,MADHYA PRADESH,93,159
300323,MADHYA PRADESH,94,214
300323,MADHYA PRADESH,95,281
300323,MADHYA PRADESH,96,71
300323,MADHYA PRADESH,97,553
300323,MADHYA PRADESH,98,374
300323,MADHYA PRADESH,99,521
300323,MADHYA PRADESH,100,145
300323,MADHYA PRADESH,101,326
300323,MADHYA PRADESH,102,484
300323,MADHYA PRADESH,103,47
300323,MADHYA PRADESH,104,88
300323,MADHYA PRADESH,105,67
300323,MADHYA PRADESH,106,242
300323,MADHYA PRADESH,107,35
300323,MADHYA PRADESH,108,30
300323,MADHYA PRADESH,109,164
300323,MADHYA PRADESH,110,49
300323,MADHYA PRADESH,111,354
300323,MADHYA PRADESH,112,175
300323,MADHYA PRADESH,113,463
300323,MADHYA PRADESH,114,292
300323,MADHYA PRADESH,115,269
300323,MADHYA PRADESH,116,203
300323,MADHYA PRADESH,117,90
300323,MADHYA PRADESH,118,356
300323,MADHYA PRADESH,119,154
300323,MADHYA PRADESH,120,237
300323,MADHYA PRADESH,121,92
300323,MADHYA PRADESH,122,289
300323,MADHYA PRADESH,123,54
300323,MADHYA PRADESH,124,136
300323,MADHYA PRADESH,2,126
300323,MADHYA PRADESH,408,127
300323,MADHYA PRADESH,617,128
300323,MADHYA PRADESH,81,129
300323,MADHYA PRADESH,262,130
300323,MADHYA PRADESH,12,131
300323,MADHYA PRADESH,60,132
300323,MADHYA PRADESH,309,133
300323,MADHYA PRADESH,103,134
300323,MADHYA PRADESH,166,135
300323,MADHYA PRADESH,220,136
300323,MADHYA PRADESH,183,137
300323,MADHYA PRADESH,151,138
300323,MADHYA PRADESH,485,139
300323,MADHYA PRADESH,42,140
300323,MADHYA PRADESH,379,141
300323,MADHYA PRADESH,81,142
300323,MADHYA PRADESH,160,143
300323,MADHYA PRADESH,139,144
300323,MADHYA PRADESH,55,145
300323,MADHYA PRADESH,115,146
300323,MADHYA PRADESH,304,147
300323,MADHYA PRADESH,167,148
300323,MADHYA PRADESH,226,149
300323,MADHYA PRADESH,34,150
300323,MADHYA PRADESH,151,90
300323,MADHYA PRADESH,152,301
300323,MADHYA PRADESH,153,165
300323,MADHYA PRADESH,154,138
300323,MADHYA PRADESH,155,504
300323,MADHYA PRADESH,156,65
300323,MADHYA PRADESH,157,338
300323,MADHYA PRADESH,158,223
300323,MADHYA PRADESH,159,445
300323,MADHYA PRADESH,160,454
300323,MADHYA PRADESH,161,52
300323,MADHYA PRADESH,162,3
300323,MADHYA PRADESH,163,99
300323,MADHYA PRADESH,164,530
300323,MADHYA PRADESH,165,224
300323,MADHYA PRADESH,166,30
300323,MADHYA PRADESH,167,46
300323,MADHYA PRADESH,168,59
300323,MADHYA PRADESH,169,167
300323,MADHYA PRADESH,170,155
300323,MADHYA PRADESH,171,50
300323,MADHYA PRADESH,172,516
300323,MADHYA PRADESH,173,298
300323,MADHYA PRADESH,174,354
300323,MADHYA PRADESH,175,79
300323,MADHYA PRADESH,176,350
300323,MADHYA PRADESH,177,75
300323,MADHYA PRADESH,178,44
300323,MADHYA PRADESH,179,146
300323,MADHYA PRADESH,180,557
300323,MADHYA PRADESH,181,2
300323,MADHYA PRADESH,182,83
300323,MADHYA PRADESH,183,164
300323,MADHYA PRADESH,184,107
300323,MADHYA PRADESH,185,86
300323,MADHYA PRADESH,186,95
300323,MADHYA PRADESH,187,23
300323,MADHYA PRADESH,188,665
300323,MADHYA PRADESH,14,190
300323,MADHYA PRADESH,564,191
300323,MADHYA PRADESH,252,192
300323,MADHYA PRADESH,186,193
300323,MADHYA PRADESH,67,194
300323,MADHYA PRADESH,332,195
300323,MADHYA PRADESH,141,196
300323,MADHYA PRADESH,45,197
300323,MADHYA PRADESH,418,198
300323,MADHYA PRADESH,267,199
300323,MADHYA PRADESH,105,200
300323,MADHYA PRADESH,382,201
300323,MADHYA PRADESH,191,202
300323,MADHYA PRADESH,74,203
300323,MADHYA PRADESH,426,204
300323,MADHYA PRADESH,582,205
300323,MADHYA PRADESH,59,206
300323,MADHYA PRADESH,372,207
300323,MADHYA PRADESH,162,208
300323,MADHYA PRADESH,292,209
300323,MADHYA PRADESH,198,210
300323,MADHYA PRADESH,211,210
300323,MADHYA PRADESH,212,124
300323,MADHYA PRADESH,213,108
300323,MADHYA PRADESH,214,606
300323,MADHYA PRADESH,215,85
300323,MADHYA PRADESH,216,387
300323,MADHYA PRADESH,217,170
300323,MADHYA PRADESH,218,66
300323,MADHYA PRADESH,219,60
300323,MADHYA PRADESH,220,602
300323,MADHYA PRADESH,221,128
300323,MADHYA PRADESH,222,67
300323,MADHYA PRADESH,223,51
300323,MADHYA PRADESH,224,56
300323,MADHYA PRADESH,225,149
300323,MADHYA PRADESH,226,152
300323,MADHYA PRADESH,227,187
300323,MADHYA PRADESH,228,165
300323,MADHYA PRADESH,229,350
300323,MADHYA PRADESH,230,393
300323,MADHYA PRADESH,231,125
300323,MADHYA PRADESH,232,568
300323,MADHYA PRADESH,233,89
300323,MADHYA PRADESH,234,589
300323,MADHYA PRADESH,235,346
300323,MADHYA PRADESH,236,377
300323,MADHYA PRADESH,237,243
300323,MADHYA PRADESH,238,150
300323,MADHYA PRADESH,239,322
300323,MADHYA PRADESH,240,536
300323,MADHYA PRADESH,241,164
300323,MADHYA PRADESH,242,111
300323,MADHYA PRADESH,1,244
300323,MADHYA PRADESH,105,245
300323,MADHYA PRADESH,76,246
300323,MADHYA PRADESH,108,247
300323,MADHYA PRADESH,38,248
300323,MADHYA PRADESH,75,249
300323,MADHYA PRADESH,306,250
300323,MADHYA PRADESH,185,251
300323,MADHYA PRADESH,369,252
300323,MADHYA PRADESH,157,253
300323,MADHYA PRADESH,86,254
300323,MADHYA PRADESH,220,255
300323,MADHYA PRADESH,61,256
300323,MADHYA PRADESH,76,257
300323,MADHYA PRADESH,164,258
300323,MADHYA PRADESH,149,259
300323,MADHYA PRADESH,190,260
300323,MADHYA PRADESH,45,261
300323,MADHYA PRADESH,360,262
300323,MADHYA PRADESH,640,263
300323,MADHYA PRADESH,287,264
300323,MADHYA PRADESH,96,265
300323,MADHYA PRADESH,111,266
300323,MADHYA PRADESH,308,267
300323,MADHYA PRADESH,92,268
300323,MADHYA PRADESH,87,269
300323,MADHYA PRADESH,60,270
300323,MADHYA PRADESH,271,336
300323,MADHYA PRADESH,272,669
300323,MADHYA PRADESH,273,646
300323,MADHYA PRADESH,274,85
300323,MADHYA PRADESH,275,81
300323,MADHYA PRADESH,276,239
300323,MADHYA PRADESH,277,176
300323,MADHYA PRADESH,278,209
300323,MADHYA PRADESH,279,218
300323,MADHYA PRADESH,280,71
300323,MADHYA PRADESH,281,132
300323,MADHYA PRADESH,282,151
300323,MADHYA PRADESH,283,233
300323,MADHYA PRADESH,284,101
300323,MADHYA PRADESH,285,474
300323,MADHYA PRADESH,286,137
300323,MADHYA PRADESH,287,288
300323,MADHYA PRADESH,288,60
300323,MADHYA PRADESH,289,96
300323,MADHYA PRADESH,290,82
300323,MADHYA PRADESH,291,331
300323,MADHYA PRADESH,292,173
300323,MADHYA PRADESH,293,173
300323,MADHYA PRADESH,294,93
300323,MADHYA PRADESH,295,94
300323,MADHYA PRADESH,296,177
300323,MADHYA PRADESH,297,405
300323,MADHYA PRADESH,298,540
300323,MADHYA PRADESH,299,453
300323,MADHYA PRADESH,300,366
300323,MADHYA PRADESH,301,266
300323,MADHYA PRADESH,302,405
300323,MADHYA PRADESH,303,121
300323,MADHYA PRADESH,304,51
300323,MADHYA PRADESH,305,155
300323,MADHYA PRADESH,306,18
300323,MADHYA PRADESH,307,85
300323,MADHYA PRADESH,308,415
300323,MADHYA PRADESH,309,65
300323,MADHYA PRADESH,310,201
300323,MADHYA PRADESH,311,83
300323,MADHYA PRADESH,312,114
300323,MADHYA PRADESH,313,51
300323,MADHYA PRADESH,314,166
300323,MADHYA PRADESH,315,153
300323,MADHYA PRADESH,316,75
300323,MADHYA PRADESH,317,145
300323,MADHYA PRADESH,318,273
300323,MADHYA PRADESH,319,102
300323,MADHYA PRADESH,320,272
300323,MADHYA PRADESH,4,322
300323,MADHYA PRADESH,52,323
300323,MADHYA PRADESH,179,324
300323,MADHYA PRADESH,389,325
300323,MADHYA PRADESH,185,326
300323,MADHYA PRADESH,150,327
300323,MADHYA PRADESH,22,328
300323,MADHYA PRADESH,82,329
300323,MADHYA PRADESH,405,330
300323,MADHYA PRADESH,331,501
300323,MADHYA PRADESH,332,194
300323,MADHYA PRADESH,333,53
300323,MADHYA PRADESH,334,189
300323,MADHYA PRADESH,335,422
300323,MADHYA PRADESH,336,109
300323,MADHYA PRADESH,337,207
300323,MADHYA PRADESH,338,141
300323,MADHYA PRADESH,339,302
300323,MADHYA PRADESH,340,206
300323,MADHYA PRADESH,341,238
300323,MADHYA PRADESH,342,20
300323,MADHYA PRADESH,343,283
300323,MADHYA PRADESH,344,228
300323,MADHYA PRADESH,345,209
300323,MADHYA PRADESH,346,85
300323,MADHYA PRADESH,347,125
300323,MADHYA PRADESH,348,80
300323,MADHYA PRADESH,349,61
300323,MADHYA PRADESH,350,189
300323,MADHYA PRADESH,351,79
300323,MADHYA PRADESH,352,58
300323,MADHYA PRADESH,353,48
300323,MADHYA PRADESH,354,211
300323,MADHYA PRADESH,355,183
300323,MADHYA PRADESH,356,476
300323,MADHYA PRADESH,357,129
300323,MADHYA PRADESH,358,7
300323,MADHYA PRADESH,359,15
300323,MADHYA PRADESH,360,646
300323,MADHYA PRADESH,361,50
300323,MADHYA PRADESH,362,167
300323,MADHYA PRADESH,363,120
300323,MADHYA PRADESH,364,145
300323,MADHYA PRADESH,365,229
300323,MADHYA PRADESH,366,501
300323,MADHYA PRADESH,367,32
300323,MADHYA PRADESH,368,658
300323,MADHYA PRADESH,369,25
300323,MADHYA PRADESH,370,457
300323,MADHYA PRADESH,371,65
300323,MADHYA PRADESH,372,25
300323,MADHYA PRADESH,373,225
300323,MADHYA PRADESH,374,104
300323,MADHYA PRADESH,375,612
300323,MADHYA PRADESH,376,376
300323,MADHYA PRADESH,377,188
300323,MADHYA PRADESH,378,41
300323,MADHYA PRADESH,379,226
300323,MADHYA PRADESH,380,306
300323,MADHYA PRADESH,381,85
300323,MADHYA PRADESH,382,30
300323,MADHYA PRADESH,383,175
300323,MADHYA PRADESH,384,96
300323,MADHYA PRADESH,385,231
300323,MADHYA PRADESH,386,35
300323,MADHYA PRADESH,387,251
300323,MADHYA PRADESH,388,148
300323,MADHYA PRADESH,389,368
300323,MADHYA PRADESH,390,321
300323,MADHYA PRADESH,391,119
300323,MADHYA PRADESH,392,140
300323,MADHYA PRADESH,393,84
300323,MADHYA PRADESH,394,35
300323,MADHYA PRADESH,395,317
300323,MADHYA PRADESH,396,49
300323,MADHYA PRADESH,397,151
300323,MADHYA PRADESH,398,228
300323,MADHYA PRADESH,399,39
300323,MADHYA PRADESH,400,79
300323,MADHYA PRADESH,401,380
300323,MADHYA PRADESH,402,139
300323,MADHYA PRADESH,403,140
300323,MADHYA PRADESH,404,281
300323,MADHYA PRADESH,405,283
300323,MADHYA PRADESH,406,339
300323,MADHYA PRADESH,407,120
300323,MADHYA PRADESH,408,665
300323,MADHYA PRADESH,409,94
300323,MADHYA PRADESH,410,224
300323,MADHYA PRADESH,411,128
300323,MADHYA PRADESH,412,189
300323,MADHYA PRADESH,413,381
300323,MADHYA PRADESH,414,54
300323,MADHYA PRADESH,415,179
300323,MADHYA PRADESH,416,656
300323,MADHYA PRADESH,417,212
300323,MADHYA PRADESH,418,554
300323,MADHYA PRADESH,419,188
300323,MADHYA PRADESH,420,280
300323,MADHYA PRADESH,421,493
300323,MADHYA PRADESH,422,138
300323,MADHYA PRADESH,423,484
300323,MADHYA PRADESH,424,52
300323,MADHYA PRADESH,425,213
300323,MADHYA PRADESH,426,26
300323,MADHYA PRADESH,427,556
300323,MADHYA PRADESH,428,455
300323,MADHYA PRADESH,429,105
300323,MADHYA PRADESH,430,503
300323,MADHYA PRADESH,431,231
300323,MADHYA PRADESH,432,51
300323,MADHYA PRADESH,433,86
300323,MADHYA PRADESH,434,218
300323,MADHYA PRADESH,435,74
300323,MADHYA PRADESH,436,273
300323,MADHYA PRADESH,437,602
300323,MADHYA PRADESH,438,151
300323,MADHYA PRADESH,439,0
300323,MADHYA PRADESH,440,283
300323,MADHYA PRADESH,441,126
300323,MADHYA PRADESH,442,376
300323,MADHYA PRADESH,443,261
300323,MADHYA PRADESH,444,71
300323,MADHYA PRADESH,445,562
300323,MADHYA PRADESH,446,501
300323,MADHYA PRADESH,447,54
300323,MADHYA PRADESH,448,206
300323,MADHYA PRADESH,449,57
300323,MADHYA PRADESH,450,525
300323,MADHYA PRADESH,451,243
300323,MADHYA PRADESH,452,159
300323,MADHYA PRADESH,453,130
300323,MADHYA PRADESH,454,120
300323,MADHYA PRADESH,455,70
300323,MADHYA PRADESH,456,100
300323,MADHYA PRADESH,457,33
300323,MADHYA PRADESH,458,263
300323,MADHYA PRADESH,459,80
300323,MADHYA PRADESH,460,111
300323,MADHYA PRADESH,461,329
300323,MADHYA PRADESH,462,300
300323,MADHYA PRADESH,463,124
300323,MADHYA PRADESH,464,100
300323,MADHYA PRADESH,465,276
300323,MADHYA PRADESH,466,248
300323,MADHYA PRADESH,467,120
300323,MADHYA PRADESH,468,248
300323,MADHYA PRADESH,469,17
300323,MADHYA PRADESH,470,326
300323,MADHYA PRADESH,471,202
300323,MADHYA PRADESH,472,401
300323,MADHYA PRADESH,473,138
300323,MADHYA PRADESH,474,54
300323,MADHYA PRADESH,475,135
300323,MADHYA PRADESH,476,34
300323,MADHYA PRADESH,477,71
300323,MADHYA PRADESH,478,273
300323,MADHYA PRADESH,479,164
300323,MADHYA PRADESH,480,226
300323,MADHYA PRADESH,481,77
300323,MADHYA PRADESH,482,73
300323,MADHYA PRADESH,483,294
300323,MADHYA PRADESH,484,422
300323,MADHYA PRADESH,485,70
300323,MADHYA PRADESH,486,117
300323,MADHYA PRADESH,487,110
300323,MADHYA PRADESH,488,144
300323,MADHYA PRADESH,489,202
300323,MADHYA PRADESH,490,245
300323,MADHYA PRADESH,491,85
300323,MADHYA PRADESH,492,440
300323,MADHYA PRADESH,493,670
300323,MADHYA PRADESH,494,308
300323,MADHYA PRADESH,495,238
300323,MADHYA PRADESH,496,161
300323,MADHYA PRADESH,497,603
300323,MADHYA PRADESH,498,74
300323,MADHYA PRADESH,499,64
300323,MADHYA PRADESH,500,197
300323,MADHYA PRADESH,501,228
300323,MADHYA PRADESH,502,39
300323,MADHYA PRADESH,503,128
300323,MADHYA PRADESH,504,178
300323,MADHYA PRADESH,505,110
300323,MADHYA PRADESH,506,677
300323,MADHYA PRADESH,507,90
300323,MADHYA PRADESH,508,51
300323,MADHYA PRADESH,509,442
300323,MADHYA PRADESH,510,200
300323,MADHYA PRADESH,511,327
300323,MADHYA PRADESH,512,229
300323,MADHYA PRADESH,513,70
300323,MADHYA PRADESH,514,210
300323,MADHYA PRADESH,515,112
300323,MADHYA PRADESH,516,349
300323,MADHYA PRADESH,517,203
300323,MADHYA PRADESH,518,117
