Center Number,State Name,Srl No,Marks
300320,MADHYA PRADESH,1,183
300320,MADHYA PRADESH,2,342
300320,MADHYA PRADESH,3,370
300320,MADHYA PRADESH,4,230
300320,MADHYA PRADESH,5,233
300320,MADHYA PRADESH,6,541
300320,MADHYA PRADESH,7,118
300320,MADHYA PRADESH,8,89
300320,MADHYA PRADESH,9,7
300320,MADHYA PRADESH,10,327
300320,MADHYA PRADESH,11,89
300320,MADHYA PRADESH,12,680
300320,MADHYA PRADESH,13,253
300320,MADHYA PRADESH,14,189
300320,MADHYA PRADESH,15,381
300320,MADHYA PRADESH,16,118
300320,MADHYA PRADESH,17,78
300320,MADHYA PRADESH,18,50
300320,MADHYA PRADESH,19,221
300320,MADHYA PRADESH,20,297
300320,MADHYA PRADESH,21,84
300320,MADHYA PRADESH,22,177
300320,MADHYA PRADESH,23,57
300320,MADHYA PRADESH,24,114
300320,MADHYA PRADESH,25,139
300320,MADHYA PRADESH,26,34
300320,MADHYA PRADESH,27,0
300320,MADHYA PRADESH,28,448
300320,MADHYA PRADESH,29,277
300320,MADHYA PRADESH,30,225
300320,MADHYA PRADESH,31,102
300320,MADHYA PRADESH,32,47
300320,MADHYA PRADESH,33,67
300320,MADHYA PRADESH,34,126
300320,MADHYA PRADESH,35,171
300320,MADHYA PRADESH,36,436
300320,MADHYA PRADESH,37,50
300320,MADHYA PRADESH,38,341
300320,MADHYA PRADESH,39,140
300320,MADHYA PRADESH,40,128
300320,MADHYA PRADESH,41,40
300320,MADHYA PRADESH,42,426
300320,MADHYA PRADESH,43,165
300320,MADHYA PRADESH,44,97
300320,MADHYA PRADESH,45,120
300320,MADHYA PRADESH,46,276
300320,MADHYA PRADESH,47,256
300320,MADHYA PRADESH,48,100
300320,MADHYA PRADESH,49,68
300320,MADHYA PRADESH,50,326
300320,MADHYA PRADESH,51,641
300320,MADHYA PRADESH,52,178
300320,MADHYA PRADESH,53,106
300320,MADHYA PRADESH,54,305
300320,MADHYA PRADESH,55,88
300320,MADHYA PRADESH,56,167
300320,MADHYA PRADESH,57,155
300320,MADHYA PRADESH,58,68
300320,MADHYA PRADESH,59,372
300320,MADHYA PRADESH,60,86
300320,MADHYA PRADESH,61,391
300320,MADHYA PRADESH,62,664
300320,MADHYA PRADESH,63,126
300320,MADHYA PRADESH,64,291
300320,MADHYA PRADESH,65,385
300320,MADHYA PRADESH,66,65
300320,MADHYA PRADESH,67,55
300320,MADHYA PRADESH,68,101
300320,MADHYA PRADESH,69,181
300320,MADHYA PRADESH,70,594
300320,MADHYA PRADESH,71,88
300320,MADHYA PRADESH,72,530
300320,MADHYA PRADESH,73,357
300320,MADHYA PRADESH,74,234
300320,MADHYA PRADESH,75,270
300320,MADHYA PRADESH,76,241
300320,MADHYA PRADESH,77,250
300320,MADHYA PRADESH,78,45
300320,MADHYA PRADESH,79,349
300320,MADHYA PRADESH,80,246
300320,MADHYA PRADESH,81,91
300320,MADHYA PRADESH,82,617
300320,MADHYA PRADESH,83,111
300320,MADHYA PRADESH,84,292
300320,MADHYA PRADESH,85,126
300320,MADHYA PRADESH,86,477
300320,MADHYA PRADESH,87,208
300320,MADHYA PRADESH,88,192
300320,MADHYA PRADESH,89,350
300320,MADHYA PRADESH,90,92
300320,MADHYA PRADESH,91,397
300320,MADHYA PRADESH,92,114
300320,MADHYA PRADESH,93,146
300320,MADHYA PRADESH,94,73
300320,MADHYA PRADESH,95,209
300320,MADHYA PRADESH,96,345
300320,MADHYA PRADESH,97,64
300320,MADHYA PRADESH,98,64
300320,MADHYA PRADESH,99,57
300320,MADHYA PRADESH,100,235
300320,MADHYA PRADESH,101,376
300320,MADHYA PRADESH,102,70
300320,MADHYA PRADESH,103,64
300320,MADHYA PRADESH,104,356
300320,MADHYA PRADESH,105,69
300320,MADHYA PRADESH,106,224
300320,MADHYA PRADESH,107,70
300320,MADHYA PRADESH,108,288
300320,MADHYA PRADESH,109,239
300320,MADHYA PRADESH,110,66
300320,MADHYA PRADESH,111,485
300320,MADHYA PRADESH,112,53
300320,MADHYA PRADESH,113,63
300320,MADHYA PRADESH,114,79
300320,MADHYA PRADESH,115,143
300320,MADHYA PRADESH,116,188
300320,MADHYA PRADESH,117,140
300320,MADHYA PRADESH,118,244
300320,MADHYA PRADESH,119,555
300320,MADHYA PRADESH,120,431
300320,MADHYA PRADESH,121,363
300320,MADHYA PRADESH,122,92
300320,MADHYA PRADESH,123,127
300320,MADHYA PRADESH,124,156
300320,MADHYA PRADESH,125,85
300320,MADHYA PRADESH,126,613
300320,MADHYA PRADESH,127,531
300320,MADHYA PRADESH,128,402
300320,MADHYA PRADESH,129,640
300320,MADHYA PRADESH,130,626
300320,MADHYA PRADESH,131,152
300320,MADHYA PRADESH,132,57
300320,MADHYA PRADESH,133,614
300320,MADHYA PRADESH,134,19
300320,MADHYA PRADESH,135,261
300320,MADHYA PRADESH,136,78
300320,MADHYA PRADESH,137,413
300320,MADHYA PRADESH,138,235
300320,MADHYA PRADESH,139,142
300320,MADHYA PRADESH,140,288
300320,MADHYA PRADESH,141,409
300320,MADHYA PRADESH,142,355
300320,MADHYA PRADESH,143,121
300320,MADHYA PRADESH,144,214
300320,MADHYA PRADESH,145,581
300320,MADHYA PRADESH,146,482
300320,MADHYA PRADESH,147,108
300320,MADHYA PRADESH,148,278
300320,MADHYA PRADESH,149,246
300320,MADHYA PRADESH,150,235
300320,MADHYA PRADESH,151,117
300320,MADHYA PRADESH,152,132
300320,MADHYA PRADESH,153,83
300320,MADHYA PRADESH,154,129
300320,MADHYA PRADESH,155,60
300320,MADHYA PRADESH,156,87
300320,MADHYA PRADESH,157,494
300320,MADHYA PRADESH,158,112
300320,MADHYA PRADESH,159,419
300320,MADHYA PRADESH,160,362
300320,MADHYA PRADESH,161,109
300320,MADHYA PRADESH,162,124
300320,MADHYA PRADESH,163,431
300320,MADHYA PRADESH,164,178
300320,MADHYA PRADESH,165,269
300320,MADHYA PRADESH,166,73
300320,MADHYA PRADESH,167,133
300320,MADHYA PRADESH,168,519
300320,MADHYA PRADESH,169,418
300320,MADHYA PRADESH,170,95
300320,MADHYA PRADESH,171,68
300320,MADHYA PRADESH,172,157
300320,MADHYA PRADESH,173,89
300320,MADHYA PRADESH,174,354
300320,MADHYA PRADESH,175,130
300320,MADHYA PRADESH,176,412
300320,MADHYA PRADESH,177,122
300320,MADHYA PRADESH,178,119
300320,MADHYA PRADESH,179,106
300320,MADHYA PRADESH,180,286
300320,MADHYA PRADESH,181,130
300320,MADHYA PRADESH,182,272
300320,MADHYA PRADESH,183,68
300320,MADHYA PRADESH,184,335
300320,MADHYA PRADESH,185,32
300320,MADHYA PRADESH,186,119
300320,MADHYA PRADESH,187,566
300320,MADHYA PRADESH,188,572
300320,MADHYA PRADESH,189,67
300320,MADHYA PRADESH,190,123
300320,MADHYA PRADESH,191,99
300320,MADHYA PRADESH,192,65
300320,MADHYA PRADESH,193,132
300320,MADHYA PRADESH,194,47
300320,MADHYA PRADESH,195,27
300320,MADHYA PRADESH,196,95
300320,MADHYA PRADESH,197,67
300320,MADHYA PRADESH,198,387
300320,MADHYA PRADESH,199,147
300320,MADHYA PRADESH,200,113
300320,MADHYA PRADESH,201,252
300320,MADHYA PRADESH,202,110
300320,MADHYA PRADESH,203,406
300320,MADHYA PRADESH,204,109
300320,MADHYA PRADESH,205,590
300320,MADHYA PRADESH,206,108
300320,MADHYA PRADESH,207,121
300320,MADHYA PRADESH,208,93
300320,MADHYA PRADESH,209,79
300320,MADHYA PRADESH,210,668
300320,MADHYA PRADESH,211,148
300320,MADHYA PRADESH,212,12
300320,MADHYA PRADESH,213,502
300320,MADHYA PRADESH,214,54
300320,MADHYA PRADESH,215,141
300320,MADHYA PRADESH,216,66
300320,MADHYA PRADESH,217,303
300320,MADHYA PRADESH,218,345
300320,MADHYA PRADESH,219,176
300320,MADHYA PRADESH,220,250
300320,MADHYA PRADESH,221,92
300320,MADHYA PRADESH,222,47
300320,MADHYA PRADESH,223,193
300320,MADHYA PRADESH,224,70
300320,MADHYA PRADESH,225,417
300320,MADHYA PRADESH,226,55
300320,MADHYA PRADESH,227,72
300320,MADHYA PRADESH,228,298
300320,MADHYA PRADESH,229,520
300320,MADHYA PRADESH,230,523
300320,MADHYA PRADESH,231,158
300320,MADHYA PRADESH,232,181
300320,MADHYA PRADESH,233,189
300320,MADHYA PRADESH,234,144
300320,MADHYA PRADESH,235,97
300320,MADHYA PRADESH,236,92
300320,MADHYA PRADESH,237,82
300320,MADHYA PRADESH,238,664
300320,MADHYA PRADESH,239,411
300320,MADHYA PRADESH,240,244
300320,MADHYA PRADESH,241,202
300320,MADHYA PRADESH,242,224
300320,MADHYA PRADESH,243,371
300320,MADHYA PRADESH,244,126
300320,MADHYA PRADESH,245,45
300320,MADHYA PRADESH,246,229
300320,MADHYA PRADESH,247,78
300320,MADHYA PRADESH,248,371
300320,MADHYA PRADESH,249,324
300320,MADHYA PRADESH,250,60
300320,MADHYA PRADESH,251,95
300320,MADHYA PRADESH,252,230
300320,MADHYA PRADESH,253,264
300320,MADHYA PRADESH,254,278
300320,MADHYA PRADESH,255,6
300320,MADHYA PRADESH,256,476
300320,MADHYA PRADESH,257,91
300320,MADHYA PRADESH,258,100
300320,MADHYA PRADESH,259,43
300320,MADHYA PRADESH,260,372
300320,MADHYA PRADESH,261,79
300320,MADHYA PRADESH,262,348
300320,MADHYA PRADESH,263,184
300320,MADHYA PRADESH,264,87
300320,MADHYA PRADESH,265,695
300320,MADHYA PRADESH,266,229
300320,MADHYA PRADESH,267,628
300320,MADHYA PRADESH,268,517
300320,MADHYA PRADESH,269,33
300320,MADHYA PRADESH,270,515
300320,MADHYA PRADESH,271,69
300320,MADHYA PRADESH,272,128
300320,MADHYA PRADESH,273,60
300320,MADHYA PRADESH,274,162
300320,MADHYA PRADESH,275,199
300320,MADHYA PRADESH,276,437
300320,MADHYA PRADESH,277,36
300320,MADHYA PRADESH,278,241
300320,MADHYA PRADESH,279,265
300320,MADHYA PRADESH,280,135
300320,MADHYA PRADESH,281,251
300320,MADHYA PRADESH,282,30
300320,MADHYA PRADESH,283,282
300320,MADHYA PRADESH,284,16
300320,MADHYA PRADESH,285,177
300320,MADHYA PRADESH,286,65
300320,MADHYA PRADESH,287,212
300320,MADHYA PRADESH,288,285
300320,MADHYA PRADESH,289,140
300320,MADHYA PRADESH,290,472
300320,MADHYA PRADESH,291,225
300320,MADHYA PRADESH,292,80
300320,MADHYA PRADESH,293,141
300320,MADHYA PRADESH,294,126
300320,MADHYA PRADESH,295,433
300320,MADHYA PRADESH,296,210
300320,MADHYA PRADESH,297,60
300320,MADHYA PRADESH,298,256
300320,MADHYA PRADESH,299,390
300320,MADHYA PRADESH,300,48
300320,MADHYA PRADESH,301,359
300320,MADHYA PRADESH,302,456
300320,MADHYA PRADESH,303,281
300320,MADHYA PRADESH,304,106
300320,MADHYA PRADESH,305,147
300320,MADHYA PRADESH,306,145
300320,MADHYA PRADESH,307,28
300320,MADHYA PRADESH,308,149
300320,MADHYA PRADESH,309,243
300320,MADHYA PRADESH,310,94
300320,MADHYA PRADESH,311,125
300320,MADHYA PRADESH,312,260
300320,MADHYA PRADESH,313,484
300320,MADHYA PRADESH,314,322
300320,MADHYA PRADESH,315,192
300320,MADHYA PRADESH,316,240
300320,MADHYA PRADESH,317,371
300320,MADHYA PRADESH,318,180
300320,MADHYA PRADESH,319,114
300320,MADHYA PRADESH,320,131
300320,MADHYA PRADESH,321,82
300320,MADHYA PRADESH,322,147
300320,MADHYA PRADESH,323,173
300320,MADHYA PRADESH,324,85
300320,MADHYA PRADESH,325,14
300320,MADHYA PRADESH,326,134
300320,MADHYA PRADESH,327,44
300320,MADHYA PRADESH,328,59
300320,MADHYA PRADESH,329,93
300320,MADHYA PRADESH,330,463
300320,MADHYA PRADESH,331,349
300320,MADHYA PRADESH,332,89
300320,MADHYA PRADESH,333,409
300320,MADHYA PRADESH,334,153
300320,MADHYA PRADESH,335,93
300320,MADHYA PRADESH,336,179
300320,MADHYA PRADESH,337,410
300320,MADHYA PRADESH,338,101
300320,MADHYA PRADESH,339,65
300320,MADHYA PRADESH,340,20
300320,MADHYA PRADESH,341,38
300320,MADHYA PRADESH,342,91
300320,MADHYA PRADESH,343,398
300320,MADHYA PRADESH,344,319
300320,MADHYA PRADESH,345,97
300320,MADHYA PRADESH,346,286
300320,MADHYA PRADESH,347,255
300320,MADHYA PRADESH,348,100
300320,MADHYA PRADESH,349,241
300320,MADHYA PRADESH,350,148
300320,MADHYA PRADESH,351,105
300320,MADHYA PRADESH,352,285
300320,MADHYA PRADESH,353,462
300320,MADHYA PRADESH,354,183
300320,MADHYA PRADESH,355,142
300320,MADHYA PRADESH,356,321
300320,MADHYA PRADESH,357,417
300320,MADHYA PRADESH,358,680
300320,MADHYA PRADESH,359,42
300320,MADHYA PRADESH,360,101
300320,MADHYA PRADESH,361,253
300320,MADHYA PRADESH,362,63
300320,MADHYA PRADESH,363,203
300320,MADHYA PRADESH,364,75
300320,MADHYA PRADESH,365,249
300320,MADHYA PRADESH,366,348
300320,MADHYA PRADESH,367,422
300320,MADHYA PRADESH,368,75
300320,MADHYA PRADESH,369,36
300320,MADHYA PRADESH,370,37
300320,MADHYA PRADESH,371,159
300320,MADHYA PRADESH,372,223
300320,MADHYA PRADESH,373,106
300320,MADHYA PRADESH,374,598
300320,MADHYA PRADESH,375,43
300320,MADHYA PRADESH,376,226
300320,MADHYA PRADESH,377,505
300320,MADHYA PRADESH,378,396
300320,MADHYA PRADESH,379,437
300320,MADHYA PRADESH,380,65
300320,MADHYA PRADESH,381,126
300320,MADHYA PRADESH,382,55
300320,MADHYA PRADESH,383,99
300320,MADHYA PRADESH,384,180
300320,MADHYA PRADESH,385,547
300320,MADHYA PRADESH,386,149
300320,MADHYA PRADESH,387,147
300320,MADHYA PRADESH,388,463
300320,MADHYA PRADESH,389,334
300320,MADHYA PRADESH,390,83
300320,MADHYA PRADESH,391,202
300320,MADHYA PRADESH,392,375
300320,MADHYA PRADESH,393,210
300320,MADHYA PRADESH,394,168
300320,MADHYA PRADESH,395,322
300320,MADHYA PRADESH,396,105
300320,MADHYA PRADESH,397,80
300320,MADHYA PRADESH,398,30
300320,MADHYA PRADESH,399,179
300320,MADHYA PRADESH,400,67
300320,MADHYA PRADESH,401,83
300320,MADHYA PRADESH,402,411
300320,MADHYA PRADESH,403,85
300320,MADHYA PRADESH,404,50
300320,MADHYA PRADESH,405,241
300320,MADHYA PRADESH,406,265
300320,MADHYA PRADESH,407,343
300320,MADHYA PRADESH,408,313
300320,MADHYA PRADESH,409,200
300320,MADHYA PRADESH,410,243
300320,MADHYA PRADESH,411,65
300320,MADHYA PRADESH,412,58
300320,MADHYA PRADESH,413,35
300320,MADHYA PRADESH,414,400
300320,MADHYA PRADESH,415,139
300320,MADHYA PRADESH,416,397
300320,MADHYA PRADESH,417,422
300320,MADHYA PRADESH,418,399
300320,MADHYA PRADESH,419,676
300320,MADHYA PRADESH,420,394
300320,MADHYA PRADESH,421,527
300320,MADHYA PRADESH,422,99
300320,MADHYA PRADESH,423,89
300320,MADHYA PRADESH,424,117
300320,MADHYA PRADESH,425,79
300320,MADHYA PRADESH,426,285
300320,MADHYA PRADESH,427,224
300320,MADHYA PRADESH,428,210
300320,MADHYA PRADESH,429,129
300320,MADHYA PRADESH,430,138
300320,MADHYA PRADESH,431,62
300320,MADHYA PRADESH,432,104
300320,MADHYA PRADESH,433,89
300320,MADHYA PRADESH,434,228
300320,MADHYA PRADESH,435,586
300320,MADHYA PRADESH,436,226
300320,MADHYA PRADESH,437,345
300320,MADHYA PRADESH,438,76
300320,MADHYA PRADESH,439,482
300320,MADHYA PRADESH,440,170
300320,MADHYA PRADESH,441,118
300320,MADHYA PRADESH,442,715
300320,MADHYA PRADESH,443,27
300320,MADHYA PRADESH,444,165
300320,MADHYA PRADESH,445,52
300320,MADHYA PRADESH,446,279
300320,MADHYA PRADESH,447,61
300320,MADHYA PRADESH,448,519
300320,MADHYA PRADESH,449,153
300320,MADHYA PRADESH,450,183
300320,MADHYA PRADESH,451,622
300320,MADHYA PRADESH,452,79
300320,MADHYA PRADESH,453,635
300320,MADHYA PRADESH,454,65
300320,MADHYA PRADESH,455,129
300320,MADHYA PRADESH,456,215
300320,MADHYA PRADESH,457,289
300320,MADHYA PRADESH,458,346
300320,MADHYA PRADESH,459,85
300320,MADHYA PRADESH,460,489
300320,MADHYA PRADESH,461,35
300320,MADHYA PRADESH,462,297
300320,MADHYA PRADESH,463,71
300320,MADHYA PRADESH,464,83
300320,MADHYA PRADESH,465,230
300320,MADHYA PRADESH,466,188
300320,MADHYA PRADESH,467,124
300320,MADHYA PRADESH,468,110
300320,MADHYA PRADESH,469,154
300320,MADHYA PRADESH,470,266
300320,MADHYA PRADESH,471,336
300320,MADHYA PRADESH,472,243
300320,MADHYA PRADESH,473,106
300320,MADHYA PRADESH,474,193
300320,MADHYA PRADESH,475,101
300320,MADHYA PRADESH,476,90
300320,MADHYA PRADESH,477,73
300320,MADHYA PRADESH,478,192
300320,MADHYA PRADESH,479,274
300320,MADHYA PRADESH,480,347
300320,MADHYA PRADESH,481,82
300320,MADHYA PRADESH,482,162
300320,MADHYA PRADESH,483,42
300320,MADHYA PRADESH,484,628
300320,MADHYA PRADESH,485,344
300320,MADHYA PRADESH,486,57
300320,MADHYA PRADESH,487,546
300320,MADHYA PRADESH,488,250
300320,MADHYA PRADESH,489,134
300320,MADHYA PRADESH,490,108
300320,MADHYA PRADESH,491,45
300320,MADHYA PRADESH,492,42
300320,MADHYA PRADESH,493,65
300320,MADHYA PRADESH,494,141
300320,MADHYA PRADESH,495,29
300320,MADHYA PRADESH,496,94
300320,MADHYA PRADESH,497,487
300320,MADHYA PRADESH,498,308
300320,MADHYA PRADESH,499,183
300320,MADHYA PRADESH,500,112
300320,MADHYA PRADESH,501,639
300320,MADHYA PRADESH,502,84
300320,MADHYA PRADESH,503,25
300320,MADHYA PRADESH,504,327
300320,MADHYA PRADESH,505,177
300320,MADHYA PRADESH,506,90
300320,MADHYA PRADESH,507,450
300320,MADHYA PRADESH,508,177
300320,MADHYA PRADESH,509,182
300320,MADHYA PRADESH,510,356
300320,MADHYA PRADESH,511,294
300320,MADHYA PRADESH,512,222
300320,MADHYA PRADESH,513,47
300320,MADHYA PRADESH,514,106
300320,MADHYA PRADESH,515,434
300320,MADHYA PRADESH,516,67
300320,MADHYA PRADESH,517,16
300320,MADHYA PRADESH,518,201
300320,MADHYA PRADESH,519,145
300320,MADHYA PRADESH,520,125
300320,MADHYA PRADESH,521,265
300320,MADHYA PRADESH,522,143
300320,MADHYA PRADESH,523,223
300320,MADHYA PRADESH,524,70
300320,MADHYA PRADESH,525,190
300320,MADHYA PRADESH,526,76
300320,MADHYA PRADESH,527,40
300320,MADHYA PRADESH,528,77
300320,MADHYA PRADESH,529,52
300320,MADHYA PRADESH,530,82
300320,MADHYA PRADESH,531,508
300320,MADHYA PRADESH,532,44
300320,MADHYA PRADESH,533,122
300320,MADHYA PRADESH,534,577
300320,MADHYA PRADESH,535,361
300320,MADHYA PRADESH,536,225
300320,MADHYA PRADESH,537,65
300320,MADHYA PRADESH,538,80
300320,MADHYA PRADESH,539,60
300320,MADHYA PRADESH,540,266
300320,MADHYA PRADESH,541,94
300320,MADHYA PRADESH,542,122
300320,MADHYA PRADESH,543,594
300320,MADHYA PRADESH,544,563
300320,MADHYA PRADESH,545,66
300320,MADHYA PRADESH,546,193
300320,MADHYA PRADESH,547,65
300320,MADHYA PRADESH,548,44
300320,MADHYA PRADESH,549,109
300320,MADHYA PRADESH,550,177
300320,MADHYA PRADESH,551,235
300320,MADHYA PRADESH,552,255
300320,MADHYA PRADESH,553,611
300320,MADHYA PRADESH,554,195
300320,MADHYA PRADESH,555,32
300320,MADHYA PRADESH,556,324
300320,MADHYA PRADESH,557,314
300320,MADHYA PRADESH,558,212
300320,MADHYA PRADESH,559,375
300320,MADHYA PRADESH,560,85
300320,MADHYA PRADESH,561,133
300320,MADHYA PRADESH,562,16
300320,MADHYA PRADESH,563,75
300320,MADHYA PRADESH,564,56
300320,MADHYA PRADESH,565,482
300320,MADHYA PRADESH,566,262
300320,MADHYA PRADESH,567,165
300320,MADHYA PRADESH,568,58
300320,MADHYA PRADESH,569,68
300320,MADHYA PRADESH,570,149
300320,MADHYA PRADESH,571,558
300320,MADHYA PRADESH,572,80
300320,MADHYA PRADESH,573,122
300320,MADHYA PRADESH,574,640
300320,MADHYA PRADESH,575,105
300320,MADHYA PRADESH,576,110
300320,MADHYA PRADESH,577,72
300320,MADHYA PRADESH,578,46
300320,MADHYA PRADESH,579,150
300320,MADHYA PRADESH,580,236
300320,MADHYA PRADESH,581,81
300320,MADHYA PRADESH,582,62
300320,MADHYA PRADESH,583,114
300320,MADHYA PRADESH,584,87
300320,MADHYA PRADESH,585,74
