Center Number,State Name,Srl No,Marks
300309,MADHYA PRADESH,1,415
300309,MADHYA PRADESH,2,200
300309,MADHYA PRADESH,3,263
300309,MADHYA PRADESH,4,262
300309,MADHYA PRADESH,5,270
300309,MADHYA PRADESH,6,650
300309,MADHYA PRADESH,7,363
300309,MADHYA PRADESH,8,207
300309,MADHYA PRADESH,9,326
300309,MADHYA PRADESH,10,36
300309,MADHYA PRADESH,11,95
300309,MADHYA PRADESH,12,103
300309,MADHYA PRADESH,13,668
300309,MADHYA PRADESH,14,168
300309,MADHYA PRADESH,15,428
300309,MADHYA PRADESH,16,188
300309,MADHYA PRADESH,17,122
300309,MADHYA PRADESH,18,55
300309,MADHYA PRADESH,19,654
300309,MADHYA PRADESH,20,82
300309,MADHYA PRADESH,21,206
300309,MADHYA PRADESH,22,143
300309,MADHYA PRADESH,23,278
300309,MADHYA PRADESH,24,161
300309,MADHYA PRADESH,25,185
300309,MADHYA PRADESH,26,257
300309,MADHYA PRADESH,27,50
300309,MADHYA PRADESH,28,66
300309,MADHYA PRADESH,29,87
300309,MADHYA PRADESH,30,645
300309,MADHYA PRADESH,31,45
300309,MADHYA PRADESH,32,251
300309,MADHYA PRADESH,33,85
300309,MADHYA PRADESH,34,0
300309,MADHYA PRADESH,35,176
300309,MADHYA PRADESH,36,132
300309,MADHYA PRADESH,37,95
300309,MADHYA PRADESH,38,46
300309,MADHYA PRADESH,39,344
300309,MADHYA PRADESH,40,30
300309,MADHYA PRADESH,41,319
300309,MADHYA PRADESH,42,199
300309,MADHYA PRADESH,43,235
300309,MADHYA PRADESH,44,267
300309,MADHYA PRADESH,45,454
300309,MADHYA PRADESH,46,143
300309,MADHYA PRADESH,47,600
300309,MADHYA PRADESH,48,451
300309,MADHYA PRADESH,49,66
300309,MADHYA PRADESH,50,30
300309,MADHYA PRADESH,51,685
300309,MADHYA PRADESH,52,39
300309,MADHYA PRADESH,53,541
300309,MADHYA PRADESH,54,371
300309,MADHYA PRADESH,55,128
300309,MADHYA PRADESH,56,418
300309,MADHYA PRADESH,57,56
300309,MADHYA PRADESH,58,367
300309,MADHYA PRADESH,59,197
300309,MADHYA PRADESH,60,140
300309,MADHYA PRADESH,61,287
300309,MADHYA PRADESH,62,90
300309,MADHYA PRADESH,63,124
300309,MADHYA PRADESH,64,148
300309,MADHYA PRADESH,65,429
300309,MADHYA PRADESH,66,615
300309,MADHYA PRADESH,67,122
300309,MADHYA PRADESH,68,35
300309,MADHYA PRADESH,69,143
300309,MADHYA PRADESH,70,75
300309,MADHYA PRADESH,71,225
300309,MADHYA PRADESH,72,97
300309,MADHYA PRADESH,73,66
300309,MADHYA PRADESH,74,2
300309,MADHYA PRADESH,75,60
300309,MADHYA PRADESH,76,248
300309,MADHYA PRADESH,77,209
300309,MADHYA PRADESH,78,236
300309,MADHYA PRADESH,79,85
300309,MADHYA PRADESH,80,283
300309,MADHYA PRADESH,81,75
300309,MADHYA PRADESH,82,181
300309,MADHYA PRADESH,83,317
300309,MADHYA PRADESH,84,181
300309,MADHYA PRADESH,85,189
300309,MADHYA PRADESH,86,130
300309,MADHYA PRADESH,87,168
300309,MADHYA PRADESH,88,540
300309,MADHYA PRADESH,89,74
300309,MADHYA PRADESH,90,660
300309,MADHYA PRADESH,91,193
300309,MADHYA PRADESH,92,321
300309,MADHYA PRADESH,93,54
300309,MADHYA PRADESH,94,203
300309,MADHYA PRADESH,95,95
300309,MADHYA PRADESH,96,100
300309,MADHYA PRADESH,97,353
300309,MADHYA PRADESH,98,198
300309,MADHYA PRADESH,99,113
300309,MADHYA PRADESH,100,322
300309,MADHYA PRADESH,101,185
300309,MADHYA PRADESH,102,140
300309,MADHYA PRADESH,103,357
300309,MADHYA PRADESH,104,32
300309,MADHYA PRADESH,105,380
300309,MADHYA PRADESH,106,284
300309,MADHYA PRADESH,107,285
300309,MADHYA PRADESH,108,63
300309,MADHYA PRADESH,109,109
300309,MADHYA PRADESH,110,517
300309,MADHYA PRADESH,111,321
300309,MADHYA PRADESH,112,171
300309,MADHYA PRADESH,113,274
300309,MADHYA PRADESH,114,102
300309,MADHYA PRADESH,115,112
300309,MADHYA PRADESH,116,244
300309,MADHYA PRADESH,117,158
300309,MADHYA PRADESH,118,565
300309,MADHYA PRADESH,119,607
300309,MADHYA PRADESH,120,147
300309,MADHYA PRADESH,121,39
300309,MADHYA PRADESH,122,153
300309,MADHYA PRADESH,123,151
300309,MADHYA PRADESH,124,50
300309,MADHYA PRADESH,125,184
300309,MADHYA PRADESH,126,90
300309,MADHYA PRADESH,127,80
300309,MADHYA PRADESH,128,150
300309,MADHYA PRADESH,129,120
300309,MADHYA PRADESH,130,135
300309,MADHYA PRADESH,131,88
300309,MADHYA PRADESH,132,35
300309,MADHYA PRADESH,133,226
300309,MADHYA PRADESH,134,34
300309,MADHYA PRADESH,135,75
300309,MADHYA PRADESH,136,84
300309,MADHYA PRADESH,137,510
300309,MADHYA PRADESH,138,302
300309,MADHYA PRADESH,139,71
300309,MADHYA PRADESH,140,315
300309,MADHYA PRADESH,141,514
300309,MADHYA PRADESH,142,88
300309,MADHYA PRADESH,143,270
300309,MADHYA PRADESH,144,115
300309,MADHYA PRADESH,145,389
300309,MADHYA PRADESH,146,42
300309,MADHYA PRADESH,147,206
300309,MADHYA PRADESH,148,135
300309,MADHYA PRADESH,149,69
300309,MADHYA PRADESH,150,225
300309,MADHYA PRADESH,151,178
300309,MADHYA PRADESH,152,209
300309,MADHYA PRADESH,153,51
300309,MADHYA PRADESH,154,242
300309,MADHYA PRADESH,155,46
300309,MADHYA PRADESH,156,36
300309,MADHYA PRADESH,157,583
300309,MADHYA PRADESH,158,323
300309,MADHYA PRADESH,159,88
300309,MADHYA PRADESH,160,324
300309,MADHYA PRADESH,161,224
300309,MADHYA PRADESH,162,0
300309,MADHYA PRADESH,163,118
300309,MADHYA PRADESH,164,331
300309,MADHYA PRADESH,165,149
300309,MADHYA PRADESH,166,252
300309,MADHYA PRADESH,167,77
300309,MADHYA PRADESH,168,281
300309,MADHYA PRADESH,169,578
300309,MADHYA PRADESH,170,499
300309,MADHYA PRADESH,171,165
300309,MADHYA PRADESH,172,190
300309,MADHYA PRADESH,173,83
300309,MADHYA PRADESH,174,44
300309,MADHYA PRADESH,175,641
300309,MADHYA PRADESH,176,110
300309,MADHYA PRADESH,177,162
300309,MADHYA PRADESH,178,208
300309,MADHYA PRADESH,179,56
300309,MADHYA PRADESH,180,34
300309,MADHYA PRADESH,181,93
300309,MADHYA PRADESH,182,59
300309,MADHYA PRADESH,183,498
300309,MADHYA PRADESH,184,139
300309,MADHYA PRADESH,185,195
300309,MADHYA PRADESH,186,87
300309,MADHYA PRADESH,187,80
300309,MADHYA PRADESH,188,84
300309,MADHYA PRADESH,189,55
300309,MADHYA PRADESH,190,40
300309,MADHYA PRADESH,191,94
300309,MADHYA PRADESH,192,358
300309,MADHYA PRADESH,193,255
300309,MADHYA PRADESH,194,169
300309,MADHYA PRADESH,195,171
300309,MADHYA PRADESH,196,339
300309,MADHYA PRADESH,197,168
300309,MADHYA PRADESH,198,203
300309,MADHYA PRADESH,199,615
300309,MADHYA PRADESH,200,139
300309,MADHYA PRADESH,201,82
300309,MADHYA PRADESH,202,45
300309,MADHYA PRADESH,203,154
300309,MADHYA PRADESH,204,517
300309,MADHYA PRADESH,205,60
300309,MADHYA PRADESH,206,70
300309,MADHYA PRADESH,207,101
300309,MADHYA PRADESH,208,332
300309,MADHYA PRADESH,209,374
300309,MADHYA PRADESH,210,186
300309,MADHYA PRADESH,211,222
300309,MADHYA PRADESH,212,118
300309,MADHYA PRADESH,213,238
300309,MADHYA PRADESH,214,139
300309,MADHYA PRADESH,215,105
300309,MADHYA PRADESH,216,156
300309,MADHYA PRADESH,217,97
300309,MADHYA PRADESH,218,455
300309,MADHYA PRADESH,219,108
300309,MADHYA PRADESH,220,37
300309,MADHYA PRADESH,221,245
300309,MADHYA PRADESH,222,298
300309,MADHYA PRADESH,223,231
300309,MADHYA PRADESH,224,123
300309,MADHYA PRADESH,225,54
300309,MADHYA PRADESH,226,200
300309,MADHYA PRADESH,227,243
300309,MADHYA PRADESH,228,93
300309,MADHYA PRADESH,229,80
300309,MADHYA PRADESH,230,444
300309,MADHYA PRADESH,231,558
300309,MADHYA PRADESH,232,107
300309,MADHYA PRADESH,233,144
300309,MADHYA PRADESH,234,214
300309,MADHYA PRADESH,235,387
300309,MADHYA PRADESH,236,451
300309,MADHYA PRADESH,237,62
300309,MADHYA PRADESH,238,88
300309,MADHYA PRADESH,239,383
300309,MADHYA PRADESH,240,426
300309,MADHYA PRADESH,241,130
300309,MADHYA PRADESH,242,334
300309,MADHYA PRADESH,243,267
300309,MADHYA PRADESH,244,104
300309,MADHYA PRADESH,245,55
300309,MADHYA PRADESH,246,245
300309,MADHYA PRADESH,247,43
300309,MADHYA PRADESH,248,374
300309,MADHYA PRADESH,249,62
300309,MADHYA PRADESH,2,251
300309,MADHYA PRADESH,438,252
300309,MADHYA PRADESH,47,253
300309,MADHYA PRADESH,212,254
300309,MADHYA PRADESH,97,255
300309,MADHYA PRADESH,357,256
300309,MADHYA PRADESH,160,257
300309,MADHYA PRADESH,295,258
300309,MADHYA PRADESH,305,259
300309,MADHYA PRADESH,64,260
300309,MADHYA PRADESH,56,261
300309,MADHYA PRADESH,301,262
300309,MADHYA PRADESH,550,263
300309,MADHYA PRADESH,153,264
300309,MADHYA PRADESH,105,265
300309,MADHYA PRADESH,458,266
300309,MADHYA PRADESH,102,267
300309,MADHYA PRADESH,123,268
300309,MADHYA PRADESH,199,269
300309,MADHYA PRADESH,232,270
300309,MADHYA PRADESH,271,388
300309,MADHYA PRADESH,272,246
300309,MADHYA PRADESH,273,446
300309,MADHYA PRADESH,274,193
300309,MADHYA PRADESH,275,58
300309,MADHYA PRADESH,276,61
300309,MADHYA PRADESH,277,116
300309,MADHYA PRADESH,278,231
300309,MADHYA PRADESH,279,0
300309,MADHYA PRADESH,280,337
300309,MADHYA PRADESH,281,129
300309,MADHYA PRADESH,282,95
300309,MADHYA PRADESH,283,170
300309,MADHYA PRADESH,284,388
300309,MADHYA PRADESH,285,109
300309,MADHYA PRADESH,286,65
300309,MADHYA PRADESH,287,302
300309,MADHYA PRADESH,288,325
300309,MADHYA PRADESH,289,84
300309,MADHYA PRADESH,290,65
300309,MADHYA PRADESH,291,78
300309,MADHYA PRADESH,292,35
300309,MADHYA PRADESH,293,201
300309,MADHYA PRADESH,294,605
300309,MADHYA PRADESH,295,54
300309,MADHYA PRADESH,296,210
300309,MADHYA PRADESH,297,74
300309,MADHYA PRADESH,298,236
300309,MADHYA PRADESH,299,300
300309,MADHYA PRADESH,300,421
300309,MADHYA PRADESH,301,53
300309,MADHYA PRADESH,302,381
300309,MADHYA PRADESH,303,58
300309,MADHYA PRADESH,304,39
300309,MADHYA PRADESH,305,21
300309,MADHYA PRADESH,306,382
300309,MADHYA PRADESH,307,539
300309,MADHYA PRADESH,308,535
300309,MADHYA PRADESH,309,70
300309,MADHYA PRADESH,310,507
300309,MADHYA PRADESH,311,121
300309,MADHYA PRADESH,312,130
300309,MADHYA PRADESH,313,68
300309,MADHYA PRADESH,314,106
300309,MADHYA PRADESH,315,186
300309,MADHYA PRADESH,316,155
300309,MADHYA PRADESH,317,129
300309,MADHYA PRADESH,318,311
300309,MADHYA PRADESH,319,536
300309,MADHYA PRADESH,320,85
300309,MADHYA PRADESH,321,472
300309,MADHYA PRADESH,322,245
300309,MADHYA PRADESH,323,399
300309,MADHYA PRADESH,324,429
300309,MADHYA PRADESH,325,335
300309,MADHYA PRADESH,326,574
300309,MADHYA PRADESH,327,70
300309,MADHYA PRADESH,328,55
300309,MADHYA PRADESH,329,367
300309,MADHYA PRADESH,330,80
300309,MADHYA PRADESH,331,220
300309,MADHYA PRADESH,332,461
300309,MADHYA PRADESH,333,105
300309,MADHYA PRADESH,334,291
300309,MADHYA PRADESH,335,172
300309,MADHYA PRADESH,336,60
300309,MADHYA PRADESH,337,93
300309,MADHYA PRADESH,338,119
300309,MADHYA PRADESH,339,574
300309,MADHYA PRADESH,340,523
300309,MADHYA PRADESH,341,65
300309,MADHYA PRADESH,342,248
300309,MADHYA PRADESH,343,598
300309,MADHYA PRADESH,344,35
300309,MADHYA PRADESH,345,213
300309,MADHYA PRADESH,346,418
300309,MADHYA PRADESH,347,165
300309,MADHYA PRADESH,348,103
300309,MADHYA PRADESH,349,56
300309,MADHYA PRADESH,350,230
300309,MADHYA PRADESH,351,139
300309,MADHYA PRADESH,352,358
300309,MADHYA PRADESH,353,15
300309,MADHYA PRADESH,354,39
300309,MADHYA PRADESH,355,332
300309,MADHYA PRADESH,4,357
300309,MADHYA PRADESH,278,358
300309,MADHYA PRADESH,52,359
300309,MADHYA PRADESH,21,360
300309,MADHYA PRADESH,361,367
300309,MADHYA PRADESH,362,18
300309,MADHYA PRADESH,363,53
300309,MADHYA PRADESH,364,426
300309,MADHYA PRADESH,365,405
300309,MADHYA PRADESH,366,219
300309,MADHYA PRADESH,367,85
300309,MADHYA PRADESH,368,76
300309,MADHYA PRADESH,369,71
300309,MADHYA PRADESH,370,221
300309,MADHYA PRADESH,371,73
300309,MADHYA PRADESH,372,34
300309,MADHYA PRADESH,373,294
300309,MADHYA PRADESH,374,89
300309,MADHYA PRADESH,375,272
300309,MADHYA PRADESH,376,102
300309,MADHYA PRADESH,377,200
300309,MADHYA PRADESH,378,48
300309,MADHYA PRADESH,379,130
300309,MADHYA PRADESH,380,220
300309,MADHYA PRADESH,381,541
300309,MADHYA PRADESH,382,111
300309,MADHYA PRADESH,383,15
300309,MADHYA PRADESH,384,397
300309,MADHYA PRADESH,385,154
300309,MADHYA PRADESH,386,361
300309,MADHYA PRADESH,387,89
300309,MADHYA PRADESH,388,248
300309,MADHYA PRADESH,389,41
300309,MADHYA PRADESH,390,255
300309,MADHYA PRADESH,391,44
300309,MADHYA PRADESH,392,229
300309,MADHYA PRADESH,393,308
300309,MADHYA PRADESH,394,119
300309,MADHYA PRADESH,395,197
300309,MADHYA PRADESH,396,54
300309,MADHYA PRADESH,397,127
300309,MADHYA PRADESH,398,230
300309,MADHYA PRADESH,399,55
300309,MADHYA PRADESH,400,57
300309,MADHYA PRADESH,401,200
300309,MADHYA PRADESH,402,310
300309,MADHYA PRADESH,403,153
300309,MADHYA PRADESH,404,107
300309,MADHYA PRADESH,405,45
300309,MADHYA PRADESH,406,146
300309,MADHYA PRADESH,407,32
300309,MADHYA PRADESH,408,407
300309,MADHYA PRADESH,409,435
300309,MADHYA PRADESH,410,76
300309,MADHYA PRADESH,411,15
300309,MADHYA PRADESH,412,128
300309,MADHYA PRADESH,413,26
300309,MADHYA PRADESH,414,55
300309,MADHYA PRADESH,415,230
300309,MADHYA PRADESH,416,89
300309,MADHYA PRADESH,417,175
300309,MADHYA PRADESH,418,296
300309,MADHYA PRADESH,419,320
300309,MADHYA PRADESH,420,248
300309,MADHYA PRADESH,421,388
300309,MADHYA PRADESH,422,115
300309,MADHYA PRADESH,423,72
300309,MADHYA PRADESH,424,112
300309,MADHYA PRADESH,425,466
300309,MADHYA PRADESH,426,52
300309,MADHYA PRADESH,427,56
300309,MADHYA PRADESH,428,405
300309,MADHYA PRADESH,429,207
300309,MADHYA PRADESH,430,213
300309,MADHYA PRADESH,431,218
300309,MADHYA PRADESH,432,125
300309,MADHYA PRADESH,433,49
300309,MADHYA PRADESH,434,325
300309,MADHYA PRADESH,435,434
300309,MADHYA PRADESH,436,166
300309,MADHYA PRADESH,437,129
300309,MADHYA PRADESH,438,78
300309,MADHYA PRADESH,439,458
300309,MADHYA PRADESH,440,166
300309,MADHYA PRADESH,441,296
300309,MADHYA PRADESH,442,364
300309,MADHYA PRADESH,443,425
300309,MADHYA PRADESH,444,31
300309,MADHYA PRADESH,445,347
300309,MADHYA PRADESH,446,287
300309,MADHYA PRADESH,447,110
300309,MADHYA PRADESH,448,317
300309,MADHYA PRADESH,449,171
300309,MADHYA PRADESH,450,366
300309,MADHYA PRADESH,451,570
300309,MADHYA PRADESH,452,70
300309,MADHYA PRADESH,453,360
300309,MADHYA PRADESH,454,224
300309,MADHYA PRADESH,455,414
300309,MADHYA PRADESH,456,448
300309,MADHYA PRADESH,457,75
300309,MADHYA PRADESH,458,200
300309,MADHYA PRADESH,459,286
300309,MADHYA PRADESH,460,174
300309,MADHYA PRADESH,461,61
300309,MADHYA PRADESH,462,223
300309,MADHYA PRADESH,463,112
300309,MADHYA PRADESH,464,46
300309,MADHYA PRADESH,465,577
300309,MADHYA PRADESH,466,137
300309,MADHYA PRADESH,467,58
300309,MADHYA PRADESH,468,337
300309,MADHYA PRADESH,469,73
300309,MADHYA PRADESH,470,243
300309,MADHYA PRADESH,471,161
300309,MADHYA PRADESH,472,71
300309,MADHYA PRADESH,473,360
300309,MADHYA PRADESH,474,12
300309,MADHYA PRADESH,475,161
300309,MADHYA PRADESH,476,185
300309,MADHYA PRADESH,477,77
300309,MADHYA PRADESH,478,25
300309,MADHYA PRADESH,479,165
300309,MADHYA PRADESH,480,324
300309,MADHYA PRADESH,481,180
300309,MADHYA PRADESH,482,114
300309,MADHYA PRADESH,483,80
300309,MADHYA PRADESH,484,276
300309,MADHYA PRADESH,485,254
300309,MADHYA PRADESH,486,350
300309,MADHYA PRADESH,487,345
300309,MADHYA PRADESH,488,150
300309,MADHYA PRADESH,489,151
300309,MADHYA PRADESH,490,274
300309,MADHYA PRADESH,491,284
300309,MADHYA PRADESH,492,275
300309,MADHYA PRADESH,493,96
300309,MADHYA PRADESH,494,377
300309,MADHYA PRADESH,495,374
300309,MADHYA PRADESH,496,56
300309,MADHYA PRADESH,497,32
300309,MADHYA PRADESH,498,113
300309,MADHYA PRADESH,499,80
300309,MADHYA PRADESH,500,272
300309,MADHYA PRADESH,501,122
300309,MADHYA PRADESH,502,44
300309,MADHYA PRADESH,503,507
300309,MADHYA PRADESH,504,238
300309,MADHYA PRADESH,505,517
300309,MADHYA PRADESH,506,635
300309,MADHYA PRADESH,507,177
300309,MADHYA PRADESH,508,232
300309,MADHYA PRADESH,509,65
300309,MADHYA PRADESH,510,68
300309,MADHYA PRADESH,511,128
300309,MADHYA PRADESH,512,375
300309,MADHYA PRADESH,513,163
300309,MADHYA PRADESH,514,217
300309,MADHYA PRADESH,515,68
300309,MADHYA PRADESH,516,134
300309,MADHYA PRADESH,517,85
300309,MADHYA PRADESH,518,161
300309,MADHYA PRADESH,519,91
300309,MADHYA PRADESH,520,295
300309,MADHYA PRADESH,521,91
300309,MADHYA PRADESH,522,443
300309,MADHYA PRADESH,523,381
300309,MADHYA PRADESH,524,110
300309,MADHYA PRADESH,525,250
300309,MADHYA PRADESH,526,310
300309,MADHYA PRADESH,527,84
300309,MADHYA PRADESH,528,455
300309,MADHYA PRADESH,529,143
300309,MADHYA PRADESH,530,400
300309,MADHYA PRADESH,531,320
300309,MADHYA PRADESH,532,118
300309,MADHYA PRADESH,533,629
300309,MADHYA PRADESH,534,18
300309,MADHYA PRADESH,535,404
300309,MADHYA PRADESH,536,411
300309,MADHYA PRADESH,537,95
300309,MADHYA PRADESH,538,85
300309,MADHYA PRADESH,539,376
300309,MADHYA PRADESH,540,146
300309,MADHYA PRADESH,541,549
300309,MADHYA PRADESH,542,374
300309,MADHYA PRADESH,543,101
300309,MADHYA PRADESH,544,267
300309,MADHYA PRADESH,545,338
300309,MADHYA PRADESH,546,305
300309,MADHYA PRADESH,547,95
300309,MADHYA PRADESH,548,213
300309,MADHYA PRADESH,549,323
300309,MADHYA PRADESH,550,186
300309,MADHYA PRADESH,551,98
300309,MADHYA PRADESH,552,418
300309,MADHYA PRADESH,553,35
300309,MADHYA PRADESH,554,252
300309,MADHYA PRADESH,555,285
300309,MADHYA PRADESH,556,150
300309,MADHYA PRADESH,557,95
300309,MADHYA PRADESH,558,278
300309,MADHYA PRADESH,559,95
300309,MADHYA PRADESH,560,94
300309,MADHYA PRADESH,561,207
300309,MADHYA PRADESH,562,511
300309,MADHYA PRADESH,563,576
300309,MADHYA PRADESH,564,90
300309,MADHYA PRADESH,565,450
300309,MADHYA PRADESH,566,63
300309,MADHYA PRADESH,567,437
300309,MADHYA PRADESH,568,413
300309,MADHYA PRADESH,569,132
300309,MADHYA PRADESH,570,230
300309,MADHYA PRADESH,571,34
300309,MADHYA PRADESH,572,251
300309,MADHYA PRADESH,573,91
300309,MADHYA PRADESH,574,286
300309,MADHYA PRADESH,575,343
300309,MADHYA PRADESH,576,61
300309,MADHYA PRADESH,577,139
300309,MADHYA PRADESH,578,415
300309,MADHYA PRADESH,579,41
300309,MADHYA PRADESH,580,258
300309,MADHYA PRADESH,581,67
300309,MADHYA PRADESH,582,569
300309,MADHYA PRADESH,583,284
300309,MADHYA PRADESH,584,165
300309,MADHYA PRADESH,585,245
300309,MADHYA PRADESH,586,410
300309,MADHYA PRADESH,587,110
300309,MADHYA PRADESH,588,353
300309,MADHYA PRADESH,589,162
300309,MADHYA PRADESH,590,263
300309,MADHYA PRADESH,591,12
300309,MADHYA PRADESH,592,253
300309,MADHYA PRADESH,593,306
300309,MADHYA PRADESH,594,271
300309,MADHYA PRADESH,595,374
300309,MADHYA PRADESH,596,123
300309,MADHYA PRADESH,597,110
300309,MADHYA PRADESH,598,129
300309,MADHYA PRADESH,599,55
300309,MADHYA PRADESH,600,94
300309,MADHYA PRADESH,601,97
300309,MADHYA PRADESH,602,620
300309,MADHYA PRADESH,603,149
300309,MADHYA PRADESH,604,128
300309,MADHYA PRADESH,605,90
300309,MADHYA PRADESH,606,38
300309,MADHYA PRADESH,607,524
300309,MADHYA PRADESH,608,366
300309,MADHYA PRADESH,609,95
300309,MADHYA PRADESH,610,341
300309,MADHYA PRADESH,611,237
300309,MADHYA PRADESH,612,539
300309,MADHYA PRADESH,613,539
300309,MADHYA PRADESH,614,205
300309,MADHYA PRADESH,615,249
300309,MADHYA PRADESH,616,284
300309,MADHYA PRADESH,617,653
300309,MADHYA PRADESH,618,214
300309,MADHYA PRADESH,619,31
300309,MADHYA PRADESH,620,149
300309,MADHYA PRADESH,621,63
300309,MADHYA PRADESH,622,47
300309,MADHYA PRADESH,623,441
300309,MADHYA PRADESH,624,160
300309,MADHYA PRADESH,625,46
300309,MADHYA PRADESH,626,96
300309,MADHYA PRADESH,627,155
300309,MADHYA PRADESH,628,276
300309,MADHYA PRADESH,629,300
300309,MADHYA PRADESH,630,152
300309,MADHYA PRADESH,631,174
300309,MADHYA PRADESH,632,190
300309,MADHYA PRADESH,633,448
300309,MADHYA PRADESH,634,263
300309,MADHYA PRADESH,635,175
300309,MADHYA PRADESH,636,114
300309,MADHYA PRADESH,637,194
300309,MADHYA PRADESH,638,79
300309,MADHYA PRADESH,639,92
300309,MADHYA PRADESH,640,293
300309,MADHYA PRADESH,641,302
300309,MADHYA PRADESH,642,119
300309,MADHYA PRADESH,643,508
300309,MADHYA PRADESH,644,625
300309,MADHYA PRADESH,645,48
300309,MADHYA PRADESH,646,452
300309,MADHYA PRADESH,647,49
300309,MADHYA PRADESH,648,100
300309,MADHYA PRADESH,649,322
300309,MADHYA PRADESH,650,186
300309,MADHYA PRADESH,651,150
300309,MADHYA PRADESH,652,275
300309,MADHYA PRADESH,653,479
300309,MADHYA PRADESH,654,93
300309,MADHYA PRADESH,655,125
300309,MADHYA PRADESH,656,82
300309,MADHYA PRADESH,657,32
300309,MADHYA PRADESH,658,294
300309,MADHYA PRADESH,659,399
300309,MADHYA PRADESH,660,646
300309,MADHYA PRADESH,661,154
300309,MADHYA PRADESH,662,82
300309,MADHYA PRADESH,663,296
300309,MADHYA PRADESH,664,86
300309,MADHYA PRADESH,665,247
300309,MADHYA PRADESH,666,71
300309,MADHYA PRADESH,667,60
300309,MADHYA PRADESH,668,311
300309,MADHYA PRADESH,669,143
300309,MADHYA PRADESH,670,140
300309,MADHYA PRADESH,671,114
300309,MADHYA PRADESH,672,153
300309,MADHYA PRADESH,673,277
300309,MADHYA PRADESH,674,347
300309,MADHYA PRADESH,7,676
300309,MADHYA PRADESH,40,677
300309,MADHYA PRADESH,236,678
300309,MADHYA PRADESH,441,679
300309,MADHYA PRADESH,239,680
300309,MADHYA PRADESH,29,681
300309,MADHYA PRADESH,122,682
300309,MADHYA PRADESH,165,683
300309,MADHYA PRADESH,75,684
300309,MADHYA PRADESH,70,685
300309,MADHYA PRADESH,319,686
300309,MADHYA PRADESH,180,687
300309,MADHYA PRADESH,140,688
300309,MADHYA PRADESH,332,689
300309,MADHYA PRADESH,72,690
300309,MADHYA PRADESH,691,40
300309,MADHYA PRADESH,692,395
300309,MADHYA PRADESH,693,240
300309,MADHYA PRADESH,694,190
300309,MADHYA PRADESH,695,343
300309,MADHYA PRADESH,696,147
300309,MADHYA PRADESH,697,159
300309,MADHYA PRADESH,698,30
300309,MADHYA PRADESH,699,322
300309,MADHYA PRADESH,700,44
300309,MADHYA PRADESH,701,246
300309,MADHYA PRADESH,702,5
300309,MADHYA PRADESH,703,45
300309,MADHYA PRADESH,704,162
300309,MADHYA PRADESH,705,328
300309,MADHYA PRADESH,706,318
300309,MADHYA PRADESH,707,290
300309,MADHYA PRADESH,708,163
300309,MADHYA PRADESH,709,71
300309,MADHYA PRADESH,710,420
