Center Number,State Name,Srl No,Marks
300903,MADHYA PRADESH,1,110
300903,MADHYA PRADESH,2,564
300903,MADHYA PRADESH,3,223
300903,MADHYA PRADESH,4,377
300903,MADHYA PRADESH,5,130
300903,MADHYA PRADESH,6,114
300903,MADHYA PRADESH,7,47
300903,MADHYA PRADESH,8,132
300903,MADHYA PRADESH,9,294
300903,MADHYA PRADESH,10,199
300903,MADHYA PRADESH,11,40
300903,MADHYA PRADESH,12,183
300903,MADHYA PRADESH,13,85
300903,MADHYA PRADESH,14,438
300903,MADHYA PRADESH,15,214
300903,MADHYA PRADESH,16,60
300903,MADHYA PRADESH,17,100
300903,MADHYA PRADESH,18,25
300903,MADHYA PRADESH,19,173
300903,MADHYA PRADESH,20,60
300903,MADHYA PRADESH,21,9
300903,MADHYA PRADESH,22,94
300903,MADHYA PRADESH,23,375
300903,MADHYA PRADESH,24,109
300903,MADHYA PRADESH,25,55
300903,MADHYA PRADESH,26,39
300903,MADHYA PRADESH,27,134
300903,MADHYA PRADESH,28,23
300903,MADHYA PRADESH,29,467
300903,MADHYA PRADESH,30,44
300903,MADHYA PRADESH,31,189
300903,MADHYA PRADESH,32,207
300903,MADHYA PRADESH,33,315
300903,MADHYA PRADESH,34,33
300903,MADHYA PRADESH,35,80
300903,MADHYA PRADESH,36,377
300903,MADHYA PRADESH,37,611
300903,MADHYA PRADESH,38,106
300903,MADHYA PRADESH,39,110
300903,MADHYA PRADESH,40,401
300903,MADHYA PRADESH,41,247
300903,MADHYA PRADESH,42,158
300903,MADHYA PRADESH,43,40
300903,MADHYA PRADESH,44,307
300903,MADHYA PRADESH,45,226
300903,MADHYA PRADESH,46,42
300903,MADHYA PRADESH,47,57
300903,MADHYA PRADESH,48,102
300903,MADHYA PRADESH,49,77
300903,MADHYA PRADESH,50,236
300903,MADHYA PRADESH,51,80
300903,MADHYA PRADESH,52,10
300903,MADHYA PRADESH,53,205
300903,MADHYA PRADESH,54,259
300903,MADHYA PRADESH,55,110
300903,MADHYA PRADESH,56,105
300903,MADHYA PRADESH,57,25
300903,MADHYA PRADESH,58,44
300903,MADHYA PRADESH,59,30
300903,MADHYA PRADESH,60,97
300903,MADHYA PRADESH,61,77
300903,MADHYA PRADESH,62,60
300903,MADHYA PRADESH,63,147
300903,MADHYA PRADESH,64,100
300903,MADHYA PRADESH,65,68
300903,MADHYA PRADESH,66,414
300903,MADHYA PRADESH,67,209
300903,MADHYA PRADESH,68,379
300903,MADHYA PRADESH,69,23
300903,MADHYA PRADESH,70,85
300903,MADHYA PRADESH,71,160
300903,MADHYA PRADESH,72,57
300903,MADHYA PRADESH,73,120
300903,MADHYA PRADESH,74,50
300903,MADHYA PRADESH,75,181
300903,MADHYA PRADESH,76,77
300903,MADHYA PRADESH,77,75
300903,MADHYA PRADESH,78,178
300903,MADHYA PRADESH,79,45
300903,MADHYA PRADESH,80,446
300903,MADHYA PRADESH,81,100
300903,MADHYA PRADESH,82,117
300903,MADHYA PRADESH,83,233
300903,MADHYA PRADESH,84,312
300903,MADHYA PRADESH,85,163
300903,MADHYA PRADESH,86,72
300903,MADHYA PRADESH,87,185
300903,MADHYA PRADESH,88,74
300903,MADHYA PRADESH,89,182
300903,MADHYA PRADESH,90,109
300903,MADHYA PRADESH,91,138
300903,MADHYA PRADESH,92,299
300903,MADHYA PRADESH,93,94
300903,MADHYA PRADESH,94,246
300903,MADHYA PRADESH,95,180
300903,MADHYA PRADESH,96,151
300903,MADHYA PRADESH,97,186
300903,MADHYA PRADESH,98,460
300903,MADHYA PRADESH,99,101
300903,MADHYA PRADESH,100,313
300903,MADHYA PRADESH,101,197
300903,MADHYA PRADESH,102,27
300903,MADHYA PRADESH,103,61
300903,MADHYA PRADESH,104,141
300903,MADHYA PRADESH,105,32
300903,MADHYA PRADESH,106,111
300903,MADHYA PRADESH,17,108
300903,MADHYA PRADESH,21,109
300903,MADHYA PRADESH,159,110
300903,MADHYA PRADESH,159,111
300903,MADHYA PRADESH,105,112
300903,MADHYA PRADESH,424,113
300903,MADHYA PRADESH,210,114
300903,MADHYA PRADESH,117,115
300903,MADHYA PRADESH,14,116
300903,MADHYA PRADESH,70,117
300903,MADHYA PRADESH,433,118
300903,MADHYA PRADESH,73,119
300903,MADHYA PRADESH,114,120
300903,MADHYA PRADESH,121,129
300903,MADHYA PRADESH,122,170
300903,MADHYA PRADESH,123,445
300903,MADHYA PRADESH,124,205
300903,MADHYA PRADESH,125,82
300903,MADHYA PRADESH,126,55
300903,MADHYA PRADESH,127,261
300903,MADHYA PRADESH,128,50
300903,MADHYA PRADESH,129,297
300903,MADHYA PRADESH,130,117
300903,MADHYA PRADESH,131,334
300903,MADHYA PRADESH,132,10
300903,MADHYA PRADESH,133,62
300903,MADHYA PRADESH,134,349
300903,MADHYA PRADESH,135,72
300903,MADHYA PRADESH,136,34
300903,MADHYA PRADESH,137,70
300903,MADHYA PRADESH,138,203
300903,MADHYA PRADESH,139,53
300903,MADHYA PRADESH,140,68
300903,MADHYA PRADESH,141,121
300903,MADHYA PRADESH,142,73
300903,MADHYA PRADESH,143,89
300903,MADHYA PRADESH,144,121
300903,MADHYA PRADESH,145,92
300903,MADHYA PRADESH,146,150
300903,MADHYA PRADESH,147,212
300903,MADHYA PRADESH,148,539
300903,MADHYA PRADESH,149,150
300903,MADHYA PRADESH,150,122
300903,MADHYA PRADESH,151,104
300903,MADHYA PRADESH,152,75
300903,MADHYA PRADESH,153,145
300903,MADHYA PRADESH,154,281
300903,MADHYA PRADESH,155,211
300903,MADHYA PRADESH,156,100
300903,MADHYA PRADESH,157,272
300903,MADHYA PRADESH,158,175
300903,MADHYA PRADESH,159,219
300903,MADHYA PRADESH,160,344
300903,MADHYA PRADESH,161,222
300903,MADHYA PRADESH,162,125
300903,MADHYA PRADESH,163,203
300903,MADHYA PRADESH,164,35
300903,MADHYA PRADESH,165,150
300903,MADHYA PRADESH,166,213
300903,MADHYA PRADESH,167,176
300903,MADHYA PRADESH,168,61
300903,MADHYA PRADESH,169,166
300903,MADHYA PRADESH,7,171
300903,MADHYA PRADESH,481,172
300903,MADHYA PRADESH,243,173
300903,MADHYA PRADESH,182,174
300903,MADHYA PRADESH,30,175
300903,MADHYA PRADESH,231,176
300903,MADHYA PRADESH,75,177
300903,MADHYA PRADESH,74,178
300903,MADHYA PRADESH,304,179
300903,MADHYA PRADESH,63,180
300903,MADHYA PRADESH,181,38
300903,MADHYA PRADESH,182,57
300903,MADHYA PRADESH,183,296
300903,MADHYA PRADESH,184,136
300903,MADHYA PRADESH,185,148
300903,MADHYA PRADESH,186,27
300903,MADHYA PRADESH,187,197
300903,MADHYA PRADESH,188,39
300903,MADHYA PRADESH,189,81
300903,MADHYA PRADESH,190,135
300903,MADHYA PRADESH,191,353
300903,MADHYA PRADESH,192,227
300903,MADHYA PRADESH,193,31
300903,MADHYA PRADESH,194,96
300903,MADHYA PRADESH,195,149
300903,MADHYA PRADESH,196,2
300903,MADHYA PRADESH,197,296
300903,MADHYA PRADESH,198,255
300903,MADHYA PRADESH,199,587
300903,MADHYA PRADESH,200,275
300903,MADHYA PRADESH,201,93
300903,MADHYA PRADESH,202,222
300903,MADHYA PRADESH,203,55
300903,MADHYA PRADESH,204,53
300903,MADHYA PRADESH,205,535
300903,MADHYA PRADESH,206,90
300903,MADHYA PRADESH,207,285
300903,MADHYA PRADESH,208,60
300903,MADHYA PRADESH,209,208
300903,MADHYA PRADESH,210,70
300903,MADHYA PRADESH,211,124
300903,MADHYA PRADESH,212,161
300903,MADHYA PRADESH,213,368
300903,MADHYA PRADESH,214,97
300903,MADHYA PRADESH,215,196
300903,MADHYA PRADESH,216,335
300903,MADHYA PRADESH,217,249
300903,MADHYA PRADESH,218,192
300903,MADHYA PRADESH,219,12
300903,MADHYA PRADESH,220,59
300903,MADHYA PRADESH,221,348
300903,MADHYA PRADESH,222,437
300903,MADHYA PRADESH,223,141
300903,MADHYA PRADESH,224,189
300903,MADHYA PRADESH,225,60
300903,MADHYA PRADESH,226,77
300903,MADHYA PRADESH,227,132
300903,MADHYA PRADESH,228,325
300903,MADHYA PRADESH,229,82
300903,MADHYA PRADESH,230,38
300903,MADHYA PRADESH,231,60
300903,MADHYA PRADESH,232,144
300903,MADHYA PRADESH,233,85
300903,MADHYA PRADESH,234,21
300903,MADHYA PRADESH,235,108
300903,MADHYA PRADESH,236,95
300903,MADHYA PRADESH,237,144
300903,MADHYA PRADESH,238,145
300903,MADHYA PRADESH,239,48
300903,MADHYA PRADESH,240,327
300903,MADHYA PRADESH,241,225
300903,MADHYA PRADESH,242,51
300903,MADHYA PRADESH,243,68
300903,MADHYA PRADESH,244,368
300903,MADHYA PRADESH,245,257
300903,MADHYA PRADESH,246,317
300903,MADHYA PRADESH,247,294
300903,MADHYA PRADESH,248,101
300903,MADHYA PRADESH,249,254
300903,MADHYA PRADESH,250,95
300903,MADHYA PRADESH,251,301
300903,MADHYA PRADESH,252,160
300903,MADHYA PRADESH,253,55
300903,MADHYA PRADESH,254,430
300903,MADHYA PRADESH,255,105
300903,MADHYA PRADESH,256,250
300903,MADHYA PRADESH,257,30
300903,MADHYA PRADESH,258,246
300903,MADHYA PRADESH,259,58
300903,MADHYA PRADESH,260,35
300903,MADHYA PRADESH,261,124
300903,MADHYA PRADESH,262,75
300903,MADHYA PRADESH,263,59
300903,MADHYA PRADESH,264,183
300903,MADHYA PRADESH,265,86
300903,MADHYA PRADESH,266,186
300903,MADHYA PRADESH,267,70
300903,MADHYA PRADESH,268,197
300903,MADHYA PRADESH,269,70
300903,MADHYA PRADESH,270,261
300903,MADHYA PRADESH,271,177
300903,MADHYA PRADESH,272,68
300903,MADHYA PRADESH,273,56
300903,MADHYA PRADESH,274,114
300903,MADHYA PRADESH,275,169
300903,MADHYA PRADESH,276,306
300903,MADHYA PRADESH,277,127
300903,MADHYA PRADESH,278,60
300903,MADHYA PRADESH,279,425
300903,MADHYA PRADESH,280,46
300903,MADHYA PRADESH,281,110
300903,MADHYA PRADESH,282,85
300903,MADHYA PRADESH,283,157
300903,MADHYA PRADESH,284,318
300903,MADHYA PRADESH,285,332
300903,MADHYA PRADESH,286,106
300903,MADHYA PRADESH,287,100
300903,MADHYA PRADESH,288,152
300903,MADHYA PRADESH,289,102
300903,MADHYA PRADESH,290,39
300903,MADHYA PRADESH,291,159
300903,MADHYA PRADESH,292,279
300903,MADHYA PRADESH,293,352
300903,MADHYA PRADESH,294,120
300903,MADHYA PRADESH,295,91
300903,MADHYA PRADESH,296,237
300903,MADHYA PRADESH,297,142
300903,MADHYA PRADESH,298,382
300903,MADHYA PRADESH,299,200
300903,MADHYA PRADESH,300,58
300903,MADHYA PRADESH,301,73
300903,MADHYA PRADESH,302,154
300903,MADHYA PRADESH,303,109
300903,MADHYA PRADESH,304,360
300903,MADHYA PRADESH,305,321
300903,MADHYA PRADESH,306,100
300903,MADHYA PRADESH,307,84
300903,MADHYA PRADESH,308,135
300903,MADHYA PRADESH,309,19
300903,MADHYA PRADESH,310,80
300903,MADHYA PRADESH,311,207
300903,MADHYA PRADESH,312,90
300903,MADHYA PRADESH,313,45
300903,MADHYA PRADESH,314,130
300903,MADHYA PRADESH,315,21
300903,MADHYA PRADESH,316,150
300903,MADHYA PRADESH,317,164
300903,MADHYA PRADESH,318,187
300903,MADHYA PRADESH,319,73
300903,MADHYA PRADESH,320,147
300903,MADHYA PRADESH,321,43
300903,MADHYA PRADESH,322,93
300903,MADHYA PRADESH,323,354
300903,MADHYA PRADESH,324,378
300903,MADHYA PRADESH,325,370
300903,MADHYA PRADESH,326,271
300903,MADHYA PRADESH,327,127
300903,MADHYA PRADESH,328,63
300903,MADHYA PRADESH,329,170
300903,MADHYA PRADESH,330,355
300903,MADHYA PRADESH,331,80
300903,MADHYA PRADESH,332,0
300903,MADHYA PRADESH,333,58
300903,MADHYA PRADESH,334,47
300903,MADHYA PRADESH,335,152
300903,MADHYA PRADESH,336,319
300903,MADHYA PRADESH,337,58
300903,MADHYA PRADESH,338,82
300903,MADHYA PRADESH,339,95
300903,MADHYA PRADESH,340,272
300903,MADHYA PRADESH,341,151
300903,MADHYA PRADESH,342,70
300903,MADHYA PRADESH,343,66
300903,MADHYA PRADESH,344,45
300903,MADHYA PRADESH,345,136
300903,MADHYA PRADESH,346,220
300903,MADHYA PRADESH,347,310
300903,MADHYA PRADESH,348,36
300903,MADHYA PRADESH,349,207
300903,MADHYA PRADESH,350,70
300903,MADHYA PRADESH,14,352
300903,MADHYA PRADESH,126,353
300903,MADHYA PRADESH,30,354
300903,MADHYA PRADESH,51,355
300903,MADHYA PRADESH,246,356
300903,MADHYA PRADESH,65,357
