Center Number,State Name,Srl No,Marks
301002,MADHYA PRADESH,1,144
301002,MADHYA PRADESH,2,399
301002,MADHYA PRADESH,3,55
301002,MADHYA PRADESH,4,86
301002,MADHYA PRADESH,5,188
301002,MADHYA PRADESH,6,70
301002,MADHYA PRADESH,7,235
301002,MADHYA PRADESH,8,179
301002,MADHYA PRADESH,9,77
301002,MADHYA PRADESH,10,53
301002,MADHYA PRADESH,11,112
301002,MADHYA PRADESH,12,39
301002,MADHYA PRADESH,13,214
301002,MADHYA PRADESH,14,45
301002,MADHYA PRADESH,15,148
301002,MADHYA PRADESH,16,92
301002,MADHYA PRADESH,17,162
301002,MADHYA PRADESH,18,125
301002,MADHYA PRADESH,19,369
301002,MADHYA PRADESH,20,95
301002,MADHYA PRADESH,21,18
301002,MADHYA PRADESH,22,94
301002,MADHYA PRADESH,23,345
301002,MADHYA PRADESH,24,29
301002,MADHYA PRADESH,25,117
301002,MADHYA PRADESH,26,248
301002,MADHYA PRADESH,27,85
301002,MADHYA PRADESH,28,149
301002,MADHYA PRADESH,29,105
301002,MADHYA PRADESH,30,114
301002,MADHYA PRADESH,31,356
301002,MADHYA PRADESH,32,240
301002,MADHYA PRADESH,33,125
301002,MADHYA PRADESH,34,381
301002,MADHYA PRADESH,35,33
301002,MADHYA PRADESH,36,57
301002,MADHYA PRADESH,37,97
301002,MADHYA PRADESH,38,49
301002,MADHYA PRADESH,39,55
301002,MADHYA PRADESH,40,108
301002,MADHYA PRADESH,41,55
301002,MADHYA PRADESH,42,70
301002,MADHYA PRADESH,43,392
301002,MADHYA PRADESH,44,106
301002,MADHYA PRADESH,45,60
301002,MADHYA PRADESH,46,69
301002,MADHYA PRADESH,47,86
301002,MADHYA PRADESH,48,135
301002,MADHYA PRADESH,49,96
301002,MADHYA PRADESH,50,105
301002,MADHYA PRADESH,51,493
301002,MADHYA PRADESH,52,33
301002,MADHYA PRADESH,53,65
301002,MADHYA PRADESH,54,41
301002,MADHYA PRADESH,55,85
301002,MADHYA PRADESH,56,187
301002,MADHYA PRADESH,57,20
301002,MADHYA PRADESH,58,42
301002,MADHYA PRADESH,59,184
301002,MADHYA PRADESH,60,220
301002,MADHYA PRADESH,61,294
301002,MADHYA PRADESH,62,6
301002,MADHYA PRADESH,63,88
301002,MADHYA PRADESH,64,367
301002,MADHYA PRADESH,65,252
301002,MADHYA PRADESH,66,70
301002,MADHYA PRADESH,67,78
301002,MADHYA PRADESH,68,124
301002,MADHYA PRADESH,69,90
301002,MADHYA PRADESH,70,348
301002,MADHYA PRADESH,71,30
301002,MADHYA PRADESH,72,295
301002,MADHYA PRADESH,73,317
301002,MADHYA PRADESH,74,95
301002,MADHYA PRADESH,75,226
301002,MADHYA PRADESH,76,321
301002,MADHYA PRADESH,77,75
301002,MADHYA PRADESH,78,156
301002,MADHYA PRADESH,79,51
301002,MADHYA PRADESH,80,65
301002,MADHYA PRADESH,81,110
301002,MADHYA PRADESH,82,162
301002,MADHYA PRADESH,83,20
301002,MADHYA PRADESH,84,57
301002,MADHYA PRADESH,85,100
301002,MADHYA PRADESH,86,248
301002,MADHYA PRADESH,87,110
301002,MADHYA PRADESH,88,93
301002,MADHYA PRADESH,89,321
301002,MADHYA PRADESH,90,193
301002,MADHYA PRADESH,91,216
301002,MADHYA PRADESH,92,106
301002,MADHYA PRADESH,93,67
301002,MADHYA PRADESH,94,80
301002,MADHYA PRADESH,95,24
301002,MADHYA PRADESH,96,74
301002,MADHYA PRADESH,97,74
301002,MADHYA PRADESH,98,105
301002,MADHYA PRADESH,99,108
301002,MADHYA PRADESH,100,247
301002,MADHYA PRADESH,101,216
301002,MADHYA PRADESH,102,22
301002,MADHYA PRADESH,103,46
301002,MADHYA PRADESH,104,84
301002,MADHYA PRADESH,105,127
301002,MADHYA PRADESH,106,256
301002,MADHYA PRADESH,107,154
301002,MADHYA PRADESH,108,60
301002,MADHYA PRADESH,109,305
301002,MADHYA PRADESH,110,408
301002,MADHYA PRADESH,111,72
301002,MADHYA PRADESH,112,45
301002,MADHYA PRADESH,113,111
301002,MADHYA PRADESH,114,67
301002,MADHYA PRADESH,115,566
301002,MADHYA PRADESH,116,101
301002,MADHYA PRADESH,117,120
301002,MADHYA PRADESH,118,97
301002,MADHYA PRADESH,119,48
301002,MADHYA PRADESH,120,385
301002,MADHYA PRADESH,121,128
301002,MADHYA PRADESH,122,105
301002,MADHYA PRADESH,123,121
301002,MADHYA PRADESH,124,583
301002,MADHYA PRADESH,125,40
301002,MADHYA PRADESH,126,106
301002,MADHYA PRADESH,127,449
301002,MADHYA PRADESH,128,379
301002,MADHYA PRADESH,129,616
301002,MADHYA PRADESH,130,190
301002,MADHYA PRADESH,131,521
301002,MADHYA PRADESH,132,239
301002,MADHYA PRADESH,133,26
301002,MADHYA PRADESH,134,20
301002,MADHYA PRADESH,135,276
301002,MADHYA PRADESH,136,374
301002,MADHYA PRADESH,137,27
301002,MADHYA PRADESH,138,95
301002,MADHYA PRADESH,139,185
301002,MADHYA PRADESH,140,199
301002,MADHYA PRADESH,141,87
301002,MADHYA PRADESH,142,123
301002,MADHYA PRADESH,143,70
301002,MADHYA PRADESH,144,203
301002,MADHYA PRADESH,145,373
301002,MADHYA PRADESH,146,65
301002,MADHYA PRADESH,147,65
301002,MADHYA PRADESH,148,250
301002,MADHYA PRADESH,149,90
301002,MADHYA PRADESH,150,47
301002,MADHYA PRADESH,151,105
301002,MADHYA PRADESH,152,108
301002,MADHYA PRADESH,153,474
301002,MADHYA PRADESH,154,179
301002,MADHYA PRADESH,155,146
301002,MADHYA PRADESH,156,353
301002,MADHYA PRADESH,157,163
301002,MADHYA PRADESH,158,203
301002,MADHYA PRADESH,159,316
301002,MADHYA PRADESH,160,189
301002,MADHYA PRADESH,161,120
301002,MADHYA PRADESH,162,45
301002,MADHYA PRADESH,163,398
301002,MADHYA PRADESH,164,91
301002,MADHYA PRADESH,165,334
301002,MADHYA PRADESH,166,174
301002,MADHYA PRADESH,167,60
301002,MADHYA PRADESH,168,655
301002,MADHYA PRADESH,169,70
301002,MADHYA PRADESH,170,171
301002,MADHYA PRADESH,171,219
301002,MADHYA PRADESH,172,72
301002,MADHYA PRADESH,173,260
301002,MADHYA PRADESH,174,342
301002,MADHYA PRADESH,175,193
301002,MADHYA PRADESH,176,243
301002,MADHYA PRADESH,177,159
301002,MADHYA PRADESH,178,70
301002,MADHYA PRADESH,179,167
301002,MADHYA PRADESH,180,315
301002,MADHYA PRADESH,181,54
301002,MADHYA PRADESH,182,222
301002,MADHYA PRADESH,183,355
301002,MADHYA PRADESH,184,302
301002,MADHYA PRADESH,185,166
301002,MADHYA PRADESH,186,70
301002,MADHYA PRADESH,187,119
301002,MADHYA PRADESH,188,121
301002,MADHYA PRADESH,189,123
301002,MADHYA PRADESH,190,146
301002,MADHYA PRADESH,191,63
301002,MADHYA PRADESH,192,87
301002,MADHYA PRADESH,193,235
301002,MADHYA PRADESH,194,111
301002,MADHYA PRADESH,195,185
301002,MADHYA PRADESH,196,91
301002,MADHYA PRADESH,197,247
301002,MADHYA PRADESH,198,72
301002,MADHYA PRADESH,199,300
301002,MADHYA PRADESH,200,255
301002,MADHYA PRADESH,201,47
301002,MADHYA PRADESH,202,351
301002,MADHYA PRADESH,203,61
301002,MADHYA PRADESH,204,526
301002,MADHYA PRADESH,205,466
301002,MADHYA PRADESH,206,63
301002,MADHYA PRADESH,207,348
301002,MADHYA PRADESH,208,110
301002,MADHYA PRADESH,209,122
301002,MADHYA PRADESH,210,202
301002,MADHYA PRADESH,211,75
301002,MADHYA PRADESH,212,30
301002,MADHYA PRADESH,213,83
301002,MADHYA PRADESH,214,294
301002,MADHYA PRADESH,215,76
301002,MADHYA PRADESH,216,122
301002,MADHYA PRADESH,217,144
301002,MADHYA PRADESH,218,44
301002,MADHYA PRADESH,219,77
301002,MADHYA PRADESH,220,85
301002,MADHYA PRADESH,221,175
301002,MADHYA PRADESH,222,216
301002,MADHYA PRADESH,223,279
301002,MADHYA PRADESH,224,283
301002,MADHYA PRADESH,225,101
301002,MADHYA PRADESH,226,127
301002,MADHYA PRADESH,227,168
301002,MADHYA PRADESH,228,87
301002,MADHYA PRADESH,229,182
301002,MADHYA PRADESH,230,34
301002,MADHYA PRADESH,231,254
301002,MADHYA PRADESH,232,323
301002,MADHYA PRADESH,233,95
301002,MADHYA PRADESH,234,100
301002,MADHYA PRADESH,235,101
301002,MADHYA PRADESH,236,177
301002,MADHYA PRADESH,237,84
301002,MADHYA PRADESH,238,185
301002,MADHYA PRADESH,239,260
301002,MADHYA PRADESH,240,48
301002,MADHYA PRADESH,241,312
301002,MADHYA PRADESH,242,226
301002,MADHYA PRADESH,243,135
301002,MADHYA PRADESH,244,396
301002,MADHYA PRADESH,245,64
301002,MADHYA PRADESH,246,123
301002,MADHYA PRADESH,247,324
301002,MADHYA PRADESH,248,90
301002,MADHYA PRADESH,249,236
301002,MADHYA PRADESH,250,78
301002,MADHYA PRADESH,251,173
301002,MADHYA PRADESH,252,460
301002,MADHYA PRADESH,253,99
301002,MADHYA PRADESH,254,83
301002,MADHYA PRADESH,255,379
301002,MADHYA PRADESH,256,18
301002,MADHYA PRADESH,257,127
301002,MADHYA PRADESH,258,237
301002,MADHYA PRADESH,259,346
301002,MADHYA PRADESH,260,70
301002,MADHYA PRADESH,261,138
301002,MADHYA PRADESH,262,45
301002,MADHYA PRADESH,263,149
301002,MADHYA PRADESH,264,25
301002,MADHYA PRADESH,265,100
301002,MADHYA PRADESH,266,140
301002,MADHYA PRADESH,267,213
301002,MADHYA PRADESH,268,104
301002,MADHYA PRADESH,269,96
301002,MADHYA PRADESH,270,70
301002,MADHYA PRADESH,271,62
301002,MADHYA PRADESH,272,103
301002,MADHYA PRADESH,273,269
301002,MADHYA PRADESH,274,517
301002,MADHYA PRADESH,275,205
301002,MADHYA PRADESH,276,55
301002,MADHYA PRADESH,277,118
301002,MADHYA PRADESH,278,157
301002,MADHYA PRADESH,279,111
301002,MADHYA PRADESH,280,108
301002,MADHYA PRADESH,281,229
301002,MADHYA PRADESH,282,71
301002,MADHYA PRADESH,283,613
301002,MADHYA PRADESH,284,294
301002,MADHYA PRADESH,285,173
301002,MADHYA PRADESH,286,57
301002,MADHYA PRADESH,287,65
301002,MADHYA PRADESH,288,63
301002,MADHYA PRADESH,289,370
301002,MADHYA PRADESH,290,226
301002,MADHYA PRADESH,291,58
301002,MADHYA PRADESH,292,143
301002,MADHYA PRADESH,293,183
301002,MADHYA PRADESH,294,181
301002,MADHYA PRADESH,295,55
301002,MADHYA PRADESH,296,29
301002,MADHYA PRADESH,297,414
301002,MADHYA PRADESH,298,306
301002,MADHYA PRADESH,299,253
301002,MADHYA PRADESH,300,230
301002,MADHYA PRADESH,301,95
301002,MADHYA PRADESH,302,50
301002,MADHYA PRADESH,303,418
301002,MADHYA PRADESH,304,344
301002,MADHYA PRADESH,305,83
301002,MADHYA PRADESH,306,640
301002,MADHYA PRADESH,307,428
301002,MADHYA PRADESH,308,65
301002,MADHYA PRADESH,309,113
301002,MADHYA PRADESH,310,63
301002,MADHYA PRADESH,311,219
301002,MADHYA PRADESH,312,122
301002,MADHYA PRADESH,313,30
301002,MADHYA PRADESH,314,149
301002,MADHYA PRADESH,315,331
301002,MADHYA PRADESH,316,5
301002,MADHYA PRADESH,317,65
301002,MADHYA PRADESH,318,70
301002,MADHYA PRADESH,319,59
301002,MADHYA PRADESH,320,140
301002,MADHYA PRADESH,321,27
301002,MADHYA PRADESH,322,342
301002,MADHYA PRADESH,323,431
301002,MADHYA PRADESH,324,163
301002,MADHYA PRADESH,325,24
301002,MADHYA PRADESH,326,181
301002,MADHYA PRADESH,327,155
301002,MADHYA PRADESH,328,177
301002,MADHYA PRADESH,329,49
301002,MADHYA PRADESH,330,299
301002,MADHYA PRADESH,331,452
301002,MADHYA PRADESH,332,86
301002,MADHYA PRADESH,333,375
301002,MADHYA PRADESH,334,645
301002,MADHYA PRADESH,335,325
301002,MADHYA PRADESH,336,122
301002,MADHYA PRADESH,337,186
301002,MADHYA PRADESH,338,156
301002,MADHYA PRADESH,339,142
301002,MADHYA PRADESH,340,29
301002,MADHYA PRADESH,341,488
301002,MADHYA PRADESH,342,66
301002,MADHYA PRADESH,343,473
301002,MADHYA PRADESH,344,61
301002,MADHYA PRADESH,345,187
301002,MADHYA PRADESH,346,130
301002,MADHYA PRADESH,347,47
301002,MADHYA PRADESH,348,160
301002,MADHYA PRADESH,349,81
301002,MADHYA PRADESH,350,70
301002,MADHYA PRADESH,351,286
301002,MADHYA PRADESH,352,155
301002,MADHYA PRADESH,353,82
301002,MADHYA PRADESH,354,73
301002,MADHYA PRADESH,355,405
301002,MADHYA PRADESH,356,87
301002,MADHYA PRADESH,357,143
301002,MADHYA PRADESH,358,35
301002,MADHYA PRADESH,359,96
301002,MADHYA PRADESH,360,242
301002,MADHYA PRADESH,361,198
301002,MADHYA PRADESH,362,81
301002,MADHYA PRADESH,363,242
301002,MADHYA PRADESH,364,125
301002,MADHYA PRADESH,365,122
301002,MADHYA PRADESH,366,52
301002,MADHYA PRADESH,367,80
301002,MADHYA PRADESH,368,481
301002,MADHYA PRADESH,369,58
301002,MADHYA PRADESH,370,358
301002,MADHYA PRADESH,371,67
301002,MADHYA PRADESH,372,120
301002,MADHYA PRADESH,373,135
301002,MADHYA PRADESH,374,111
301002,MADHYA PRADESH,375,259
301002,MADHYA PRADESH,376,278
301002,MADHYA PRADESH,377,30
301002,MADHYA PRADESH,378,233
301002,MADHYA PRADESH,379,69
301002,MADHYA PRADESH,380,680
301002,MADHYA PRADESH,381,28
301002,MADHYA PRADESH,382,133
301002,MADHYA PRADESH,383,79
301002,MADHYA PRADESH,384,487
301002,MADHYA PRADESH,385,257
301002,MADHYA PRADESH,386,102
301002,MADHYA PRADESH,387,144
301002,MADHYA PRADESH,388,94
301002,MADHYA PRADESH,389,135
301002,MADHYA PRADESH,390,71
301002,MADHYA PRADESH,391,141
301002,MADHYA PRADESH,392,559
301002,MADHYA PRADESH,393,209
301002,MADHYA PRADESH,394,283
301002,MADHYA PRADESH,395,274
301002,MADHYA PRADESH,396,30
301002,MADHYA PRADESH,397,120
301002,MADHYA PRADESH,398,140
