Center Number,State Name,Srl No,Marks
302709,MADHYA PRADESH,1,54
302709,MADHYA PRADESH,2,23
302709,MADHYA PRADESH,3,294
302709,MADHYA PRADESH,4,8
302709,MADHYA PRADESH,5,120
302709,MADHYA PRADESH,6,32
302709,MADHYA PRADESH,7,110
302709,MADHYA PRADESH,8,34
302709,MADHYA PRADESH,9,154
302709,MADHYA PRADESH,10,451
302709,MADHYA PRADESH,11,131
302709,MADHYA PRADESH,12,155
302709,MADHYA PRADESH,13,20
302709,MADHYA PRADESH,14,41
302709,MADHYA PRADESH,15,552
302709,MADHYA PRADESH,16,141
302709,MADHYA PRADESH,17,149
302709,MADHYA PRADESH,18,260
302709,MADHYA PRADESH,19,144
302709,MADHYA PRADESH,20,45
302709,MADHYA PRADESH,21,434
302709,MADHYA PRADESH,22,455
302709,MADHYA PRADESH,23,80
302709,MADHYA PRADESH,24,243
302709,MADHYA PRADESH,25,100
302709,MADHYA PRADESH,26,111
302709,MADHYA PRADESH,27,31
302709,MADHYA PRADESH,28,90
302709,MADHYA PRADESH,29,102
302709,MADHYA PRADESH,30,97
302709,MADHYA PRADESH,31,69
302709,MADHYA PRADESH,32,90
302709,MADHYA PRADESH,33,113
302709,MADHYA PRADESH,34,115
302709,MADHYA PRADESH,35,133
302709,MADHYA PRADESH,36,19
302709,MADHYA PRADESH,37,340
302709,MADHYA PRADESH,38,95
302709,MADHYA PRADESH,39,40
302709,MADHYA PRADESH,40,43
302709,MADHYA PRADESH,41,114
302709,MADHYA PRADESH,42,90
302709,MADHYA PRADESH,43,250
302709,MADHYA PRADESH,44,98
302709,MADHYA PRADESH,45,280
302709,MADHYA PRADESH,46,160
302709,MADHYA PRADESH,47,30
302709,MADHYA PRADESH,48,357
302709,MADHYA PRADESH,49,25
302709,MADHYA PRADESH,50,92
302709,MADHYA PRADESH,51,141
302709,MADHYA PRADESH,52,64
302709,MADHYA PRADESH,53,389
302709,MADHYA PRADESH,54,81
302709,MADHYA PRADESH,55,82
302709,MADHYA PRADESH,56,463
302709,MADHYA PRADESH,57,172
302709,MADHYA PRADESH,58,25
302709,MADHYA PRADESH,59,81
302709,MADHYA PRADESH,60,191
302709,MADHYA PRADESH,61,150
302709,MADHYA PRADESH,62,93
302709,MADHYA PRADESH,63,105
302709,MADHYA PRADESH,64,59
302709,MADHYA PRADESH,65,80
302709,MADHYA PRADESH,66,28
302709,MADHYA PRADESH,67,27
302709,MADHYA PRADESH,68,456
302709,MADHYA PRADESH,69,77
302709,MADHYA PRADESH,70,205
302709,MADHYA PRADESH,71,227
302709,MADHYA PRADESH,72,195
302709,MADHYA PRADESH,73,57
302709,MADHYA PRADESH,74,100
302709,MADHYA PRADESH,75,32
302709,MADHYA PRADESH,76,271
302709,MADHYA PRADESH,77,78
302709,MADHYA PRADESH,78,245
302709,MADHYA PRADESH,79,39
302709,MADHYA PRADESH,80,28
302709,MADHYA PRADESH,81,26
302709,MADHYA PRADESH,82,120
302709,MADHYA PRADESH,83,87
302709,MADHYA PRADESH,84,45
302709,MADHYA PRADESH,85,57
302709,MADHYA PRADESH,86,34
302709,MADHYA PRADESH,87,63
302709,MADHYA PRADESH,88,31
302709,MADHYA PRADESH,89,178
302709,MADHYA PRADESH,90,66
302709,MADHYA PRADESH,91,105
302709,MADHYA PRADESH,92,89
302709,MADHYA PRADESH,93,5
302709,MADHYA PRADESH,94,365
302709,MADHYA PRADESH,95,235
302709,MADHYA PRADESH,96,117
302709,MADHYA PRADESH,97,54
302709,MADHYA PRADESH,20,99
302709,MADHYA PRADESH,52,100
302709,MADHYA PRADESH,127,101
302709,MADHYA PRADESH,88,102
302709,MADHYA PRADESH,65,103
302709,MADHYA PRADESH,36,104
302709,MADHYA PRADESH,102,105
302709,MADHYA PRADESH,85,106
302709,MADHYA PRADESH,50,107
302709,MADHYA PRADESH,120,108
302709,MADHYA PRADESH,71,109
302709,MADHYA PRADESH,76,110
302709,MADHYA PRADESH,72,111
302709,MADHYA PRADESH,294,112
302709,MADHYA PRADESH,0,113
302709,MADHYA PRADESH,166,114
302709,MADHYA PRADESH,88,115
302709,MADHYA PRADESH,309,116
302709,MADHYA PRADESH,33,117
302709,MADHYA PRADESH,181,118
302709,MADHYA PRADESH,57,119
302709,MADHYA PRADESH,28,120
302709,MADHYA PRADESH,121,84
302709,MADHYA PRADESH,122,96
302709,MADHYA PRADESH,123,44
302709,MADHYA PRADESH,124,110
302709,MADHYA PRADESH,125,118
302709,MADHYA PRADESH,126,22
302709,MADHYA PRADESH,127,59
302709,MADHYA PRADESH,128,187
302709,MADHYA PRADESH,129,160
302709,MADHYA PRADESH,130,82
302709,MADHYA PRADESH,131,85
302709,MADHYA PRADESH,132,400
302709,MADHYA PRADESH,133,84
302709,MADHYA PRADESH,134,51
302709,MADHYA PRADESH,135,70
302709,MADHYA PRADESH,136,83
302709,MADHYA PRADESH,137,78
302709,MADHYA PRADESH,138,98
302709,MADHYA PRADESH,139,25
302709,MADHYA PRADESH,140,55
302709,MADHYA PRADESH,141,47
302709,MADHYA PRADESH,142,85
302709,MADHYA PRADESH,143,47
302709,MADHYA PRADESH,144,91
302709,MADHYA PRADESH,145,244
302709,MADHYA PRADESH,146,291
302709,MADHYA PRADESH,147,275
302709,MADHYA PRADESH,148,46
302709,MADHYA PRADESH,149,155
302709,MADHYA PRADESH,150,60
302709,MADHYA PRADESH,151,327
302709,MADHYA PRADESH,152,30
302709,MADHYA PRADESH,153,107
302709,MADHYA PRADESH,154,102
302709,MADHYA PRADESH,155,242
302709,MADHYA PRADESH,156,10
302709,MADHYA PRADESH,157,45
302709,MADHYA PRADESH,158,138
302709,MADHYA PRADESH,159,67
302709,MADHYA PRADESH,160,36
302709,MADHYA PRADESH,161,230
302709,MADHYA PRADESH,162,174
302709,MADHYA PRADESH,163,106
302709,MADHYA PRADESH,164,130
302709,MADHYA PRADESH,165,110
302709,MADHYA PRADESH,166,195
302709,MADHYA PRADESH,167,330
302709,MADHYA PRADESH,168,55
302709,MADHYA PRADESH,169,149
302709,MADHYA PRADESH,170,80
302709,MADHYA PRADESH,171,31
302709,MADHYA PRADESH,172,15
302709,MADHYA PRADESH,173,107
302709,MADHYA PRADESH,174,80
302709,MADHYA PRADESH,175,110
302709,MADHYA PRADESH,3,177
302709,MADHYA PRADESH,55,178
302709,MADHYA PRADESH,78,179
302709,MADHYA PRADESH,37,180
302709,MADHYA PRADESH,181,50
302709,MADHYA PRADESH,182,190
302709,MADHYA PRADESH,183,65
302709,MADHYA PRADESH,184,79
302709,MADHYA PRADESH,185,271
302709,MADHYA PRADESH,186,30
302709,MADHYA PRADESH,187,169
302709,MADHYA PRADESH,188,144
302709,MADHYA PRADESH,189,55
302709,MADHYA PRADESH,190,46
302709,MADHYA PRADESH,191,78
302709,MADHYA PRADESH,192,440
302709,MADHYA PRADESH,193,50
302709,MADHYA PRADESH,194,114
302709,MADHYA PRADESH,195,55
302709,MADHYA PRADESH,196,90
302709,MADHYA PRADESH,197,104
302709,MADHYA PRADESH,198,201
302709,MADHYA PRADESH,199,2
302709,MADHYA PRADESH,200,93
302709,MADHYA PRADESH,25,202
302709,MADHYA PRADESH,4,203
302709,MADHYA PRADESH,37,204
302709,MADHYA PRADESH,18,205
302709,MADHYA PRADESH,320,206
302709,MADHYA PRADESH,73,207
302709,MADHYA PRADESH,85,208
302709,MADHYA PRADESH,140,209
302709,MADHYA PRADESH,115,210
302709,MADHYA PRADESH,211,102
302709,MADHYA PRADESH,212,157
302709,MADHYA PRADESH,213,119
302709,MADHYA PRADESH,214,101
302709,MADHYA PRADESH,215,114
302709,MADHYA PRADESH,216,120
302709,MADHYA PRADESH,3,218
302709,MADHYA PRADESH,139,219
302709,MADHYA PRADESH,79,220
302709,MADHYA PRADESH,249,221
302709,MADHYA PRADESH,294,222
302709,MADHYA PRADESH,70,223
302709,MADHYA PRADESH,248,224
302709,MADHYA PRADESH,66,225
302709,MADHYA PRADESH,30,226
302709,MADHYA PRADESH,92,227
302709,MADHYA PRADESH,166,228
302709,MADHYA PRADESH,125,229
302709,MADHYA PRADESH,80,230
302709,MADHYA PRADESH,192,231
302709,MADHYA PRADESH,61,232
302709,MADHYA PRADESH,204,233
302709,MADHYA PRADESH,38,234
302709,MADHYA PRADESH,27,235
302709,MADHYA PRADESH,150,236
302709,MADHYA PRADESH,123,237
302709,MADHYA PRADESH,95,238
302709,MADHYA PRADESH,34,239
302709,MADHYA PRADESH,96,240
302709,MADHYA PRADESH,241,36
302709,MADHYA PRADESH,242,90
302709,MADHYA PRADESH,243,56
302709,MADHYA PRADESH,244,96
302709,MADHYA PRADESH,245,132
302709,MADHYA PRADESH,246,38
302709,MADHYA PRADESH,247,183
302709,MADHYA PRADESH,248,146
302709,MADHYA PRADESH,249,35
302709,MADHYA PRADESH,250,30
302709,MADHYA PRADESH,251,31
302709,MADHYA PRADESH,252,45
302709,MADHYA PRADESH,253,193
302709,MADHYA PRADESH,254,31
302709,MADHYA PRADESH,255,14
302709,MADHYA PRADESH,256,37
302709,MADHYA PRADESH,257,18
302709,MADHYA PRADESH,258,50
302709,MADHYA PRADESH,259,75
302709,MADHYA PRADESH,260,291
302709,MADHYA PRADESH,261,151
302709,MADHYA PRADESH,262,26
302709,MADHYA PRADESH,263,62
302709,MADHYA PRADESH,264,98
302709,MADHYA PRADESH,265,309
302709,MADHYA PRADESH,266,164
302709,MADHYA PRADESH,267,17
302709,MADHYA PRADESH,268,33
302709,MADHYA PRADESH,269,77
302709,MADHYA PRADESH,270,138
302709,MADHYA PRADESH,271,174
302709,MADHYA PRADESH,272,115
302709,MADHYA PRADESH,273,328
302709,MADHYA PRADESH,274,48
302709,MADHYA PRADESH,275,70
302709,MADHYA PRADESH,276,132
302709,MADHYA PRADESH,277,145
302709,MADHYA PRADESH,278,6
302709,MADHYA PRADESH,279,91
302709,MADHYA PRADESH,280,56
302709,MADHYA PRADESH,281,647
302709,MADHYA PRADESH,282,449
302709,MADHYA PRADESH,283,225
302709,MADHYA PRADESH,284,75
302709,MADHYA PRADESH,285,51
302709,MADHYA PRADESH,286,529
302709,MADHYA PRADESH,287,147
302709,MADHYA PRADESH,288,75
302709,MADHYA PRADESH,289,95
302709,MADHYA PRADESH,290,47
302709,MADHYA PRADESH,291,195
302709,MADHYA PRADESH,292,40
302709,MADHYA PRADESH,293,40
302709,MADHYA PRADESH,294,296
302709,MADHYA PRADESH,295,242
302709,MADHYA PRADESH,296,450
302709,MADHYA PRADESH,297,261
302709,MADHYA PRADESH,298,432
302709,MADHYA PRADESH,299,85
302709,MADHYA PRADESH,300,76
302709,MADHYA PRADESH,301,90
302709,MADHYA PRADESH,302,57
302709,MADHYA PRADESH,303,341
302709,MADHYA PRADESH,304,5
302709,MADHYA PRADESH,305,81
302709,MADHYA PRADESH,306,191
302709,MADHYA PRADESH,307,41
302709,MADHYA PRADESH,20,309
302709,MADHYA PRADESH,238,310
302709,MADHYA PRADESH,80,311
302709,MADHYA PRADESH,67,312
302709,MADHYA PRADESH,281,313
302709,MADHYA PRADESH,26,314
302709,MADHYA PRADESH,40,315
302709,MADHYA PRADESH,55,316
302709,MADHYA PRADESH,15,317
302709,MADHYA PRADESH,134,318
302709,MADHYA PRADESH,238,319
302709,MADHYA PRADESH,85,320
302709,MADHYA PRADESH,71,321
302709,MADHYA PRADESH,40,322
302709,MADHYA PRADESH,125,323
302709,MADHYA PRADESH,47,324
302709,MADHYA PRADESH,83,325
302709,MADHYA PRADESH,105,326
302709,MADHYA PRADESH,30,327
302709,MADHYA PRADESH,147,328
302709,MADHYA PRADESH,434,329
302709,MADHYA PRADESH,293,330
302709,MADHYA PRADESH,331,65
302709,MADHYA PRADESH,332,6
302709,MADHYA PRADESH,333,315
302709,MADHYA PRADESH,334,238
302709,MADHYA PRADESH,335,230
302709,MADHYA PRADESH,336,39
302709,MADHYA PRADESH,337,40
302709,MADHYA PRADESH,338,190
302709,MADHYA PRADESH,339,38
302709,MADHYA PRADESH,340,62
302709,MADHYA PRADESH,341,157
302709,MADHYA PRADESH,342,135
302709,MADHYA PRADESH,343,95
302709,MADHYA PRADESH,344,58
302709,MADHYA PRADESH,345,212
302709,MADHYA PRADESH,346,41
302709,MADHYA PRADESH,347,45
302709,MADHYA PRADESH,348,133
302709,MADHYA PRADESH,349,71
302709,MADHYA PRADESH,350,118
302709,MADHYA PRADESH,351,32
302709,MADHYA PRADESH,352,494
302709,MADHYA PRADESH,353,32
302709,MADHYA PRADESH,354,177
302709,MADHYA PRADESH,355,133
302709,MADHYA PRADESH,356,47
302709,MADHYA PRADESH,357,75
302709,MADHYA PRADESH,358,35
302709,MADHYA PRADESH,359,37
302709,MADHYA PRADESH,360,76
302709,MADHYA PRADESH,361,43
302709,MADHYA PRADESH,362,125
302709,MADHYA PRADESH,363,596
302709,MADHYA PRADESH,364,117
302709,MADHYA PRADESH,365,118
302709,MADHYA PRADESH,366,390
302709,MADHYA PRADESH,367,234
302709,MADHYA PRADESH,368,65
302709,MADHYA PRADESH,369,50
302709,MADHYA PRADESH,370,51
302709,MADHYA PRADESH,371,86
302709,MADHYA PRADESH,372,282
302709,MADHYA PRADESH,373,63
302709,MADHYA PRADESH,374,24
302709,MADHYA PRADESH,8,376
302709,MADHYA PRADESH,191,377
302709,MADHYA PRADESH,57,378
302709,MADHYA PRADESH,0,379
302709,MADHYA PRADESH,84,380
302709,MADHYA PRADESH,93,381
302709,MADHYA PRADESH,36,382
302709,MADHYA PRADESH,184,383
302709,MADHYA PRADESH,28,384
