Center Number,State Name,Srl No,Marks
302708,MADHYA PRADESH,1,58
302708,MADHYA PRADESH,2,0
302708,MADHYA PRADESH,3,116
302708,MADHYA PRADESH,4,75
302708,MADHYA PRADESH,5,10
302708,MADHYA PRADESH,6,66
302708,MADHYA PRADESH,7,95
302708,MADHYA PRADESH,8,416
302708,MADHYA PRADESH,9,71
302708,MADHYA PRADESH,10,70
302708,MADHYA PRADESH,11,102
302708,MADHYA PRADESH,12,49
302708,MADHYA PRADESH,13,55
302708,MADHYA PRADESH,14,79
302708,MADHYA PRADESH,15,120
302708,MADHYA PRADESH,16,193
302708,MADHYA PRADESH,17,107
302708,MADHYA PRADESH,18,119
302708,MADHYA PRADESH,19,90
302708,MADHYA PRADESH,20,65
302708,MADHYA PRADESH,21,528
302708,MADHYA PRADESH,22,37
302708,MADHYA PRADESH,23,86
302708,MADHYA PRADESH,24,54
302708,MADHYA PRADESH,25,127
302708,MADHYA PRADESH,26,53
302708,MADHYA PRADESH,27,56
302708,MADHYA PRADESH,28,47
302708,MADHYA PRADESH,29,168
302708,MADHYA PRADESH,30,154
302708,MADHYA PRADESH,31,596
302708,MADHYA PRADESH,32,103
302708,MADHYA PRADESH,33,225
302708,MADHYA PRADESH,34,5
302708,MADHYA PRADESH,4,36
302708,MADHYA PRADESH,127,37
302708,MADHYA PRADESH,68,38
302708,MADHYA PRADESH,55,39
302708,MADHYA PRADESH,171,40
302708,MADHYA PRADESH,432,41
302708,MADHYA PRADESH,75,42
302708,MADHYA PRADESH,50,43
302708,MADHYA PRADESH,40,44
302708,MADHYA PRADESH,445,45
302708,MADHYA PRADESH,65,46
302708,MADHYA PRADESH,136,47
302708,MADHYA PRADESH,55,48
302708,MADHYA PRADESH,67,49
302708,MADHYA PRADESH,32,50
302708,MADHYA PRADESH,112,51
302708,MADHYA PRADESH,62,52
302708,MADHYA PRADESH,76,53
302708,MADHYA PRADESH,75,54
302708,MADHYA PRADESH,55,55
302708,MADHYA PRADESH,142,56
302708,MADHYA PRADESH,92,57
302708,MADHYA PRADESH,49,58
302708,MADHYA PRADESH,115,59
302708,MADHYA PRADESH,25,60
302708,MADHYA PRADESH,61,15
302708,MADHYA PRADESH,62,56
302708,MADHYA PRADESH,63,323
302708,MADHYA PRADESH,64,55
302708,MADHYA PRADESH,65,270
302708,MADHYA PRADESH,66,76
302708,MADHYA PRADESH,67,35
302708,MADHYA PRADESH,68,61
302708,MADHYA PRADESH,69,55
302708,MADHYA PRADESH,70,431
302708,MADHYA PRADESH,71,60
302708,MADHYA PRADESH,72,40
302708,MADHYA PRADESH,73,55
302708,MADHYA PRADESH,74,50
302708,MADHYA PRADESH,75,269
302708,MADHYA PRADESH,76,38
302708,MADHYA PRADESH,77,75
302708,MADHYA PRADESH,78,76
302708,MADHYA PRADESH,79,290
302708,MADHYA PRADESH,80,45
302708,MADHYA PRADESH,81,175
302708,MADHYA PRADESH,82,60
302708,MADHYA PRADESH,83,38
302708,MADHYA PRADESH,84,300
302708,MADHYA PRADESH,85,81
302708,MADHYA PRADESH,86,48
302708,MADHYA PRADESH,87,49
302708,MADHYA PRADESH,88,166
302708,MADHYA PRADESH,89,562
302708,MADHYA PRADESH,90,110
302708,MADHYA PRADESH,91,65
302708,MADHYA PRADESH,92,77
302708,MADHYA PRADESH,93,241
302708,MADHYA PRADESH,94,92
302708,MADHYA PRADESH,95,84
302708,MADHYA PRADESH,96,86
302708,MADHYA PRADESH,97,72
302708,MADHYA PRADESH,98,117
302708,MADHYA PRADESH,99,68
302708,MADHYA PRADESH,100,166
302708,MADHYA PRADESH,101,73
302708,MADHYA PRADESH,102,25
302708,MADHYA PRADESH,103,96
302708,MADHYA PRADESH,104,42
302708,MADHYA PRADESH,105,118
302708,MADHYA PRADESH,106,51
302708,MADHYA PRADESH,107,124
302708,MADHYA PRADESH,108,143
302708,MADHYA PRADESH,109,171
302708,MADHYA PRADESH,5,111
302708,MADHYA PRADESH,132,112
302708,MADHYA PRADESH,238,113
302708,MADHYA PRADESH,208,114
302708,MADHYA PRADESH,68,115
302708,MADHYA PRADESH,237,116
302708,MADHYA PRADESH,37,117
302708,MADHYA PRADESH,480,118
302708,MADHYA PRADESH,358,119
302708,MADHYA PRADESH,217,120
302708,MADHYA PRADESH,121,275
302708,MADHYA PRADESH,122,35
302708,MADHYA PRADESH,123,64
302708,MADHYA PRADESH,124,40
302708,MADHYA PRADESH,125,143
302708,MADHYA PRADESH,126,87
302708,MADHYA PRADESH,127,62
302708,MADHYA PRADESH,128,196
302708,MADHYA PRADESH,129,261
302708,MADHYA PRADESH,130,157
302708,MADHYA PRADESH,131,85
302708,MADHYA PRADESH,132,53
302708,MADHYA PRADESH,133,105
302708,MADHYA PRADESH,134,35
302708,MADHYA PRADESH,135,275
302708,MADHYA PRADESH,1,137
302708,MADHYA PRADESH,96,138
302708,MADHYA PRADESH,37,139
302708,MADHYA PRADESH,83,140
302708,MADHYA PRADESH,11,141
302708,MADHYA PRADESH,75,142
302708,MADHYA PRADESH,48,143
302708,MADHYA PRADESH,198,144
302708,MADHYA PRADESH,231,145
302708,MADHYA PRADESH,30,146
302708,MADHYA PRADESH,339,147
302708,MADHYA PRADESH,52,148
302708,MADHYA PRADESH,256,149
302708,MADHYA PRADESH,125,150
302708,MADHYA PRADESH,4,152
302708,MADHYA PRADESH,15,153
302708,MADHYA PRADESH,71,154
302708,MADHYA PRADESH,406,155
302708,MADHYA PRADESH,32,156
302708,MADHYA PRADESH,25,157
302708,MADHYA PRADESH,39,158
302708,MADHYA PRADESH,130,159
302708,MADHYA PRADESH,130,160
302708,MADHYA PRADESH,136,161
302708,MADHYA PRADESH,199,162
302708,MADHYA PRADESH,60,163
302708,MADHYA PRADESH,148,164
302708,MADHYA PRADESH,244,165
302708,MADHYA PRADESH,235,166
302708,MADHYA PRADESH,114,167
302708,MADHYA PRADESH,207,168
302708,MADHYA PRADESH,102,169
302708,MADHYA PRADESH,50,170
302708,MADHYA PRADESH,100,171
302708,MADHYA PRADESH,98,172
302708,MADHYA PRADESH,156,173
302708,MADHYA PRADESH,500,174
302708,MADHYA PRADESH,120,175
302708,MADHYA PRADESH,81,176
302708,MADHYA PRADESH,115,177
302708,MADHYA PRADESH,108,178
302708,MADHYA PRADESH,23,179
302708,MADHYA PRADESH,142,180
302708,MADHYA PRADESH,181,41
302708,MADHYA PRADESH,182,100
302708,MADHYA PRADESH,183,31
302708,MADHYA PRADESH,184,60
302708,MADHYA PRADESH,185,40
302708,MADHYA PRADESH,186,573
302708,MADHYA PRADESH,187,55
302708,MADHYA PRADESH,188,143
302708,MADHYA PRADESH,189,56
302708,MADHYA PRADESH,190,186
302708,MADHYA PRADESH,191,10
302708,MADHYA PRADESH,192,165
302708,MADHYA PRADESH,193,120
302708,MADHYA PRADESH,194,19
302708,MADHYA PRADESH,195,72
302708,MADHYA PRADESH,196,52
302708,MADHYA PRADESH,197,48
302708,MADHYA PRADESH,198,23
302708,MADHYA PRADESH,199,6
302708,MADHYA PRADESH,200,135
302708,MADHYA PRADESH,201,23
302708,MADHYA PRADESH,202,55
302708,MADHYA PRADESH,203,28
302708,MADHYA PRADESH,204,203
302708,MADHYA PRADESH,205,80
302708,MADHYA PRADESH,206,208
302708,MADHYA PRADESH,207,403
302708,MADHYA PRADESH,208,214
302708,MADHYA PRADESH,209,457
302708,MADHYA PRADESH,210,422
302708,MADHYA PRADESH,211,33
302708,MADHYA PRADESH,212,278
302708,MADHYA PRADESH,213,80
302708,MADHYA PRADESH,214,47
302708,MADHYA PRADESH,215,42
302708,MADHYA PRADESH,216,100
302708,MADHYA PRADESH,217,242
302708,MADHYA PRADESH,218,125
302708,MADHYA PRADESH,219,176
302708,MADHYA PRADESH,220,80
302708,MADHYA PRADESH,221,137
302708,MADHYA PRADESH,222,70
302708,MADHYA PRADESH,223,86
302708,MADHYA PRADESH,224,35
302708,MADHYA PRADESH,225,65
302708,MADHYA PRADESH,226,89
302708,MADHYA PRADESH,227,98
302708,MADHYA PRADESH,228,41
302708,MADHYA PRADESH,229,85
302708,MADHYA PRADESH,230,60
302708,MADHYA PRADESH,231,0
302708,MADHYA PRADESH,232,169
302708,MADHYA PRADESH,233,64
302708,MADHYA PRADESH,234,98
302708,MADHYA PRADESH,235,293
302708,MADHYA PRADESH,236,338
302708,MADHYA PRADESH,237,206
302708,MADHYA PRADESH,238,45
302708,MADHYA PRADESH,239,80
302708,MADHYA PRADESH,240,95
302708,MADHYA PRADESH,241,6
302708,MADHYA PRADESH,242,300
302708,MADHYA PRADESH,243,13
302708,MADHYA PRADESH,244,60
302708,MADHYA PRADESH,245,275
302708,MADHYA PRADESH,246,73
302708,MADHYA PRADESH,247,71
302708,MADHYA PRADESH,248,145
302708,MADHYA PRADESH,249,58
302708,MADHYA PRADESH,250,18
302708,MADHYA PRADESH,251,422
302708,MADHYA PRADESH,252,59
302708,MADHYA PRADESH,253,70
302708,MADHYA PRADESH,254,111
302708,MADHYA PRADESH,255,155
302708,MADHYA PRADESH,256,86
302708,MADHYA PRADESH,257,104
302708,MADHYA PRADESH,258,0
302708,MADHYA PRADESH,259,235
302708,MADHYA PRADESH,260,125
302708,MADHYA PRADESH,261,97
302708,MADHYA PRADESH,262,65
302708,MADHYA PRADESH,263,46
302708,MADHYA PRADESH,264,54
302708,MADHYA PRADESH,265,25
302708,MADHYA PRADESH,266,161
302708,MADHYA PRADESH,267,75
302708,MADHYA PRADESH,268,96
302708,MADHYA PRADESH,269,92
302708,MADHYA PRADESH,271,54
302708,MADHYA PRADESH,272,89
302708,MADHYA PRADESH,273,72
302708,MADHYA PRADESH,274,95
302708,MADHYA PRADESH,275,47
302708,MADHYA PRADESH,276,17
