Center Number,State Name,Srl No,Marks
302907,MADHYA PRADESH,1,245
302907,MADHYA PRADESH,2,189
302907,MADHYA PRADESH,3,90
302907,MADHYA PRADESH,4,61
302907,MADHYA PRADESH,5,17
302907,MADHYA PRADESH,6,57
302907,MADHYA PRADESH,7,95
302907,MADHYA PRADESH,8,54
302907,MADHYA PRADESH,9,275
302907,MADHYA PRADESH,10,209
302907,MADHYA PRADESH,11,90
302907,MADHYA PRADESH,12,457
302907,MADHYA PRADESH,13,25
302907,MADHYA PRADESH,14,71
302907,MADHYA PRADESH,15,219
302907,MADHYA PRADESH,16,226
302907,MADHYA PRADESH,17,263
302907,MADHYA PRADESH,18,68
302907,MADHYA PRADESH,19,55
302907,MADHYA PRADESH,20,99
302907,MADHYA PRADESH,21,45
302907,MADHYA PRADESH,22,115
302907,MADHYA PRADESH,23,355
302907,MADHYA PRADESH,24,166
302907,MADHYA PRADESH,25,97
302907,MADHYA PRADESH,26,432
302907,MADHYA PRADESH,27,160
302907,MADHYA PRADESH,28,205
302907,MADHYA PRADESH,29,67
302907,MADHYA PRADESH,30,80
302907,MADHYA PRADESH,31,36
302907,MADHYA PRADESH,32,170
302907,MADHYA PRADESH,33,150
302907,MADHYA PRADESH,34,120
302907,MADHYA PRADESH,35,185
302907,MADHYA PRADESH,36,30
302907,MADHYA PRADESH,37,160
302907,MADHYA PRADESH,38,65
302907,MADHYA PRADESH,39,67
302907,MADHYA PRADESH,40,106
302907,MADHYA PRADESH,41,40
302907,MADHYA PRADESH,42,70
302907,MADHYA PRADESH,43,94
302907,MADHYA PRADESH,44,40
302907,MADHYA PRADESH,45,130
302907,MADHYA PRADESH,46,105
302907,MADHYA PRADESH,47,13
302907,MADHYA PRADESH,48,50
302907,MADHYA PRADESH,49,172
302907,MADHYA PRADESH,50,83
302907,MADHYA PRADESH,51,85
302907,MADHYA PRADESH,52,140
302907,MADHYA PRADESH,53,80
302907,MADHYA PRADESH,54,80
302907,MADHYA PRADESH,55,255
302907,MADHYA PRADESH,56,74
302907,MADHYA PRADESH,57,110
302907,MADHYA PRADESH,58,45
302907,MADHYA PRADESH,59,92
302907,MADHYA PRADESH,60,104
302907,MADHYA PRADESH,61,230
302907,MADHYA PRADESH,62,57
302907,MADHYA PRADESH,63,227
302907,MADHYA PRADESH,64,78
302907,MADHYA PRADESH,65,31
302907,MADHYA PRADESH,66,78
302907,MADHYA PRADESH,67,351
302907,MADHYA PRADESH,68,464
302907,MADHYA PRADESH,69,281
302907,MADHYA PRADESH,70,315
302907,MADHYA PRADESH,71,90
302907,MADHYA PRADESH,72,89
302907,MADHYA PRADESH,73,230
302907,MADHYA PRADESH,74,370
302907,MADHYA PRADESH,75,14
302907,MADHYA PRADESH,76,95
302907,MADHYA PRADESH,77,29
302907,MADHYA PRADESH,78,95
302907,MADHYA PRADESH,79,93
302907,MADHYA PRADESH,80,52
302907,MADHYA PRADESH,81,45
302907,MADHYA PRADESH,82,66
302907,MADHYA PRADESH,83,50
302907,MADHYA PRADESH,84,323
302907,MADHYA PRADESH,85,53
302907,MADHYA PRADESH,86,141
302907,MADHYA PRADESH,87,141
302907,MADHYA PRADESH,88,127
302907,MADHYA PRADESH,89,221
302907,MADHYA PRADESH,90,57
302907,MADHYA PRADESH,91,380
302907,MADHYA PRADESH,92,105
302907,MADHYA PRADESH,93,25
302907,MADHYA PRADESH,94,297
302907,MADHYA PRADESH,95,80
302907,MADHYA PRADESH,96,88
302907,MADHYA PRADESH,97,150
302907,MADHYA PRADESH,98,50
302907,MADHYA PRADESH,99,101
302907,MADHYA PRADESH,100,130
302907,MADHYA PRADESH,101,110
302907,MADHYA PRADESH,102,110
302907,MADHYA PRADESH,103,66
302907,MADHYA PRADESH,104,104
302907,MADHYA PRADESH,105,120
302907,MADHYA PRADESH,106,29
302907,MADHYA PRADESH,107,56
302907,MADHYA PRADESH,108,58
302907,MADHYA PRADESH,109,164
302907,MADHYA PRADESH,110,69
302907,MADHYA PRADESH,111,91
302907,MADHYA PRADESH,112,70
302907,MADHYA PRADESH,113,45
302907,MADHYA PRADESH,114,271
302907,MADHYA PRADESH,115,120
302907,MADHYA PRADESH,116,15
302907,MADHYA PRADESH,117,86
302907,MADHYA PRADESH,118,110
302907,MADHYA PRADESH,119,157
302907,MADHYA PRADESH,120,21
302907,MADHYA PRADESH,121,637
302907,MADHYA PRADESH,122,223
302907,MADHYA PRADESH,123,67
302907,MADHYA PRADESH,124,85
302907,MADHYA PRADESH,125,82
302907,MADHYA PRADESH,126,393
302907,MADHYA PRADESH,4,128
302907,MADHYA PRADESH,290,129
302907,MADHYA PRADESH,89,130
302907,MADHYA PRADESH,66,131
302907,MADHYA PRADESH,458,132
302907,MADHYA PRADESH,345,133
302907,MADHYA PRADESH,151,134
302907,MADHYA PRADESH,51,135
302907,MADHYA PRADESH,138,136
302907,MADHYA PRADESH,51,137
302907,MADHYA PRADESH,100,138
302907,MADHYA PRADESH,59,139
302907,MADHYA PRADESH,75,140
302907,MADHYA PRADESH,129,141
302907,MADHYA PRADESH,61,142
302907,MADHYA PRADESH,55,143
302907,MADHYA PRADESH,13,144
302907,MADHYA PRADESH,65,145
302907,MADHYA PRADESH,124,146
302907,MADHYA PRADESH,224,147
302907,MADHYA PRADESH,112,148
302907,MADHYA PRADESH,80,149
302907,MADHYA PRADESH,45,150
302907,MADHYA PRADESH,151,75
302907,MADHYA PRADESH,152,97
302907,MADHYA PRADESH,153,28
302907,MADHYA PRADESH,154,50
302907,MADHYA PRADESH,155,55
302907,MADHYA PRADESH,156,25
302907,MADHYA PRADESH,157,86
302907,MADHYA PRADESH,158,59
302907,MADHYA PRADESH,159,65
