Center Number,State Name,Srl No,Marks
310709,MAHARASHTRA,1,54
310709,MAHARASHTRA,2,24
310709,MAHARASHTRA,3,25
310709,MAHARASHTRA,4,613
310709,MAHARASHTRA,5,103
310709,MAHARASHTRA,7,7
310709,MAHARASHTRA,398,8
310709,MAHARASHTRA,51,9
310709,MAHARASHTRA,113,10
310709,MAHARASHTRA,99,11
310709,MAHARASHTRA,23,12
310709,MAHARASHTRA,204,13
310709,MAHARASHTRA,24,14
310709,MAHARASHTRA,137,15
310709,MAHARASHTRA,291,16
310709,MAHARASHTRA,63,17
310709,MAHARASHTRA,25,18
310709,MAHARASHTRA,179,19
310709,MAHARASHTRA,238,20
310709,MAHARASHTRA,84,21
310709,MAHARASHTRA,79,22
310709,MAHARASHTRA,99,23
310709,MAHARASHTRA,3,24
310709,MAHARASHTRA,88,25
310709,MAHARASHTRA,387,26
310709,MAHARASHTRA,245,27
310709,MAHARASHTRA,138,28
310709,MAHARASHTRA,354,29
310709,MAHARASHTRA,12,30
310709,MAHARASHTRA,31,263
310709,MAHARASHTRA,32,45
310709,MAHARASHTRA,1,34
310709,MAHARASHTRA,61,35
310709,MAHARASHTRA,126,36
310709,MAHARASHTRA,209,37
310709,MAHARASHTRA,252,38
310709,MAHARASHTRA,144,39
310709,MAHARASHTRA,248,40
310709,MAHARASHTRA,555,41
310709,MAHARASHTRA,62,42
310709,MAHARASHTRA,47,43
310709,MAHARASHTRA,101,44
310709,MAHARASHTRA,11,45
310709,MAHARASHTRA,34,46
310709,MAHARASHTRA,2,47
310709,MAHARASHTRA,333,48
310709,MAHARASHTRA,280,49
310709,MAHARASHTRA,188,50
310709,MAHARASHTRA,71,51
310709,MAHARASHTRA,95,52
310709,MAHARASHTRA,151,53
310709,MAHARASHTRA,91,54
310709,MAHARASHTRA,174,55
310709,MAHARASHTRA,27,56
310709,MAHARASHTRA,266,57
310709,MAHARASHTRA,82,58
310709,MAHARASHTRA,74,59
310709,MAHARASHTRA,77,60
310709,MAHARASHTRA,61,241
310709,MAHARASHTRA,62,168
310709,MAHARASHTRA,63,144
310709,MAHARASHTRA,64,122
310709,MAHARASHTRA,65,130
310709,MAHARASHTRA,66,5
310709,MAHARASHTRA,67,178
310709,MAHARASHTRA,68,252
310709,MAHARASHTRA,69,61
310709,MAHARASHTRA,70,142
310709,MAHARASHTRA,71,264
310709,MAHARASHTRA,72,92
310709,MAHARASHTRA,73,597
310709,MAHARASHTRA,74,290
310709,MAHARASHTRA,75,151
310709,MAHARASHTRA,76,581
310709,MAHARASHTRA,77,265
310709,MAHARASHTRA,78,10
310709,MAHARASHTRA,79,161
310709,MAHARASHTRA,80,234
310709,MAHARASHTRA,81,55
310709,MAHARASHTRA,82,166
310709,MAHARASHTRA,83,137
310709,MAHARASHTRA,84,531
310709,MAHARASHTRA,85,133
310709,MAHARASHTRA,86,85
310709,MAHARASHTRA,87,132
310709,MAHARASHTRA,88,140
310709,MAHARASHTRA,89,29
310709,MAHARASHTRA,90,97
310709,MAHARASHTRA,91,87
310709,MAHARASHTRA,92,135
310709,MAHARASHTRA,93,431
310709,MAHARASHTRA,94,65
310709,MAHARASHTRA,95,318
310709,MAHARASHTRA,96,167
310709,MAHARASHTRA,97,87
310709,MAHARASHTRA,98,170
310709,MAHARASHTRA,99,185
310709,MAHARASHTRA,100,24
310709,MAHARASHTRA,101,327
310709,MAHARASHTRA,102,28
310709,MAHARASHTRA,103,104
310709,MAHARASHTRA,104,384
310709,MAHARASHTRA,105,65
310709,MAHARASHTRA,106,270
310709,MAHARASHTRA,107,220
310709,MAHARASHTRA,108,150
310709,MAHARASHTRA,109,104
310709,MAHARASHTRA,110,47
310709,MAHARASHTRA,111,30
310709,MAHARASHTRA,112,384
310709,MAHARASHTRA,113,45
310709,MAHARASHTRA,114,182
310709,MAHARASHTRA,115,93
310709,MAHARASHTRA,116,97
310709,MAHARASHTRA,117,26
310709,MAHARASHTRA,118,65
310709,MAHARASHTRA,119,88
310709,MAHARASHTRA,120,105
310709,MAHARASHTRA,121,30
310709,MAHARASHTRA,122,301
310709,MAHARASHTRA,123,93
310709,MAHARASHTRA,124,374
310709,MAHARASHTRA,125,111
310709,MAHARASHTRA,126,184
310709,MAHARASHTRA,127,554
310709,MAHARASHTRA,128,145
310709,MAHARASHTRA,129,115
310709,MAHARASHTRA,130,34
310709,MAHARASHTRA,131,71
310709,MAHARASHTRA,132,90
310709,MAHARASHTRA,133,134
310709,MAHARASHTRA,134,305
310709,MAHARASHTRA,135,10
310709,MAHARASHTRA,136,603
310709,MAHARASHTRA,137,35
310709,MAHARASHTRA,138,295
310709,MAHARASHTRA,139,78
310709,MAHARASHTRA,140,289
310709,MAHARASHTRA,141,91
310709,MAHARASHTRA,142,270
310709,MAHARASHTRA,143,69
310709,MAHARASHTRA,144,125
310709,MAHARASHTRA,145,374
310709,MAHARASHTRA,146,163
310709,MAHARASHTRA,147,215
310709,MAHARASHTRA,148,67
310709,MAHARASHTRA,149,81
310709,MAHARASHTRA,150,424
310709,MAHARASHTRA,151,52
310709,MAHARASHTRA,152,135
310709,MAHARASHTRA,153,98
310709,MAHARASHTRA,154,86
310709,MAHARASHTRA,155,31
310709,MAHARASHTRA,156,397
310709,MAHARASHTRA,157,152
310709,MAHARASHTRA,158,84
310709,MAHARASHTRA,159,190
310709,MAHARASHTRA,160,95
310709,MAHARASHTRA,161,327
310709,MAHARASHTRA,162,173
310709,MAHARASHTRA,163,63
310709,MAHARASHTRA,164,360
310709,MAHARASHTRA,165,135
310709,MAHARASHTRA,166,198
310709,MAHARASHTRA,167,359
310709,MAHARASHTRA,168,147
310709,MAHARASHTRA,169,88
310709,MAHARASHTRA,170,47
310709,MAHARASHTRA,171,380
310709,MAHARASHTRA,172,381
310709,MAHARASHTRA,173,103
310709,MAHARASHTRA,174,99
310709,MAHARASHTRA,175,201
310709,MAHARASHTRA,176,212
310709,MAHARASHTRA,177,156
310709,MAHARASHTRA,1,179
310709,MAHARASHTRA,25,180
310709,MAHARASHTRA,181,76
310709,MAHARASHTRA,182,289
310709,MAHARASHTRA,183,169
310709,MAHARASHTRA,184,569
310709,MAHARASHTRA,185,166
310709,MAHARASHTRA,186,64
310709,MAHARASHTRA,187,58
310709,MAHARASHTRA,188,307
310709,MAHARASHTRA,189,53
310709,MAHARASHTRA,190,95
310709,MAHARASHTRA,191,115
310709,MAHARASHTRA,192,206
310709,MAHARASHTRA,193,65
310709,MAHARASHTRA,194,110
310709,MAHARASHTRA,195,339
310709,MAHARASHTRA,196,202
310709,MAHARASHTRA,197,80
310709,MAHARASHTRA,198,101
310709,MAHARASHTRA,199,222
310709,MAHARASHTRA,200,188
310709,MAHARASHTRA,201,117
310709,MAHARASHTRA,202,70
310709,MAHARASHTRA,203,124
310709,MAHARASHTRA,204,144
310709,MAHARASHTRA,205,58
310709,MAHARASHTRA,206,105
310709,MAHARASHTRA,207,25
310709,MAHARASHTRA,208,140
310709,MAHARASHTRA,209,38
310709,MAHARASHTRA,210,59
310709,MAHARASHTRA,211,238
310709,MAHARASHTRA,212,119
310709,MAHARASHTRA,213,193
310709,MAHARASHTRA,214,50
310709,MAHARASHTRA,215,595
310709,MAHARASHTRA,216,71
310709,MAHARASHTRA,217,235
310709,MAHARASHTRA,218,65
310709,MAHARASHTRA,219,228
310709,MAHARASHTRA,220,647
310709,MAHARASHTRA,221,21
310709,MAHARASHTRA,222,160
310709,MAHARASHTRA,223,120
310709,MAHARASHTRA,224,566
310709,MAHARASHTRA,225,327
310709,MAHARASHTRA,226,107
310709,MAHARASHTRA,227,132
310709,MAHARASHTRA,228,90
310709,MAHARASHTRA,229,104
310709,MAHARASHTRA,230,110
310709,MAHARASHTRA,231,245
310709,MAHARASHTRA,232,343
310709,MAHARASHTRA,233,201
310709,MAHARASHTRA,234,143
310709,MAHARASHTRA,235,68
310709,MAHARASHTRA,236,40
310709,MAHARASHTRA,237,78
310709,MAHARASHTRA,238,82
310709,MAHARASHTRA,239,371
310709,MAHARASHTRA,240,112
310709,MAHARASHTRA,241,508
310709,MAHARASHTRA,242,105
310709,MAHARASHTRA,243,127
310709,MAHARASHTRA,244,40
310709,MAHARASHTRA,245,196
310709,MAHARASHTRA,246,144
310709,MAHARASHTRA,247,407
310709,MAHARASHTRA,248,234
310709,MAHARASHTRA,249,118
310709,MAHARASHTRA,10,251
310709,MAHARASHTRA,350,252
310709,MAHARASHTRA,286,253
310709,MAHARASHTRA,311,254
310709,MAHARASHTRA,136,255
310709,MAHARASHTRA,37,256
310709,MAHARASHTRA,363,257
310709,MAHARASHTRA,142,258
310709,MAHARASHTRA,230,259
310709,MAHARASHTRA,149,260
310709,MAHARASHTRA,264,261
310709,MAHARASHTRA,184,262
310709,MAHARASHTRA,50,263
310709,MAHARASHTRA,110,264
310709,MAHARASHTRA,43,265
310709,MAHARASHTRA,29,266
310709,MAHARASHTRA,98,267
310709,MAHARASHTRA,614,268
310709,MAHARASHTRA,92,269
310709,MAHARASHTRA,67,270
310709,MAHARASHTRA,271,62
310709,MAHARASHTRA,272,128
310709,MAHARASHTRA,273,41
310709,MAHARASHTRA,274,212
310709,MAHARASHTRA,275,172
310709,MAHARASHTRA,276,191
310709,MAHARASHTRA,277,174
310709,MAHARASHTRA,278,114
310709,MAHARASHTRA,279,99
310709,MAHARASHTRA,280,80
310709,MAHARASHTRA,281,339
310709,MAHARASHTRA,282,255
310709,MAHARASHTRA,283,167
310709,MAHARASHTRA,284,115
310709,MAHARASHTRA,285,59
310709,MAHARASHTRA,286,157
310709,MAHARASHTRA,287,160
310709,MAHARASHTRA,288,152
310709,MAHARASHTRA,289,362
310709,MAHARASHTRA,290,85
310709,MAHARASHTRA,291,26
310709,MAHARASHTRA,292,276
310709,MAHARASHTRA,293,151
310709,MAHARASHTRA,294,171
310709,MAHARASHTRA,295,241
310709,MAHARASHTRA,296,40
310709,MAHARASHTRA,297,567
310709,MAHARASHTRA,298,43
310709,MAHARASHTRA,299,20
310709,MAHARASHTRA,300,80
310709,MAHARASHTRA,301,27
310709,MAHARASHTRA,302,132
310709,MAHARASHTRA,303,125
310709,MAHARASHTRA,304,72
310709,MAHARASHTRA,305,81
310709,MAHARASHTRA,306,43
310709,MAHARASHTRA,307,57
310709,MAHARASHTRA,308,45
310709,MAHARASHTRA,309,267
310709,MAHARASHTRA,310,28
310709,MAHARASHTRA,311,50
310709,MAHARASHTRA,312,58
310709,MAHARASHTRA,313,419
310709,MAHARASHTRA,314,67
310709,MAHARASHTRA,315,184
310709,MAHARASHTRA,316,86
310709,MAHARASHTRA,317,107
310709,MAHARASHTRA,318,248
310709,MAHARASHTRA,319,250
310709,MAHARASHTRA,320,309
310709,MAHARASHTRA,321,233
310709,MAHARASHTRA,322,639
310709,MAHARASHTRA,323,388
310709,MAHARASHTRA,324,35
310709,MAHARASHTRA,325,26
310709,MAHARASHTRA,326,127
310709,MAHARASHTRA,327,89
310709,MAHARASHTRA,328,230
310709,MAHARASHTRA,329,75
310709,MAHARASHTRA,330,65
310709,MAHARASHTRA,331,87
310709,MAHARASHTRA,332,35
310709,MAHARASHTRA,333,96
310709,MAHARASHTRA,334,44
310709,MAHARASHTRA,335,74
310709,MAHARASHTRA,336,10
310709,MAHARASHTRA,3,338
310709,MAHARASHTRA,171,339
310709,MAHARASHTRA,78,340
310709,MAHARASHTRA,100,341
310709,MAHARASHTRA,10,342
310709,MAHARASHTRA,90,343
310709,MAHARASHTRA,104,344
310709,MAHARASHTRA,32,345
310709,MAHARASHTRA,54,346
310709,MAHARASHTRA,545,347
310709,MAHARASHTRA,89,348
310709,MAHARASHTRA,363,349
310709,MAHARASHTRA,519,350
310709,MAHARASHTRA,13,351
310709,MAHARASHTRA,50,352
310709,MAHARASHTRA,80,353
310709,MAHARASHTRA,73,354
310709,MAHARASHTRA,338,355
310709,MAHARASHTRA,212,356
310709,MAHARASHTRA,80,357
310709,MAHARASHTRA,134,358
310709,MAHARASHTRA,107,359
310709,MAHARASHTRA,65,360
310709,MAHARASHTRA,361,163
310709,MAHARASHTRA,362,52
310709,MAHARASHTRA,363,384
310709,MAHARASHTRA,364,85
310709,MAHARASHTRA,365,129
310709,MAHARASHTRA,366,270
310709,MAHARASHTRA,367,207
310709,MAHARASHTRA,368,96
310709,MAHARASHTRA,369,66
310709,MAHARASHTRA,7,371
310709,MAHARASHTRA,53,372
310709,MAHARASHTRA,70,373
310709,MAHARASHTRA,129,374
310709,MAHARASHTRA,56,375
310709,MAHARASHTRA,73,376
310709,MAHARASHTRA,202,377
310709,MAHARASHTRA,68,378
310709,MAHARASHTRA,168,379
310709,MAHARASHTRA,33,380
310709,MAHARASHTRA,47,381
310709,MAHARASHTRA,483,382
310709,MAHARASHTRA,62,383
310709,MAHARASHTRA,37,384
310709,MAHARASHTRA,223,385
310709,MAHARASHTRA,71,386
310709,MAHARASHTRA,52,387
310709,MAHARASHTRA,54,388
310709,MAHARASHTRA,444,389
310709,MAHARASHTRA,514,390
310709,MAHARASHTRA,391,424
310709,MAHARASHTRA,392,65
310709,MAHARASHTRA,393,82
310709,MAHARASHTRA,394,71
310709,MAHARASHTRA,395,272
310709,MAHARASHTRA,396,69
310709,MAHARASHTRA,397,60
310709,MAHARASHTRA,398,56
310709,MAHARASHTRA,399,533
310709,MAHARASHTRA,400,410
310709,MAHARASHTRA,2,402
310709,MAHARASHTRA,381,403
310709,MAHARASHTRA,124,404
310709,MAHARASHTRA,34,405
310709,MAHARASHTRA,44,406
310709,MAHARASHTRA,182,407
310709,MAHARASHTRA,92,408
310709,MAHARASHTRA,70,409
310709,MAHARASHTRA,253,410
310709,MAHARASHTRA,476,411
310709,MAHARASHTRA,573,412
310709,MAHARASHTRA,615,413
310709,MAHARASHTRA,71,414
310709,MAHARASHTRA,194,415
310709,MAHARASHTRA,88,416
310709,MAHARASHTRA,83,417
310709,MAHARASHTRA,39,418
310709,MAHARASHTRA,95,419
310709,MAHARASHTRA,381,420
310709,MAHARASHTRA,421,64
310709,MAHARASHTRA,422,127
310709,MAHARASHTRA,423,106
310709,MAHARASHTRA,424,215
310709,MAHARASHTRA,425,85
310709,MAHARASHTRA,426,91
310709,MAHARASHTRA,8,428
310709,MAHARASHTRA,76,429
310709,MAHARASHTRA,337,430
310709,MAHARASHTRA,170,431
310709,MAHARASHTRA,98,432
310709,MAHARASHTRA,108,433
310709,MAHARASHTRA,547,434
310709,MAHARASHTRA,583,435
310709,MAHARASHTRA,100,436
310709,MAHARASHTRA,105,437
310709,MAHARASHTRA,240,438
310709,MAHARASHTRA,115,439
310709,MAHARASHTRA,111,440
310709,MAHARASHTRA,169,441
310709,MAHARASHTRA,170,442
310709,MAHARASHTRA,102,443
310709,MAHARASHTRA,48,444
310709,MAHARASHTRA,118,445
310709,MAHARASHTRA,595,446
310709,MAHARASHTRA,95,447
310709,MAHARASHTRA,73,448
310709,MAHARASHTRA,145,449
310709,MAHARASHTRA,118,450
310709,MAHARASHTRA,451,275
310709,MAHARASHTRA,452,470
310709,MAHARASHTRA,453,64
310709,MAHARASHTRA,454,48
310709,MAHARASHTRA,455,49
310709,MAHARASHTRA,456,102
310709,MAHARASHTRA,457,120
310709,MAHARASHTRA,458,420
310709,MAHARASHTRA,459,287
310709,MAHARASHTRA,460,152
310709,MAHARASHTRA,461,278
310709,MAHARASHTRA,462,129
310709,MAHARASHTRA,463,168
310709,MAHARASHTRA,464,501
310709,MAHARASHTRA,465,217
