Center Number,State Name,Srl No,Marks
310939,MAHARASHTRA,1,63
310939,MAHARASHTRA,2,362
310939,MAHARASHTRA,3,454
310939,MAHARASHTRA,4,343
310939,MAHARASHTRA,5,362
310939,MAHARASHTRA,6,627
310939,MAHARASHTRA,7,356
310939,MAHARASHTRA,8,240
310939,MAHARASHTRA,9,351
310939,MAHARASHTRA,10,223
310939,MAHARASHTRA,11,109
310939,MAHARASHTRA,12,366
310939,MAHARASHTRA,13,77
310939,MAHARASHTRA,14,75
310939,MAHARASHTRA,15,220
310939,MAHARASHTRA,16,169
310939,MAHARASHTRA,17,329
310939,MAHARASHTRA,18,140
310939,MAHARASHTRA,19,526
310939,MAHARASHTRA,20,100
310939,MAHARASHTRA,21,401
310939,MAHARASHTRA,22,309
310939,MAHARASHTRA,23,187
310939,MAHARASHTRA,24,341
310939,MAHARASHTRA,25,364
310939,MAHARASHTRA,26,113
310939,MAHARASHTRA,27,466
310939,MAHARASHTRA,28,207
310939,MAHARASHTRA,29,318
310939,MAHARASHTRA,30,410
310939,MAHARASHTRA,31,206
310939,MAHARASHTRA,32,462
310939,MAHARASHTRA,33,573
310939,MAHARASHTRA,34,331
310939,MAHARASHTRA,35,61
310939,MAHARASHTRA,36,50
310939,MAHARASHTRA,37,302
310939,MAHARASHTRA,38,367
310939,MAHARASHTRA,39,72
310939,MAHARASHTRA,40,429
310939,MAHARASHTRA,41,165
310939,MAHARASHTRA,42,46
310939,MAHARASHTRA,43,615
310939,MAHARASHTRA,44,142
310939,MAHARASHTRA,45,135
310939,MAHARASHTRA,46,336
310939,MAHARASHTRA,47,208
310939,MAHARASHTRA,48,123
310939,MAHARASHTRA,49,231
310939,MAHARASHTRA,50,60
310939,MAHARASHTRA,51,434
310939,MAHARASHTRA,52,252
310939,MAHARASHTRA,53,111
310939,MAHARASHTRA,54,59
310939,MAHARASHTRA,55,69
310939,MAHARASHTRA,56,96
310939,MAHARASHTRA,57,514
310939,MAHARASHTRA,58,151
310939,MAHARASHTRA,59,640
310939,MAHARASHTRA,60,462
310939,MAHARASHTRA,61,115
310939,MAHARASHTRA,62,53
310939,MAHARASHTRA,63,312
310939,MAHARASHTRA,64,348
310939,MAHARASHTRA,65,44
310939,MAHARASHTRA,66,402
310939,MAHARASHTRA,67,222
310939,MAHARASHTRA,68,461
310939,MAHARASHTRA,69,508
310939,MAHARASHTRA,70,362
310939,MAHARASHTRA,71,230
310939,MAHARASHTRA,72,39
310939,MAHARASHTRA,73,109
310939,MAHARASHTRA,74,143
310939,MAHARASHTRA,75,55
310939,MAHARASHTRA,76,588
310939,MAHARASHTRA,77,373
310939,MAHARASHTRA,78,60
310939,MAHARASHTRA,79,540
310939,MAHARASHTRA,80,234
310939,MAHARASHTRA,81,536
310939,MAHARASHTRA,82,169
310939,MAHARASHTRA,83,117
310939,MAHARASHTRA,84,11
310939,MAHARASHTRA,85,141
310939,MAHARASHTRA,86,466
310939,MAHARASHTRA,87,42
310939,MAHARASHTRA,88,394
310939,MAHARASHTRA,89,555
310939,MAHARASHTRA,90,552
310939,MAHARASHTRA,91,360
310939,MAHARASHTRA,92,116
310939,MAHARASHTRA,93,126
310939,MAHARASHTRA,94,143
310939,MAHARASHTRA,95,286
310939,MAHARASHTRA,96,54
310939,MAHARASHTRA,97,569
310939,MAHARASHTRA,98,87
310939,MAHARASHTRA,99,100
310939,MAHARASHTRA,100,95
310939,MAHARASHTRA,101,330
310939,MAHARASHTRA,102,128
310939,MAHARASHTRA,103,221
310939,MAHARASHTRA,104,88
310939,MAHARASHTRA,105,643
310939,MAHARASHTRA,106,31
310939,MAHARASHTRA,107,418
310939,MAHARASHTRA,108,290
310939,MAHARASHTRA,109,56
310939,MAHARASHTRA,110,422
310939,MAHARASHTRA,111,513
310939,MAHARASHTRA,112,275
310939,MAHARASHTRA,113,251
310939,MAHARASHTRA,114,114
310939,MAHARASHTRA,115,304
310939,MAHARASHTRA,116,492
310939,MAHARASHTRA,117,135
310939,MAHARASHTRA,118,100
310939,MAHARASHTRA,119,5
310939,MAHARASHTRA,120,65
310939,MAHARASHTRA,121,527
310939,MAHARASHTRA,122,410
310939,MAHARASHTRA,123,342
310939,MAHARASHTRA,124,173
310939,MAHARASHTRA,125,441
310939,MAHARASHTRA,126,581
310939,MAHARASHTRA,127,124
310939,MAHARASHTRA,128,132
310939,MAHARASHTRA,129,525
310939,MAHARASHTRA,130,29
310939,MAHARASHTRA,131,244
310939,MAHARASHTRA,132,191
310939,MAHARASHTRA,133,63
310939,MAHARASHTRA,134,70
310939,MAHARASHTRA,135,520
310939,MAHARASHTRA,136,36
310939,MAHARASHTRA,137,44
310939,MAHARASHTRA,138,186
310939,MAHARASHTRA,139,238
310939,MAHARASHTRA,140,123
310939,MAHARASHTRA,141,187
310939,MAHARASHTRA,142,82
310939,MAHARASHTRA,143,45
310939,MAHARASHTRA,144,253
310939,MAHARASHTRA,145,49
310939,MAHARASHTRA,146,222
310939,MAHARASHTRA,147,538
310939,MAHARASHTRA,148,384
310939,MAHARASHTRA,149,32
310939,MAHARASHTRA,150,98
310939,MAHARASHTRA,151,63
310939,MAHARASHTRA,152,77
310939,MAHARASHTRA,153,73
310939,MAHARASHTRA,154,700
310939,MAHARASHTRA,155,120
310939,MAHARASHTRA,156,36
310939,MAHARASHTRA,157,245
310939,MAHARASHTRA,158,100
310939,MAHARASHTRA,159,480
310939,MAHARASHTRA,160,48
310939,MAHARASHTRA,161,205
310939,MAHARASHTRA,162,47
310939,MAHARASHTRA,163,186
310939,MAHARASHTRA,164,384
310939,MAHARASHTRA,165,0
310939,MAHARASHTRA,166,502
310939,MAHARASHTRA,167,84
310939,MAHARASHTRA,168,151
310939,MAHARASHTRA,169,109
310939,MAHARASHTRA,170,65
310939,MAHARASHTRA,171,430
310939,MAHARASHTRA,172,64
310939,MAHARASHTRA,173,501
310939,MAHARASHTRA,174,62
310939,MAHARASHTRA,175,402
310939,MAHARASHTRA,176,563
310939,MAHARASHTRA,177,329
310939,MAHARASHTRA,178,450
310939,MAHARASHTRA,179,78
310939,MAHARASHTRA,180,78
310939,MAHARASHTRA,181,65
310939,MAHARASHTRA,182,442
310939,MAHARASHTRA,183,106
310939,MAHARASHTRA,184,178
310939,MAHARASHTRA,185,13
310939,MAHARASHTRA,186,463
310939,MAHARASHTRA,187,633
310939,MAHARASHTRA,188,150
310939,MAHARASHTRA,189,395
310939,MAHARASHTRA,190,124
310939,MAHARASHTRA,191,91
310939,MAHARASHTRA,192,44
310939,MAHARASHTRA,193,476
310939,MAHARASHTRA,194,260
310939,MAHARASHTRA,195,366
310939,MAHARASHTRA,196,57
310939,MAHARASHTRA,197,114
310939,MAHARASHTRA,198,508
310939,MAHARASHTRA,199,302
310939,MAHARASHTRA,200,95
310939,MAHARASHTRA,201,136
310939,MAHARASHTRA,202,240
310939,MAHARASHTRA,203,429
310939,MAHARASHTRA,204,25
310939,MAHARASHTRA,205,35
310939,MAHARASHTRA,206,215
310939,MAHARASHTRA,207,565
310939,MAHARASHTRA,208,446
310939,MAHARASHTRA,209,660
310939,MAHARASHTRA,210,32
310939,MAHARASHTRA,211,126
310939,MAHARASHTRA,212,349
310939,MAHARASHTRA,213,541
310939,MAHARASHTRA,214,107
310939,MAHARASHTRA,215,471
310939,MAHARASHTRA,216,414
310939,MAHARASHTRA,217,75
310939,MAHARASHTRA,218,169
310939,MAHARASHTRA,219,380
310939,MAHARASHTRA,220,270
310939,MAHARASHTRA,221,474
310939,MAHARASHTRA,222,56
310939,MAHARASHTRA,223,367
310939,MAHARASHTRA,224,354
310939,MAHARASHTRA,225,53
310939,MAHARASHTRA,226,254
310939,MAHARASHTRA,227,174
310939,MAHARASHTRA,228,635
310939,MAHARASHTRA,229,523
310939,MAHARASHTRA,230,557
310939,MAHARASHTRA,231,180
310939,MAHARASHTRA,232,221
310939,MAHARASHTRA,233,70
310939,MAHARASHTRA,234,38
310939,MAHARASHTRA,235,236
310939,MAHARASHTRA,236,169
310939,MAHARASHTRA,237,244
310939,MAHARASHTRA,238,106
310939,MAHARASHTRA,239,389
310939,MAHARASHTRA,240,662
310939,MAHARASHTRA,241,462
310939,MAHARASHTRA,242,60
310939,MAHARASHTRA,243,500
310939,MAHARASHTRA,244,686
310939,MAHARASHTRA,245,158
310939,MAHARASHTRA,246,109
310939,MAHARASHTRA,247,225
310939,MAHARASHTRA,248,580
310939,MAHARASHTRA,249,10
310939,MAHARASHTRA,250,172
310939,MAHARASHTRA,251,36
310939,MAHARASHTRA,252,70
310939,MAHARASHTRA,253,237
310939,MAHARASHTRA,254,79
310939,MAHARASHTRA,255,405
310939,MAHARASHTRA,256,418
310939,MAHARASHTRA,257,195
310939,MAHARASHTRA,258,36
310939,MAHARASHTRA,259,56
310939,MAHARASHTRA,260,125
310939,MAHARASHTRA,261,80
310939,MAHARASHTRA,262,139
310939,MAHARASHTRA,263,115
310939,MAHARASHTRA,264,263
310939,MAHARASHTRA,265,612
310939,MAHARASHTRA,266,124
310939,MAHARASHTRA,267,492
310939,MAHARASHTRA,268,585
310939,MAHARASHTRA,269,446
310939,MAHARASHTRA,270,83
310939,MAHARASHTRA,271,15
310939,MAHARASHTRA,272,349
310939,MAHARASHTRA,273,378
310939,MAHARASHTRA,274,211
310939,MAHARASHTRA,275,626
310939,MAHARASHTRA,276,513
310939,MAHARASHTRA,277,160
310939,MAHARASHTRA,278,447
310939,MAHARASHTRA,279,33
310939,MAHARASHTRA,280,209
310939,MAHARASHTRA,281,108
310939,MAHARASHTRA,282,23
310939,MAHARASHTRA,283,171
310939,MAHARASHTRA,284,107
310939,MAHARASHTRA,285,96
310939,MAHARASHTRA,286,290
310939,MAHARASHTRA,287,509
310939,MAHARASHTRA,288,448
