Center Number,State Name,Srl No,Marks
310912,MAHARASHTRA,1,541
310912,MAHARASHTRA,2,234
310912,MAHARASHTRA,3,194
310912,MAHARASHTRA,4,437
310912,MAHARASHTRA,5,96
310912,MAHARASHTRA,6,522
310912,MAHARASHTRA,7,301
310912,MAHARASHTRA,8,431
310912,MAHARASHTRA,9,110
310912,MAHARASHTRA,10,114
310912,MAHARASHTRA,11,110
310912,MAHARASHTRA,5,13
310912,MAHARASHTRA,77,14
310912,MAHARASHTRA,446,15
310912,MAHARASHTRA,180,16
310912,MAHARASHTRA,175,17
310912,MAHARASHTRA,475,18
310912,MAHARASHTRA,65,19
310912,MAHARASHTRA,231,20
310912,MAHARASHTRA,509,21
310912,MAHARASHTRA,601,22
310912,MAHARASHTRA,525,23
310912,MAHARASHTRA,635,24
310912,MAHARASHTRA,568,25
310912,MAHARASHTRA,290,26
310912,MAHARASHTRA,279,27
310912,MAHARASHTRA,371,28
310912,MAHARASHTRA,107,29
310912,MAHARASHTRA,399,30
310912,MAHARASHTRA,31,75
310912,MAHARASHTRA,32,649
310912,MAHARASHTRA,33,150
310912,MAHARASHTRA,34,356
310912,MAHARASHTRA,35,469
310912,MAHARASHTRA,36,64
310912,MAHARASHTRA,37,123
310912,MAHARASHTRA,38,599
310912,MAHARASHTRA,39,278
310912,MAHARASHTRA,40,49
310912,MAHARASHTRA,41,258
310912,MAHARASHTRA,42,197
310912,MAHARASHTRA,43,450
310912,MAHARASHTRA,44,129
310912,MAHARASHTRA,45,268
310912,MAHARASHTRA,46,292
310912,MAHARASHTRA,47,39
310912,MAHARASHTRA,48,633
310912,MAHARASHTRA,49,418
310912,MAHARASHTRA,50,511
310912,MAHARASHTRA,51,457
310912,MAHARASHTRA,52,52
310912,MAHARASHTRA,53,157
310912,MAHARASHTRA,54,294
310912,MAHARASHTRA,55,4
310912,MAHARASHTRA,56,485
310912,MAHARASHTRA,6,58
310912,MAHARASHTRA,87,59
310912,MAHARASHTRA,1,60
310912,MAHARASHTRA,61,407
310912,MAHARASHTRA,62,490
310912,MAHARASHTRA,63,108
310912,MAHARASHTRA,64,365
310912,MAHARASHTRA,65,66
310912,MAHARASHTRA,66,22
310912,MAHARASHTRA,67,324
310912,MAHARASHTRA,68,615
310912,MAHARASHTRA,69,232
310912,MAHARASHTRA,70,339
310912,MAHARASHTRA,71,615
310912,MAHARASHTRA,72,601
310912,MAHARASHTRA,73,614
310912,MAHARASHTRA,74,262
310912,MAHARASHTRA,75,552
310912,MAHARASHTRA,76,87
310912,MAHARASHTRA,77,537
310912,MAHARASHTRA,78,631
310912,MAHARASHTRA,79,570
310912,MAHARASHTRA,80,380
310912,MAHARASHTRA,81,580
310912,MAHARASHTRA,82,557
310912,MAHARASHTRA,83,174
310912,MAHARASHTRA,84,51
310912,MAHARASHTRA,85,297
310912,MAHARASHTRA,86,41
310912,MAHARASHTRA,87,7
310912,MAHARASHTRA,88,162
310912,MAHARASHTRA,89,608
310912,MAHARASHTRA,90,26
310912,MAHARASHTRA,91,604
310912,MAHARASHTRA,92,134
310912,MAHARASHTRA,93,189
310912,MAHARASHTRA,94,600
310912,MAHARASHTRA,95,175
310912,MAHARASHTRA,96,280
310912,MAHARASHTRA,97,360
310912,MAHARASHTRA,98,326
310912,MAHARASHTRA,99,60
310912,MAHARASHTRA,100,236
310912,MAHARASHTRA,101,200
310912,MAHARASHTRA,102,158
310912,MAHARASHTRA,103,106
310912,MAHARASHTRA,104,373
310912,MAHARASHTRA,105,495
310912,MAHARASHTRA,106,373
310912,MAHARASHTRA,107,113
310912,MAHARASHTRA,108,130
310912,MAHARASHTRA,109,66
310912,MAHARASHTRA,110,269
310912,MAHARASHTRA,111,136
310912,MAHARASHTRA,112,192
310912,MAHARASHTRA,113,74
310912,MAHARASHTRA,114,325
310912,MAHARASHTRA,115,21
310912,MAHARASHTRA,116,82
310912,MAHARASHTRA,117,251
310912,MAHARASHTRA,118,92
310912,MAHARASHTRA,119,263
310912,MAHARASHTRA,120,92
310912,MAHARASHTRA,121,23
310912,MAHARASHTRA,122,230
310912,MAHARASHTRA,123,244
310912,MAHARASHTRA,124,274
310912,MAHARASHTRA,125,499
310912,MAHARASHTRA,126,376
310912,MAHARASHTRA,127,90
310912,MAHARASHTRA,128,556
310912,MAHARASHTRA,129,45
310912,MAHARASHTRA,130,114
310912,MAHARASHTRA,131,432
310912,MAHARASHTRA,132,161
310912,MAHARASHTRA,133,367
310912,MAHARASHTRA,134,14
310912,MAHARASHTRA,135,146
310912,MAHARASHTRA,136,508
310912,MAHARASHTRA,137,397
310912,MAHARASHTRA,138,545
310912,MAHARASHTRA,139,198
310912,MAHARASHTRA,140,512
310912,MAHARASHTRA,141,381
310912,MAHARASHTRA,142,353
310912,MAHARASHTRA,143,421
310912,MAHARASHTRA,144,289
310912,MAHARASHTRA,145,155
310912,MAHARASHTRA,146,346
310912,MAHARASHTRA,147,247
310912,MAHARASHTRA,148,412
310912,MAHARASHTRA,149,184
310912,MAHARASHTRA,150,108
310912,MAHARASHTRA,151,438
310912,MAHARASHTRA,152,409
310912,MAHARASHTRA,153,477
310912,MAHARASHTRA,154,171
310912,MAHARASHTRA,155,377
310912,MAHARASHTRA,156,483
310912,MAHARASHTRA,157,655
310912,MAHARASHTRA,158,464
310912,MAHARASHTRA,159,315
310912,MAHARASHTRA,160,102
310912,MAHARASHTRA,161,50
310912,MAHARASHTRA,162,55
310912,MAHARASHTRA,163,508
310912,MAHARASHTRA,164,534
310912,MAHARASHTRA,165,295
310912,MAHARASHTRA,166,77
310912,MAHARASHTRA,167,152
310912,MAHARASHTRA,168,56
310912,MAHARASHTRA,169,601
310912,MAHARASHTRA,170,418
310912,MAHARASHTRA,171,619
310912,MAHARASHTRA,172,158
310912,MAHARASHTRA,173,317
310912,MAHARASHTRA,174,209
310912,MAHARASHTRA,175,488
310912,MAHARASHTRA,176,101
310912,MAHARASHTRA,177,60
310912,MAHARASHTRA,178,47
310912,MAHARASHTRA,179,320
310912,MAHARASHTRA,180,172
310912,MAHARASHTRA,181,363
310912,MAHARASHTRA,182,80
310912,MAHARASHTRA,183,294
310912,MAHARASHTRA,184,130
310912,MAHARASHTRA,185,585
310912,MAHARASHTRA,186,593
310912,MAHARASHTRA,187,469
310912,MAHARASHTRA,188,282
310912,MAHARASHTRA,189,441
310912,MAHARASHTRA,190,389
310912,MAHARASHTRA,191,358
310912,MAHARASHTRA,192,160
310912,MAHARASHTRA,193,512
310912,MAHARASHTRA,194,88
310912,MAHARASHTRA,195,56
310912,MAHARASHTRA,196,498
310912,MAHARASHTRA,197,281
310912,MAHARASHTRA,198,91
310912,MAHARASHTRA,199,78
310912,MAHARASHTRA,200,191
310912,MAHARASHTRA,201,65
310912,MAHARASHTRA,202,40
310912,MAHARASHTRA,203,22
310912,MAHARASHTRA,204,181
310912,MAHARASHTRA,205,641
310912,MAHARASHTRA,206,534
310912,MAHARASHTRA,207,432
310912,MAHARASHTRA,208,69
310912,MAHARASHTRA,209,159
310912,MAHARASHTRA,210,133
310912,MAHARASHTRA,211,380
310912,MAHARASHTRA,212,151
310912,MAHARASHTRA,213,490
310912,MAHARASHTRA,214,239
310912,MAHARASHTRA,215,45
310912,MAHARASHTRA,216,284
310912,MAHARASHTRA,217,101
310912,MAHARASHTRA,218,62
310912,MAHARASHTRA,219,38
310912,MAHARASHTRA,220,256
310912,MAHARASHTRA,221,633
310912,MAHARASHTRA,222,357
310912,MAHARASHTRA,223,38
310912,MAHARASHTRA,224,547
310912,MAHARASHTRA,225,94
310912,MAHARASHTRA,226,531
310912,MAHARASHTRA,227,131
310912,MAHARASHTRA,228,84
310912,MAHARASHTRA,229,351
310912,MAHARASHTRA,230,437
310912,MAHARASHTRA,231,42
310912,MAHARASHTRA,232,97
310912,MAHARASHTRA,233,148
310912,MAHARASHTRA,234,577
310912,MAHARASHTRA,235,73
310912,MAHARASHTRA,236,122
310912,MAHARASHTRA,237,424
310912,MAHARASHTRA,238,493
310912,MAHARASHTRA,239,40
310912,MAHARASHTRA,240,252
310912,MAHARASHTRA,241,239
310912,MAHARASHTRA,242,268
310912,MAHARASHTRA,243,88
310912,MAHARASHTRA,244,461
310912,MAHARASHTRA,245,590
310912,MAHARASHTRA,246,472
310912,MAHARASHTRA,247,123
310912,MAHARASHTRA,248,70
310912,MAHARASHTRA,249,63
310912,MAHARASHTRA,250,196
310912,MAHARASHTRA,251,195
310912,MAHARASHTRA,252,228
310912,MAHARASHTRA,253,60
310912,MAHARASHTRA,254,607
310912,MAHARASHTRA,255,69
310912,MAHARASHTRA,256,100
310912,MAHARASHTRA,257,79
310912,MAHARASHTRA,258,276
310912,MAHARASHTRA,259,550
310912,MAHARASHTRA,260,202
310912,MAHARASHTRA,261,49
310912,MAHARASHTRA,262,91
310912,MAHARASHTRA,263,502
310912,MAHARASHTRA,264,79
310912,MAHARASHTRA,265,413
310912,MAHARASHTRA,266,178
310912,MAHARASHTRA,267,249
310912,MAHARASHTRA,268,98
310912,MAHARASHTRA,269,118
310912,MAHARASHTRA,270,448
310912,MAHARASHTRA,271,137
310912,MAHARASHTRA,272,202
310912,MAHARASHTRA,273,258
310912,MAHARASHTRA,274,192
310912,MAHARASHTRA,275,621
310912,MAHARASHTRA,276,78
310912,MAHARASHTRA,277,514
310912,MAHARASHTRA,278,258
310912,MAHARASHTRA,279,217
310912,MAHARASHTRA,280,363
310912,MAHARASHTRA,281,14
310912,MAHARASHTRA,282,91
310912,MAHARASHTRA,283,512
310912,MAHARASHTRA,284,52
310912,MAHARASHTRA,285,125
310912,MAHARASHTRA,286,51
310912,MAHARASHTRA,287,51
310912,MAHARASHTRA,288,6
310912,MAHARASHTRA,289,422
310912,MAHARASHTRA,290,496
310912,MAHARASHTRA,291,244
310912,MAHARASHTRA,292,202
310912,MAHARASHTRA,293,272
310912,MAHARASHTRA,294,314
310912,MAHARASHTRA,295,35
310912,MAHARASHTRA,296,241
310912,MAHARASHTRA,297,237
310912,MAHARASHTRA,298,308
310912,MAHARASHTRA,299,95
310912,MAHARASHTRA,300,49
310912,MAHARASHTRA,301,377
310912,MAHARASHTRA,302,80
310912,MAHARASHTRA,303,379
310912,MAHARASHTRA,304,205
310912,MAHARASHTRA,305,339
310912,MAHARASHTRA,306,147
310912,MAHARASHTRA,307,201
310912,MAHARASHTRA,308,343
310912,MAHARASHTRA,309,294
310912,MAHARASHTRA,310,45
310912,MAHARASHTRA,311,51
310912,MAHARASHTRA,312,78
310912,MAHARASHTRA,313,508
310912,MAHARASHTRA,314,142
310912,MAHARASHTRA,315,337
310912,MAHARASHTRA,316,15
310912,MAHARASHTRA,317,254
310912,MAHARASHTRA,318,204
310912,MAHARASHTRA,319,527
310912,MAHARASHTRA,320,237
310912,MAHARASHTRA,321,334
310912,MAHARASHTRA,322,417
310912,MAHARASHTRA,323,588
310912,MAHARASHTRA,324,181
310912,MAHARASHTRA,325,427
310912,MAHARASHTRA,326,51
310912,MAHARASHTRA,327,615
310912,MAHARASHTRA,328,555
310912,MAHARASHTRA,329,424
310912,MAHARASHTRA,330,136
310912,MAHARASHTRA,331,482
310912,MAHARASHTRA,332,187
310912,MAHARASHTRA,333,320
310912,MAHARASHTRA,334,434
310912,MAHARASHTRA,335,549
310912,MAHARASHTRA,336,144
310912,MAHARASHTRA,337,616
310912,MAHARASHTRA,338,7
310912,MAHARASHTRA,339,44
310912,MAHARASHTRA,340,650
310912,MAHARASHTRA,341,476
310912,MAHARASHTRA,342,128
310912,MAHARASHTRA,343,80
310912,MAHARASHTRA,344,482
310912,MAHARASHTRA,345,538
310912,MAHARASHTRA,346,276
310912,MAHARASHTRA,347,298
310912,MAHARASHTRA,348,482
310912,MAHARASHTRA,349,22
310912,MAHARASHTRA,350,55
310912,MAHARASHTRA,351,420
310912,MAHARASHTRA,352,274
310912,MAHARASHTRA,353,24
310912,MAHARASHTRA,354,97
310912,MAHARASHTRA,355,18
310912,MAHARASHTRA,356,473
310912,MAHARASHTRA,357,99
310912,MAHARASHTRA,358,413
310912,MAHARASHTRA,359,42
310912,MAHARASHTRA,360,99
310912,MAHARASHTRA,361,343
310912,MAHARASHTRA,362,63
310912,MAHARASHTRA,363,465
310912,MAHARASHTRA,364,252
310912,MAHARASHTRA,365,54
310912,MAHARASHTRA,366,255
310912,MAHARASHTRA,367,578
310912,MAHARASHTRA,368,230
310912,MAHARASHTRA,369,572
310912,MAHARASHTRA,370,277
310912,MAHARASHTRA,371,11
310912,MAHARASHTRA,372,360
310912,MAHARASHTRA,373,319
310912,MAHARASHTRA,374,429
310912,MAHARASHTRA,375,92
310912,MAHARASHTRA,376,224
310912,MAHARASHTRA,377,372
310912,MAHARASHTRA,378,518
310912,MAHARASHTRA,379,207
310912,MAHARASHTRA,380,489
310912,MAHARASHTRA,381,89
310912,MAHARASHTRA,382,18
310912,MAHARASHTRA,383,377
310912,MAHARASHTRA,384,236
310912,MAHARASHTRA,385,163
310912,MAHARASHTRA,386,364
310912,MAHARASHTRA,387,315
310912,MAHARASHTRA,388,12
310912,MAHARASHTRA,389,45
310912,MAHARASHTRA,390,57
310912,MAHARASHTRA,391,525
310912,MAHARASHTRA,392,367
310912,MAHARASHTRA,393,444
310912,MAHARASHTRA,394,375
310912,MAHARASHTRA,395,68
310912,MAHARASHTRA,396,66
310912,MAHARASHTRA,397,62
310912,MAHARASHTRA,398,325
310912,MAHARASHTRA,399,233
310912,MAHARASHTRA,400,276
310912,MAHARASHTRA,401,494
310912,MAHARASHTRA,402,47
310912,MAHARASHTRA,403,76
310912,MAHARASHTRA,404,91
310912,MAHARASHTRA,405,60
310912,MAHARASHTRA,406,579
310912,MAHARASHTRA,407,542
310912,MAHARASHTRA,408,94
310912,MAHARASHTRA,409,58
310912,MAHARASHTRA,410,57
310912,MAHARASHTRA,411,58
310912,MAHARASHTRA,412,90
310912,MAHARASHTRA,413,151
310912,MAHARASHTRA,414,50
310912,MAHARASHTRA,415,160
310912,MAHARASHTRA,416,257
310912,MAHARASHTRA,417,620
310912,MAHARASHTRA,418,700
310912,MAHARASHTRA,419,204
310912,MAHARASHTRA,420,45
310912,MAHARASHTRA,421,277
310912,MAHARASHTRA,422,257
310912,MAHARASHTRA,423,337
310912,MAHARASHTRA,424,286
310912,MAHARASHTRA,425,466
310912,MAHARASHTRA,426,99
310912,MAHARASHTRA,427,58
310912,MAHARASHTRA,428,170
310912,MAHARASHTRA,429,127
310912,MAHARASHTRA,430,116
310912,MAHARASHTRA,431,295
310912,MAHARASHTRA,432,467
310912,MAHARASHTRA,433,71
310912,MAHARASHTRA,434,458
310912,MAHARASHTRA,435,98
310912,MAHARASHTRA,436,258
310912,MAHARASHTRA,437,355
310912,MAHARASHTRA,438,69
310912,MAHARASHTRA,439,301
310912,MAHARASHTRA,440,70
310912,MAHARASHTRA,441,110
310912,MAHARASHTRA,442,51
310912,MAHARASHTRA,443,370
310912,MAHARASHTRA,444,363
310912,MAHARASHTRA,445,64
310912,MAHARASHTRA,446,525
310912,MAHARASHTRA,447,242
310912,MAHARASHTRA,448,35
310912,MAHARASHTRA,449,5
310912,MAHARASHTRA,450,287
310912,MAHARASHTRA,451,400
310912,MAHARASHTRA,452,633
310912,MAHARASHTRA,453,105
310912,MAHARASHTRA,454,511
310912,MAHARASHTRA,455,248
310912,MAHARASHTRA,456,97
310912,MAHARASHTRA,457,80
310912,MAHARASHTRA,458,142
310912,MAHARASHTRA,459,273
310912,MAHARASHTRA,460,344
310912,MAHARASHTRA,461,369
310912,MAHARASHTRA,462,76
310912,MAHARASHTRA,463,129
310912,MAHARASHTRA,464,378
310912,MAHARASHTRA,465,65
310912,MAHARASHTRA,466,168
310912,MAHARASHTRA,467,216
310912,MAHARASHTRA,468,60
310912,MAHARASHTRA,469,511
310912,MAHARASHTRA,470,181
310912,MAHARASHTRA,471,122
310912,MAHARASHTRA,472,154
310912,MAHARASHTRA,473,525
310912,MAHARASHTRA,474,25
310912,MAHARASHTRA,475,85
310912,MAHARASHTRA,476,50
310912,MAHARASHTRA,477,60
310912,MAHARASHTRA,478,455
310912,MAHARASHTRA,479,133
310912,MAHARASHTRA,480,160
310912,MAHARASHTRA,481,352
310912,MAHARASHTRA,482,399
310912,MAHARASHTRA,483,489
310912,MAHARASHTRA,484,130
310912,MAHARASHTRA,485,308
310912,MAHARASHTRA,486,43
310912,MAHARASHTRA,487,206
310912,MAHARASHTRA,488,62
310912,MAHARASHTRA,489,469
310912,MAHARASHTRA,490,64
310912,MAHARASHTRA,491,484
310912,MAHARASHTRA,492,653
310912,MAHARASHTRA,493,234
310912,MAHARASHTRA,494,117
310912,MAHARASHTRA,495,278
310912,MAHARASHTRA,496,108
310912,MAHARASHTRA,497,70
310912,MAHARASHTRA,498,155
310912,MAHARASHTRA,499,171
310912,MAHARASHTRA,500,485
310912,MAHARASHTRA,501,220
310912,MAHARASHTRA,502,84
310912,MAHARASHTRA,503,112
310912,MAHARASHTRA,504,41
310912,MAHARASHTRA,505,423
310912,MAHARASHTRA,506,70
310912,MAHARASHTRA,507,332
310912,MAHARASHTRA,508,80
310912,MAHARASHTRA,509,40
310912,MAHARASHTRA,510,38
310912,MAHARASHTRA,511,469
310912,MAHARASHTRA,512,57
310912,MAHARASHTRA,513,139
310912,MAHARASHTRA,514,275
310912,MAHARASHTRA,515,43
310912,MAHARASHTRA,516,3
310912,MAHARASHTRA,517,48
310912,MAHARASHTRA,518,343
310912,MAHARASHTRA,519,337
310912,MAHARASHTRA,520,441
310912,MAHARASHTRA,521,254
310912,MAHARASHTRA,522,600
310912,MAHARASHTRA,523,348
310912,MAHARASHTRA,524,41
310912,MAHARASHTRA,525,366
310912,MAHARASHTRA,526,35
310912,MAHARASHTRA,527,76
310912,MAHARASHTRA,528,422
310912,MAHARASHTRA,529,398
310912,MAHARASHTRA,530,253
310912,MAHARASHTRA,531,103
310912,MAHARASHTRA,532,22
310912,MAHARASHTRA,533,74
310912,MAHARASHTRA,534,361
310912,MAHARASHTRA,535,80
310912,MAHARASHTRA,536,110
310912,MAHARASHTRA,537,239
310912,MAHARASHTRA,538,480
310912,MAHARASHTRA,539,535
310912,MAHARASHTRA,540,96
310912,MAHARASHTRA,541,91
310912,MAHARASHTRA,542,99
310912,MAHARASHTRA,543,173
310912,MAHARASHTRA,544,368
310912,MAHARASHTRA,545,171
310912,MAHARASHTRA,546,125
310912,MAHARASHTRA,547,462
310912,MAHARASHTRA,548,294
310912,MAHARASHTRA,549,204
310912,MAHARASHTRA,550,340
310912,MAHARASHTRA,551,356
310912,MAHARASHTRA,552,55
310912,MAHARASHTRA,553,552
310912,MAHARASHTRA,554,76
310912,MAHARASHTRA,555,482
310912,MAHARASHTRA,556,379
310912,MAHARASHTRA,557,290
310912,MAHARASHTRA,558,450
310912,MAHARASHTRA,559,106
310912,MAHARASHTRA,560,92
310912,MAHARASHTRA,561,62
310912,MAHARASHTRA,562,402
310912,MAHARASHTRA,563,386
310912,MAHARASHTRA,564,46
310912,MAHARASHTRA,565,132
310912,MAHARASHTRA,566,332
310912,MAHARASHTRA,567,362
310912,MAHARASHTRA,568,513
310912,MAHARASHTRA,569,78
310912,MAHARASHTRA,570,95
