Center Number,State Name,Srl No,Marks
310907,MAHARASHTRA,1,149
310907,MAHARASHTRA,2,277
310907,MAHARASHTRA,3,278
310907,MAHARASHTRA,4,470
310907,MAHARASHTRA,5,139
310907,MAHARASHTRA,6,74
310907,MAHARASHTRA,7,324
310907,MAHARASHTRA,8,79
310907,MAHARASHTRA,9,354
310907,MAHARASHTRA,10,494
310907,MAHARASHTRA,11,451
310907,MAHARASHTRA,12,538
310907,MAHARASHTRA,13,62
310907,MAHARASHTRA,14,230
310907,MAHARASHTRA,15,680
310907,MAHARASHTRA,16,348
310907,MAHARASHTRA,17,705
310907,MAHARASHTRA,18,39
310907,MAHARASHTRA,19,205
310907,MAHARASHTRA,20,49
310907,MAHARASHTRA,21,65
310907,MAHARASHTRA,22,687
310907,MAHARASHTRA,23,17
310907,MAHARASHTRA,24,688
310907,MAHARASHTRA,25,50
310907,MAHARASHTRA,26,414
310907,MAHARASHTRA,27,58
310907,MAHARASHTRA,28,232
310907,MAHARASHTRA,29,255
310907,MAHARASHTRA,30,134
310907,MAHARASHTRA,31,190
310907,MAHARASHTRA,32,373
310907,MAHARASHTRA,33,643
310907,MAHARASHTRA,34,628
310907,MAHARASHTRA,35,491
310907,MAHARASHTRA,36,501
310907,MAHARASHTRA,37,369
310907,MAHARASHTRA,38,224
310907,MAHARASHTRA,39,619
310907,MAHARASHTRA,40,215
310907,MAHARASHTRA,41,71
310907,MAHARASHTRA,42,111
310907,MAHARASHTRA,43,490
310907,MAHARASHTRA,44,333
310907,MAHARASHTRA,45,125
310907,MAHARASHTRA,46,391
310907,MAHARASHTRA,47,376
310907,MAHARASHTRA,48,401
310907,MAHARASHTRA,49,32
310907,MAHARASHTRA,50,165
310907,MAHARASHTRA,51,270
310907,MAHARASHTRA,52,59
310907,MAHARASHTRA,53,102
310907,MAHARASHTRA,54,477
310907,MAHARASHTRA,55,378
310907,MAHARASHTRA,56,165
310907,MAHARASHTRA,57,552
310907,MAHARASHTRA,58,185
310907,MAHARASHTRA,59,64
310907,MAHARASHTRA,60,355
310907,MAHARASHTRA,61,106
310907,MAHARASHTRA,62,594
310907,MAHARASHTRA,63,93
310907,MAHARASHTRA,64,329
310907,MAHARASHTRA,65,110
310907,MAHARASHTRA,66,97
310907,MAHARASHTRA,67,586
310907,MAHARASHTRA,68,46
310907,MAHARASHTRA,69,502
310907,MAHARASHTRA,70,303
310907,MAHARASHTRA,71,58
310907,MAHARASHTRA,72,526
310907,MAHARASHTRA,73,70
310907,MAHARASHTRA,74,75
310907,MAHARASHTRA,75,33
310907,MAHARASHTRA,76,34
310907,MAHARASHTRA,77,64
310907,MAHARASHTRA,78,518
310907,MAHARASHTRA,79,585
310907,MAHARASHTRA,80,399
310907,MAHARASHTRA,81,223
310907,MAHARASHTRA,82,86
310907,MAHARASHTRA,83,114
310907,MAHARASHTRA,84,140
310907,MAHARASHTRA,85,691
310907,MAHARASHTRA,86,186
310907,MAHARASHTRA,87,385
310907,MAHARASHTRA,88,121
310907,MAHARASHTRA,89,251
310907,MAHARASHTRA,90,205
310907,MAHARASHTRA,91,89
310907,MAHARASHTRA,92,55
310907,MAHARASHTRA,93,49
310907,MAHARASHTRA,94,110
310907,MAHARASHTRA,95,583
310907,MAHARASHTRA,96,11
310907,MAHARASHTRA,97,80
310907,MAHARASHTRA,98,151
310907,MAHARASHTRA,99,598
310907,MAHARASHTRA,100,96
310907,MAHARASHTRA,101,106
310907,MAHARASHTRA,102,180
310907,MAHARASHTRA,103,483
310907,MAHARASHTRA,104,215
310907,MAHARASHTRA,105,61
310907,MAHARASHTRA,106,338
310907,MAHARASHTRA,107,529
310907,MAHARASHTRA,108,427
310907,MAHARASHTRA,109,178
310907,MAHARASHTRA,110,589
310907,MAHARASHTRA,111,44
310907,MAHARASHTRA,112,629
310907,MAHARASHTRA,113,337
310907,MAHARASHTRA,114,157
310907,MAHARASHTRA,115,384
310907,MAHARASHTRA,116,82
310907,MAHARASHTRA,117,383
310907,MAHARASHTRA,118,50
310907,MAHARASHTRA,119,408
310907,MAHARASHTRA,120,51
310907,MAHARASHTRA,121,291
310907,MAHARASHTRA,122,424
310907,MAHARASHTRA,123,105
310907,MAHARASHTRA,124,165
310907,MAHARASHTRA,125,136
310907,MAHARASHTRA,126,101
310907,MAHARASHTRA,127,88
310907,MAHARASHTRA,128,117
310907,MAHARASHTRA,129,314
310907,MAHARASHTRA,130,48
310907,MAHARASHTRA,131,549
310907,MAHARASHTRA,132,314
310907,MAHARASHTRA,133,72
310907,MAHARASHTRA,134,147
310907,MAHARASHTRA,135,676
310907,MAHARASHTRA,136,222
310907,MAHARASHTRA,137,325
310907,MAHARASHTRA,138,383
310907,MAHARASHTRA,139,35
310907,MAHARASHTRA,140,253
310907,MAHARASHTRA,141,56
310907,MAHARASHTRA,142,301
310907,MAHARASHTRA,143,276
310907,MAHARASHTRA,144,135
310907,MAHARASHTRA,145,492
310907,MAHARASHTRA,146,187
310907,MAHARASHTRA,147,44
310907,MAHARASHTRA,148,161
310907,MAHARASHTRA,149,459
310907,MAHARASHTRA,150,150
310907,MAHARASHTRA,151,89
310907,MAHARASHTRA,152,101
310907,MAHARASHTRA,153,220
310907,MAHARASHTRA,154,248
310907,MAHARASHTRA,155,219
310907,MAHARASHTRA,156,65
310907,MAHARASHTRA,157,136
310907,MAHARASHTRA,158,183
310907,MAHARASHTRA,159,563
310907,MAHARASHTRA,160,485
310907,MAHARASHTRA,161,129
310907,MAHARASHTRA,162,91
310907,MAHARASHTRA,163,607
310907,MAHARASHTRA,164,52
310907,MAHARASHTRA,165,295
310907,MAHARASHTRA,166,648
310907,MAHARASHTRA,167,124
310907,MAHARASHTRA,168,219
310907,MAHARASHTRA,169,87
310907,MAHARASHTRA,170,490
310907,MAHARASHTRA,25,172
310907,MAHARASHTRA,590,173
310907,MAHARASHTRA,54,174
310907,MAHARASHTRA,657,175
310907,MAHARASHTRA,593,176
310907,MAHARASHTRA,203,177
310907,MAHARASHTRA,96,178
310907,MAHARASHTRA,179,179
310907,MAHARASHTRA,46,180
310907,MAHARASHTRA,181,198
310907,MAHARASHTRA,182,343
310907,MAHARASHTRA,183,503
310907,MAHARASHTRA,184,104
310907,MAHARASHTRA,185,456
310907,MAHARASHTRA,186,175
310907,MAHARASHTRA,187,85
310907,MAHARASHTRA,188,22
310907,MAHARASHTRA,189,92
310907,MAHARASHTRA,190,56
310907,MAHARASHTRA,191,5
310907,MAHARASHTRA,192,12
310907,MAHARASHTRA,193,167
310907,MAHARASHTRA,194,131
310907,MAHARASHTRA,195,193
310907,MAHARASHTRA,196,23
310907,MAHARASHTRA,197,515
310907,MAHARASHTRA,198,230
310907,MAHARASHTRA,199,505
310907,MAHARASHTRA,200,85
310907,MAHARASHTRA,201,350
310907,MAHARASHTRA,202,158
310907,MAHARASHTRA,203,75
310907,MAHARASHTRA,204,528
310907,MAHARASHTRA,205,207
310907,MAHARASHTRA,206,119
310907,MAHARASHTRA,207,222
310907,MAHARASHTRA,208,207
310907,MAHARASHTRA,209,130
310907,MAHARASHTRA,210,291
310907,MAHARASHTRA,211,214
310907,MAHARASHTRA,212,265
310907,MAHARASHTRA,213,154
310907,MAHARASHTRA,214,106
310907,MAHARASHTRA,215,181
310907,MAHARASHTRA,216,384
310907,MAHARASHTRA,217,414
310907,MAHARASHTRA,218,94
310907,MAHARASHTRA,219,173
310907,MAHARASHTRA,220,91
310907,MAHARASHTRA,221,584
310907,MAHARASHTRA,222,461
310907,MAHARASHTRA,223,418
310907,MAHARASHTRA,224,324
310907,MAHARASHTRA,225,322
310907,MAHARASHTRA,226,348
310907,MAHARASHTRA,227,159
310907,MAHARASHTRA,228,306
310907,MAHARASHTRA,229,334
310907,MAHARASHTRA,230,278
310907,MAHARASHTRA,231,214
310907,MAHARASHTRA,232,172
310907,MAHARASHTRA,233,65
310907,MAHARASHTRA,234,525
310907,MAHARASHTRA,235,111
310907,MAHARASHTRA,236,568
310907,MAHARASHTRA,237,599
310907,MAHARASHTRA,238,64
310907,MAHARASHTRA,239,35
310907,MAHARASHTRA,240,97
310907,MAHARASHTRA,241,23
310907,MAHARASHTRA,242,618
310907,MAHARASHTRA,243,220
310907,MAHARASHTRA,244,292
310907,MAHARASHTRA,245,175
310907,MAHARASHTRA,246,100
310907,MAHARASHTRA,247,51
310907,MAHARASHTRA,248,125
310907,MAHARASHTRA,249,91
310907,MAHARASHTRA,250,327
310907,MAHARASHTRA,251,32
310907,MAHARASHTRA,252,275
310907,MAHARASHTRA,253,114
310907,MAHARASHTRA,254,538
310907,MAHARASHTRA,255,48
310907,MAHARASHTRA,256,42
310907,MAHARASHTRA,257,399
310907,MAHARASHTRA,258,619
310907,MAHARASHTRA,259,553
310907,MAHARASHTRA,260,200
310907,MAHARASHTRA,261,552
310907,MAHARASHTRA,262,307
310907,MAHARASHTRA,263,623
310907,MAHARASHTRA,264,328
310907,MAHARASHTRA,265,196
310907,MAHARASHTRA,266,178
310907,MAHARASHTRA,267,180
310907,MAHARASHTRA,268,220
310907,MAHARASHTRA,269,528
310907,MAHARASHTRA,270,168
310907,MAHARASHTRA,271,418
310907,MAHARASHTRA,272,66
310907,MAHARASHTRA,273,348
310907,MAHARASHTRA,274,578
310907,MAHARASHTRA,275,139
310907,MAHARASHTRA,276,41
310907,MAHARASHTRA,277,537
310907,MAHARASHTRA,278,484
310907,MAHARASHTRA,279,133
310907,MAHARASHTRA,280,373
310907,MAHARASHTRA,281,216
310907,MAHARASHTRA,282,157
310907,MAHARASHTRA,283,338
310907,MAHARASHTRA,284,64
310907,MAHARASHTRA,285,212
310907,MAHARASHTRA,286,410
310907,MAHARASHTRA,287,118
310907,MAHARASHTRA,288,162
310907,MAHARASHTRA,289,357
310907,MAHARASHTRA,290,128
310907,MAHARASHTRA,291,132
310907,MAHARASHTRA,292,135
310907,MAHARASHTRA,293,17
310907,MAHARASHTRA,294,200
310907,MAHARASHTRA,295,320
310907,MAHARASHTRA,296,420
310907,MAHARASHTRA,297,228
310907,MAHARASHTRA,298,96
310907,MAHARASHTRA,299,598
310907,MAHARASHTRA,300,253
310907,MAHARASHTRA,301,355
310907,MAHARASHTRA,302,624
310907,MAHARASHTRA,303,125
310907,MAHARASHTRA,304,258
310907,MAHARASHTRA,305,93
310907,MAHARASHTRA,306,56
310907,MAHARASHTRA,307,392
310907,MAHARASHTRA,308,116
310907,MAHARASHTRA,309,95
310907,MAHARASHTRA,310,519
310907,MAHARASHTRA,311,332
310907,MAHARASHTRA,312,149
310907,MAHARASHTRA,313,36
310907,MAHARASHTRA,314,97
310907,MAHARASHTRA,315,220
310907,MAHARASHTRA,316,25
310907,MAHARASHTRA,317,514
310907,MAHARASHTRA,318,130
310907,MAHARASHTRA,319,575
310907,MAHARASHTRA,320,466
310907,MAHARASHTRA,321,249
310907,MAHARASHTRA,322,504
310907,MAHARASHTRA,323,90
310907,MAHARASHTRA,324,244
310907,MAHARASHTRA,325,546
310907,MAHARASHTRA,326,159
310907,MAHARASHTRA,327,145
310907,MAHARASHTRA,328,472
310907,MAHARASHTRA,22,330
310907,MAHARASHTRA,331,216
310907,MAHARASHTRA,332,322
310907,MAHARASHTRA,333,394
310907,MAHARASHTRA,334,375
310907,MAHARASHTRA,335,69
310907,MAHARASHTRA,336,613
310907,MAHARASHTRA,337,233
310907,MAHARASHTRA,338,395
310907,MAHARASHTRA,339,125
310907,MAHARASHTRA,340,309
310907,MAHARASHTRA,341,165
310907,MAHARASHTRA,342,577
310907,MAHARASHTRA,343,104
310907,MAHARASHTRA,344,38
310907,MAHARASHTRA,345,602
310907,MAHARASHTRA,346,553
310907,MAHARASHTRA,347,49
310907,MAHARASHTRA,348,482
310907,MAHARASHTRA,349,366
310907,MAHARASHTRA,350,614
310907,MAHARASHTRA,351,49
310907,MAHARASHTRA,352,98
310907,MAHARASHTRA,353,420
310907,MAHARASHTRA,354,675
310907,MAHARASHTRA,355,588
310907,MAHARASHTRA,356,187
310907,MAHARASHTRA,357,150
310907,MAHARASHTRA,358,343
310907,MAHARASHTRA,359,291
310907,MAHARASHTRA,360,175
310907,MAHARASHTRA,361,171
310907,MAHARASHTRA,362,43
310907,MAHARASHTRA,363,48
310907,MAHARASHTRA,364,416
310907,MAHARASHTRA,365,38
310907,MAHARASHTRA,366,181
310907,MAHARASHTRA,367,12
310907,MAHARASHTRA,368,191
310907,MAHARASHTRA,369,412
310907,MAHARASHTRA,370,364
310907,MAHARASHTRA,371,497
310907,MAHARASHTRA,372,454
310907,MAHARASHTRA,373,676
310907,MAHARASHTRA,374,143
310907,MAHARASHTRA,375,175
310907,MAHARASHTRA,376,99
310907,MAHARASHTRA,377,104
310907,MAHARASHTRA,378,20
310907,MAHARASHTRA,379,256
310907,MAHARASHTRA,380,542
310907,MAHARASHTRA,381,340
310907,MAHARASHTRA,382,154
310907,MAHARASHTRA,383,45
310907,MAHARASHTRA,384,219
310907,MAHARASHTRA,385,248
310907,MAHARASHTRA,386,377
310907,MAHARASHTRA,387,5
310907,MAHARASHTRA,388,590
310907,MAHARASHTRA,389,542
310907,MAHARASHTRA,390,174
310907,MAHARASHTRA,391,389
310907,MAHARASHTRA,392,378
310907,MAHARASHTRA,393,457
310907,MAHARASHTRA,394,248
310907,MAHARASHTRA,395,345
310907,MAHARASHTRA,396,231
310907,MAHARASHTRA,397,62
310907,MAHARASHTRA,398,473
310907,MAHARASHTRA,399,461
310907,MAHARASHTRA,400,82
310907,MAHARASHTRA,401,82
310907,MAHARASHTRA,402,423
310907,MAHARASHTRA,403,155
310907,MAHARASHTRA,404,450
310907,MAHARASHTRA,405,500
310907,MAHARASHTRA,406,91
310907,MAHARASHTRA,5,408
310907,MAHARASHTRA,187,409
310907,MAHARASHTRA,539,410
310907,MAHARASHTRA,128,411
310907,MAHARASHTRA,388,412
310907,MAHARASHTRA,109,413
310907,MAHARASHTRA,166,414
310907,MAHARASHTRA,185,415
310907,MAHARASHTRA,387,416
310907,MAHARASHTRA,134,417
310907,MAHARASHTRA,662,418
310907,MAHARASHTRA,53,419
310907,MAHARASHTRA,560,420
310907,MAHARASHTRA,421,94
310907,MAHARASHTRA,422,80
310907,MAHARASHTRA,423,106
310907,MAHARASHTRA,424,596
310907,MAHARASHTRA,425,26
310907,MAHARASHTRA,426,641
310907,MAHARASHTRA,427,324
310907,MAHARASHTRA,428,351
310907,MAHARASHTRA,429,15
310907,MAHARASHTRA,430,405
310907,MAHARASHTRA,431,128
310907,MAHARASHTRA,432,39
310907,MAHARASHTRA,433,575
310907,MAHARASHTRA,434,347
310907,MAHARASHTRA,435,358
310907,MAHARASHTRA,436,422
310907,MAHARASHTRA,437,304
310907,MAHARASHTRA,438,179
310907,MAHARASHTRA,439,184
310907,MAHARASHTRA,440,306
310907,MAHARASHTRA,441,101
310907,MAHARASHTRA,442,378
310907,MAHARASHTRA,443,324
310907,MAHARASHTRA,444,130
310907,MAHARASHTRA,445,406
310907,MAHARASHTRA,446,234
310907,MAHARASHTRA,447,306
310907,MAHARASHTRA,448,265
310907,MAHARASHTRA,449,305
310907,MAHARASHTRA,450,568
310907,MAHARASHTRA,451,560
310907,MAHARASHTRA,452,328
310907,MAHARASHTRA,453,423
310907,MAHARASHTRA,454,233
310907,MAHARASHTRA,455,33
310907,MAHARASHTRA,456,85
310907,MAHARASHTRA,457,319
310907,MAHARASHTRA,458,187
310907,MAHARASHTRA,459,72
310907,MAHARASHTRA,460,145
310907,MAHARASHTRA,461,62
310907,MAHARASHTRA,462,323
310907,MAHARASHTRA,463,107
310907,MAHARASHTRA,464,612
310907,MAHARASHTRA,465,101
310907,MAHARASHTRA,466,652
310907,MAHARASHTRA,467,80
310907,MAHARASHTRA,468,284
310907,MAHARASHTRA,469,5
310907,MAHARASHTRA,470,90
310907,MAHARASHTRA,471,102
310907,MAHARASHTRA,472,309
310907,MAHARASHTRA,473,0
310907,MAHARASHTRA,474,277
310907,MAHARASHTRA,475,484
310907,MAHARASHTRA,476,570
310907,MAHARASHTRA,477,217
310907,MAHARASHTRA,478,476
310907,MAHARASHTRA,479,591
310907,MAHARASHTRA,480,30
310907,MAHARASHTRA,481,62
310907,MAHARASHTRA,482,85
310907,MAHARASHTRA,483,436
310907,MAHARASHTRA,484,601
310907,MAHARASHTRA,485,96
310907,MAHARASHTRA,486,64
310907,MAHARASHTRA,487,500
310907,MAHARASHTRA,488,66
310907,MAHARASHTRA,489,189
310907,MAHARASHTRA,490,72
310907,MAHARASHTRA,491,44
310907,MAHARASHTRA,492,271
310907,MAHARASHTRA,493,83
310907,MAHARASHTRA,494,640
310907,MAHARASHTRA,495,258
310907,MAHARASHTRA,496,362
310907,MAHARASHTRA,497,335
310907,MAHARASHTRA,498,376
310907,MAHARASHTRA,499,107
310907,MAHARASHTRA,500,510
310907,MAHARASHTRA,501,146
310907,MAHARASHTRA,502,251
310907,MAHARASHTRA,503,65
310907,MAHARASHTRA,504,65
310907,MAHARASHTRA,505,348
310907,MAHARASHTRA,506,536
310907,MAHARASHTRA,507,338
310907,MAHARASHTRA,508,433
310907,MAHARASHTRA,509,42
310907,MAHARASHTRA,510,71
310907,MAHARASHTRA,511,535
310907,MAHARASHTRA,512,169
310907,MAHARASHTRA,513,488
310907,MAHARASHTRA,514,135
310907,MAHARASHTRA,515,384
310907,MAHARASHTRA,516,211
310907,MAHARASHTRA,517,531
310907,MAHARASHTRA,518,20
310907,MAHARASHTRA,519,265
310907,MAHARASHTRA,520,65
310907,MAHARASHTRA,521,115
310907,MAHARASHTRA,522,65
310907,MAHARASHTRA,523,191
310907,MAHARASHTRA,524,477
310907,MAHARASHTRA,525,551
310907,MAHARASHTRA,4,527
310907,MAHARASHTRA,276,528
310907,MAHARASHTRA,65,529
310907,MAHARASHTRA,205,530
310907,MAHARASHTRA,329,531
310907,MAHARASHTRA,137,532
310907,MAHARASHTRA,188,533
310907,MAHARASHTRA,272,534
310907,MAHARASHTRA,60,535
310907,MAHARASHTRA,203,536
310907,MAHARASHTRA,29,537
310907,MAHARASHTRA,535,538
310907,MAHARASHTRA,109,539
310907,MAHARASHTRA,410,540
310907,MAHARASHTRA,541,407
310907,MAHARASHTRA,542,280
310907,MAHARASHTRA,543,594
310907,MAHARASHTRA,544,144
310907,MAHARASHTRA,545,469
310907,MAHARASHTRA,546,258
310907,MAHARASHTRA,4,548
310907,MAHARASHTRA,350,549
310907,MAHARASHTRA,552,550
310907,MAHARASHTRA,64,551
310907,MAHARASHTRA,350,552
310907,MAHARASHTRA,99,553
310907,MAHARASHTRA,169,554
310907,MAHARASHTRA,83,555
310907,MAHARASHTRA,256,556
310907,MAHARASHTRA,231,557
310907,MAHARASHTRA,221,558
310907,MAHARASHTRA,101,559
310907,MAHARASHTRA,2,560
310907,MAHARASHTRA,35,561
310907,MAHARASHTRA,70,562
310907,MAHARASHTRA,390,563
310907,MAHARASHTRA,280,564
310907,MAHARASHTRA,141,565
310907,MAHARASHTRA,501,566
310907,MAHARASHTRA,208,567
310907,MAHARASHTRA,122,568
310907,MAHARASHTRA,131,569
310907,MAHARASHTRA,262,570
310907,MAHARASHTRA,571,39
310907,MAHARASHTRA,572,286
310907,MAHARASHTRA,573,192
310907,MAHARASHTRA,574,352
310907,MAHARASHTRA,575,320
310907,MAHARASHTRA,576,146
310907,MAHARASHTRA,577,239
310907,MAHARASHTRA,578,167
310907,MAHARASHTRA,579,128
310907,MAHARASHTRA,580,410
310907,MAHARASHTRA,581,291
310907,MAHARASHTRA,582,250
310907,MAHARASHTRA,583,607
310907,MAHARASHTRA,584,75
310907,MAHARASHTRA,585,155
310907,MAHARASHTRA,586,81
310907,MAHARASHTRA,587,439
310907,MAHARASHTRA,588,42
310907,MAHARASHTRA,589,102
310907,MAHARASHTRA,590,213
310907,MAHARASHTRA,591,79
310907,MAHARASHTRA,592,556
310907,MAHARASHTRA,593,370
310907,MAHARASHTRA,594,67
310907,MAHARASHTRA,595,643
310907,MAHARASHTRA,596,206
310907,MAHARASHTRA,597,243
310907,MAHARASHTRA,598,622
310907,MAHARASHTRA,599,130
310907,MAHARASHTRA,600,110
310907,MAHARASHTRA,601,82
310907,MAHARASHTRA,602,554
310907,MAHARASHTRA,603,280
310907,MAHARASHTRA,604,68
310907,MAHARASHTRA,605,81
310907,MAHARASHTRA,606,302
310907,MAHARASHTRA,607,89
310907,MAHARASHTRA,608,394
310907,MAHARASHTRA,609,300
310907,MAHARASHTRA,610,292
310907,MAHARASHTRA,611,43
310907,MAHARASHTRA,612,368
310907,MAHARASHTRA,613,9
310907,MAHARASHTRA,614,272
310907,MAHARASHTRA,615,155
310907,MAHARASHTRA,616,119
310907,MAHARASHTRA,617,42
310907,MAHARASHTRA,618,228
310907,MAHARASHTRA,619,551
310907,MAHARASHTRA,620,162
310907,MAHARASHTRA,621,118
310907,MAHARASHTRA,622,651
310907,MAHARASHTRA,623,83
310907,MAHARASHTRA,624,274
310907,MAHARASHTRA,2,626
310907,MAHARASHTRA,411,627
310907,MAHARASHTRA,208,628
310907,MAHARASHTRA,427,629
310907,MAHARASHTRA,413,630
310907,MAHARASHTRA,631,611
310907,MAHARASHTRA,632,609
310907,MAHARASHTRA,633,243
310907,MAHARASHTRA,634,139
310907,MAHARASHTRA,635,142
310907,MAHARASHTRA,636,442
310907,MAHARASHTRA,637,188
310907,MAHARASHTRA,638,365
310907,MAHARASHTRA,639,664
310907,MAHARASHTRA,640,652
310907,MAHARASHTRA,641,386
310907,MAHARASHTRA,642,514
310907,MAHARASHTRA,643,210
310907,MAHARASHTRA,644,179
310907,MAHARASHTRA,645,95
310907,MAHARASHTRA,646,148
310907,MAHARASHTRA,647,34
310907,MAHARASHTRA,648,60
310907,MAHARASHTRA,649,189
310907,MAHARASHTRA,650,346
310907,MAHARASHTRA,651,183
310907,MAHARASHTRA,652,240
310907,MAHARASHTRA,653,349
310907,MAHARASHTRA,654,139
310907,MAHARASHTRA,655,92
310907,MAHARASHTRA,656,241
310907,MAHARASHTRA,657,205
310907,MAHARASHTRA,658,201
310907,MAHARASHTRA,659,349
310907,MAHARASHTRA,661,239
310907,MAHARASHTRA,662,91
310907,MAHARASHTRA,663,288
310907,MAHARASHTRA,664,264
310907,MAHARASHTRA,665,420
310907,MAHARASHTRA,666,72
310907,MAHARASHTRA,667,273
310907,MAHARASHTRA,668,297
310907,MAHARASHTRA,669,317
310907,MAHARASHTRA,670,87
310907,MAHARASHTRA,671,29
310907,MAHARASHTRA,672,469
310907,MAHARASHTRA,673,487
310907,MAHARASHTRA,674,575
310907,MAHARASHTRA,675,295
310907,MAHARASHTRA,676,41
310907,MAHARASHTRA,677,19
310907,MAHARASHTRA,678,568
310907,MAHARASHTRA,679,144
310907,MAHARASHTRA,680,127
310907,MAHARASHTRA,681,152
310907,MAHARASHTRA,682,296
310907,MAHARASHTRA,683,278
310907,MAHARASHTRA,684,64
310907,MAHARASHTRA,685,404
310907,MAHARASHTRA,686,415
310907,MAHARASHTRA,687,72
310907,MAHARASHTRA,688,34
310907,MAHARASHTRA,689,649
310907,MAHARASHTRA,690,95
310907,MAHARASHTRA,691,381
310907,MAHARASHTRA,692,105
310907,MAHARASHTRA,693,460
310907,MAHARASHTRA,694,156
310907,MAHARASHTRA,695,125
310907,MAHARASHTRA,696,519
310907,MAHARASHTRA,697,144
310907,MAHARASHTRA,698,105
310907,MAHARASHTRA,699,431
310907,MAHARASHTRA,700,122
310907,MAHARASHTRA,701,43
310907,MAHARASHTRA,702,240
310907,MAHARASHTRA,703,88
310907,MAHARASHTRA,704,89
310907,MAHARASHTRA,705,200
310907,MAHARASHTRA,706,262
310907,MAHARASHTRA,707,275
310907,MAHARASHTRA,708,134
310907,MAHARASHTRA,709,80
310907,MAHARASHTRA,710,463
310907,MAHARASHTRA,711,96
310907,MAHARASHTRA,712,570
310907,MAHARASHTRA,713,65
310907,MAHARASHTRA,714,263
310907,MAHARASHTRA,715,602
310907,MAHARASHTRA,716,202
310907,MAHARASHTRA,717,467
310907,MAHARASHTRA,718,185
310907,MAHARASHTRA,719,375
310907,MAHARASHTRA,720,218
310907,MAHARASHTRA,721,141
310907,MAHARASHTRA,722,89
310907,MAHARASHTRA,723,235
310907,MAHARASHTRA,724,29
310907,MAHARASHTRA,725,118
310907,MAHARASHTRA,726,25
310907,MAHARASHTRA,727,412
310907,MAHARASHTRA,728,225
310907,MAHARASHTRA,729,101
310907,MAHARASHTRA,730,195
310907,MAHARASHTRA,731,113
310907,MAHARASHTRA,732,355
310907,MAHARASHTRA,733,23
310907,MAHARASHTRA,734,201
310907,MAHARASHTRA,735,366
310907,MAHARASHTRA,736,130
310907,MAHARASHTRA,737,76
310907,MAHARASHTRA,738,259
310907,MAHARASHTRA,739,20
310907,MAHARASHTRA,740,43
310907,MAHARASHTRA,741,94
310907,MAHARASHTRA,742,181
310907,MAHARASHTRA,743,476
310907,MAHARASHTRA,744,315
310907,MAHARASHTRA,745,390
310907,MAHARASHTRA,746,60
310907,MAHARASHTRA,747,126
310907,MAHARASHTRA,748,180
310907,MAHARASHTRA,749,663
310907,MAHARASHTRA,750,32
310907,MAHARASHTRA,751,278
310907,MAHARASHTRA,752,171
310907,MAHARASHTRA,753,129
310907,MAHARASHTRA,754,40
310907,MAHARASHTRA,755,51
310907,MAHARASHTRA,756,205
310907,MAHARASHTRA,757,586
310907,MAHARASHTRA,758,501
310907,MAHARASHTRA,759,224
310907,MAHARASHTRA,760,661
310907,MAHARASHTRA,761,246
310907,MAHARASHTRA,762,95
310907,MAHARASHTRA,763,95
310907,MAHARASHTRA,764,680
310907,MAHARASHTRA,765,343
310907,MAHARASHTRA,766,305
310907,MAHARASHTRA,767,493
310907,MAHARASHTRA,768,469
310907,MAHARASHTRA,769,182
310907,MAHARASHTRA,770,409
310907,MAHARASHTRA,771,409
310907,MAHARASHTRA,772,345
310907,MAHARASHTRA,773,469
310907,MAHARASHTRA,774,202
310907,MAHARASHTRA,775,26
310907,MAHARASHTRA,776,602
310907,MAHARASHTRA,777,58
310907,MAHARASHTRA,778,281
