Center Number,State Name,Srl No,Marks
310911,MAHARASHTRA,1,160
310911,MAHARASHTRA,2,147
310911,MAHARASHTRA,3,309
310911,MAHARASHTRA,4,354
310911,MAHARASHTRA,5,284
310911,MAHARASHTRA,6,171
310911,MAHARASHTRA,7,618
310911,MAHARASHTRA,8,650
310911,MAHARASHTRA,9,275
310911,MAHARASHTRA,10,14
310911,MAHARASHTRA,11,224
310911,MAHARASHTRA,12,256
310911,MAHARASHTRA,13,373
310911,MAHARASHTRA,14,252
310911,MAHARASHTRA,15,277
310911,MAHARASHTRA,16,519
310911,MAHARASHTRA,17,229
310911,MAHARASHTRA,18,102
310911,MAHARASHTRA,19,50
310911,MAHARASHTRA,20,34
310911,MAHARASHTRA,21,411
310911,MAHARASHTRA,22,94
310911,MAHARASHTRA,23,264
310911,MAHARASHTRA,24,58
310911,MAHARASHTRA,25,34
310911,MAHARASHTRA,26,26
310911,MAHARASHTRA,27,277
310911,MAHARASHTRA,28,336
310911,MAHARASHTRA,29,116
310911,MAHARASHTRA,30,470
310911,MAHARASHTRA,31,111
310911,MAHARASHTRA,32,207
310911,MAHARASHTRA,33,62
310911,MAHARASHTRA,34,621
310911,MAHARASHTRA,35,254
310911,MAHARASHTRA,36,550
310911,MAHARASHTRA,37,54
310911,MAHARASHTRA,38,342
310911,MAHARASHTRA,39,642
310911,MAHARASHTRA,40,378
310911,MAHARASHTRA,41,214
310911,MAHARASHTRA,42,131
310911,MAHARASHTRA,43,72
310911,MAHARASHTRA,44,167
310911,MAHARASHTRA,45,179
310911,MAHARASHTRA,46,547
310911,MAHARASHTRA,47,160
310911,MAHARASHTRA,48,287
310911,MAHARASHTRA,49,274
310911,MAHARASHTRA,50,265
310911,MAHARASHTRA,51,300
310911,MAHARASHTRA,52,85
310911,MAHARASHTRA,53,135
310911,MAHARASHTRA,54,466
310911,MAHARASHTRA,55,510
310911,MAHARASHTRA,56,209
310911,MAHARASHTRA,57,21
310911,MAHARASHTRA,58,51
310911,MAHARASHTRA,59,126
310911,MAHARASHTRA,60,354
310911,MAHARASHTRA,61,540
310911,MAHARASHTRA,62,116
310911,MAHARASHTRA,63,233
310911,MAHARASHTRA,64,80
310911,MAHARASHTRA,65,627
310911,MAHARASHTRA,66,425
310911,MAHARASHTRA,67,83
310911,MAHARASHTRA,68,49
310911,MAHARASHTRA,69,226
310911,MAHARASHTRA,70,410
310911,MAHARASHTRA,71,126
310911,MAHARASHTRA,72,111
310911,MAHARASHTRA,73,35
310911,MAHARASHTRA,74,90
310911,MAHARASHTRA,75,380
310911,MAHARASHTRA,76,100
310911,MAHARASHTRA,77,190
310911,MAHARASHTRA,78,118
310911,MAHARASHTRA,79,297
310911,MAHARASHTRA,80,145
310911,MAHARASHTRA,81,303
310911,MAHARASHTRA,82,245
310911,MAHARASHTRA,83,122
310911,MAHARASHTRA,84,420
310911,MAHARASHTRA,85,173
310911,MAHARASHTRA,86,134
310911,MAHARASHTRA,87,27
310911,MAHARASHTRA,88,130
310911,MAHARASHTRA,89,486
310911,MAHARASHTRA,90,62
310911,MAHARASHTRA,91,76
310911,MAHARASHTRA,92,533
310911,MAHARASHTRA,93,177
310911,MAHARASHTRA,94,396
310911,MAHARASHTRA,95,261
310911,MAHARASHTRA,96,111
310911,MAHARASHTRA,97,454
310911,MAHARASHTRA,98,364
310911,MAHARASHTRA,99,140
310911,MAHARASHTRA,100,59
310911,MAHARASHTRA,101,470
310911,MAHARASHTRA,102,366
310911,MAHARASHTRA,103,223
310911,MAHARASHTRA,104,109
310911,MAHARASHTRA,105,686
310911,MAHARASHTRA,106,349
310911,MAHARASHTRA,107,260
310911,MAHARASHTRA,108,139
310911,MAHARASHTRA,109,231
310911,MAHARASHTRA,110,105
310911,MAHARASHTRA,111,185
310911,MAHARASHTRA,112,515
310911,MAHARASHTRA,113,443
310911,MAHARASHTRA,114,360
310911,MAHARASHTRA,115,192
310911,MAHARASHTRA,116,662
310911,MAHARASHTRA,117,437
310911,MAHARASHTRA,118,66
310911,MAHARASHTRA,119,452
310911,MAHARASHTRA,120,310
310911,MAHARASHTRA,121,123
310911,MAHARASHTRA,122,23
310911,MAHARASHTRA,123,337
310911,MAHARASHTRA,124,337
310911,MAHARASHTRA,125,120
310911,MAHARASHTRA,126,570
310911,MAHARASHTRA,127,36
310911,MAHARASHTRA,128,51
310911,MAHARASHTRA,129,230
310911,MAHARASHTRA,130,497
310911,MAHARASHTRA,131,71
310911,MAHARASHTRA,132,74
310911,MAHARASHTRA,133,398
310911,MAHARASHTRA,134,416
310911,MAHARASHTRA,135,428
310911,MAHARASHTRA,136,311
310911,MAHARASHTRA,137,405
310911,MAHARASHTRA,138,17
310911,MAHARASHTRA,139,83
310911,MAHARASHTRA,140,554
310911,MAHARASHTRA,141,600
310911,MAHARASHTRA,142,78
310911,MAHARASHTRA,143,56
310911,MAHARASHTRA,144,65
310911,MAHARASHTRA,145,48
310911,MAHARASHTRA,146,490
310911,MAHARASHTRA,147,449
310911,MAHARASHTRA,10,149
310911,MAHARASHTRA,116,150
310911,MAHARASHTRA,151,260
310911,MAHARASHTRA,152,402
310911,MAHARASHTRA,153,480
310911,MAHARASHTRA,154,439
310911,MAHARASHTRA,155,205
310911,MAHARASHTRA,156,392
310911,MAHARASHTRA,157,237
310911,MAHARASHTRA,158,267
310911,MAHARASHTRA,159,302
310911,MAHARASHTRA,160,324
310911,MAHARASHTRA,161,351
310911,MAHARASHTRA,162,324
310911,MAHARASHTRA,163,148
310911,MAHARASHTRA,164,108
310911,MAHARASHTRA,165,312
310911,MAHARASHTRA,166,308
310911,MAHARASHTRA,167,153
310911,MAHARASHTRA,168,143
310911,MAHARASHTRA,169,399
310911,MAHARASHTRA,170,511
310911,MAHARASHTRA,171,90
310911,MAHARASHTRA,172,33
310911,MAHARASHTRA,173,285
310911,MAHARASHTRA,174,399
310911,MAHARASHTRA,175,100
310911,MAHARASHTRA,176,435
310911,MAHARASHTRA,177,349
310911,MAHARASHTRA,178,66
310911,MAHARASHTRA,179,86
310911,MAHARASHTRA,180,383
310911,MAHARASHTRA,181,415
310911,MAHARASHTRA,182,203
310911,MAHARASHTRA,183,306
310911,MAHARASHTRA,184,631
310911,MAHARASHTRA,185,127
310911,MAHARASHTRA,186,119
310911,MAHARASHTRA,187,375
310911,MAHARASHTRA,188,656
310911,MAHARASHTRA,189,148
310911,MAHARASHTRA,190,493
310911,MAHARASHTRA,191,255
310911,MAHARASHTRA,192,112
310911,MAHARASHTRA,193,214
310911,MAHARASHTRA,194,215
310911,MAHARASHTRA,195,308
310911,MAHARASHTRA,196,79
310911,MAHARASHTRA,197,321
310911,MAHARASHTRA,198,213
310911,MAHARASHTRA,199,286
310911,MAHARASHTRA,200,506
310911,MAHARASHTRA,201,187
310911,MAHARASHTRA,202,533
310911,MAHARASHTRA,203,96
310911,MAHARASHTRA,204,98
310911,MAHARASHTRA,205,49
310911,MAHARASHTRA,206,490
310911,MAHARASHTRA,207,585
310911,MAHARASHTRA,208,251
310911,MAHARASHTRA,209,92
310911,MAHARASHTRA,210,558
310911,MAHARASHTRA,211,99
310911,MAHARASHTRA,212,136
310911,MAHARASHTRA,213,287
310911,MAHARASHTRA,214,10
310911,MAHARASHTRA,215,123
310911,MAHARASHTRA,216,116
310911,MAHARASHTRA,217,136
310911,MAHARASHTRA,218,281
310911,MAHARASHTRA,219,416
310911,MAHARASHTRA,220,122
310911,MAHARASHTRA,221,510
310911,MAHARASHTRA,222,84
310911,MAHARASHTRA,223,510
310911,MAHARASHTRA,224,488
310911,MAHARASHTRA,225,106
310911,MAHARASHTRA,226,37
310911,MAHARASHTRA,227,25
310911,MAHARASHTRA,228,95
310911,MAHARASHTRA,229,453
310911,MAHARASHTRA,230,516
310911,MAHARASHTRA,231,126
310911,MAHARASHTRA,232,31
310911,MAHARASHTRA,233,87
310911,MAHARASHTRA,234,40
310911,MAHARASHTRA,235,112
310911,MAHARASHTRA,236,422
310911,MAHARASHTRA,237,151
310911,MAHARASHTRA,238,598
310911,MAHARASHTRA,239,226
310911,MAHARASHTRA,240,142
310911,MAHARASHTRA,241,587
310911,MAHARASHTRA,242,122
310911,MAHARASHTRA,243,493
310911,MAHARASHTRA,244,635
310911,MAHARASHTRA,245,79
310911,MAHARASHTRA,246,534
310911,MAHARASHTRA,247,452
310911,MAHARASHTRA,248,660
310911,MAHARASHTRA,249,199
310911,MAHARASHTRA,250,253
310911,MAHARASHTRA,251,296
310911,MAHARASHTRA,252,97
310911,MAHARASHTRA,253,342
310911,MAHARASHTRA,254,128
310911,MAHARASHTRA,255,121
310911,MAHARASHTRA,256,38
310911,MAHARASHTRA,257,139
310911,MAHARASHTRA,258,44
310911,MAHARASHTRA,259,592
310911,MAHARASHTRA,260,297
310911,MAHARASHTRA,261,94
310911,MAHARASHTRA,262,535
310911,MAHARASHTRA,263,227
310911,MAHARASHTRA,264,209
310911,MAHARASHTRA,265,406
310911,MAHARASHTRA,266,71
310911,MAHARASHTRA,267,100
310911,MAHARASHTRA,268,95
310911,MAHARASHTRA,269,532
310911,MAHARASHTRA,270,60
310911,MAHARASHTRA,271,631
310911,MAHARASHTRA,272,81
310911,MAHARASHTRA,273,233
310911,MAHARASHTRA,274,591
310911,MAHARASHTRA,275,450
310911,MAHARASHTRA,276,360
310911,MAHARASHTRA,277,306
310911,MAHARASHTRA,278,397
310911,MAHARASHTRA,279,10
310911,MAHARASHTRA,280,633
310911,MAHARASHTRA,281,162
310911,MAHARASHTRA,282,114
310911,MAHARASHTRA,283,189
310911,MAHARASHTRA,284,153
310911,MAHARASHTRA,285,240
310911,MAHARASHTRA,286,109
310911,MAHARASHTRA,287,143
310911,MAHARASHTRA,288,208
310911,MAHARASHTRA,289,425
310911,MAHARASHTRA,290,260
310911,MAHARASHTRA,291,105
310911,MAHARASHTRA,292,88
310911,MAHARASHTRA,293,40
310911,MAHARASHTRA,294,52
310911,MAHARASHTRA,295,457
310911,MAHARASHTRA,296,381
310911,MAHARASHTRA,297,453
310911,MAHARASHTRA,298,167
310911,MAHARASHTRA,299,80
310911,MAHARASHTRA,300,25
310911,MAHARASHTRA,301,91
310911,MAHARASHTRA,302,26
310911,MAHARASHTRA,303,214
310911,MAHARASHTRA,304,118
310911,MAHARASHTRA,305,446
310911,MAHARASHTRA,306,390
310911,MAHARASHTRA,307,358
310911,MAHARASHTRA,308,614
310911,MAHARASHTRA,309,212
310911,MAHARASHTRA,310,476
310911,MAHARASHTRA,311,387
310911,MAHARASHTRA,312,533
310911,MAHARASHTRA,313,426
310911,MAHARASHTRA,314,539
310911,MAHARASHTRA,315,517
310911,MAHARASHTRA,316,313
310911,MAHARASHTRA,317,228
310911,MAHARASHTRA,318,279
310911,MAHARASHTRA,319,263
310911,MAHARASHTRA,320,198
310911,MAHARASHTRA,321,431
310911,MAHARASHTRA,322,95
310911,MAHARASHTRA,323,226
310911,MAHARASHTRA,324,254
310911,MAHARASHTRA,325,48
310911,MAHARASHTRA,326,374
310911,MAHARASHTRA,327,323
310911,MAHARASHTRA,328,106
310911,MAHARASHTRA,329,322
310911,MAHARASHTRA,330,163
310911,MAHARASHTRA,331,149
310911,MAHARASHTRA,332,152
310911,MAHARASHTRA,333,575
310911,MAHARASHTRA,334,70
310911,MAHARASHTRA,335,313
310911,MAHARASHTRA,7,337
310911,MAHARASHTRA,681,338
310911,MAHARASHTRA,121,339
310911,MAHARASHTRA,225,340
310911,MAHARASHTRA,456,341
310911,MAHARASHTRA,510,342
310911,MAHARASHTRA,700,343
310911,MAHARASHTRA,157,344
310911,MAHARASHTRA,86,345
310911,MAHARASHTRA,16,346
310911,MAHARASHTRA,432,347
310911,MAHARASHTRA,592,348
310911,MAHARASHTRA,30,349
310911,MAHARASHTRA,75,350
310911,MAHARASHTRA,300,351
310911,MAHARASHTRA,85,352
310911,MAHARASHTRA,124,353
310911,MAHARASHTRA,264,354
310911,MAHARASHTRA,609,355
310911,MAHARASHTRA,30,356
310911,MAHARASHTRA,228,357
310911,MAHARASHTRA,52,358
310911,MAHARASHTRA,354,359
310911,MAHARASHTRA,83,360
310911,MAHARASHTRA,361,155
310911,MAHARASHTRA,362,59
310911,MAHARASHTRA,363,59
310911,MAHARASHTRA,364,21
310911,MAHARASHTRA,365,401
310911,MAHARASHTRA,366,144
310911,MAHARASHTRA,367,384
310911,MAHARASHTRA,368,361
310911,MAHARASHTRA,369,38
310911,MAHARASHTRA,370,398
310911,MAHARASHTRA,371,393
310911,MAHARASHTRA,372,78
310911,MAHARASHTRA,373,363
310911,MAHARASHTRA,374,214
310911,MAHARASHTRA,375,159
310911,MAHARASHTRA,376,90
310911,MAHARASHTRA,377,295
310911,MAHARASHTRA,378,380
310911,MAHARASHTRA,379,437
310911,MAHARASHTRA,380,158
310911,MAHARASHTRA,381,670
310911,MAHARASHTRA,382,109
310911,MAHARASHTRA,6,384
310911,MAHARASHTRA,109,385
310911,MAHARASHTRA,381,386
310911,MAHARASHTRA,515,387
310911,MAHARASHTRA,332,388
310911,MAHARASHTRA,620,389
310911,MAHARASHTRA,16,390
310911,MAHARASHTRA,391,152
310911,MAHARASHTRA,392,384
310911,MAHARASHTRA,393,341
310911,MAHARASHTRA,394,140
310911,MAHARASHTRA,395,60
310911,MAHARASHTRA,396,87
310911,MAHARASHTRA,397,3
310911,MAHARASHTRA,398,37
310911,MAHARASHTRA,399,546
310911,MAHARASHTRA,400,47
310911,MAHARASHTRA,401,95
310911,MAHARASHTRA,402,205
310911,MAHARASHTRA,403,139
310911,MAHARASHTRA,404,587
310911,MAHARASHTRA,405,326
310911,MAHARASHTRA,406,232
310911,MAHARASHTRA,407,441
310911,MAHARASHTRA,408,85
310911,MAHARASHTRA,409,188
310911,MAHARASHTRA,410,126
310911,MAHARASHTRA,411,264
310911,MAHARASHTRA,412,57
310911,MAHARASHTRA,413,571
310911,MAHARASHTRA,414,501
310911,MAHARASHTRA,415,470
310911,MAHARASHTRA,416,80
310911,MAHARASHTRA,417,599
310911,MAHARASHTRA,418,169
310911,MAHARASHTRA,419,408
310911,MAHARASHTRA,420,428
310911,MAHARASHTRA,421,229
310911,MAHARASHTRA,422,492
310911,MAHARASHTRA,423,361
310911,MAHARASHTRA,424,205
310911,MAHARASHTRA,425,180
310911,MAHARASHTRA,426,243
310911,MAHARASHTRA,427,140
310911,MAHARASHTRA,428,406
310911,MAHARASHTRA,429,128
310911,MAHARASHTRA,430,421
310911,MAHARASHTRA,431,234
310911,MAHARASHTRA,432,134
310911,MAHARASHTRA,433,515
310911,MAHARASHTRA,434,36
310911,MAHARASHTRA,435,260
310911,MAHARASHTRA,436,328
310911,MAHARASHTRA,437,40
310911,MAHARASHTRA,438,26
310911,MAHARASHTRA,439,100
310911,MAHARASHTRA,440,310
310911,MAHARASHTRA,441,177
310911,MAHARASHTRA,442,276
310911,MAHARASHTRA,443,155
310911,MAHARASHTRA,444,245
310911,MAHARASHTRA,445,399
310911,MAHARASHTRA,446,83
310911,MAHARASHTRA,447,19
310911,MAHARASHTRA,448,312
310911,MAHARASHTRA,449,107
310911,MAHARASHTRA,450,119
310911,MAHARASHTRA,451,125
310911,MAHARASHTRA,452,50
310911,MAHARASHTRA,453,593
310911,MAHARASHTRA,454,216
310911,MAHARASHTRA,455,203
310911,MAHARASHTRA,456,56
310911,MAHARASHTRA,457,410
310911,MAHARASHTRA,458,83
310911,MAHARASHTRA,459,131
310911,MAHARASHTRA,460,85
310911,MAHARASHTRA,461,213
310911,MAHARASHTRA,462,252
310911,MAHARASHTRA,463,227
310911,MAHARASHTRA,464,188
310911,MAHARASHTRA,465,132
310911,MAHARASHTRA,466,201
310911,MAHARASHTRA,467,50
310911,MAHARASHTRA,468,580
310911,MAHARASHTRA,469,538
310911,MAHARASHTRA,470,338
310911,MAHARASHTRA,471,124
310911,MAHARASHTRA,472,16
310911,MAHARASHTRA,473,137
310911,MAHARASHTRA,474,220
310911,MAHARASHTRA,475,554
310911,MAHARASHTRA,476,165
310911,MAHARASHTRA,477,585
310911,MAHARASHTRA,478,116
310911,MAHARASHTRA,479,145
310911,MAHARASHTRA,480,484
310911,MAHARASHTRA,481,119
310911,MAHARASHTRA,482,160
310911,MAHARASHTRA,483,540
310911,MAHARASHTRA,484,445
310911,MAHARASHTRA,485,34
310911,MAHARASHTRA,486,210
310911,MAHARASHTRA,487,438
310911,MAHARASHTRA,488,166
310911,MAHARASHTRA,489,419
310911,MAHARASHTRA,490,486
310911,MAHARASHTRA,491,349
310911,MAHARASHTRA,492,434
310911,MAHARASHTRA,493,204
310911,MAHARASHTRA,494,382
310911,MAHARASHTRA,495,111
310911,MAHARASHTRA,496,7
310911,MAHARASHTRA,497,146
310911,MAHARASHTRA,498,120
310911,MAHARASHTRA,499,53
310911,MAHARASHTRA,500,349
310911,MAHARASHTRA,501,92
310911,MAHARASHTRA,502,129
310911,MAHARASHTRA,503,592
310911,MAHARASHTRA,504,190
310911,MAHARASHTRA,505,99
310911,MAHARASHTRA,506,535
310911,MAHARASHTRA,507,86
310911,MAHARASHTRA,508,115
310911,MAHARASHTRA,509,67
310911,MAHARASHTRA,510,593
310911,MAHARASHTRA,511,475
310911,MAHARASHTRA,512,161
310911,MAHARASHTRA,513,140
310911,MAHARASHTRA,514,43
310911,MAHARASHTRA,515,323
310911,MAHARASHTRA,516,177
310911,MAHARASHTRA,517,41
310911,MAHARASHTRA,518,80
310911,MAHARASHTRA,519,193
310911,MAHARASHTRA,520,165
310911,MAHARASHTRA,521,89
310911,MAHARASHTRA,522,49
310911,MAHARASHTRA,523,177
310911,MAHARASHTRA,524,40
310911,MAHARASHTRA,525,367
310911,MAHARASHTRA,526,424
310911,MAHARASHTRA,527,47
310911,MAHARASHTRA,528,80
310911,MAHARASHTRA,529,223
310911,MAHARASHTRA,530,124
310911,MAHARASHTRA,531,346
310911,MAHARASHTRA,532,520
310911,MAHARASHTRA,533,40
310911,MAHARASHTRA,534,163
310911,MAHARASHTRA,535,66
310911,MAHARASHTRA,536,55
310911,MAHARASHTRA,537,271
310911,MAHARASHTRA,538,468
310911,MAHARASHTRA,539,66
310911,MAHARASHTRA,540,96
310911,MAHARASHTRA,541,206
310911,MAHARASHTRA,542,652
310911,MAHARASHTRA,543,149
310911,MAHARASHTRA,544,346
310911,MAHARASHTRA,545,243
310911,MAHARASHTRA,546,352
310911,MAHARASHTRA,547,120
310911,MAHARASHTRA,548,44
310911,MAHARASHTRA,549,217
310911,MAHARASHTRA,550,241
310911,MAHARASHTRA,551,484
310911,MAHARASHTRA,552,215
310911,MAHARASHTRA,553,41
310911,MAHARASHTRA,554,566
310911,MAHARASHTRA,555,92
310911,MAHARASHTRA,556,214
310911,MAHARASHTRA,557,151
310911,MAHARASHTRA,558,563
310911,MAHARASHTRA,559,120
310911,MAHARASHTRA,560,268
310911,MAHARASHTRA,561,103
310911,MAHARASHTRA,562,44
310911,MAHARASHTRA,563,454
310911,MAHARASHTRA,564,297
310911,MAHARASHTRA,565,492
310911,MAHARASHTRA,566,22
310911,MAHARASHTRA,567,59
310911,MAHARASHTRA,568,580
310911,MAHARASHTRA,569,87
310911,MAHARASHTRA,570,305
310911,MAHARASHTRA,571,312
310911,MAHARASHTRA,572,195
310911,MAHARASHTRA,573,111
