Center Number,State Name,Srl No,Marks
311012,MAHARASHTRA,1,166
311012,MAHARASHTRA,2,134
311012,MAHARASHTRA,3,99
311012,MAHARASHTRA,4,208
311012,MAHARASHTRA,5,434
311012,MAHARASHTRA,6,322
311012,MAHARASHTRA,7,57
311012,MAHARASHTRA,8,94
311012,MAHARASHTRA,9,97
311012,MAHARASHTRA,10,644
311012,MAHARASHTRA,11,117
311012,MAHARASHTRA,12,367
311012,MAHARASHTRA,13,58
311012,MAHARASHTRA,14,284
311012,MAHARASHTRA,15,117
311012,MAHARASHTRA,16,118
311012,MAHARASHTRA,17,266
311012,MAHARASHTRA,18,402
311012,MAHARASHTRA,19,74
311012,MAHARASHTRA,20,47
311012,MAHARASHTRA,21,658
311012,MAHARASHTRA,22,272
311012,MAHARASHTRA,23,346
311012,MAHARASHTRA,24,54
311012,MAHARASHTRA,25,385
311012,MAHARASHTRA,26,104
311012,MAHARASHTRA,27,598
311012,MAHARASHTRA,28,290
311012,MAHARASHTRA,29,331
311012,MAHARASHTRA,30,79
311012,MAHARASHTRA,31,103
311012,MAHARASHTRA,32,133
311012,MAHARASHTRA,33,128
311012,MAHARASHTRA,34,207
311012,MAHARASHTRA,35,66
311012,MAHARASHTRA,36,194
311012,MAHARASHTRA,37,277
311012,MAHARASHTRA,38,21
311012,MAHARASHTRA,39,89
311012,MAHARASHTRA,40,293
311012,MAHARASHTRA,41,381
311012,MAHARASHTRA,42,296
311012,MAHARASHTRA,43,74
311012,MAHARASHTRA,44,20
311012,MAHARASHTRA,45,114
311012,MAHARASHTRA,46,426
311012,MAHARASHTRA,47,130
311012,MAHARASHTRA,48,18
311012,MAHARASHTRA,49,302
311012,MAHARASHTRA,50,572
311012,MAHARASHTRA,51,406
311012,MAHARASHTRA,52,78
311012,MAHARASHTRA,53,21
311012,MAHARASHTRA,54,618
311012,MAHARASHTRA,55,278
311012,MAHARASHTRA,56,66
311012,MAHARASHTRA,57,35
311012,MAHARASHTRA,58,561
311012,MAHARASHTRA,59,70
311012,MAHARASHTRA,60,347
311012,MAHARASHTRA,61,124
311012,MAHARASHTRA,62,163
311012,MAHARASHTRA,63,404
311012,MAHARASHTRA,64,67
311012,MAHARASHTRA,65,257
311012,MAHARASHTRA,66,115
311012,MAHARASHTRA,67,95
311012,MAHARASHTRA,68,349
311012,MAHARASHTRA,69,54
311012,MAHARASHTRA,70,96
311012,MAHARASHTRA,71,169
311012,MAHARASHTRA,72,87
311012,MAHARASHTRA,73,528
311012,MAHARASHTRA,74,105
311012,MAHARASHTRA,75,255
311012,MAHARASHTRA,76,199
311012,MAHARASHTRA,77,133
311012,MAHARASHTRA,78,230
311012,MAHARASHTRA,79,427
311012,MAHARASHTRA,80,166
311012,MAHARASHTRA,81,302
311012,MAHARASHTRA,82,600
311012,MAHARASHTRA,83,137
311012,MAHARASHTRA,84,163
311012,MAHARASHTRA,85,189
311012,MAHARASHTRA,86,311
311012,MAHARASHTRA,87,81
311012,MAHARASHTRA,88,85
311012,MAHARASHTRA,89,124
311012,MAHARASHTRA,90,73
311012,MAHARASHTRA,91,254
311012,MAHARASHTRA,92,130
311012,MAHARASHTRA,93,422
311012,MAHARASHTRA,94,26
311012,MAHARASHTRA,95,81
311012,MAHARASHTRA,96,45
311012,MAHARASHTRA,97,59
311012,MAHARASHTRA,98,175
311012,MAHARASHTRA,99,137
311012,MAHARASHTRA,100,502
311012,MAHARASHTRA,101,97
311012,MAHARASHTRA,102,95
311012,MAHARASHTRA,103,216
311012,MAHARASHTRA,104,700
311012,MAHARASHTRA,105,402
311012,MAHARASHTRA,106,240
311012,MAHARASHTRA,107,158
311012,MAHARASHTRA,108,152
311012,MAHARASHTRA,109,320
311012,MAHARASHTRA,110,187
311012,MAHARASHTRA,111,220
311012,MAHARASHTRA,112,178
311012,MAHARASHTRA,113,157
311012,MAHARASHTRA,114,105
311012,MAHARASHTRA,115,468
311012,MAHARASHTRA,116,45
311012,MAHARASHTRA,117,300
311012,MAHARASHTRA,118,571
311012,MAHARASHTRA,119,138
311012,MAHARASHTRA,120,353
311012,MAHARASHTRA,121,199
311012,MAHARASHTRA,122,225
311012,MAHARASHTRA,123,537
311012,MAHARASHTRA,124,70
311012,MAHARASHTRA,125,543
311012,MAHARASHTRA,126,144
311012,MAHARASHTRA,127,313
311012,MAHARASHTRA,128,115
311012,MAHARASHTRA,129,466
311012,MAHARASHTRA,130,535
311012,MAHARASHTRA,131,206
311012,MAHARASHTRA,132,285
311012,MAHARASHTRA,133,301
311012,MAHARASHTRA,134,72
311012,MAHARASHTRA,135,171
311012,MAHARASHTRA,136,249
311012,MAHARASHTRA,2,138
311012,MAHARASHTRA,242,139
311012,MAHARASHTRA,395,140
311012,MAHARASHTRA,611,141
311012,MAHARASHTRA,325,142
311012,MAHARASHTRA,140,143
311012,MAHARASHTRA,491,144
311012,MAHARASHTRA,228,145
311012,MAHARASHTRA,271,146
311012,MAHARASHTRA,326,147
311012,MAHARASHTRA,247,148
311012,MAHARASHTRA,470,149
311012,MAHARASHTRA,80,150
311012,MAHARASHTRA,151,25
311012,MAHARASHTRA,152,69
311012,MAHARASHTRA,153,48
311012,MAHARASHTRA,154,620
311012,MAHARASHTRA,155,92
311012,MAHARASHTRA,156,14
311012,MAHARASHTRA,157,234
311012,MAHARASHTRA,158,345
311012,MAHARASHTRA,159,143
311012,MAHARASHTRA,160,103
311012,MAHARASHTRA,161,148
311012,MAHARASHTRA,162,268
311012,MAHARASHTRA,163,109
311012,MAHARASHTRA,164,50
311012,MAHARASHTRA,165,186
311012,MAHARASHTRA,166,218
311012,MAHARASHTRA,167,477
311012,MAHARASHTRA,168,194
311012,MAHARASHTRA,169,213
311012,MAHARASHTRA,170,177
311012,MAHARASHTRA,171,293
311012,MAHARASHTRA,172,229
311012,MAHARASHTRA,173,86
311012,MAHARASHTRA,174,220
311012,MAHARASHTRA,175,101
311012,MAHARASHTRA,176,163
311012,MAHARASHTRA,177,259
311012,MAHARASHTRA,178,175
311012,MAHARASHTRA,179,134
311012,MAHARASHTRA,180,99
311012,MAHARASHTRA,181,193
311012,MAHARASHTRA,182,230
311012,MAHARASHTRA,183,77
311012,MAHARASHTRA,184,10
311012,MAHARASHTRA,185,99
311012,MAHARASHTRA,186,364
311012,MAHARASHTRA,187,341
311012,MAHARASHTRA,188,103
311012,MAHARASHTRA,189,341
311012,MAHARASHTRA,190,3
311012,MAHARASHTRA,191,632
311012,MAHARASHTRA,192,59
311012,MAHARASHTRA,193,59
311012,MAHARASHTRA,194,45
311012,MAHARASHTRA,195,154
311012,MAHARASHTRA,196,485
311012,MAHARASHTRA,197,193
311012,MAHARASHTRA,198,262
311012,MAHARASHTRA,199,109
311012,MAHARASHTRA,200,183
311012,MAHARASHTRA,201,146
311012,MAHARASHTRA,202,83
311012,MAHARASHTRA,203,256
311012,MAHARASHTRA,204,450
311012,MAHARASHTRA,205,36
311012,MAHARASHTRA,206,229
311012,MAHARASHTRA,207,119
311012,MAHARASHTRA,208,135
311012,MAHARASHTRA,209,279
311012,MAHARASHTRA,210,266
311012,MAHARASHTRA,211,206
311012,MAHARASHTRA,212,191
311012,MAHARASHTRA,213,159
311012,MAHARASHTRA,214,285
311012,MAHARASHTRA,215,266
311012,MAHARASHTRA,216,151
311012,MAHARASHTRA,217,65
311012,MAHARASHTRA,218,121
311012,MAHARASHTRA,219,272
311012,MAHARASHTRA,220,321
311012,MAHARASHTRA,221,355
311012,MAHARASHTRA,222,340
311012,MAHARASHTRA,223,310
311012,MAHARASHTRA,224,192
311012,MAHARASHTRA,225,111
311012,MAHARASHTRA,226,197
311012,MAHARASHTRA,227,8
311012,MAHARASHTRA,228,64
311012,MAHARASHTRA,229,83
311012,MAHARASHTRA,230,59
311012,MAHARASHTRA,231,568
311012,MAHARASHTRA,232,107
311012,MAHARASHTRA,233,239
311012,MAHARASHTRA,234,216
311012,MAHARASHTRA,235,61
311012,MAHARASHTRA,236,173
311012,MAHARASHTRA,237,118
311012,MAHARASHTRA,238,73
311012,MAHARASHTRA,239,284
311012,MAHARASHTRA,240,92
311012,MAHARASHTRA,241,154
311012,MAHARASHTRA,242,432
311012,MAHARASHTRA,243,116
311012,MAHARASHTRA,244,389
311012,MAHARASHTRA,245,590
311012,MAHARASHTRA,246,82
311012,MAHARASHTRA,247,481
311012,MAHARASHTRA,248,70
311012,MAHARASHTRA,249,395
311012,MAHARASHTRA,250,465
311012,MAHARASHTRA,251,505
311012,MAHARASHTRA,252,274
311012,MAHARASHTRA,253,275
311012,MAHARASHTRA,254,544
311012,MAHARASHTRA,255,243
311012,MAHARASHTRA,256,577
311012,MAHARASHTRA,257,322
311012,MAHARASHTRA,258,441
311012,MAHARASHTRA,259,49
311012,MAHARASHTRA,260,64
311012,MAHARASHTRA,261,527
311012,MAHARASHTRA,262,532
311012,MAHARASHTRA,263,133
311012,MAHARASHTRA,264,618
311012,MAHARASHTRA,265,180
311012,MAHARASHTRA,266,158
311012,MAHARASHTRA,267,128
311012,MAHARASHTRA,268,136
311012,MAHARASHTRA,269,62
311012,MAHARASHTRA,270,131
311012,MAHARASHTRA,271,106
311012,MAHARASHTRA,272,90
311012,MAHARASHTRA,273,139
311012,MAHARASHTRA,274,78
311012,MAHARASHTRA,275,212
311012,MAHARASHTRA,276,399
311012,MAHARASHTRA,277,195
311012,MAHARASHTRA,278,246
311012,MAHARASHTRA,279,155
311012,MAHARASHTRA,280,239
311012,MAHARASHTRA,281,186
311012,MAHARASHTRA,282,21
311012,MAHARASHTRA,283,137
311012,MAHARASHTRA,284,180
311012,MAHARASHTRA,285,125
311012,MAHARASHTRA,286,231
311012,MAHARASHTRA,287,178
311012,MAHARASHTRA,288,165
311012,MAHARASHTRA,289,84
311012,MAHARASHTRA,290,90
311012,MAHARASHTRA,291,82
311012,MAHARASHTRA,292,55
311012,MAHARASHTRA,293,62
311012,MAHARASHTRA,294,106
311012,MAHARASHTRA,295,543
311012,MAHARASHTRA,296,333
311012,MAHARASHTRA,297,166
311012,MAHARASHTRA,298,251
311012,MAHARASHTRA,299,205
311012,MAHARASHTRA,300,28
311012,MAHARASHTRA,301,431
311012,MAHARASHTRA,302,242
311012,MAHARASHTRA,303,187
311012,MAHARASHTRA,304,158
311012,MAHARASHTRA,305,85
311012,MAHARASHTRA,306,76
311012,MAHARASHTRA,307,140
311012,MAHARASHTRA,308,340
311012,MAHARASHTRA,309,203
311012,MAHARASHTRA,310,85
311012,MAHARASHTRA,311,201
311012,MAHARASHTRA,312,298
311012,MAHARASHTRA,313,203
311012,MAHARASHTRA,314,239
311012,MAHARASHTRA,315,526
311012,MAHARASHTRA,316,195
311012,MAHARASHTRA,317,97
311012,MAHARASHTRA,318,126
311012,MAHARASHTRA,319,84
311012,MAHARASHTRA,320,178
311012,MAHARASHTRA,321,582
311012,MAHARASHTRA,322,530
311012,MAHARASHTRA,323,142
311012,MAHARASHTRA,324,42
311012,MAHARASHTRA,325,108
311012,MAHARASHTRA,326,124
311012,MAHARASHTRA,327,268
311012,MAHARASHTRA,328,82
311012,MAHARASHTRA,329,169
311012,MAHARASHTRA,330,573
311012,MAHARASHTRA,331,143
311012,MAHARASHTRA,332,669
311012,MAHARASHTRA,333,130
311012,MAHARASHTRA,334,138
311012,MAHARASHTRA,335,425
311012,MAHARASHTRA,336,36
311012,MAHARASHTRA,337,87
311012,MAHARASHTRA,338,224
311012,MAHARASHTRA,339,133
311012,MAHARASHTRA,340,113
311012,MAHARASHTRA,341,143
311012,MAHARASHTRA,342,161
311012,MAHARASHTRA,343,485
311012,MAHARASHTRA,344,282
311012,MAHARASHTRA,345,166
311012,MAHARASHTRA,346,100
311012,MAHARASHTRA,347,283
311012,MAHARASHTRA,348,666
311012,MAHARASHTRA,349,205
311012,MAHARASHTRA,350,176
311012,MAHARASHTRA,351,32
311012,MAHARASHTRA,352,36
311012,MAHARASHTRA,353,125
311012,MAHARASHTRA,354,285
311012,MAHARASHTRA,355,198
311012,MAHARASHTRA,356,115
311012,MAHARASHTRA,357,245
311012,MAHARASHTRA,358,27
311012,MAHARASHTRA,359,488
311012,MAHARASHTRA,360,496
311012,MAHARASHTRA,361,107
311012,MAHARASHTRA,362,266
311012,MAHARASHTRA,363,237
311012,MAHARASHTRA,364,627
311012,MAHARASHTRA,365,154
311012,MAHARASHTRA,366,408
311012,MAHARASHTRA,367,365
311012,MAHARASHTRA,368,277
311012,MAHARASHTRA,369,616
311012,MAHARASHTRA,370,130
311012,MAHARASHTRA,371,345
311012,MAHARASHTRA,372,98
311012,MAHARASHTRA,373,166
311012,MAHARASHTRA,374,124
311012,MAHARASHTRA,375,115
311012,MAHARASHTRA,376,333
311012,MAHARASHTRA,377,64
311012,MAHARASHTRA,378,73
311012,MAHARASHTRA,379,554
311012,MAHARASHTRA,380,76
311012,MAHARASHTRA,381,178
311012,MAHARASHTRA,382,356
311012,MAHARASHTRA,383,365
311012,MAHARASHTRA,384,492
311012,MAHARASHTRA,385,101
311012,MAHARASHTRA,386,173
311012,MAHARASHTRA,387,604
311012,MAHARASHTRA,388,228
311012,MAHARASHTRA,389,227
311012,MAHARASHTRA,390,333
311012,MAHARASHTRA,391,695
311012,MAHARASHTRA,392,42
311012,MAHARASHTRA,393,529
311012,MAHARASHTRA,394,351
311012,MAHARASHTRA,395,120
311012,MAHARASHTRA,396,135
311012,MAHARASHTRA,397,160
311012,MAHARASHTRA,398,62
311012,MAHARASHTRA,399,104
311012,MAHARASHTRA,400,18
311012,MAHARASHTRA,401,601
311012,MAHARASHTRA,402,395
311012,MAHARASHTRA,403,74
311012,MAHARASHTRA,404,105
311012,MAHARASHTRA,405,338
311012,MAHARASHTRA,406,568
311012,MAHARASHTRA,407,85
311012,MAHARASHTRA,408,126
311012,MAHARASHTRA,409,94
311012,MAHARASHTRA,410,139
311012,MAHARASHTRA,411,147
311012,MAHARASHTRA,412,81
311012,MAHARASHTRA,413,54
311012,MAHARASHTRA,414,450
311012,MAHARASHTRA,415,92
311012,MAHARASHTRA,416,359
311012,MAHARASHTRA,417,442
311012,MAHARASHTRA,418,207
311012,MAHARASHTRA,419,115
311012,MAHARASHTRA,420,87
311012,MAHARASHTRA,421,467
311012,MAHARASHTRA,422,216
311012,MAHARASHTRA,423,401
311012,MAHARASHTRA,424,553
311012,MAHARASHTRA,425,335
311012,MAHARASHTRA,426,71
311012,MAHARASHTRA,427,243
311012,MAHARASHTRA,428,250
311012,MAHARASHTRA,429,240
311012,MAHARASHTRA,430,61
311012,MAHARASHTRA,431,356
311012,MAHARASHTRA,432,360
311012,MAHARASHTRA,433,605
311012,MAHARASHTRA,434,225
311012,MAHARASHTRA,435,223
311012,MAHARASHTRA,436,532
311012,MAHARASHTRA,437,649
311012,MAHARASHTRA,438,280
311012,MAHARASHTRA,439,123
311012,MAHARASHTRA,440,297
311012,MAHARASHTRA,441,100
311012,MAHARASHTRA,442,660
311012,MAHARASHTRA,443,53
311012,MAHARASHTRA,444,120
311012,MAHARASHTRA,445,438
311012,MAHARASHTRA,446,93
311012,MAHARASHTRA,447,180
311012,MAHARASHTRA,448,233
311012,MAHARASHTRA,449,192
311012,MAHARASHTRA,450,277
311012,MAHARASHTRA,451,472
311012,MAHARASHTRA,452,316
311012,MAHARASHTRA,453,305
311012,MAHARASHTRA,454,43
311012,MAHARASHTRA,455,440
311012,MAHARASHTRA,456,156
311012,MAHARASHTRA,457,131
311012,MAHARASHTRA,458,65
311012,MAHARASHTRA,459,140
311012,MAHARASHTRA,460,191
311012,MAHARASHTRA,461,172
311012,MAHARASHTRA,462,350
311012,MAHARASHTRA,463,286
311012,MAHARASHTRA,464,72
311012,MAHARASHTRA,465,579
311012,MAHARASHTRA,466,83
311012,MAHARASHTRA,467,253
311012,MAHARASHTRA,468,133
311012,MAHARASHTRA,469,499
311012,MAHARASHTRA,470,344
311012,MAHARASHTRA,471,180
311012,MAHARASHTRA,472,214
311012,MAHARASHTRA,473,537
311012,MAHARASHTRA,474,314
311012,MAHARASHTRA,475,663
311012,MAHARASHTRA,476,106
311012,MAHARASHTRA,477,156
311012,MAHARASHTRA,478,45
311012,MAHARASHTRA,479,268
311012,MAHARASHTRA,480,187
311012,MAHARASHTRA,481,284
311012,MAHARASHTRA,482,37
311012,MAHARASHTRA,483,211
311012,MAHARASHTRA,484,284
311012,MAHARASHTRA,485,523
311012,MAHARASHTRA,486,151
311012,MAHARASHTRA,487,311
311012,MAHARASHTRA,488,105
311012,MAHARASHTRA,489,71
311012,MAHARASHTRA,490,219
311012,MAHARASHTRA,491,72
311012,MAHARASHTRA,492,331
311012,MAHARASHTRA,493,184
311012,MAHARASHTRA,494,146
311012,MAHARASHTRA,495,107
311012,MAHARASHTRA,496,263
311012,MAHARASHTRA,497,374
311012,MAHARASHTRA,498,41
311012,MAHARASHTRA,499,146
311012,MAHARASHTRA,500,153
311012,MAHARASHTRA,501,325
311012,MAHARASHTRA,502,386
311012,MAHARASHTRA,503,178
311012,MAHARASHTRA,504,86
311012,MAHARASHTRA,505,252
311012,MAHARASHTRA,506,198
311012,MAHARASHTRA,507,198
311012,MAHARASHTRA,508,214
311012,MAHARASHTRA,509,487
311012,MAHARASHTRA,510,163
311012,MAHARASHTRA,511,89
311012,MAHARASHTRA,512,335
311012,MAHARASHTRA,513,84
311012,MAHARASHTRA,514,282
311012,MAHARASHTRA,515,144
311012,MAHARASHTRA,516,437
311012,MAHARASHTRA,517,37
311012,MAHARASHTRA,518,153
311012,MAHARASHTRA,519,57
311012,MAHARASHTRA,520,519
311012,MAHARASHTRA,521,212
311012,MAHARASHTRA,522,280
311012,MAHARASHTRA,523,285
311012,MAHARASHTRA,524,369
311012,MAHARASHTRA,525,105
311012,MAHARASHTRA,526,302
311012,MAHARASHTRA,527,53
311012,MAHARASHTRA,528,39
311012,MAHARASHTRA,529,211
311012,MAHARASHTRA,530,137
311012,MAHARASHTRA,531,65
311012,MAHARASHTRA,532,90
311012,MAHARASHTRA,533,386
311012,MAHARASHTRA,534,662
311012,MAHARASHTRA,535,68
311012,MAHARASHTRA,536,635
311012,MAHARASHTRA,537,65
311012,MAHARASHTRA,538,36
311012,MAHARASHTRA,539,462
311012,MAHARASHTRA,540,44
311012,MAHARASHTRA,541,119
311012,MAHARASHTRA,542,252
311012,MAHARASHTRA,543,480
311012,MAHARASHTRA,544,366
311012,MAHARASHTRA,545,298
311012,MAHARASHTRA,546,684
311012,MAHARASHTRA,547,471
311012,MAHARASHTRA,548,531
311012,MAHARASHTRA,549,104
311012,MAHARASHTRA,550,378
311012,MAHARASHTRA,551,47
311012,MAHARASHTRA,552,396
311012,MAHARASHTRA,553,130
311012,MAHARASHTRA,554,598
311012,MAHARASHTRA,555,519
311012,MAHARASHTRA,556,196
311012,MAHARASHTRA,557,160
311012,MAHARASHTRA,558,269
311012,MAHARASHTRA,559,227
311012,MAHARASHTRA,560,493
311012,MAHARASHTRA,561,215
311012,MAHARASHTRA,562,270
311012,MAHARASHTRA,563,146
311012,MAHARASHTRA,564,81
311012,MAHARASHTRA,565,427
311012,MAHARASHTRA,566,271
311012,MAHARASHTRA,567,115
311012,MAHARASHTRA,568,91
311012,MAHARASHTRA,569,59
311012,MAHARASHTRA,570,210
311012,MAHARASHTRA,571,213
311012,MAHARASHTRA,572,305
311012,MAHARASHTRA,573,230
311012,MAHARASHTRA,574,420
311012,MAHARASHTRA,575,318
311012,MAHARASHTRA,576,323
311012,MAHARASHTRA,577,83
311012,MAHARASHTRA,578,105
311012,MAHARASHTRA,579,196
311012,MAHARASHTRA,580,115
311012,MAHARASHTRA,581,587
311012,MAHARASHTRA,582,75
311012,MAHARASHTRA,583,152
311012,MAHARASHTRA,584,272
311012,MAHARASHTRA,585,117
311012,MAHARASHTRA,586,168
311012,MAHARASHTRA,587,33
311012,MAHARASHTRA,588,45
311012,MAHARASHTRA,589,130
311012,MAHARASHTRA,590,163
311012,MAHARASHTRA,591,70
311012,MAHARASHTRA,592,339
311012,MAHARASHTRA,593,374
311012,MAHARASHTRA,594,61
311012,MAHARASHTRA,595,366
311012,MAHARASHTRA,596,338
311012,MAHARASHTRA,597,189
311012,MAHARASHTRA,598,301
311012,MAHARASHTRA,599,0
311012,MAHARASHTRA,600,339
311012,MAHARASHTRA,601,262
311012,MAHARASHTRA,602,95
311012,MAHARASHTRA,603,90
311012,MAHARASHTRA,604,277
311012,MAHARASHTRA,605,150
311012,MAHARASHTRA,606,105
311012,MAHARASHTRA,607,56
311012,MAHARASHTRA,608,101
311012,MAHARASHTRA,609,267
311012,MAHARASHTRA,610,557
311012,MAHARASHTRA,611,630
