Center Number,State Name,Srl No,Marks
311006,MAHARASHTRA,1,139
311006,MAHARASHTRA,2,148
311006,MAHARASHTRA,3,97
311006,MAHARASHTRA,4,463
311006,MAHARASHTRA,5,596
311006,MAHARASHTRA,6,359
311006,MAHARASHTRA,7,114
311006,MAHARASHTRA,8,321
311006,MAHARASHTRA,9,84
311006,MAHARASHTRA,10,71
311006,MAHARASHTRA,11,91
311006,MAHARASHTRA,12,130
311006,MAHARASHTRA,13,366
311006,MAHARASHTRA,14,115
311006,MAHARASHTRA,15,285
311006,MAHARASHTRA,16,69
311006,MAHARASHTRA,17,153
311006,MAHARASHTRA,18,360
311006,MAHARASHTRA,19,125
311006,MAHARASHTRA,20,335
311006,MAHARASHTRA,21,52
311006,MAHARASHTRA,22,91
311006,MAHARASHTRA,23,212
311006,MAHARASHTRA,24,3
311006,MAHARASHTRA,25,55
311006,MAHARASHTRA,26,137
311006,MAHARASHTRA,27,403
311006,MAHARASHTRA,28,64
311006,MAHARASHTRA,29,139
311006,MAHARASHTRA,30,79
311006,MAHARASHTRA,31,43
311006,MAHARASHTRA,32,132
311006,MAHARASHTRA,33,144
311006,MAHARASHTRA,34,210
311006,MAHARASHTRA,35,238
311006,MAHARASHTRA,36,527
311006,MAHARASHTRA,37,598
311006,MAHARASHTRA,38,112
311006,MAHARASHTRA,39,352
311006,MAHARASHTRA,40,255
311006,MAHARASHTRA,41,269
311006,MAHARASHTRA,42,235
311006,MAHARASHTRA,43,208
311006,MAHARASHTRA,44,577
311006,MAHARASHTRA,45,48
311006,MAHARASHTRA,46,35
311006,MAHARASHTRA,47,335
311006,MAHARASHTRA,48,173
311006,MAHARASHTRA,49,297
311006,MAHARASHTRA,50,32
311006,MAHARASHTRA,51,58
311006,MAHARASHTRA,52,73
311006,MAHARASHTRA,53,55
311006,MAHARASHTRA,54,642
311006,MAHARASHTRA,55,42
311006,MAHARASHTRA,56,42
311006,MAHARASHTRA,57,271
311006,MAHARASHTRA,58,186
311006,MAHARASHTRA,59,84
311006,MAHARASHTRA,60,139
311006,MAHARASHTRA,61,480
311006,MAHARASHTRA,62,333
311006,MAHARASHTRA,63,29
311006,MAHARASHTRA,64,316
311006,MAHARASHTRA,65,173
311006,MAHARASHTRA,66,103
311006,MAHARASHTRA,67,476
311006,MAHARASHTRA,68,58
311006,MAHARASHTRA,69,91
311006,MAHARASHTRA,70,138
311006,MAHARASHTRA,71,98
311006,MAHARASHTRA,72,168
311006,MAHARASHTRA,73,110
311006,MAHARASHTRA,74,107
311006,MAHARASHTRA,75,22
311006,MAHARASHTRA,76,251
311006,MAHARASHTRA,77,79
311006,MAHARASHTRA,78,170
311006,MAHARASHTRA,79,325
311006,MAHARASHTRA,80,95
311006,MAHARASHTRA,81,122
311006,MAHARASHTRA,82,31
311006,MAHARASHTRA,83,127
311006,MAHARASHTRA,84,332
311006,MAHARASHTRA,85,91
311006,MAHARASHTRA,86,190
311006,MAHARASHTRA,87,299
311006,MAHARASHTRA,88,97
311006,MAHARASHTRA,89,54
311006,MAHARASHTRA,90,137
311006,MAHARASHTRA,91,125
311006,MAHARASHTRA,92,123
311006,MAHARASHTRA,93,111
311006,MAHARASHTRA,94,271
311006,MAHARASHTRA,95,85
311006,MAHARASHTRA,96,185
311006,MAHARASHTRA,97,124
311006,MAHARASHTRA,98,332
311006,MAHARASHTRA,99,293
311006,MAHARASHTRA,100,32
311006,MAHARASHTRA,101,89
311006,MAHARASHTRA,102,194
311006,MAHARASHTRA,103,526
311006,MAHARASHTRA,104,70
311006,MAHARASHTRA,105,51
311006,MAHARASHTRA,106,337
311006,MAHARASHTRA,107,552
311006,MAHARASHTRA,108,332
311006,MAHARASHTRA,109,24
311006,MAHARASHTRA,110,113
311006,MAHARASHTRA,111,124
311006,MAHARASHTRA,112,209
311006,MAHARASHTRA,113,35
311006,MAHARASHTRA,114,45
311006,MAHARASHTRA,115,7
311006,MAHARASHTRA,116,58
311006,MAHARASHTRA,117,421
311006,MAHARASHTRA,118,146
311006,MAHARASHTRA,119,205
311006,MAHARASHTRA,120,690
311006,MAHARASHTRA,121,138
311006,MAHARASHTRA,122,299
311006,MAHARASHTRA,123,60
311006,MAHARASHTRA,124,82
311006,MAHARASHTRA,125,401
311006,MAHARASHTRA,126,373
311006,MAHARASHTRA,127,110
311006,MAHARASHTRA,128,527
311006,MAHARASHTRA,129,340
311006,MAHARASHTRA,130,306
311006,MAHARASHTRA,131,170
311006,MAHARASHTRA,132,110
311006,MAHARASHTRA,133,120
311006,MAHARASHTRA,134,137
311006,MAHARASHTRA,135,290
311006,MAHARASHTRA,136,212
311006,MAHARASHTRA,137,61
311006,MAHARASHTRA,138,319
311006,MAHARASHTRA,139,698
311006,MAHARASHTRA,140,686
311006,MAHARASHTRA,141,75
311006,MAHARASHTRA,142,64
311006,MAHARASHTRA,143,143
311006,MAHARASHTRA,144,100
311006,MAHARASHTRA,145,59
311006,MAHARASHTRA,146,520
311006,MAHARASHTRA,147,269
311006,MAHARASHTRA,148,217
311006,MAHARASHTRA,149,217
311006,MAHARASHTRA,150,258
311006,MAHARASHTRA,151,87
311006,MAHARASHTRA,152,70
311006,MAHARASHTRA,153,16
311006,MAHARASHTRA,154,362
311006,MAHARASHTRA,155,30
311006,MAHARASHTRA,156,428
311006,MAHARASHTRA,157,214
311006,MAHARASHTRA,158,549
311006,MAHARASHTRA,159,20
311006,MAHARASHTRA,160,243
311006,MAHARASHTRA,161,75
311006,MAHARASHTRA,162,445
311006,MAHARASHTRA,163,512
311006,MAHARASHTRA,164,37
311006,MAHARASHTRA,165,323
311006,MAHARASHTRA,166,107
311006,MAHARASHTRA,167,251
311006,MAHARASHTRA,168,158
311006,MAHARASHTRA,169,336
311006,MAHARASHTRA,170,108
311006,MAHARASHTRA,171,353
311006,MAHARASHTRA,172,48
311006,MAHARASHTRA,173,203
311006,MAHARASHTRA,174,68
311006,MAHARASHTRA,175,105
311006,MAHARASHTRA,176,117
311006,MAHARASHTRA,177,76
311006,MAHARASHTRA,178,228
311006,MAHARASHTRA,179,62
311006,MAHARASHTRA,180,200
311006,MAHARASHTRA,181,94
311006,MAHARASHTRA,182,132
311006,MAHARASHTRA,183,212
311006,MAHARASHTRA,184,588
311006,MAHARASHTRA,185,110
311006,MAHARASHTRA,186,106
311006,MAHARASHTRA,187,30
311006,MAHARASHTRA,188,145
311006,MAHARASHTRA,189,168
311006,MAHARASHTRA,190,290
311006,MAHARASHTRA,191,198
311006,MAHARASHTRA,192,161
311006,MAHARASHTRA,193,81
311006,MAHARASHTRA,194,416
311006,MAHARASHTRA,195,150
311006,MAHARASHTRA,196,449
311006,MAHARASHTRA,197,66
311006,MAHARASHTRA,198,112
311006,MAHARASHTRA,199,394
311006,MAHARASHTRA,200,93
311006,MAHARASHTRA,201,295
311006,MAHARASHTRA,202,115
311006,MAHARASHTRA,203,72
311006,MAHARASHTRA,204,664
311006,MAHARASHTRA,205,122
311006,MAHARASHTRA,206,275
311006,MAHARASHTRA,207,100
311006,MAHARASHTRA,208,75
311006,MAHARASHTRA,209,260
311006,MAHARASHTRA,210,366
311006,MAHARASHTRA,211,290
311006,MAHARASHTRA,212,399
311006,MAHARASHTRA,213,150
311006,MAHARASHTRA,214,59
311006,MAHARASHTRA,215,56
311006,MAHARASHTRA,216,101
311006,MAHARASHTRA,217,109
311006,MAHARASHTRA,218,701
311006,MAHARASHTRA,219,311
311006,MAHARASHTRA,220,92
311006,MAHARASHTRA,221,65
311006,MAHARASHTRA,222,30
311006,MAHARASHTRA,223,218
311006,MAHARASHTRA,224,96
311006,MAHARASHTRA,225,116
311006,MAHARASHTRA,226,242
311006,MAHARASHTRA,227,150
311006,MAHARASHTRA,228,97
311006,MAHARASHTRA,229,307
311006,MAHARASHTRA,230,351
311006,MAHARASHTRA,231,269
311006,MAHARASHTRA,232,83
311006,MAHARASHTRA,233,352
311006,MAHARASHTRA,234,269
311006,MAHARASHTRA,235,48
311006,MAHARASHTRA,236,58
311006,MAHARASHTRA,237,284
311006,MAHARASHTRA,238,203
311006,MAHARASHTRA,239,269
311006,MAHARASHTRA,240,130
311006,MAHARASHTRA,241,245
311006,MAHARASHTRA,242,522
311006,MAHARASHTRA,243,188
311006,MAHARASHTRA,244,135
311006,MAHARASHTRA,245,85
311006,MAHARASHTRA,246,279
311006,MAHARASHTRA,247,647
311006,MAHARASHTRA,248,55
311006,MAHARASHTRA,249,90
311006,MAHARASHTRA,250,275
311006,MAHARASHTRA,251,60
311006,MAHARASHTRA,252,98
311006,MAHARASHTRA,253,333
311006,MAHARASHTRA,254,261
311006,MAHARASHTRA,255,373
311006,MAHARASHTRA,256,196
311006,MAHARASHTRA,257,131
311006,MAHARASHTRA,258,150
311006,MAHARASHTRA,259,379
311006,MAHARASHTRA,260,45
311006,MAHARASHTRA,261,70
311006,MAHARASHTRA,262,173
311006,MAHARASHTRA,263,110
311006,MAHARASHTRA,264,522
311006,MAHARASHTRA,265,70
311006,MAHARASHTRA,266,198
311006,MAHARASHTRA,267,15
311006,MAHARASHTRA,268,60
311006,MAHARASHTRA,269,85
311006,MAHARASHTRA,270,90
311006,MAHARASHTRA,271,140
311006,MAHARASHTRA,272,54
311006,MAHARASHTRA,273,108
311006,MAHARASHTRA,274,134
311006,MAHARASHTRA,275,583
311006,MAHARASHTRA,276,114
311006,MAHARASHTRA,277,64
311006,MAHARASHTRA,278,432
311006,MAHARASHTRA,279,429
311006,MAHARASHTRA,280,510
311006,MAHARASHTRA,281,193
311006,MAHARASHTRA,282,444
311006,MAHARASHTRA,283,207
311006,MAHARASHTRA,284,392
311006,MAHARASHTRA,285,55
311006,MAHARASHTRA,286,76
311006,MAHARASHTRA,287,222
311006,MAHARASHTRA,288,110
311006,MAHARASHTRA,289,143
311006,MAHARASHTRA,290,135
311006,MAHARASHTRA,291,128
311006,MAHARASHTRA,292,125
311006,MAHARASHTRA,293,61
311006,MAHARASHTRA,294,62
311006,MAHARASHTRA,295,80
311006,MAHARASHTRA,296,116
311006,MAHARASHTRA,297,283
311006,MAHARASHTRA,298,40
311006,MAHARASHTRA,299,200
311006,MAHARASHTRA,300,183
311006,MAHARASHTRA,301,123
311006,MAHARASHTRA,302,331
311006,MAHARASHTRA,303,424
311006,MAHARASHTRA,304,599
311006,MAHARASHTRA,305,93
311006,MAHARASHTRA,306,253
311006,MAHARASHTRA,307,9
311006,MAHARASHTRA,308,490
311006,MAHARASHTRA,309,457
311006,MAHARASHTRA,310,156
311006,MAHARASHTRA,311,277
311006,MAHARASHTRA,312,163
311006,MAHARASHTRA,313,146
311006,MAHARASHTRA,314,71
311006,MAHARASHTRA,315,105
311006,MAHARASHTRA,316,126
311006,MAHARASHTRA,317,296
311006,MAHARASHTRA,318,277
311006,MAHARASHTRA,319,616
311006,MAHARASHTRA,320,200
311006,MAHARASHTRA,321,97
311006,MAHARASHTRA,322,392
311006,MAHARASHTRA,323,222
311006,MAHARASHTRA,324,47
311006,MAHARASHTRA,325,251
311006,MAHARASHTRA,326,529
311006,MAHARASHTRA,327,127
311006,MAHARASHTRA,328,115
311006,MAHARASHTRA,329,33
311006,MAHARASHTRA,330,155
311006,MAHARASHTRA,331,182
311006,MAHARASHTRA,332,83
311006,MAHARASHTRA,333,397
311006,MAHARASHTRA,334,359
311006,MAHARASHTRA,335,27
311006,MAHARASHTRA,336,104
311006,MAHARASHTRA,337,631
311006,MAHARASHTRA,338,427
311006,MAHARASHTRA,339,219
311006,MAHARASHTRA,340,432
311006,MAHARASHTRA,341,50
311006,MAHARASHTRA,342,112
311006,MAHARASHTRA,343,225
311006,MAHARASHTRA,344,191
311006,MAHARASHTRA,345,175
311006,MAHARASHTRA,346,198
311006,MAHARASHTRA,347,282
311006,MAHARASHTRA,348,92
311006,MAHARASHTRA,349,492
311006,MAHARASHTRA,350,87
311006,MAHARASHTRA,351,124
311006,MAHARASHTRA,352,100
311006,MAHARASHTRA,353,107
311006,MAHARASHTRA,354,610
311006,MAHARASHTRA,355,87
311006,MAHARASHTRA,356,258
311006,MAHARASHTRA,357,175
311006,MAHARASHTRA,358,569
311006,MAHARASHTRA,359,243
311006,MAHARASHTRA,360,237
311006,MAHARASHTRA,361,124
311006,MAHARASHTRA,362,176
311006,MAHARASHTRA,363,65
311006,MAHARASHTRA,364,80
311006,MAHARASHTRA,365,205
311006,MAHARASHTRA,366,388
311006,MAHARASHTRA,367,45
311006,MAHARASHTRA,368,271
311006,MAHARASHTRA,369,54
311006,MAHARASHTRA,370,282
311006,MAHARASHTRA,371,293
311006,MAHARASHTRA,372,38
311006,MAHARASHTRA,373,61
311006,MAHARASHTRA,374,131
311006,MAHARASHTRA,375,523
311006,MAHARASHTRA,376,164
311006,MAHARASHTRA,377,59
311006,MAHARASHTRA,378,215
311006,MAHARASHTRA,379,114
311006,MAHARASHTRA,380,160
311006,MAHARASHTRA,381,145
311006,MAHARASHTRA,382,417
311006,MAHARASHTRA,383,110
311006,MAHARASHTRA,384,66
311006,MAHARASHTRA,385,52
311006,MAHARASHTRA,386,100
311006,MAHARASHTRA,387,397
311006,MAHARASHTRA,388,146
311006,MAHARASHTRA,389,138
311006,MAHARASHTRA,390,57
311006,MAHARASHTRA,391,432
311006,MAHARASHTRA,392,307
311006,MAHARASHTRA,393,124
311006,MAHARASHTRA,394,70
311006,MAHARASHTRA,395,91
311006,MAHARASHTRA,396,195
311006,MAHARASHTRA,397,80
311006,MAHARASHTRA,398,120
311006,MAHARASHTRA,399,140
311006,MAHARASHTRA,400,116
311006,MAHARASHTRA,401,55
311006,MAHARASHTRA,402,75
311006,MAHARASHTRA,403,291
311006,MAHARASHTRA,404,110
311006,MAHARASHTRA,405,258
311006,MAHARASHTRA,406,256
311006,MAHARASHTRA,407,520
311006,MAHARASHTRA,408,357
311006,MAHARASHTRA,409,267
311006,MAHARASHTRA,410,160
311006,MAHARASHTRA,411,44
311006,MAHARASHTRA,412,295
311006,MAHARASHTRA,413,373
311006,MAHARASHTRA,414,239
311006,MAHARASHTRA,415,79
311006,MAHARASHTRA,416,97
311006,MAHARASHTRA,417,65
311006,MAHARASHTRA,418,217
311006,MAHARASHTRA,419,20
311006,MAHARASHTRA,420,564
311006,MAHARASHTRA,421,184
311006,MAHARASHTRA,422,92
311006,MAHARASHTRA,423,233
311006,MAHARASHTRA,424,62
311006,MAHARASHTRA,425,241
311006,MAHARASHTRA,426,225
311006,MAHARASHTRA,427,113
311006,MAHARASHTRA,428,158
311006,MAHARASHTRA,429,273
311006,MAHARASHTRA,430,556
311006,MAHARASHTRA,431,288
311006,MAHARASHTRA,432,351
311006,MAHARASHTRA,433,18
311006,MAHARASHTRA,434,69
311006,MAHARASHTRA,435,183
311006,MAHARASHTRA,436,165
311006,MAHARASHTRA,437,97
311006,MAHARASHTRA,438,180
311006,MAHARASHTRA,439,94
311006,MAHARASHTRA,440,87
311006,MAHARASHTRA,441,69
311006,MAHARASHTRA,442,552
311006,MAHARASHTRA,443,106
311006,MAHARASHTRA,444,273
311006,MAHARASHTRA,445,196
311006,MAHARASHTRA,446,125
311006,MAHARASHTRA,447,128
311006,MAHARASHTRA,448,147
311006,MAHARASHTRA,449,80
311006,MAHARASHTRA,450,570
311006,MAHARASHTRA,451,622
311006,MAHARASHTRA,452,147
311006,MAHARASHTRA,453,274
311006,MAHARASHTRA,454,319
311006,MAHARASHTRA,455,64
311006,MAHARASHTRA,456,112
311006,MAHARASHTRA,457,621
311006,MAHARASHTRA,458,226
311006,MAHARASHTRA,459,79
311006,MAHARASHTRA,460,206
311006,MAHARASHTRA,461,168
311006,MAHARASHTRA,462,87
311006,MAHARASHTRA,463,69
311006,MAHARASHTRA,464,285
311006,MAHARASHTRA,465,88
311006,MAHARASHTRA,466,123
311006,MAHARASHTRA,467,159
311006,MAHARASHTRA,468,123
311006,MAHARASHTRA,469,230
311006,MAHARASHTRA,470,133
311006,MAHARASHTRA,471,376
311006,MAHARASHTRA,472,366
311006,MAHARASHTRA,473,87
311006,MAHARASHTRA,474,112
311006,MAHARASHTRA,475,100
311006,MAHARASHTRA,476,120
311006,MAHARASHTRA,477,18
311006,MAHARASHTRA,478,128
311006,MAHARASHTRA,479,666
311006,MAHARASHTRA,480,74
311006,MAHARASHTRA,481,602
311006,MAHARASHTRA,482,125
311006,MAHARASHTRA,483,125
311006,MAHARASHTRA,484,310
311006,MAHARASHTRA,485,72
311006,MAHARASHTRA,486,78
311006,MAHARASHTRA,487,198
311006,MAHARASHTRA,488,253
311006,MAHARASHTRA,489,108
311006,MAHARASHTRA,490,194
311006,MAHARASHTRA,491,281
311006,MAHARASHTRA,492,35
311006,MAHARASHTRA,493,18
311006,MAHARASHTRA,494,229
311006,MAHARASHTRA,495,183
311006,MAHARASHTRA,496,88
311006,MAHARASHTRA,497,92
311006,MAHARASHTRA,498,195
311006,MAHARASHTRA,499,218
311006,MAHARASHTRA,500,221
311006,MAHARASHTRA,501,107
311006,MAHARASHTRA,502,252
311006,MAHARASHTRA,503,161
311006,MAHARASHTRA,504,196
311006,MAHARASHTRA,505,340
311006,MAHARASHTRA,506,51
311006,MAHARASHTRA,507,94
311006,MAHARASHTRA,508,135
311006,MAHARASHTRA,509,169
311006,MAHARASHTRA,510,168
311006,MAHARASHTRA,511,30
311006,MAHARASHTRA,512,63
311006,MAHARASHTRA,513,378
311006,MAHARASHTRA,514,98
311006,MAHARASHTRA,515,290
311006,MAHARASHTRA,516,187
311006,MAHARASHTRA,517,478
311006,MAHARASHTRA,518,17
311006,MAHARASHTRA,519,422
311006,MAHARASHTRA,520,65
311006,MAHARASHTRA,521,35
311006,MAHARASHTRA,522,182
311006,MAHARASHTRA,523,80
311006,MAHARASHTRA,524,184
311006,MAHARASHTRA,525,527
311006,MAHARASHTRA,526,178
311006,MAHARASHTRA,527,444
311006,MAHARASHTRA,528,481
311006,MAHARASHTRA,529,102
311006,MAHARASHTRA,530,168
311006,MAHARASHTRA,531,543
311006,MAHARASHTRA,532,70
311006,MAHARASHTRA,533,258
311006,MAHARASHTRA,534,48
311006,MAHARASHTRA,535,46
311006,MAHARASHTRA,536,131
311006,MAHARASHTRA,537,161
311006,MAHARASHTRA,538,305
311006,MAHARASHTRA,539,130
311006,MAHARASHTRA,540,52
311006,MAHARASHTRA,541,441
311006,MAHARASHTRA,542,338
311006,MAHARASHTRA,543,79
311006,MAHARASHTRA,544,110
311006,MAHARASHTRA,545,71
311006,MAHARASHTRA,546,200
311006,MAHARASHTRA,547,208
311006,MAHARASHTRA,548,85
311006,MAHARASHTRA,549,200
311006,MAHARASHTRA,550,448
311006,MAHARASHTRA,551,95
311006,MAHARASHTRA,552,233
311006,MAHARASHTRA,553,99
311006,MAHARASHTRA,554,138
311006,MAHARASHTRA,555,81
311006,MAHARASHTRA,556,145
311006,MAHARASHTRA,557,105
311006,MAHARASHTRA,558,449
311006,MAHARASHTRA,559,182
311006,MAHARASHTRA,560,312
311006,MAHARASHTRA,561,27
311006,MAHARASHTRA,562,276
311006,MAHARASHTRA,563,197
311006,MAHARASHTRA,564,44
311006,MAHARASHTRA,565,561
311006,MAHARASHTRA,566,126
311006,MAHARASHTRA,567,220
311006,MAHARASHTRA,568,90
311006,MAHARASHTRA,569,575
311006,MAHARASHTRA,570,284
311006,MAHARASHTRA,571,348
311006,MAHARASHTRA,572,120
311006,MAHARASHTRA,573,58
311006,MAHARASHTRA,574,205
311006,MAHARASHTRA,575,143
311006,MAHARASHTRA,576,61
311006,MAHARASHTRA,577,135
311006,MAHARASHTRA,578,508
311006,MAHARASHTRA,579,16
311006,MAHARASHTRA,580,106
311006,MAHARASHTRA,581,331
311006,MAHARASHTRA,582,485
311006,MAHARASHTRA,583,93
311006,MAHARASHTRA,584,354
311006,MAHARASHTRA,585,239
311006,MAHARASHTRA,586,179
311006,MAHARASHTRA,587,66
311006,MAHARASHTRA,588,108
311006,MAHARASHTRA,589,74
311006,MAHARASHTRA,590,84
311006,MAHARASHTRA,591,192
311006,MAHARASHTRA,592,128
311006,MAHARASHTRA,593,29
311006,MAHARASHTRA,594,227
311006,MAHARASHTRA,595,43
311006,MAHARASHTRA,596,152
311006,MAHARASHTRA,597,295
311006,MAHARASHTRA,598,93
311006,MAHARASHTRA,599,363
311006,MAHARASHTRA,600,202
311006,MAHARASHTRA,601,384
311006,MAHARASHTRA,602,511
311006,MAHARASHTRA,603,47
311006,MAHARASHTRA,604,88
311006,MAHARASHTRA,605,60
311006,MAHARASHTRA,606,42
311006,MAHARASHTRA,607,422
311006,MAHARASHTRA,608,256
311006,MAHARASHTRA,609,118
311006,MAHARASHTRA,610,220
311006,MAHARASHTRA,611,187
311006,MAHARASHTRA,612,215
311006,MAHARASHTRA,613,49
311006,MAHARASHTRA,614,486
311006,MAHARASHTRA,615,161
311006,MAHARASHTRA,616,570
311006,MAHARASHTRA,617,300
311006,MAHARASHTRA,618,166
311006,MAHARASHTRA,619,212
311006,MAHARASHTRA,620,294
311006,MAHARASHTRA,621,532
311006,MAHARASHTRA,622,46
311006,MAHARASHTRA,623,388
311006,MAHARASHTRA,624,576
311006,MAHARASHTRA,625,54
311006,MAHARASHTRA,626,310
311006,MAHARASHTRA,627,113
311006,MAHARASHTRA,628,162
311006,MAHARASHTRA,629,506
311006,MAHARASHTRA,630,89
311006,MAHARASHTRA,631,332
311006,MAHARASHTRA,632,120
311006,MAHARASHTRA,633,132
311006,MAHARASHTRA,634,103
311006,MAHARASHTRA,635,163
311006,MAHARASHTRA,636,163
311006,MAHARASHTRA,637,154
311006,MAHARASHTRA,638,163
311006,MAHARASHTRA,639,137
311006,MAHARASHTRA,640,380
311006,MAHARASHTRA,641,319
311006,MAHARASHTRA,642,37
311006,MAHARASHTRA,643,90
311006,MAHARASHTRA,644,169
311006,MAHARASHTRA,645,73
311006,MAHARASHTRA,646,601
311006,MAHARASHTRA,647,66
311006,MAHARASHTRA,648,57
311006,MAHARASHTRA,649,190
311006,MAHARASHTRA,650,257
311006,MAHARASHTRA,651,81
311006,MAHARASHTRA,652,85
311006,MAHARASHTRA,653,441
311006,MAHARASHTRA,654,394
311006,MAHARASHTRA,655,460
311006,MAHARASHTRA,656,564
311006,MAHARASHTRA,657,188
311006,MAHARASHTRA,658,122
311006,MAHARASHTRA,659,63
311006,MAHARASHTRA,660,132
311006,MAHARASHTRA,661,473
311006,MAHARASHTRA,662,257
311006,MAHARASHTRA,663,564
311006,MAHARASHTRA,664,80
311006,MAHARASHTRA,665,57
311006,MAHARASHTRA,666,140
311006,MAHARASHTRA,667,317
311006,MAHARASHTRA,668,430
311006,MAHARASHTRA,669,458
311006,MAHARASHTRA,670,132
311006,MAHARASHTRA,671,34
311006,MAHARASHTRA,672,267
311006,MAHARASHTRA,673,74
311006,MAHARASHTRA,674,595
311006,MAHARASHTRA,675,307
311006,MAHARASHTRA,676,148
311006,MAHARASHTRA,677,219
311006,MAHARASHTRA,678,115
311006,MAHARASHTRA,679,183
311006,MAHARASHTRA,680,635
311006,MAHARASHTRA,681,252
311006,MAHARASHTRA,682,191
311006,MAHARASHTRA,683,574
311006,MAHARASHTRA,684,315
311006,MAHARASHTRA,685,342
311006,MAHARASHTRA,10,687
311006,MAHARASHTRA,125,688
311006,MAHARASHTRA,63,689
311006,MAHARASHTRA,1,690
311006,MAHARASHTRA,691,90
311006,MAHARASHTRA,692,107
311006,MAHARASHTRA,693,118
311006,MAHARASHTRA,694,182
311006,MAHARASHTRA,695,97
311006,MAHARASHTRA,696,137
311006,MAHARASHTRA,697,218
311006,MAHARASHTRA,698,538
311006,MAHARASHTRA,699,406
