Center Number,State Name,Srl No,Marks
311013,MAHARASHTRA,1,385
311013,MAHARASHTRA,2,76
311013,MAHARASHTRA,3,72
311013,MAHARASHTRA,4,215
311013,MAHARASHTRA,5,158
311013,MAHARASHTRA,6,665
311013,MAHARASHTRA,7,256
311013,MAHARASHTRA,8,125
311013,MAHARASHTRA,9,367
311013,MAHARASHTRA,10,156
311013,MAHARASHTRA,11,431
311013,MAHARASHTRA,12,384
311013,MAHARASHTRA,13,125
311013,MAHARASHTRA,14,25
311013,MAHARASHTRA,15,130
311013,MAHARASHTRA,16,625
311013,MAHARASHTRA,17,30
311013,MAHARASHTRA,18,43
311013,MAHARASHTRA,19,462
311013,MAHARASHTRA,20,147
311013,MAHARASHTRA,21,114
311013,MAHARASHTRA,22,30
311013,MAHARASHTRA,23,65
311013,MAHARASHTRA,24,176
311013,MAHARASHTRA,25,102
311013,MAHARASHTRA,26,495
311013,MAHARASHTRA,27,299
311013,MAHARASHTRA,28,320
311013,MAHARASHTRA,29,55
311013,MAHARASHTRA,30,230
311013,MAHARASHTRA,31,223
311013,MAHARASHTRA,32,218
311013,MAHARASHTRA,33,287
311013,MAHARASHTRA,34,61
311013,MAHARASHTRA,35,246
311013,MAHARASHTRA,36,538
311013,MAHARASHTRA,37,308
311013,MAHARASHTRA,38,340
311013,MAHARASHTRA,39,144
311013,MAHARASHTRA,40,40
311013,MAHARASHTRA,41,194
311013,MAHARASHTRA,42,509
311013,MAHARASHTRA,25,44
311013,MAHARASHTRA,136,45
311013,MAHARASHTRA,376,46
311013,MAHARASHTRA,250,47
311013,MAHARASHTRA,491,48
311013,MAHARASHTRA,16,49
311013,MAHARASHTRA,323,50
311013,MAHARASHTRA,32,51
311013,MAHARASHTRA,294,52
311013,MAHARASHTRA,710,53
311013,MAHARASHTRA,124,54
311013,MAHARASHTRA,88,55
311013,MAHARASHTRA,148,56
311013,MAHARASHTRA,184,57
311013,MAHARASHTRA,87,58
311013,MAHARASHTRA,299,59
311013,MAHARASHTRA,509,60
311013,MAHARASHTRA,61,515
311013,MAHARASHTRA,62,36
311013,MAHARASHTRA,63,505
311013,MAHARASHTRA,64,544
311013,MAHARASHTRA,65,510
311013,MAHARASHTRA,66,167
311013,MAHARASHTRA,67,25
311013,MAHARASHTRA,68,78
311013,MAHARASHTRA,69,65
311013,MAHARASHTRA,70,35
311013,MAHARASHTRA,71,74
311013,MAHARASHTRA,72,467
311013,MAHARASHTRA,73,408
311013,MAHARASHTRA,74,228
311013,MAHARASHTRA,75,153
311013,MAHARASHTRA,76,129
311013,MAHARASHTRA,77,99
311013,MAHARASHTRA,78,40
311013,MAHARASHTRA,79,107
311013,MAHARASHTRA,80,715
311013,MAHARASHTRA,81,21
311013,MAHARASHTRA,82,111
311013,MAHARASHTRA,83,140
311013,MAHARASHTRA,84,144
311013,MAHARASHTRA,85,449
311013,MAHARASHTRA,86,263
311013,MAHARASHTRA,87,462
311013,MAHARASHTRA,88,175
311013,MAHARASHTRA,89,651
311013,MAHARASHTRA,90,353
311013,MAHARASHTRA,91,111
311013,MAHARASHTRA,92,58
311013,MAHARASHTRA,93,269
311013,MAHARASHTRA,94,35
311013,MAHARASHTRA,95,329
311013,MAHARASHTRA,96,64
311013,MAHARASHTRA,97,265
311013,MAHARASHTRA,98,239
311013,MAHARASHTRA,99,105
311013,MAHARASHTRA,100,71
311013,MAHARASHTRA,101,82
311013,MAHARASHTRA,102,326
311013,MAHARASHTRA,103,130
311013,MAHARASHTRA,104,77
311013,MAHARASHTRA,105,128
311013,MAHARASHTRA,106,76
311013,MAHARASHTRA,107,331
311013,MAHARASHTRA,108,80
311013,MAHARASHTRA,109,186
311013,MAHARASHTRA,110,529
311013,MAHARASHTRA,111,39
311013,MAHARASHTRA,112,140
311013,MAHARASHTRA,113,545
311013,MAHARASHTRA,114,105
311013,MAHARASHTRA,115,63
311013,MAHARASHTRA,116,87
311013,MAHARASHTRA,117,1
311013,MAHARASHTRA,118,22
311013,MAHARASHTRA,119,42
311013,MAHARASHTRA,120,216
311013,MAHARASHTRA,121,180
311013,MAHARASHTRA,122,351
311013,MAHARASHTRA,123,550
311013,MAHARASHTRA,124,392
311013,MAHARASHTRA,125,45
311013,MAHARASHTRA,126,294
311013,MAHARASHTRA,127,125
311013,MAHARASHTRA,128,100
311013,MAHARASHTRA,129,56
311013,MAHARASHTRA,130,116
311013,MAHARASHTRA,131,172
311013,MAHARASHTRA,132,535
311013,MAHARASHTRA,133,83
311013,MAHARASHTRA,134,135
311013,MAHARASHTRA,135,603
311013,MAHARASHTRA,136,202
311013,MAHARASHTRA,137,80
311013,MAHARASHTRA,138,311
311013,MAHARASHTRA,139,285
311013,MAHARASHTRA,140,120
311013,MAHARASHTRA,141,83
311013,MAHARASHTRA,142,129
311013,MAHARASHTRA,143,203
311013,MAHARASHTRA,144,583
311013,MAHARASHTRA,145,167
311013,MAHARASHTRA,146,140
311013,MAHARASHTRA,10,148
311013,MAHARASHTRA,208,149
311013,MAHARASHTRA,327,150
311013,MAHARASHTRA,151,96
311013,MAHARASHTRA,152,227
311013,MAHARASHTRA,153,104
311013,MAHARASHTRA,154,103
311013,MAHARASHTRA,155,136
311013,MAHARASHTRA,156,67
311013,MAHARASHTRA,157,35
311013,MAHARASHTRA,158,23
311013,MAHARASHTRA,159,112
311013,MAHARASHTRA,160,446
311013,MAHARASHTRA,161,46
311013,MAHARASHTRA,162,142
311013,MAHARASHTRA,163,213
311013,MAHARASHTRA,16,165
311013,MAHARASHTRA,86,166
311013,MAHARASHTRA,145,167
311013,MAHARASHTRA,130,168
311013,MAHARASHTRA,395,169
311013,MAHARASHTRA,155,170
311013,MAHARASHTRA,230,171
311013,MAHARASHTRA,105,172
311013,MAHARASHTRA,58,173
311013,MAHARASHTRA,72,174
311013,MAHARASHTRA,560,175
311013,MAHARASHTRA,185,176
311013,MAHARASHTRA,242,177
311013,MAHARASHTRA,190,178
311013,MAHARASHTRA,86,179
311013,MAHARASHTRA,131,180
311013,MAHARASHTRA,181,72
311013,MAHARASHTRA,182,43
311013,MAHARASHTRA,183,326
311013,MAHARASHTRA,184,468
311013,MAHARASHTRA,185,45
311013,MAHARASHTRA,186,69
311013,MAHARASHTRA,187,28
311013,MAHARASHTRA,188,70
311013,MAHARASHTRA,189,267
311013,MAHARASHTRA,190,131
311013,MAHARASHTRA,191,66
311013,MAHARASHTRA,192,87
311013,MAHARASHTRA,193,369
311013,MAHARASHTRA,194,361
311013,MAHARASHTRA,195,301
311013,MAHARASHTRA,196,122
311013,MAHARASHTRA,197,194
311013,MAHARASHTRA,198,120
311013,MAHARASHTRA,199,138
311013,MAHARASHTRA,200,216
311013,MAHARASHTRA,201,66
311013,MAHARASHTRA,202,484
311013,MAHARASHTRA,203,105
311013,MAHARASHTRA,204,419
311013,MAHARASHTRA,205,418
311013,MAHARASHTRA,206,616
311013,MAHARASHTRA,207,156
311013,MAHARASHTRA,208,311
311013,MAHARASHTRA,209,264
311013,MAHARASHTRA,210,647
311013,MAHARASHTRA,211,511
311013,MAHARASHTRA,212,543
311013,MAHARASHTRA,213,235
311013,MAHARASHTRA,214,309
311013,MAHARASHTRA,215,288
311013,MAHARASHTRA,216,21
311013,MAHARASHTRA,217,42
311013,MAHARASHTRA,218,548
311013,MAHARASHTRA,219,329
311013,MAHARASHTRA,220,110
311013,MAHARASHTRA,221,81
311013,MAHARASHTRA,222,160
311013,MAHARASHTRA,223,166
311013,MAHARASHTRA,224,74
311013,MAHARASHTRA,225,130
311013,MAHARASHTRA,226,376
311013,MAHARASHTRA,227,210
311013,MAHARASHTRA,228,182
311013,MAHARASHTRA,229,514
311013,MAHARASHTRA,230,260
311013,MAHARASHTRA,231,105
311013,MAHARASHTRA,232,270
311013,MAHARASHTRA,233,450
311013,MAHARASHTRA,234,642
311013,MAHARASHTRA,235,231
311013,MAHARASHTRA,236,409
311013,MAHARASHTRA,237,139
311013,MAHARASHTRA,238,216
311013,MAHARASHTRA,239,207
311013,MAHARASHTRA,240,94
311013,MAHARASHTRA,241,142
311013,MAHARASHTRA,242,110
311013,MAHARASHTRA,243,201
311013,MAHARASHTRA,244,170
311013,MAHARASHTRA,245,141
311013,MAHARASHTRA,246,92
311013,MAHARASHTRA,247,132
311013,MAHARASHTRA,248,119
311013,MAHARASHTRA,249,660
311013,MAHARASHTRA,250,136
311013,MAHARASHTRA,251,160
311013,MAHARASHTRA,252,46
311013,MAHARASHTRA,253,384
311013,MAHARASHTRA,254,73
311013,MAHARASHTRA,255,274
311013,MAHARASHTRA,256,99
311013,MAHARASHTRA,257,332
311013,MAHARASHTRA,258,390
311013,MAHARASHTRA,259,506
311013,MAHARASHTRA,260,72
311013,MAHARASHTRA,261,105
311013,MAHARASHTRA,262,300
311013,MAHARASHTRA,263,62
311013,MAHARASHTRA,264,81
311013,MAHARASHTRA,265,635
311013,MAHARASHTRA,266,196
311013,MAHARASHTRA,267,196
311013,MAHARASHTRA,268,51
311013,MAHARASHTRA,269,174
311013,MAHARASHTRA,270,140
311013,MAHARASHTRA,271,69
311013,MAHARASHTRA,272,65
311013,MAHARASHTRA,273,50
311013,MAHARASHTRA,274,383
311013,MAHARASHTRA,275,276
311013,MAHARASHTRA,276,155
311013,MAHARASHTRA,277,618
311013,MAHARASHTRA,278,69
311013,MAHARASHTRA,279,39
311013,MAHARASHTRA,280,83
311013,MAHARASHTRA,281,75
311013,MAHARASHTRA,282,0
311013,MAHARASHTRA,283,151
311013,MAHARASHTRA,284,310
311013,MAHARASHTRA,285,431
311013,MAHARASHTRA,286,96
311013,MAHARASHTRA,287,70
311013,MAHARASHTRA,288,281
311013,MAHARASHTRA,289,366
311013,MAHARASHTRA,290,190
311013,MAHARASHTRA,291,151
311013,MAHARASHTRA,292,325
311013,MAHARASHTRA,293,430
311013,MAHARASHTRA,294,82
311013,MAHARASHTRA,295,413
311013,MAHARASHTRA,296,82
311013,MAHARASHTRA,297,54
311013,MAHARASHTRA,298,148
311013,MAHARASHTRA,299,52
311013,MAHARASHTRA,300,121
311013,MAHARASHTRA,301,369
311013,MAHARASHTRA,302,45
311013,MAHARASHTRA,303,262
311013,MAHARASHTRA,304,197
311013,MAHARASHTRA,305,665
311013,MAHARASHTRA,306,222
311013,MAHARASHTRA,307,45
311013,MAHARASHTRA,308,22
311013,MAHARASHTRA,309,442
311013,MAHARASHTRA,310,205
311013,MAHARASHTRA,311,50
311013,MAHARASHTRA,312,105
311013,MAHARASHTRA,313,23
311013,MAHARASHTRA,314,327
311013,MAHARASHTRA,315,39
311013,MAHARASHTRA,316,125
311013,MAHARASHTRA,317,50
311013,MAHARASHTRA,318,393
311013,MAHARASHTRA,319,314
311013,MAHARASHTRA,320,132
311013,MAHARASHTRA,321,412
311013,MAHARASHTRA,322,500
311013,MAHARASHTRA,323,84
311013,MAHARASHTRA,324,335
311013,MAHARASHTRA,325,273
311013,MAHARASHTRA,326,71
311013,MAHARASHTRA,327,401
311013,MAHARASHTRA,328,39
311013,MAHARASHTRA,329,86
311013,MAHARASHTRA,330,231
311013,MAHARASHTRA,331,468
311013,MAHARASHTRA,332,317
311013,MAHARASHTRA,333,237
311013,MAHARASHTRA,334,641
311013,MAHARASHTRA,335,355
311013,MAHARASHTRA,336,148
311013,MAHARASHTRA,337,212
311013,MAHARASHTRA,338,322
311013,MAHARASHTRA,339,110
311013,MAHARASHTRA,340,80
311013,MAHARASHTRA,341,67
311013,MAHARASHTRA,342,101
311013,MAHARASHTRA,343,106
311013,MAHARASHTRA,344,183
311013,MAHARASHTRA,345,307
311013,MAHARASHTRA,346,57
311013,MAHARASHTRA,347,48
311013,MAHARASHTRA,348,83
311013,MAHARASHTRA,349,356
311013,MAHARASHTRA,350,61
311013,MAHARASHTRA,351,517
311013,MAHARASHTRA,352,260
311013,MAHARASHTRA,353,115
311013,MAHARASHTRA,354,55
311013,MAHARASHTRA,355,463
311013,MAHARASHTRA,356,332
311013,MAHARASHTRA,357,129
311013,MAHARASHTRA,358,71
311013,MAHARASHTRA,359,51
311013,MAHARASHTRA,360,136
311013,MAHARASHTRA,361,149
311013,MAHARASHTRA,362,136
311013,MAHARASHTRA,363,611
311013,MAHARASHTRA,364,84
311013,MAHARASHTRA,365,379
311013,MAHARASHTRA,366,107
311013,MAHARASHTRA,367,145
311013,MAHARASHTRA,368,183
311013,MAHARASHTRA,369,365
311013,MAHARASHTRA,370,151
311013,MAHARASHTRA,371,163
311013,MAHARASHTRA,372,245
311013,MAHARASHTRA,373,151
311013,MAHARASHTRA,374,95
311013,MAHARASHTRA,375,77
311013,MAHARASHTRA,376,43
311013,MAHARASHTRA,377,274
311013,MAHARASHTRA,378,47
311013,MAHARASHTRA,379,128
311013,MAHARASHTRA,380,86
311013,MAHARASHTRA,381,546
311013,MAHARASHTRA,382,256
311013,MAHARASHTRA,383,130
311013,MAHARASHTRA,384,21
311013,MAHARASHTRA,385,92
311013,MAHARASHTRA,386,189
311013,MAHARASHTRA,387,140
311013,MAHARASHTRA,388,217
311013,MAHARASHTRA,389,77
311013,MAHARASHTRA,390,438
311013,MAHARASHTRA,391,211
311013,MAHARASHTRA,392,157
311013,MAHARASHTRA,393,395
311013,MAHARASHTRA,394,212
311013,MAHARASHTRA,395,15
311013,MAHARASHTRA,396,331
311013,MAHARASHTRA,397,116
311013,MAHARASHTRA,398,215
311013,MAHARASHTRA,399,307
311013,MAHARASHTRA,400,75
311013,MAHARASHTRA,401,324
311013,MAHARASHTRA,402,293
311013,MAHARASHTRA,403,66
311013,MAHARASHTRA,404,60
311013,MAHARASHTRA,405,428
311013,MAHARASHTRA,406,145
311013,MAHARASHTRA,407,78
311013,MAHARASHTRA,408,213
311013,MAHARASHTRA,409,101
311013,MAHARASHTRA,410,24
311013,MAHARASHTRA,411,152
311013,MAHARASHTRA,412,154
311013,MAHARASHTRA,413,637
311013,MAHARASHTRA,414,176
311013,MAHARASHTRA,415,500
311013,MAHARASHTRA,416,93
311013,MAHARASHTRA,417,106
311013,MAHARASHTRA,418,204
311013,MAHARASHTRA,419,161
311013,MAHARASHTRA,420,132
311013,MAHARASHTRA,421,176
311013,MAHARASHTRA,422,173
311013,MAHARASHTRA,423,59
311013,MAHARASHTRA,424,360
311013,MAHARASHTRA,425,618
311013,MAHARASHTRA,426,74
311013,MAHARASHTRA,427,25
311013,MAHARASHTRA,428,19
311013,MAHARASHTRA,429,188
311013,MAHARASHTRA,430,141
311013,MAHARASHTRA,431,59
311013,MAHARASHTRA,432,350
311013,MAHARASHTRA,433,436
311013,MAHARASHTRA,434,105
311013,MAHARASHTRA,435,127
311013,MAHARASHTRA,436,491
311013,MAHARASHTRA,437,181
311013,MAHARASHTRA,438,269
311013,MAHARASHTRA,439,93
311013,MAHARASHTRA,440,79
311013,MAHARASHTRA,441,38
311013,MAHARASHTRA,442,613
311013,MAHARASHTRA,443,73
311013,MAHARASHTRA,444,385
311013,MAHARASHTRA,445,410
311013,MAHARASHTRA,446,320
311013,MAHARASHTRA,447,90
311013,MAHARASHTRA,448,96
311013,MAHARASHTRA,449,382
311013,MAHARASHTRA,450,450
311013,MAHARASHTRA,451,159
311013,MAHARASHTRA,452,465
311013,MAHARASHTRA,453,163
311013,MAHARASHTRA,454,113
311013,MAHARASHTRA,455,323
311013,MAHARASHTRA,456,115
311013,MAHARASHTRA,457,178
311013,MAHARASHTRA,458,155
311013,MAHARASHTRA,459,511
311013,MAHARASHTRA,460,60
311013,MAHARASHTRA,461,277
311013,MAHARASHTRA,462,369
311013,MAHARASHTRA,463,53
311013,MAHARASHTRA,464,105
311013,MAHARASHTRA,465,199
311013,MAHARASHTRA,466,53
311013,MAHARASHTRA,467,173
311013,MAHARASHTRA,468,157
311013,MAHARASHTRA,469,302
311013,MAHARASHTRA,470,65
311013,MAHARASHTRA,471,377
311013,MAHARASHTRA,472,118
311013,MAHARASHTRA,473,494
311013,MAHARASHTRA,474,479
311013,MAHARASHTRA,475,321
311013,MAHARASHTRA,476,262
311013,MAHARASHTRA,477,410
311013,MAHARASHTRA,478,45
311013,MAHARASHTRA,479,36
311013,MAHARASHTRA,480,385
311013,MAHARASHTRA,481,130
311013,MAHARASHTRA,482,668
311013,MAHARASHTRA,483,135
311013,MAHARASHTRA,484,24
311013,MAHARASHTRA,485,258
311013,MAHARASHTRA,486,74
311013,MAHARASHTRA,487,318
311013,MAHARASHTRA,488,106
311013,MAHARASHTRA,489,599
311013,MAHARASHTRA,490,120
311013,MAHARASHTRA,491,543
311013,MAHARASHTRA,492,81
311013,MAHARASHTRA,493,180
311013,MAHARASHTRA,494,127
311013,MAHARASHTRA,495,120
311013,MAHARASHTRA,496,117
311013,MAHARASHTRA,497,51
311013,MAHARASHTRA,498,78
311013,MAHARASHTRA,499,79
311013,MAHARASHTRA,500,420
311013,MAHARASHTRA,501,186
311013,MAHARASHTRA,502,145
311013,MAHARASHTRA,503,140
311013,MAHARASHTRA,504,86
311013,MAHARASHTRA,505,103
311013,MAHARASHTRA,506,123
311013,MAHARASHTRA,507,473
311013,MAHARASHTRA,508,198
311013,MAHARASHTRA,509,95
311013,MAHARASHTRA,510,271
311013,MAHARASHTRA,511,232
311013,MAHARASHTRA,512,460
311013,MAHARASHTRA,513,583
311013,MAHARASHTRA,514,461
311013,MAHARASHTRA,515,291
311013,MAHARASHTRA,516,345
311013,MAHARASHTRA,517,602
311013,MAHARASHTRA,518,60
311013,MAHARASHTRA,519,310
311013,MAHARASHTRA,520,620
311013,MAHARASHTRA,521,42
311013,MAHARASHTRA,522,138
311013,MAHARASHTRA,523,134
311013,MAHARASHTRA,524,67
311013,MAHARASHTRA,525,309
311013,MAHARASHTRA,526,464
311013,MAHARASHTRA,527,346
311013,MAHARASHTRA,528,195
311013,MAHARASHTRA,529,529
311013,MAHARASHTRA,530,164
311013,MAHARASHTRA,531,253
311013,MAHARASHTRA,532,309
311013,MAHARASHTRA,533,557
311013,MAHARASHTRA,534,109
311013,MAHARASHTRA,535,87
311013,MAHARASHTRA,536,109
311013,MAHARASHTRA,537,460
311013,MAHARASHTRA,538,175
311013,MAHARASHTRA,539,42
311013,MAHARASHTRA,540,622
311013,MAHARASHTRA,541,38
311013,MAHARASHTRA,542,243
311013,MAHARASHTRA,543,349
311013,MAHARASHTRA,544,627
311013,MAHARASHTRA,545,89
311013,MAHARASHTRA,546,32
311013,MAHARASHTRA,547,326
311013,MAHARASHTRA,548,246
311013,MAHARASHTRA,549,438
311013,MAHARASHTRA,550,60
311013,MAHARASHTRA,551,20
311013,MAHARASHTRA,552,135
311013,MAHARASHTRA,553,151
311013,MAHARASHTRA,554,490
311013,MAHARASHTRA,555,229
311013,MAHARASHTRA,556,215
311013,MAHARASHTRA,557,34
311013,MAHARASHTRA,558,281
311013,MAHARASHTRA,559,69
311013,MAHARASHTRA,560,403
311013,MAHARASHTRA,561,489
311013,MAHARASHTRA,562,97
311013,MAHARASHTRA,563,168
311013,MAHARASHTRA,564,225
311013,MAHARASHTRA,565,82
311013,MAHARASHTRA,566,57
311013,MAHARASHTRA,567,143
311013,MAHARASHTRA,568,266
311013,MAHARASHTRA,569,39
311013,MAHARASHTRA,570,305
311013,MAHARASHTRA,571,252
311013,MAHARASHTRA,572,151
311013,MAHARASHTRA,573,235
311013,MAHARASHTRA,574,50
311013,MAHARASHTRA,575,101
311013,MAHARASHTRA,576,349
311013,MAHARASHTRA,577,271
311013,MAHARASHTRA,578,185
311013,MAHARASHTRA,579,187
311013,MAHARASHTRA,580,60
311013,MAHARASHTRA,581,286
311013,MAHARASHTRA,582,110
311013,MAHARASHTRA,583,190
311013,MAHARASHTRA,584,140
