Center Number,State Name,Srl No,Marks
311004,MAHARASHTRA,400,101
311004,MAHARASHTRA,1,471
311004,MAHARASHTRA,2,96
311004,MAHARASHTRA,3,175
311004,MAHARASHTRA,4,235
311004,MAHARASHTRA,5,265
311004,MAHARASHTRA,6,103
311004,MAHARASHTRA,7,267
311004,MAHARASHTRA,8,262
311004,MAHARASHTRA,9,199
311004,MAHARASHTRA,10,94
311004,MAHARASHTRA,11,284
311004,MAHARASHTRA,12,138
311004,MAHARASHTRA,13,392
311004,MAHARASHTRA,14,40
311004,MAHARASHTRA,15,195
311004,MAHARASHTRA,16,127
311004,MAHARASHTRA,17,18
311004,MAHARASHTRA,18,482
311004,MAHARASHTRA,19,59
311004,MAHARASHTRA,20,288
311004,MAHARASHTRA,21,238
311004,MAHARASHTRA,22,133
311004,MAHARASHTRA,23,91
311004,MAHARASHTRA,24,168
311004,MAHARASHTRA,25,48
311004,MAHARASHTRA,26,415
311004,MAHARASHTRA,27,689
311004,MAHARASHTRA,28,458
311004,MAHARASHTRA,29,298
311004,MAHARASHTRA,30,58
311004,MAHARASHTRA,31,522
311004,MAHARASHTRA,32,128
311004,MAHARASHTRA,33,170
311004,MAHARASHTRA,34,553
311004,MAHARASHTRA,35,624
311004,MAHARASHTRA,36,585
311004,MAHARASHTRA,37,218
311004,MAHARASHTRA,38,116
311004,MAHARASHTRA,39,45
311004,MAHARASHTRA,40,46
311004,MAHARASHTRA,41,100
311004,MAHARASHTRA,42,267
311004,MAHARASHTRA,43,336
311004,MAHARASHTRA,44,176
311004,MAHARASHTRA,45,548
311004,MAHARASHTRA,46,22
311004,MAHARASHTRA,47,274
311004,MAHARASHTRA,48,67
311004,MAHARASHTRA,49,146
311004,MAHARASHTRA,50,280
311004,MAHARASHTRA,51,59
311004,MAHARASHTRA,52,275
311004,MAHARASHTRA,53,67
311004,MAHARASHTRA,54,91
311004,MAHARASHTRA,55,543
311004,MAHARASHTRA,56,126
311004,MAHARASHTRA,57,103
311004,MAHARASHTRA,58,212
311004,MAHARASHTRA,59,237
311004,MAHARASHTRA,60,73
311004,MAHARASHTRA,61,80
311004,MAHARASHTRA,62,127
311004,MAHARASHTRA,63,328
311004,MAHARASHTRA,64,13
311004,MAHARASHTRA,65,97
311004,MAHARASHTRA,66,628
311004,MAHARASHTRA,67,581
311004,MAHARASHTRA,68,147
311004,MAHARASHTRA,69,33
311004,MAHARASHTRA,70,216
311004,MAHARASHTRA,71,29
311004,MAHARASHTRA,72,442
311004,MAHARASHTRA,73,91
311004,MAHARASHTRA,74,211
311004,MAHARASHTRA,75,227
311004,MAHARASHTRA,76,373
311004,MAHARASHTRA,77,67
311004,MAHARASHTRA,78,422
311004,MAHARASHTRA,79,49
311004,MAHARASHTRA,80,476
311004,MAHARASHTRA,81,323
311004,MAHARASHTRA,82,248
311004,MAHARASHTRA,83,415
311004,MAHARASHTRA,84,269
311004,MAHARASHTRA,85,317
311004,MAHARASHTRA,86,91
311004,MAHARASHTRA,87,178
311004,MAHARASHTRA,88,270
311004,MAHARASHTRA,89,207
311004,MAHARASHTRA,90,106
311004,MAHARASHTRA,91,60
311004,MAHARASHTRA,92,163
311004,MAHARASHTRA,93,469
311004,MAHARASHTRA,94,558
311004,MAHARASHTRA,95,370
311004,MAHARASHTRA,96,96
311004,MAHARASHTRA,97,83
311004,MAHARASHTRA,98,73
311004,MAHARASHTRA,99,227
311004,MAHARASHTRA,100,190
311004,MAHARASHTRA,101,313
311004,MAHARASHTRA,102,123
311004,MAHARASHTRA,103,72
311004,MAHARASHTRA,104,50
311004,MAHARASHTRA,105,496
311004,MAHARASHTRA,106,300
311004,MAHARASHTRA,107,87
311004,MAHARASHTRA,108,128
311004,MAHARASHTRA,109,210
311004,MAHARASHTRA,110,46
311004,MAHARASHTRA,111,282
311004,MAHARASHTRA,112,105
311004,MAHARASHTRA,113,467
311004,MAHARASHTRA,114,295
311004,MAHARASHTRA,115,277
311004,MAHARASHTRA,116,87
311004,MAHARASHTRA,117,112
311004,MAHARASHTRA,118,54
311004,MAHARASHTRA,119,117
311004,MAHARASHTRA,120,171
311004,MAHARASHTRA,121,70
311004,MAHARASHTRA,122,79
311004,MAHARASHTRA,123,59
311004,MAHARASHTRA,124,178
311004,MAHARASHTRA,125,198
311004,MAHARASHTRA,126,25
311004,MAHARASHTRA,127,193
311004,MAHARASHTRA,128,459
311004,MAHARASHTRA,129,330
311004,MAHARASHTRA,130,74
311004,MAHARASHTRA,131,382
311004,MAHARASHTRA,132,388
311004,MAHARASHTRA,133,103
311004,MAHARASHTRA,134,73
311004,MAHARASHTRA,135,215
311004,MAHARASHTRA,136,242
311004,MAHARASHTRA,137,576
311004,MAHARASHTRA,138,575
311004,MAHARASHTRA,139,598
311004,MAHARASHTRA,140,54
311004,MAHARASHTRA,141,91
311004,MAHARASHTRA,142,406
311004,MAHARASHTRA,143,401
311004,MAHARASHTRA,144,358
311004,MAHARASHTRA,145,452
311004,MAHARASHTRA,146,283
311004,MAHARASHTRA,147,161
311004,MAHARASHTRA,148,185
311004,MAHARASHTRA,149,607
311004,MAHARASHTRA,150,309
311004,MAHARASHTRA,151,45
311004,MAHARASHTRA,152,225
311004,MAHARASHTRA,153,317
311004,MAHARASHTRA,154,115
311004,MAHARASHTRA,155,207
311004,MAHARASHTRA,156,126
311004,MAHARASHTRA,157,119
311004,MAHARASHTRA,158,365
311004,MAHARASHTRA,159,80
311004,MAHARASHTRA,160,248
311004,MAHARASHTRA,161,442
311004,MAHARASHTRA,162,48
311004,MAHARASHTRA,163,101
311004,MAHARASHTRA,164,248
311004,MAHARASHTRA,165,55
311004,MAHARASHTRA,166,227
311004,MAHARASHTRA,167,141
311004,MAHARASHTRA,168,556
311004,MAHARASHTRA,169,60
311004,MAHARASHTRA,170,151
311004,MAHARASHTRA,171,83
311004,MAHARASHTRA,172,142
311004,MAHARASHTRA,173,401
311004,MAHARASHTRA,174,583
311004,MAHARASHTRA,175,185
311004,MAHARASHTRA,176,629
311004,MAHARASHTRA,177,543
311004,MAHARASHTRA,178,240
311004,MAHARASHTRA,179,271
311004,MAHARASHTRA,180,233
311004,MAHARASHTRA,181,131
311004,MAHARASHTRA,182,72
311004,MAHARASHTRA,183,354
311004,MAHARASHTRA,184,177
311004,MAHARASHTRA,185,214
311004,MAHARASHTRA,186,115
311004,MAHARASHTRA,187,429
311004,MAHARASHTRA,188,205
311004,MAHARASHTRA,189,392
311004,MAHARASHTRA,190,302
311004,MAHARASHTRA,191,122
311004,MAHARASHTRA,192,112
311004,MAHARASHTRA,193,40
311004,MAHARASHTRA,194,120
311004,MAHARASHTRA,195,65
311004,MAHARASHTRA,196,123
311004,MAHARASHTRA,197,135
311004,MAHARASHTRA,198,207
311004,MAHARASHTRA,199,130
311004,MAHARASHTRA,200,366
311004,MAHARASHTRA,201,104
311004,MAHARASHTRA,202,425
311004,MAHARASHTRA,203,212
311004,MAHARASHTRA,204,110
311004,MAHARASHTRA,205,327
311004,MAHARASHTRA,206,102
311004,MAHARASHTRA,207,63
311004,MAHARASHTRA,208,203
311004,MAHARASHTRA,209,114
311004,MAHARASHTRA,210,174
311004,MAHARASHTRA,211,416
311004,MAHARASHTRA,212,115
311004,MAHARASHTRA,213,256
311004,MAHARASHTRA,214,114
311004,MAHARASHTRA,215,119
311004,MAHARASHTRA,216,25
311004,MAHARASHTRA,217,501
311004,MAHARASHTRA,218,127
311004,MAHARASHTRA,219,618
311004,MAHARASHTRA,220,15
311004,MAHARASHTRA,221,121
311004,MAHARASHTRA,222,366
311004,MAHARASHTRA,223,168
311004,MAHARASHTRA,224,130
311004,MAHARASHTRA,225,126
311004,MAHARASHTRA,226,95
311004,MAHARASHTRA,227,167
311004,MAHARASHTRA,228,102
311004,MAHARASHTRA,229,80
311004,MAHARASHTRA,230,108
311004,MAHARASHTRA,231,235
311004,MAHARASHTRA,232,72
311004,MAHARASHTRA,233,96
311004,MAHARASHTRA,234,620
311004,MAHARASHTRA,235,115
311004,MAHARASHTRA,236,446
311004,MAHARASHTRA,237,279
311004,MAHARASHTRA,238,39
311004,MAHARASHTRA,239,103
311004,MAHARASHTRA,240,297
311004,MAHARASHTRA,241,221
311004,MAHARASHTRA,242,59
311004,MAHARASHTRA,243,113
311004,MAHARASHTRA,244,103
311004,MAHARASHTRA,245,161
311004,MAHARASHTRA,246,115
311004,MAHARASHTRA,247,145
311004,MAHARASHTRA,248,65
311004,MAHARASHTRA,249,514
311004,MAHARASHTRA,250,44
311004,MAHARASHTRA,251,372
311004,MAHARASHTRA,252,127
311004,MAHARASHTRA,253,332
311004,MAHARASHTRA,254,142
311004,MAHARASHTRA,255,179
311004,MAHARASHTRA,256,316
311004,MAHARASHTRA,257,518
311004,MAHARASHTRA,258,99
311004,MAHARASHTRA,259,166
311004,MAHARASHTRA,260,131
311004,MAHARASHTRA,261,45
311004,MAHARASHTRA,262,382
311004,MAHARASHTRA,263,487
311004,MAHARASHTRA,264,651
311004,MAHARASHTRA,265,97
311004,MAHARASHTRA,266,68
311004,MAHARASHTRA,267,199
311004,MAHARASHTRA,268,441
311004,MAHARASHTRA,269,253
311004,MAHARASHTRA,270,258
311004,MAHARASHTRA,271,408
311004,MAHARASHTRA,272,158
311004,MAHARASHTRA,273,42
311004,MAHARASHTRA,274,335
311004,MAHARASHTRA,275,83
311004,MAHARASHTRA,276,57
311004,MAHARASHTRA,277,51
311004,MAHARASHTRA,278,160
311004,MAHARASHTRA,279,130
311004,MAHARASHTRA,280,32
311004,MAHARASHTRA,281,90
311004,MAHARASHTRA,282,334
311004,MAHARASHTRA,283,257
311004,MAHARASHTRA,284,141
311004,MAHARASHTRA,285,320
311004,MAHARASHTRA,286,139
311004,MAHARASHTRA,287,588
311004,MAHARASHTRA,288,32
311004,MAHARASHTRA,289,232
311004,MAHARASHTRA,290,448
311004,MAHARASHTRA,291,467
311004,MAHARASHTRA,292,266
311004,MAHARASHTRA,293,391
311004,MAHARASHTRA,294,140
311004,MAHARASHTRA,295,329
311004,MAHARASHTRA,296,316
311004,MAHARASHTRA,297,285
311004,MAHARASHTRA,298,400
311004,MAHARASHTRA,299,175
311004,MAHARASHTRA,400,101
311004,MAHARASHTRA,301,185
311004,MAHARASHTRA,302,78
311004,MAHARASHTRA,303,280
311004,MAHARASHTRA,304,103
311004,MAHARASHTRA,305,219
311004,MAHARASHTRA,306,25
311004,MAHARASHTRA,307,343
311004,MAHARASHTRA,308,490
311004,MAHARASHTRA,309,54
311004,MAHARASHTRA,310,117
311004,MAHARASHTRA,311,95
311004,MAHARASHTRA,312,91
311004,MAHARASHTRA,313,247
311004,MAHARASHTRA,314,380
311004,MAHARASHTRA,315,422
311004,MAHARASHTRA,316,476
311004,MAHARASHTRA,317,183
311004,MAHARASHTRA,318,80
311004,MAHARASHTRA,319,554
311004,MAHARASHTRA,320,77
311004,MAHARASHTRA,321,124
311004,MAHARASHTRA,322,148
311004,MAHARASHTRA,323,160
311004,MAHARASHTRA,324,185
311004,MAHARASHTRA,325,189
311004,MAHARASHTRA,326,200
311004,MAHARASHTRA,327,112
311004,MAHARASHTRA,328,51
311004,MAHARASHTRA,329,139
311004,MAHARASHTRA,330,45
311004,MAHARASHTRA,331,49
311004,MAHARASHTRA,332,85
311004,MAHARASHTRA,333,630
311004,MAHARASHTRA,334,470
311004,MAHARASHTRA,335,441
311004,MAHARASHTRA,336,118
311004,MAHARASHTRA,337,100
311004,MAHARASHTRA,338,252
311004,MAHARASHTRA,339,588
311004,MAHARASHTRA,340,398
311004,MAHARASHTRA,341,7
311004,MAHARASHTRA,342,605
311004,MAHARASHTRA,343,198
311004,MAHARASHTRA,344,130
311004,MAHARASHTRA,345,316
311004,MAHARASHTRA,346,69
311004,MAHARASHTRA,347,66
311004,MAHARASHTRA,348,291
311004,MAHARASHTRA,349,60
311004,MAHARASHTRA,350,158
311004,MAHARASHTRA,351,43
311004,MAHARASHTRA,352,23
311004,MAHARASHTRA,353,98
311004,MAHARASHTRA,354,405
311004,MAHARASHTRA,355,29
311004,MAHARASHTRA,356,70
311004,MAHARASHTRA,357,314
311004,MAHARASHTRA,358,70
311004,MAHARASHTRA,359,128
311004,MAHARASHTRA,360,269
311004,MAHARASHTRA,361,139
311004,MAHARASHTRA,362,48
311004,MAHARASHTRA,363,163
311004,MAHARASHTRA,364,518
311004,MAHARASHTRA,365,297
311004,MAHARASHTRA,366,332
311004,MAHARASHTRA,367,80
311004,MAHARASHTRA,368,584
311004,MAHARASHTRA,369,264
311004,MAHARASHTRA,370,95
311004,MAHARASHTRA,371,326
311004,MAHARASHTRA,372,100
311004,MAHARASHTRA,373,58
311004,MAHARASHTRA,374,179
311004,MAHARASHTRA,375,366
311004,MAHARASHTRA,376,151
311004,MAHARASHTRA,377,196
311004,MAHARASHTRA,378,240
311004,MAHARASHTRA,379,75
311004,MAHARASHTRA,380,500
311004,MAHARASHTRA,381,73
311004,MAHARASHTRA,382,459
311004,MAHARASHTRA,383,541
311004,MAHARASHTRA,384,274
311004,MAHARASHTRA,385,83
311004,MAHARASHTRA,386,112
311004,MAHARASHTRA,387,620
311004,MAHARASHTRA,388,668
311004,MAHARASHTRA,389,91
311004,MAHARASHTRA,390,89
311004,MAHARASHTRA,391,538
311004,MAHARASHTRA,392,143
311004,MAHARASHTRA,393,232
311004,MAHARASHTRA,394,133
311004,MAHARASHTRA,395,516
311004,MAHARASHTRA,396,279
311004,MAHARASHTRA,397,390
311004,MAHARASHTRA,398,88
311004,MAHARASHTRA,399,115
311004,MAHARASHTRA,400,230
311004,MAHARASHTRA,401,397
311004,MAHARASHTRA,402,115
311004,MAHARASHTRA,403,146
311004,MAHARASHTRA,404,199
311004,MAHARASHTRA,405,124
311004,MAHARASHTRA,406,139
311004,MAHARASHTRA,407,127
311004,MAHARASHTRA,408,332
311004,MAHARASHTRA,409,650
311004,MAHARASHTRA,410,95
311004,MAHARASHTRA,411,401
311004,MAHARASHTRA,412,210
311004,MAHARASHTRA,413,528
311004,MAHARASHTRA,414,648
311004,MAHARASHTRA,415,55
311004,MAHARASHTRA,416,200
311004,MAHARASHTRA,417,117
311004,MAHARASHTRA,418,154
311004,MAHARASHTRA,419,271
311004,MAHARASHTRA,420,371
311004,MAHARASHTRA,421,76
311004,MAHARASHTRA,422,570
311004,MAHARASHTRA,423,641
311004,MAHARASHTRA,424,178
311004,MAHARASHTRA,425,441
311004,MAHARASHTRA,426,628
311004,MAHARASHTRA,427,198
311004,MAHARASHTRA,428,359
311004,MAHARASHTRA,429,124
311004,MAHARASHTRA,430,259
311004,MAHARASHTRA,431,20
311004,MAHARASHTRA,432,438
311004,MAHARASHTRA,433,253
311004,MAHARASHTRA,434,583
311004,MAHARASHTRA,435,83
311004,MAHARASHTRA,436,285
311004,MAHARASHTRA,437,244
311004,MAHARASHTRA,438,143
311004,MAHARASHTRA,439,95
311004,MAHARASHTRA,440,214
311004,MAHARASHTRA,441,130
311004,MAHARASHTRA,442,588
311004,MAHARASHTRA,443,324
311004,MAHARASHTRA,444,169
311004,MAHARASHTRA,445,25
311004,MAHARASHTRA,446,650
311004,MAHARASHTRA,447,417
311004,MAHARASHTRA,448,174
311004,MAHARASHTRA,449,68
311004,MAHARASHTRA,450,45
311004,MAHARASHTRA,451,55
311004,MAHARASHTRA,452,339
311004,MAHARASHTRA,453,212
311004,MAHARASHTRA,454,119
311004,MAHARASHTRA,455,116
311004,MAHARASHTRA,456,31
311004,MAHARASHTRA,457,108
311004,MAHARASHTRA,458,245
311004,MAHARASHTRA,459,287
311004,MAHARASHTRA,460,170
311004,MAHARASHTRA,461,104
311004,MAHARASHTRA,462,90
311004,MAHARASHTRA,463,542
311004,MAHARASHTRA,464,145
311004,MAHARASHTRA,465,586
311004,MAHARASHTRA,466,140
311004,MAHARASHTRA,467,168
311004,MAHARASHTRA,468,83
311004,MAHARASHTRA,469,517
311004,MAHARASHTRA,470,86
311004,MAHARASHTRA,471,89
311004,MAHARASHTRA,472,115
311004,MAHARASHTRA,473,100
311004,MAHARASHTRA,474,274
311004,MAHARASHTRA,475,102
311004,MAHARASHTRA,476,265
311004,MAHARASHTRA,477,435
311004,MAHARASHTRA,478,655
311004,MAHARASHTRA,479,471
311004,MAHARASHTRA,480,128
311004,MAHARASHTRA,481,378
311004,MAHARASHTRA,482,259
311004,MAHARASHTRA,483,179
311004,MAHARASHTRA,484,19
311004,MAHARASHTRA,485,522
311004,MAHARASHTRA,486,340
311004,MAHARASHTRA,487,115
311004,MAHARASHTRA,488,254
311004,MAHARASHTRA,489,61
311004,MAHARASHTRA,490,177
311004,MAHARASHTRA,491,546
311004,MAHARASHTRA,492,334
311004,MAHARASHTRA,493,133
311004,MAHARASHTRA,494,78
311004,MAHARASHTRA,495,347
311004,MAHARASHTRA,496,100
311004,MAHARASHTRA,497,340
311004,MAHARASHTRA,498,340
311004,MAHARASHTRA,499,496
311004,MAHARASHTRA,500,151
311004,MAHARASHTRA,501,114
311004,MAHARASHTRA,502,42
311004,MAHARASHTRA,503,234
311004,MAHARASHTRA,504,131
311004,MAHARASHTRA,505,113
311004,MAHARASHTRA,506,501
311004,MAHARASHTRA,507,621
311004,MAHARASHTRA,508,62
311004,MAHARASHTRA,509,45
311004,MAHARASHTRA,510,70
311004,MAHARASHTRA,511,96
311004,MAHARASHTRA,512,39
311004,MAHARASHTRA,513,235
311004,MAHARASHTRA,514,146
311004,MAHARASHTRA,515,92
311004,MAHARASHTRA,516,95
311004,MAHARASHTRA,517,604
311004,MAHARASHTRA,518,78
311004,MAHARASHTRA,519,216
311004,MAHARASHTRA,520,152
311004,MAHARASHTRA,521,60
311004,MAHARASHTRA,522,444
311004,MAHARASHTRA,523,33
311004,MAHARASHTRA,524,294
311004,MAHARASHTRA,525,144
311004,MAHARASHTRA,526,464
311004,MAHARASHTRA,527,43
311004,MAHARASHTRA,528,117
311004,MAHARASHTRA,529,378
311004,MAHARASHTRA,530,235
311004,MAHARASHTRA,531,195
311004,MAHARASHTRA,532,131
311004,MAHARASHTRA,533,473
311004,MAHARASHTRA,534,95
311004,MAHARASHTRA,535,61
311004,MAHARASHTRA,536,179
311004,MAHARASHTRA,537,500
311004,MAHARASHTRA,538,51
311004,MAHARASHTRA,539,182
311004,MAHARASHTRA,540,545
311004,MAHARASHTRA,541,112
311004,MAHARASHTRA,542,129
311004,MAHARASHTRA,543,230
311004,MAHARASHTRA,544,77
311004,MAHARASHTRA,545,307
311004,MAHARASHTRA,546,87
311004,MAHARASHTRA,547,119
311004,MAHARASHTRA,548,138
311004,MAHARASHTRA,549,258
311004,MAHARASHTRA,550,26
311004,MAHARASHTRA,551,60
311004,MAHARASHTRA,552,125
311004,MAHARASHTRA,553,499
311004,MAHARASHTRA,554,638
311004,MAHARASHTRA,555,148
311004,MAHARASHTRA,556,76
311004,MAHARASHTRA,557,181
311004,MAHARASHTRA,558,237
311004,MAHARASHTRA,559,356
311004,MAHARASHTRA,560,579
311004,MAHARASHTRA,561,278
311004,MAHARASHTRA,562,50
311004,MAHARASHTRA,563,103
311004,MAHARASHTRA,564,128
311004,MAHARASHTRA,565,27
311004,MAHARASHTRA,566,120
311004,MAHARASHTRA,567,391
311004,MAHARASHTRA,568,385
311004,MAHARASHTRA,569,62
311004,MAHARASHTRA,570,178
311004,MAHARASHTRA,571,461
311004,MAHARASHTRA,572,197
311004,MAHARASHTRA,573,228
311004,MAHARASHTRA,574,71
311004,MAHARASHTRA,575,204
311004,MAHARASHTRA,576,334
311004,MAHARASHTRA,577,230
311004,MAHARASHTRA,578,252
311004,MAHARASHTRA,579,438
311004,MAHARASHTRA,580,268
311004,MAHARASHTRA,581,134
311004,MAHARASHTRA,582,11
311004,MAHARASHTRA,583,439
311004,MAHARASHTRA,584,449
311004,MAHARASHTRA,585,21
311004,MAHARASHTRA,586,128
311004,MAHARASHTRA,587,385
311004,MAHARASHTRA,588,121
311004,MAHARASHTRA,589,137
311004,MAHARASHTRA,590,318
311004,MAHARASHTRA,591,509
311004,MAHARASHTRA,592,97
311004,MAHARASHTRA,593,681
311004,MAHARASHTRA,594,137
311004,MAHARASHTRA,595,139
311004,MAHARASHTRA,596,88
311004,MAHARASHTRA,597,119
311004,MAHARASHTRA,598,66
311004,MAHARASHTRA,599,517
311004,MAHARASHTRA,600,208
311004,MAHARASHTRA,400,101
311004,MAHARASHTRA,601,82
311004,MAHARASHTRA,602,533
311004,MAHARASHTRA,603,136
311004,MAHARASHTRA,604,79
311004,MAHARASHTRA,605,52
311004,MAHARASHTRA,606,647
311004,MAHARASHTRA,607,251
311004,MAHARASHTRA,608,143
311004,MAHARASHTRA,609,190
311004,MAHARASHTRA,610,193
311004,MAHARASHTRA,611,203
311004,MAHARASHTRA,612,505
311004,MAHARASHTRA,613,212
311004,MAHARASHTRA,614,102
311004,MAHARASHTRA,615,37
311004,MAHARASHTRA,616,130
311004,MAHARASHTRA,617,477
311004,MAHARASHTRA,618,231
311004,MAHARASHTRA,619,214
311004,MAHARASHTRA,620,182
311004,MAHARASHTRA,621,192
311004,MAHARASHTRA,622,317
311004,MAHARASHTRA,623,144
311004,MAHARASHTRA,624,286
311004,MAHARASHTRA,625,48
311004,MAHARASHTRA,626,37
311004,MAHARASHTRA,627,546
311004,MAHARASHTRA,628,130
311004,MAHARASHTRA,629,308
311004,MAHARASHTRA,630,106
311004,MAHARASHTRA,631,76
311004,MAHARASHTRA,632,167
311004,MAHARASHTRA,633,251
311004,MAHARASHTRA,634,229
311004,MAHARASHTRA,635,429
311004,MAHARASHTRA,636,89
311004,MAHARASHTRA,637,320
311004,MAHARASHTRA,638,151
311004,MAHARASHTRA,639,118
311004,MAHARASHTRA,640,142
311004,MAHARASHTRA,641,365
311004,MAHARASHTRA,642,141
311004,MAHARASHTRA,643,38
311004,MAHARASHTRA,644,142
311004,MAHARASHTRA,645,98
311004,MAHARASHTRA,646,258
311004,MAHARASHTRA,647,315
311004,MAHARASHTRA,648,209
311004,MAHARASHTRA,649,53
311004,MAHARASHTRA,650,263
311004,MAHARASHTRA,651,41
311004,MAHARASHTRA,652,451
311004,MAHARASHTRA,653,466
311004,MAHARASHTRA,654,112
311004,MAHARASHTRA,655,80
311004,MAHARASHTRA,656,311
311004,MAHARASHTRA,657,84
311004,MAHARASHTRA,658,211
311004,MAHARASHTRA,659,90
311004,MAHARASHTRA,660,291
311004,MAHARASHTRA,661,45
311004,MAHARASHTRA,662,60
311004,MAHARASHTRA,663,81
311004,MAHARASHTRA,664,238
311004,MAHARASHTRA,665,144
311004,MAHARASHTRA,666,452
311004,MAHARASHTRA,667,60
311004,MAHARASHTRA,668,41
311004,MAHARASHTRA,669,248
311004,MAHARASHTRA,670,108
311004,MAHARASHTRA,671,87
311004,MAHARASHTRA,672,188
311004,MAHARASHTRA,673,57
311004,MAHARASHTRA,674,94
311004,MAHARASHTRA,675,147
311004,MAHARASHTRA,676,134
311004,MAHARASHTRA,677,72
311004,MAHARASHTRA,678,195
311004,MAHARASHTRA,679,107
311004,MAHARASHTRA,680,496
311004,MAHARASHTRA,681,114
311004,MAHARASHTRA,682,100
311004,MAHARASHTRA,683,20
311004,MAHARASHTRA,684,463
311004,MAHARASHTRA,685,280
311004,MAHARASHTRA,686,57
311004,MAHARASHTRA,687,65
311004,MAHARASHTRA,688,96
311004,MAHARASHTRA,689,99
311004,MAHARASHTRA,690,64
311004,MAHARASHTRA,691,606
311004,MAHARASHTRA,692,95
311004,MAHARASHTRA,693,103
311004,MAHARASHTRA,694,124
311004,MAHARASHTRA,695,261
311004,MAHARASHTRA,696,461
311004,MAHARASHTRA,697,388
311004,MAHARASHTRA,698,72
311004,MAHARASHTRA,699,97
311004,MAHARASHTRA,700,34
311004,MAHARASHTRA,701,186
311004,MAHARASHTRA,702,127
311004,MAHARASHTRA,703,645
311004,MAHARASHTRA,704,378
311004,MAHARASHTRA,705,596
311004,MAHARASHTRA,706,60
311004,MAHARASHTRA,707,49
311004,MAHARASHTRA,708,215
311004,MAHARASHTRA,709,176
311004,MAHARASHTRA,710,433
311004,MAHARASHTRA,711,100
311004,MAHARASHTRA,712,41
311004,MAHARASHTRA,713,129
311004,MAHARASHTRA,714,251
311004,MAHARASHTRA,715,247
311004,MAHARASHTRA,716,120
311004,MAHARASHTRA,717,670
311004,MAHARASHTRA,718,72
311004,MAHARASHTRA,719,280
311004,MAHARASHTRA,720,61
311004,MAHARASHTRA,721,48
311004,MAHARASHTRA,722,111
311004,MAHARASHTRA,723,99
311004,MAHARASHTRA,724,325
311004,MAHARASHTRA,725,405
311004,MAHARASHTRA,726,259
311004,MAHARASHTRA,727,50
311004,MAHARASHTRA,728,363
311004,MAHARASHTRA,729,227
311004,MAHARASHTRA,730,26
311004,MAHARASHTRA,731,94
311004,MAHARASHTRA,732,356
311004,MAHARASHTRA,733,425
311004,MAHARASHTRA,734,70
311004,MAHARASHTRA,735,358
311004,MAHARASHTRA,736,126
311004,MAHARASHTRA,737,642
311004,MAHARASHTRA,738,70
311004,MAHARASHTRA,739,629
311004,MAHARASHTRA,740,134
311004,MAHARASHTRA,741,192
311004,MAHARASHTRA,742,206
311004,MAHARASHTRA,743,518
311004,MAHARASHTRA,744,80
311004,MAHARASHTRA,745,454
311004,MAHARASHTRA,746,143
311004,MAHARASHTRA,747,48
311004,MAHARASHTRA,748,84
311004,MAHARASHTRA,749,440
311004,MAHARASHTRA,750,279
311004,MAHARASHTRA,751,48
311004,MAHARASHTRA,752,36
311004,MAHARASHTRA,753,124
311004,MAHARASHTRA,754,107
311004,MAHARASHTRA,755,61
311004,MAHARASHTRA,756,325
311004,MAHARASHTRA,757,68
311004,MAHARASHTRA,758,272
311004,MAHARASHTRA,759,68
311004,MAHARASHTRA,760,471
311004,MAHARASHTRA,761,233
311004,MAHARASHTRA,762,85
311004,MAHARASHTRA,763,84
311004,MAHARASHTRA,764,69
311004,MAHARASHTRA,765,340
311004,MAHARASHTRA,766,245
311004,MAHARASHTRA,767,340
311004,MAHARASHTRA,768,67
311004,MAHARASHTRA,769,435
311004,MAHARASHTRA,770,113
311004,MAHARASHTRA,771,428
311004,MAHARASHTRA,772,150
311004,MAHARASHTRA,773,340
311004,MAHARASHTRA,774,75
311004,MAHARASHTRA,775,266
311004,MAHARASHTRA,776,36
311004,MAHARASHTRA,777,107
311004,MAHARASHTRA,778,94
311004,MAHARASHTRA,779,479
311004,MAHARASHTRA,780,48
311004,MAHARASHTRA,781,80
311004,MAHARASHTRA,782,245
311004,MAHARASHTRA,783,53
311004,MAHARASHTRA,784,207
311004,MAHARASHTRA,785,71
311004,MAHARASHTRA,786,19
311004,MAHARASHTRA,787,383
311004,MAHARASHTRA,788,180
311004,MAHARASHTRA,789,100
311004,MAHARASHTRA,790,84
311004,MAHARASHTRA,791,322
311004,MAHARASHTRA,792,126
311004,MAHARASHTRA,793,109
311004,MAHARASHTRA,794,115
311004,MAHARASHTRA,795,79
311004,MAHARASHTRA,796,121
311004,MAHARASHTRA,797,141
311004,MAHARASHTRA,798,39
311004,MAHARASHTRA,799,97
311004,MAHARASHTRA,800,136
311004,MAHARASHTRA,801,624
311004,MAHARASHTRA,802,175
311004,MAHARASHTRA,803,43
311004,MAHARASHTRA,804,404
311004,MAHARASHTRA,805,691
311004,MAHARASHTRA,806,282
311004,MAHARASHTRA,807,108
311004,MAHARASHTRA,808,22
311004,MAHARASHTRA,809,507
311004,MAHARASHTRA,810,63
311004,MAHARASHTRA,811,300
311004,MAHARASHTRA,812,138
311004,MAHARASHTRA,813,226
311004,MAHARASHTRA,814,160
311004,MAHARASHTRA,815,420
311004,MAHARASHTRA,816,251
311004,MAHARASHTRA,817,328
311004,MAHARASHTRA,818,25
311004,MAHARASHTRA,819,95
311004,MAHARASHTRA,820,185
311004,MAHARASHTRA,821,163
311004,MAHARASHTRA,822,504
311004,MAHARASHTRA,823,101
311004,MAHARASHTRA,824,586
311004,MAHARASHTRA,825,657
311004,MAHARASHTRA,826,427
311004,MAHARASHTRA,827,147
311004,MAHARASHTRA,828,124
311004,MAHARASHTRA,829,159
311004,MAHARASHTRA,830,562
311004,MAHARASHTRA,831,390
311004,MAHARASHTRA,832,426
311004,MAHARASHTRA,833,299
311004,MAHARASHTRA,834,329
311004,MAHARASHTRA,835,115
311004,MAHARASHTRA,836,187
311004,MAHARASHTRA,837,38
311004,MAHARASHTRA,838,26
311004,MAHARASHTRA,839,120
311004,MAHARASHTRA,840,132
311004,MAHARASHTRA,841,87
311004,MAHARASHTRA,842,330
311004,MAHARASHTRA,843,350
311004,MAHARASHTRA,844,55
311004,MAHARASHTRA,845,116
311004,MAHARASHTRA,846,85
311004,MAHARASHTRA,847,248
311004,MAHARASHTRA,848,419
311004,MAHARASHTRA,849,359
311004,MAHARASHTRA,850,349
311004,MAHARASHTRA,851,36
311004,MAHARASHTRA,852,220
311004,MAHARASHTRA,853,153
311004,MAHARASHTRA,854,54
311004,MAHARASHTRA,855,52
311004,MAHARASHTRA,856,69
311004,MAHARASHTRA,857,174
311004,MAHARASHTRA,858,43
311004,MAHARASHTRA,859,28
311004,MAHARASHTRA,860,151
311004,MAHARASHTRA,861,170
311004,MAHARASHTRA,862,75
311004,MAHARASHTRA,863,352
311004,MAHARASHTRA,864,528
311004,MAHARASHTRA,865,50
311004,MAHARASHTRA,866,182
311004,MAHARASHTRA,3,868
311004,MAHARASHTRA,225,869
311004,MAHARASHTRA,112,870
311004,MAHARASHTRA,871,266
311004,MAHARASHTRA,872,65
311004,MAHARASHTRA,873,57
311004,MAHARASHTRA,874,69
311004,MAHARASHTRA,875,132
311004,MAHARASHTRA,876,221
311004,MAHARASHTRA,877,100
311004,MAHARASHTRA,878,96
311004,MAHARASHTRA,879,17
311004,MAHARASHTRA,880,329
311004,MAHARASHTRA,881,477
