Center Number,State Name,Srl No,Marks
311213,MAHARASHTRA,1,114
311213,MAHARASHTRA,2,113
311213,MAHARASHTRA,3,103
311213,MAHARASHTRA,4,178
311213,MAHARASHTRA,5,68
311213,MAHARASHTRA,6,705
311213,MAHARASHTRA,7,91
311213,MAHARASHTRA,8,254
311213,MAHARASHTRA,9,90
311213,MAHARASHTRA,10,429
311213,MAHARASHTRA,11,610
311213,MAHARASHTRA,12,342
311213,MAHARASHTRA,13,469
311213,MAHARASHTRA,14,436
311213,MAHARASHTRA,15,632
311213,MAHARASHTRA,16,10
311213,MAHARASHTRA,17,55
311213,MAHARASHTRA,18,175
311213,MAHARASHTRA,19,60
311213,MAHARASHTRA,20,417
311213,MAHARASHTRA,21,104
311213,MAHARASHTRA,22,492
311213,MAHARASHTRA,23,62
311213,MAHARASHTRA,24,21
311213,MAHARASHTRA,25,403
311213,MAHARASHTRA,26,207
311213,MAHARASHTRA,27,601
311213,MAHARASHTRA,28,85
311213,MAHARASHTRA,29,73
311213,MAHARASHTRA,30,552
311213,MAHARASHTRA,31,101
311213,MAHARASHTRA,32,326
311213,MAHARASHTRA,33,56
311213,MAHARASHTRA,34,345
311213,MAHARASHTRA,35,26
311213,MAHARASHTRA,36,543
311213,MAHARASHTRA,37,84
311213,MAHARASHTRA,38,153
311213,MAHARASHTRA,8,40
311213,MAHARASHTRA,180,41
311213,MAHARASHTRA,243,42
311213,MAHARASHTRA,135,43
311213,MAHARASHTRA,581,44
311213,MAHARASHTRA,234,45
311213,MAHARASHTRA,80,46
311213,MAHARASHTRA,573,47
311213,MAHARASHTRA,71,48
311213,MAHARASHTRA,53,49
311213,MAHARASHTRA,120,50
311213,MAHARASHTRA,435,51
311213,MAHARASHTRA,241,52
311213,MAHARASHTRA,44,53
311213,MAHARASHTRA,18,54
311213,MAHARASHTRA,61,55
311213,MAHARASHTRA,474,56
311213,MAHARASHTRA,62,57
311213,MAHARASHTRA,261,58
311213,MAHARASHTRA,150,59
311213,MAHARASHTRA,202,60
311213,MAHARASHTRA,61,49
311213,MAHARASHTRA,62,565
311213,MAHARASHTRA,63,170
311213,MAHARASHTRA,64,346
311213,MAHARASHTRA,65,159
311213,MAHARASHTRA,66,95
311213,MAHARASHTRA,67,226
311213,MAHARASHTRA,68,601
311213,MAHARASHTRA,69,259
311213,MAHARASHTRA,70,178
311213,MAHARASHTRA,71,72
311213,MAHARASHTRA,72,78
311213,MAHARASHTRA,73,149
311213,MAHARASHTRA,74,256
311213,MAHARASHTRA,75,272
311213,MAHARASHTRA,76,206
311213,MAHARASHTRA,77,92
311213,MAHARASHTRA,78,300
311213,MAHARASHTRA,79,77
311213,MAHARASHTRA,80,92
311213,MAHARASHTRA,81,502
311213,MAHARASHTRA,82,618
311213,MAHARASHTRA,83,269
311213,MAHARASHTRA,84,145
311213,MAHARASHTRA,85,262
311213,MAHARASHTRA,86,519
311213,MAHARASHTRA,87,305
311213,MAHARASHTRA,88,115
311213,MAHARASHTRA,89,81
311213,MAHARASHTRA,90,182
311213,MAHARASHTRA,91,49
311213,MAHARASHTRA,92,118
311213,MAHARASHTRA,93,511
311213,MAHARASHTRA,94,379
311213,MAHARASHTRA,95,478
311213,MAHARASHTRA,96,139
311213,MAHARASHTRA,97,544
311213,MAHARASHTRA,98,43
311213,MAHARASHTRA,99,45
311213,MAHARASHTRA,100,30
311213,MAHARASHTRA,101,75
311213,MAHARASHTRA,102,336
311213,MAHARASHTRA,103,48
311213,MAHARASHTRA,104,89
311213,MAHARASHTRA,105,599
311213,MAHARASHTRA,106,100
311213,MAHARASHTRA,107,170
311213,MAHARASHTRA,108,95
311213,MAHARASHTRA,109,65
311213,MAHARASHTRA,110,80
311213,MAHARASHTRA,111,39
311213,MAHARASHTRA,112,450
311213,MAHARASHTRA,113,105
311213,MAHARASHTRA,114,309
311213,MAHARASHTRA,115,60
311213,MAHARASHTRA,116,50
311213,MAHARASHTRA,117,324
311213,MAHARASHTRA,118,106
311213,MAHARASHTRA,119,591
311213,MAHARASHTRA,120,107
311213,MAHARASHTRA,121,285
311213,MAHARASHTRA,122,138
311213,MAHARASHTRA,123,7
311213,MAHARASHTRA,124,9
311213,MAHARASHTRA,125,403
311213,MAHARASHTRA,126,210
311213,MAHARASHTRA,127,139
311213,MAHARASHTRA,128,221
311213,MAHARASHTRA,129,25
311213,MAHARASHTRA,130,230
311213,MAHARASHTRA,131,81
311213,MAHARASHTRA,132,670
311213,MAHARASHTRA,133,489
311213,MAHARASHTRA,134,54
311213,MAHARASHTRA,135,137
311213,MAHARASHTRA,136,136
311213,MAHARASHTRA,137,483
311213,MAHARASHTRA,138,89
311213,MAHARASHTRA,139,343
311213,MAHARASHTRA,140,331
311213,MAHARASHTRA,141,564
311213,MAHARASHTRA,142,28
311213,MAHARASHTRA,143,363
311213,MAHARASHTRA,144,259
311213,MAHARASHTRA,145,49
311213,MAHARASHTRA,146,146
311213,MAHARASHTRA,147,507
311213,MAHARASHTRA,148,113
311213,MAHARASHTRA,149,148
311213,MAHARASHTRA,150,66
311213,MAHARASHTRA,151,110
311213,MAHARASHTRA,152,382
311213,MAHARASHTRA,153,102
311213,MAHARASHTRA,154,272
311213,MAHARASHTRA,155,25
311213,MAHARASHTRA,156,211
311213,MAHARASHTRA,157,193
311213,MAHARASHTRA,158,58
311213,MAHARASHTRA,159,347
311213,MAHARASHTRA,160,164
311213,MAHARASHTRA,9,162
311213,MAHARASHTRA,23,163
311213,MAHARASHTRA,230,164
311213,MAHARASHTRA,58,165
311213,MAHARASHTRA,526,166
311213,MAHARASHTRA,43,167
311213,MAHARASHTRA,66,168
311213,MAHARASHTRA,227,169
311213,MAHARASHTRA,65,170
311213,MAHARASHTRA,289,171
311213,MAHARASHTRA,56,172
311213,MAHARASHTRA,85,173
311213,MAHARASHTRA,285,174
311213,MAHARASHTRA,453,175
311213,MAHARASHTRA,347,176
311213,MAHARASHTRA,201,177
311213,MAHARASHTRA,1,178
311213,MAHARASHTRA,473,179
311213,MAHARASHTRA,308,180
311213,MAHARASHTRA,181,99
311213,MAHARASHTRA,182,571
311213,MAHARASHTRA,183,136
311213,MAHARASHTRA,184,369
311213,MAHARASHTRA,185,198
311213,MAHARASHTRA,186,389
311213,MAHARASHTRA,187,51
311213,MAHARASHTRA,188,104
311213,MAHARASHTRA,189,97
311213,MAHARASHTRA,190,92
311213,MAHARASHTRA,191,94
311213,MAHARASHTRA,192,156
311213,MAHARASHTRA,193,383
311213,MAHARASHTRA,194,418
311213,MAHARASHTRA,195,245
311213,MAHARASHTRA,196,633
311213,MAHARASHTRA,197,177
311213,MAHARASHTRA,198,57
311213,MAHARASHTRA,199,14
311213,MAHARASHTRA,200,109
311213,MAHARASHTRA,201,84
311213,MAHARASHTRA,202,53
311213,MAHARASHTRA,203,455
311213,MAHARASHTRA,204,224
311213,MAHARASHTRA,205,563
311213,MAHARASHTRA,206,207
311213,MAHARASHTRA,207,205
311213,MAHARASHTRA,208,165
311213,MAHARASHTRA,209,265
311213,MAHARASHTRA,210,62
311213,MAHARASHTRA,211,423
311213,MAHARASHTRA,212,350
311213,MAHARASHTRA,213,671
311213,MAHARASHTRA,214,259
311213,MAHARASHTRA,215,59
311213,MAHARASHTRA,216,354
311213,MAHARASHTRA,217,105
311213,MAHARASHTRA,218,399
311213,MAHARASHTRA,219,26
311213,MAHARASHTRA,220,174
311213,MAHARASHTRA,221,291
311213,MAHARASHTRA,222,35
311213,MAHARASHTRA,223,247
311213,MAHARASHTRA,224,207
311213,MAHARASHTRA,225,212
311213,MAHARASHTRA,226,187
311213,MAHARASHTRA,227,495
311213,MAHARASHTRA,228,101
311213,MAHARASHTRA,229,65
311213,MAHARASHTRA,230,305
311213,MAHARASHTRA,231,163
311213,MAHARASHTRA,232,185
311213,MAHARASHTRA,233,187
311213,MAHARASHTRA,7,235
311213,MAHARASHTRA,171,236
311213,MAHARASHTRA,230,237
311213,MAHARASHTRA,408,238
311213,MAHARASHTRA,266,239
311213,MAHARASHTRA,98,240
311213,MAHARASHTRA,241,444
311213,MAHARASHTRA,242,451
311213,MAHARASHTRA,243,237
311213,MAHARASHTRA,244,105
311213,MAHARASHTRA,245,74
311213,MAHARASHTRA,246,102
311213,MAHARASHTRA,247,280
311213,MAHARASHTRA,248,159
311213,MAHARASHTRA,249,51
311213,MAHARASHTRA,250,305
311213,MAHARASHTRA,251,171
311213,MAHARASHTRA,252,405
311213,MAHARASHTRA,253,485
311213,MAHARASHTRA,254,460
311213,MAHARASHTRA,255,51
311213,MAHARASHTRA,256,50
311213,MAHARASHTRA,257,84
311213,MAHARASHTRA,258,337
311213,MAHARASHTRA,259,108
311213,MAHARASHTRA,260,185
311213,MAHARASHTRA,261,9
311213,MAHARASHTRA,262,140
311213,MAHARASHTRA,263,80
311213,MAHARASHTRA,264,294
311213,MAHARASHTRA,265,213
311213,MAHARASHTRA,266,363
311213,MAHARASHTRA,267,598
311213,MAHARASHTRA,268,224
311213,MAHARASHTRA,269,140
311213,MAHARASHTRA,270,268
311213,MAHARASHTRA,271,180
311213,MAHARASHTRA,272,338
311213,MAHARASHTRA,273,178
311213,MAHARASHTRA,274,93
311213,MAHARASHTRA,275,63
311213,MAHARASHTRA,276,346
311213,MAHARASHTRA,277,99
311213,MAHARASHTRA,278,100
311213,MAHARASHTRA,279,143
311213,MAHARASHTRA,280,113
311213,MAHARASHTRA,281,130
311213,MAHARASHTRA,282,310
311213,MAHARASHTRA,283,48
311213,MAHARASHTRA,284,13
311213,MAHARASHTRA,285,280
311213,MAHARASHTRA,286,108
311213,MAHARASHTRA,287,97
311213,MAHARASHTRA,288,110
311213,MAHARASHTRA,289,54
311213,MAHARASHTRA,290,609
311213,MAHARASHTRA,291,108
311213,MAHARASHTRA,292,53
311213,MAHARASHTRA,293,82
311213,MAHARASHTRA,294,73
311213,MAHARASHTRA,295,286
311213,MAHARASHTRA,296,122
311213,MAHARASHTRA,297,92
311213,MAHARASHTRA,298,194
311213,MAHARASHTRA,299,71
311213,MAHARASHTRA,300,33
311213,MAHARASHTRA,301,407
311213,MAHARASHTRA,302,690
311213,MAHARASHTRA,303,27
311213,MAHARASHTRA,304,401
311213,MAHARASHTRA,305,145
311213,MAHARASHTRA,306,149
311213,MAHARASHTRA,307,263
311213,MAHARASHTRA,308,367
311213,MAHARASHTRA,309,181
311213,MAHARASHTRA,310,40
311213,MAHARASHTRA,311,39
311213,MAHARASHTRA,312,176
311213,MAHARASHTRA,313,410
311213,MAHARASHTRA,314,655
311213,MAHARASHTRA,315,115
311213,MAHARASHTRA,316,275
311213,MAHARASHTRA,317,110
311213,MAHARASHTRA,318,126
311213,MAHARASHTRA,319,129
311213,MAHARASHTRA,320,242
311213,MAHARASHTRA,321,259
311213,MAHARASHTRA,322,402
311213,MAHARASHTRA,323,493
311213,MAHARASHTRA,324,114
311213,MAHARASHTRA,325,396
311213,MAHARASHTRA,326,40
311213,MAHARASHTRA,327,415
311213,MAHARASHTRA,328,417
311213,MAHARASHTRA,329,30
311213,MAHARASHTRA,330,636
311213,MAHARASHTRA,331,56
311213,MAHARASHTRA,332,102
311213,MAHARASHTRA,333,227
311213,MAHARASHTRA,334,351
311213,MAHARASHTRA,335,161
311213,MAHARASHTRA,336,88
311213,MAHARASHTRA,337,675
311213,MAHARASHTRA,338,34
311213,MAHARASHTRA,339,455
311213,MAHARASHTRA,340,270
311213,MAHARASHTRA,341,21
311213,MAHARASHTRA,342,60
311213,MAHARASHTRA,343,10
311213,MAHARASHTRA,344,106
311213,MAHARASHTRA,345,251
311213,MAHARASHTRA,5,347
311213,MAHARASHTRA,463,348
311213,MAHARASHTRA,395,349
311213,MAHARASHTRA,85,350
311213,MAHARASHTRA,220,351
311213,MAHARASHTRA,4,352
311213,MAHARASHTRA,391,353
311213,MAHARASHTRA,474,354
311213,MAHARASHTRA,199,355
311213,MAHARASHTRA,214,356
311213,MAHARASHTRA,10,357
311213,MAHARASHTRA,194,358
311213,MAHARASHTRA,229,359
311213,MAHARASHTRA,187,360
311213,MAHARASHTRA,361,8
311213,MAHARASHTRA,362,335
311213,MAHARASHTRA,363,440
311213,MAHARASHTRA,364,220
311213,MAHARASHTRA,365,138
311213,MAHARASHTRA,366,150
311213,MAHARASHTRA,367,40
311213,MAHARASHTRA,368,126
311213,MAHARASHTRA,369,82
311213,MAHARASHTRA,370,102
311213,MAHARASHTRA,371,461
311213,MAHARASHTRA,372,527
311213,MAHARASHTRA,373,155
311213,MAHARASHTRA,374,241
311213,MAHARASHTRA,375,228
311213,MAHARASHTRA,376,180
311213,MAHARASHTRA,377,53
311213,MAHARASHTRA,378,71
311213,MAHARASHTRA,379,379
311213,MAHARASHTRA,380,90
311213,MAHARASHTRA,381,50
311213,MAHARASHTRA,382,157
311213,MAHARASHTRA,383,181
311213,MAHARASHTRA,384,548
311213,MAHARASHTRA,385,71
311213,MAHARASHTRA,386,155
311213,MAHARASHTRA,387,214
311213,MAHARASHTRA,388,76
311213,MAHARASHTRA,389,118
311213,MAHARASHTRA,390,532
311213,MAHARASHTRA,391,659
311213,MAHARASHTRA,392,80
311213,MAHARASHTRA,393,215
311213,MAHARASHTRA,394,159
311213,MAHARASHTRA,395,555
311213,MAHARASHTRA,396,7
311213,MAHARASHTRA,397,130
311213,MAHARASHTRA,398,140
311213,MAHARASHTRA,399,208
311213,MAHARASHTRA,400,94
311213,MAHARASHTRA,401,144
311213,MAHARASHTRA,402,104
311213,MAHARASHTRA,403,222
311213,MAHARASHTRA,404,332
311213,MAHARASHTRA,405,201
311213,MAHARASHTRA,406,36
311213,MAHARASHTRA,407,100
311213,MAHARASHTRA,408,65
311213,MAHARASHTRA,409,62
311213,MAHARASHTRA,410,191
311213,MAHARASHTRA,411,447
311213,MAHARASHTRA,412,432
311213,MAHARASHTRA,413,181
311213,MAHARASHTRA,414,298
311213,MAHARASHTRA,415,90
311213,MAHARASHTRA,416,425
311213,MAHARASHTRA,417,266
311213,MAHARASHTRA,418,119
311213,MAHARASHTRA,419,592
311213,MAHARASHTRA,420,23
311213,MAHARASHTRA,421,120
311213,MAHARASHTRA,422,321
311213,MAHARASHTRA,423,67
311213,MAHARASHTRA,424,662
311213,MAHARASHTRA,425,29
311213,MAHARASHTRA,426,351
311213,MAHARASHTRA,427,148
311213,MAHARASHTRA,428,379
311213,MAHARASHTRA,429,601
311213,MAHARASHTRA,430,153
311213,MAHARASHTRA,431,92
311213,MAHARASHTRA,432,41
311213,MAHARASHTRA,433,97
311213,MAHARASHTRA,434,277
311213,MAHARASHTRA,435,65
311213,MAHARASHTRA,436,62
311213,MAHARASHTRA,437,163
311213,MAHARASHTRA,438,102
311213,MAHARASHTRA,439,55
311213,MAHARASHTRA,440,178
311213,MAHARASHTRA,441,49
311213,MAHARASHTRA,442,492
311213,MAHARASHTRA,443,258
311213,MAHARASHTRA,444,512
311213,MAHARASHTRA,445,281
311213,MAHARASHTRA,446,165
311213,MAHARASHTRA,447,95
311213,MAHARASHTRA,448,123
311213,MAHARASHTRA,449,129
311213,MAHARASHTRA,450,129
311213,MAHARASHTRA,451,187
311213,MAHARASHTRA,452,53
311213,MAHARASHTRA,453,610
311213,MAHARASHTRA,454,197
311213,MAHARASHTRA,455,488
311213,MAHARASHTRA,456,220
311213,MAHARASHTRA,457,640
311213,MAHARASHTRA,458,175
311213,MAHARASHTRA,459,572
311213,MAHARASHTRA,460,120
311213,MAHARASHTRA,461,143
311213,MAHARASHTRA,462,134
311213,MAHARASHTRA,463,76
311213,MAHARASHTRA,464,459
311213,MAHARASHTRA,465,61
311213,MAHARASHTRA,466,45
311213,MAHARASHTRA,467,20
311213,MAHARASHTRA,468,443
311213,MAHARASHTRA,469,260
311213,MAHARASHTRA,470,415
311213,MAHARASHTRA,471,269
311213,MAHARASHTRA,472,235
311213,MAHARASHTRA,473,65
311213,MAHARASHTRA,474,451
311213,MAHARASHTRA,475,100
