Center Number,State Name,Srl No,Marks
311204,MAHARASHTRA,1,171
311204,MAHARASHTRA,2,92
311204,MAHARASHTRA,3,312
311204,MAHARASHTRA,4,219
311204,MAHARASHTRA,5,212
311204,MAHARASHTRA,6,253
311204,MAHARASHTRA,7,661
311204,MAHARASHTRA,8,400
311204,MAHARASHTRA,9,92
311204,MAHARASHTRA,10,425
311204,MAHARASHTRA,11,114
311204,MAHARASHTRA,12,422
311204,MAHARASHTRA,13,653
311204,MAHARASHTRA,14,137
311204,MAHARASHTRA,15,585
311204,MAHARASHTRA,16,21
311204,MAHARASHTRA,17,201
311204,MAHARASHTRA,18,220
311204,MAHARASHTRA,19,160
311204,MAHARASHTRA,20,251
311204,MAHARASHTRA,21,406
311204,MAHARASHTRA,22,152
311204,MAHARASHTRA,23,25
311204,MAHARASHTRA,24,156
311204,MAHARASHTRA,25,322
311204,MAHARASHTRA,26,70
311204,MAHARASHTRA,27,620
311204,MAHARASHTRA,28,95
311204,MAHARASHTRA,29,9
311204,MAHARASHTRA,30,340
311204,MAHARASHTRA,31,488
311204,MAHARASHTRA,32,57
311204,MAHARASHTRA,33,530
311204,MAHARASHTRA,34,68
311204,MAHARASHTRA,35,90
311204,MAHARASHTRA,36,85
311204,MAHARASHTRA,37,280
311204,MAHARASHTRA,38,221
311204,MAHARASHTRA,39,46
311204,MAHARASHTRA,40,57
311204,MAHARASHTRA,41,246
311204,MAHARASHTRA,42,318
311204,MAHARASHTRA,43,41
311204,MAHARASHTRA,44,274
311204,MAHARASHTRA,45,604
311204,MAHARASHTRA,46,0
311204,MAHARASHTRA,47,23
311204,MAHARASHTRA,48,479
311204,MAHARASHTRA,49,46
311204,MAHARASHTRA,50,128
311204,MAHARASHTRA,51,301
311204,MAHARASHTRA,52,710
311204,MAHARASHTRA,53,280
311204,MAHARASHTRA,54,451
311204,MAHARASHTRA,55,45
311204,MAHARASHTRA,56,136
311204,MAHARASHTRA,57,31
311204,MAHARASHTRA,58,154
311204,MAHARASHTRA,59,345
311204,MAHARASHTRA,60,288
311204,MAHARASHTRA,61,43
311204,MAHARASHTRA,62,289
311204,MAHARASHTRA,63,194
311204,MAHARASHTRA,64,548
311204,MAHARASHTRA,65,231
311204,MAHARASHTRA,66,177
311204,MAHARASHTRA,67,424
311204,MAHARASHTRA,68,23
311204,MAHARASHTRA,69,229
311204,MAHARASHTRA,70,353
311204,MAHARASHTRA,71,161
311204,MAHARASHTRA,72,11
311204,MAHARASHTRA,73,39
311204,MAHARASHTRA,74,424
311204,MAHARASHTRA,10,76
311204,MAHARASHTRA,81,77
311204,MAHARASHTRA,121,78
311204,MAHARASHTRA,400,79
311204,MAHARASHTRA,155,80
311204,MAHARASHTRA,25,81
311204,MAHARASHTRA,109,82
311204,MAHARASHTRA,72,83
311204,MAHARASHTRA,83,84
311204,MAHARASHTRA,320,85
311204,MAHARASHTRA,165,86
311204,MAHARASHTRA,274,87
311204,MAHARASHTRA,501,88
311204,MAHARASHTRA,226,89
311204,MAHARASHTRA,135,90
311204,MAHARASHTRA,91,43
311204,MAHARASHTRA,92,44
311204,MAHARASHTRA,93,244
311204,MAHARASHTRA,94,112
311204,MAHARASHTRA,95,126
311204,MAHARASHTRA,96,645
311204,MAHARASHTRA,97,235
311204,MAHARASHTRA,98,357
311204,MAHARASHTRA,99,144
311204,MAHARASHTRA,100,97
311204,MAHARASHTRA,101,2
311204,MAHARASHTRA,102,105
311204,MAHARASHTRA,103,79
311204,MAHARASHTRA,104,165
311204,MAHARASHTRA,3,106
311204,MAHARASHTRA,27,107
311204,MAHARASHTRA,473,108
311204,MAHARASHTRA,239,109
311204,MAHARASHTRA,66,110
311204,MAHARASHTRA,204,111
311204,MAHARASHTRA,108,112
311204,MAHARASHTRA,155,113
311204,MAHARASHTRA,142,114
311204,MAHARASHTRA,17,115
311204,MAHARASHTRA,370,116
311204,MAHARASHTRA,385,117
311204,MAHARASHTRA,46,118
311204,MAHARASHTRA,16,119
311204,MAHARASHTRA,56,120
311204,MAHARASHTRA,121,444
311204,MAHARASHTRA,122,79
311204,MAHARASHTRA,123,75
311204,MAHARASHTRA,124,173
311204,MAHARASHTRA,125,308
311204,MAHARASHTRA,126,156
311204,MAHARASHTRA,127,333
311204,MAHARASHTRA,128,31
311204,MAHARASHTRA,129,80
311204,MAHARASHTRA,130,208
311204,MAHARASHTRA,131,550
311204,MAHARASHTRA,132,340
311204,MAHARASHTRA,133,46
311204,MAHARASHTRA,134,591
311204,MAHARASHTRA,135,138
311204,MAHARASHTRA,136,142
311204,MAHARASHTRA,137,348
311204,MAHARASHTRA,138,602
311204,MAHARASHTRA,139,330
311204,MAHARASHTRA,140,44
311204,MAHARASHTRA,141,280
311204,MAHARASHTRA,142,276
311204,MAHARASHTRA,143,655
311204,MAHARASHTRA,144,474
311204,MAHARASHTRA,145,420
311204,MAHARASHTRA,146,295
311204,MAHARASHTRA,147,626
311204,MAHARASHTRA,148,336
311204,MAHARASHTRA,149,157
311204,MAHARASHTRA,150,452
311204,MAHARASHTRA,151,464
311204,MAHARASHTRA,152,110
311204,MAHARASHTRA,153,577
311204,MAHARASHTRA,154,563
311204,MAHARASHTRA,155,228
311204,MAHARASHTRA,156,25
311204,MAHARASHTRA,157,151
311204,MAHARASHTRA,158,318
311204,MAHARASHTRA,159,99
311204,MAHARASHTRA,160,46
311204,MAHARASHTRA,161,37
311204,MAHARASHTRA,162,47
311204,MAHARASHTRA,163,65
311204,MAHARASHTRA,164,52
311204,MAHARASHTRA,165,282
311204,MAHARASHTRA,166,168
311204,MAHARASHTRA,167,60
311204,MAHARASHTRA,168,241
311204,MAHARASHTRA,169,446
311204,MAHARASHTRA,170,163
311204,MAHARASHTRA,171,596
311204,MAHARASHTRA,172,55
311204,MAHARASHTRA,173,430
311204,MAHARASHTRA,174,15
311204,MAHARASHTRA,175,252
311204,MAHARASHTRA,176,67
311204,MAHARASHTRA,177,395
311204,MAHARASHTRA,178,5
311204,MAHARASHTRA,179,73
311204,MAHARASHTRA,180,291
311204,MAHARASHTRA,181,95
311204,MAHARASHTRA,182,348
311204,MAHARASHTRA,183,136
311204,MAHARASHTRA,184,122
311204,MAHARASHTRA,185,301
311204,MAHARASHTRA,186,513
311204,MAHARASHTRA,187,277
311204,MAHARASHTRA,188,38
311204,MAHARASHTRA,189,326
311204,MAHARASHTRA,190,296
311204,MAHARASHTRA,191,100
311204,MAHARASHTRA,192,46
311204,MAHARASHTRA,193,81
311204,MAHARASHTRA,194,558
311204,MAHARASHTRA,195,100
311204,MAHARASHTRA,196,378
311204,MAHARASHTRA,197,76
311204,MAHARASHTRA,198,204
311204,MAHARASHTRA,199,536
311204,MAHARASHTRA,200,199
311204,MAHARASHTRA,201,265
311204,MAHARASHTRA,202,170
311204,MAHARASHTRA,203,8
311204,MAHARASHTRA,204,554
311204,MAHARASHTRA,205,30
311204,MAHARASHTRA,206,74
311204,MAHARASHTRA,207,276
311204,MAHARASHTRA,208,51
311204,MAHARASHTRA,209,266
311204,MAHARASHTRA,210,393
311204,MAHARASHTRA,211,94
311204,MAHARASHTRA,212,188
311204,MAHARASHTRA,213,98
311204,MAHARASHTRA,214,710
311204,MAHARASHTRA,215,112
311204,MAHARASHTRA,216,75
311204,MAHARASHTRA,217,303
311204,MAHARASHTRA,218,8
311204,MAHARASHTRA,219,174
311204,MAHARASHTRA,220,261
311204,MAHARASHTRA,221,257
311204,MAHARASHTRA,222,184
311204,MAHARASHTRA,223,71
311204,MAHARASHTRA,224,170
311204,MAHARASHTRA,225,36
311204,MAHARASHTRA,226,78
311204,MAHARASHTRA,227,177
311204,MAHARASHTRA,228,47
311204,MAHARASHTRA,229,91
311204,MAHARASHTRA,230,88
311204,MAHARASHTRA,231,358
311204,MAHARASHTRA,232,146
311204,MAHARASHTRA,233,590
311204,MAHARASHTRA,234,102
311204,MAHARASHTRA,235,300
311204,MAHARASHTRA,236,277
311204,MAHARASHTRA,237,76
311204,MAHARASHTRA,238,94
311204,MAHARASHTRA,239,278
311204,MAHARASHTRA,240,465
311204,MAHARASHTRA,241,21
311204,MAHARASHTRA,242,122
311204,MAHARASHTRA,243,80
311204,MAHARASHTRA,244,23
311204,MAHARASHTRA,245,286
311204,MAHARASHTRA,246,87
311204,MAHARASHTRA,247,160
311204,MAHARASHTRA,248,130
311204,MAHARASHTRA,249,84
311204,MAHARASHTRA,250,119
311204,MAHARASHTRA,251,370
311204,MAHARASHTRA,252,246
311204,MAHARASHTRA,253,405
311204,MAHARASHTRA,254,164
311204,MAHARASHTRA,255,330
311204,MAHARASHTRA,256,319
311204,MAHARASHTRA,257,352
311204,MAHARASHTRA,258,310
311204,MAHARASHTRA,259,155
311204,MAHARASHTRA,260,342
311204,MAHARASHTRA,261,263
311204,MAHARASHTRA,262,132
311204,MAHARASHTRA,263,555
311204,MAHARASHTRA,264,560
311204,MAHARASHTRA,265,106
311204,MAHARASHTRA,266,50
311204,MAHARASHTRA,267,437
311204,MAHARASHTRA,268,21
311204,MAHARASHTRA,269,427
311204,MAHARASHTRA,270,221
311204,MAHARASHTRA,271,73
311204,MAHARASHTRA,272,83
311204,MAHARASHTRA,273,184
311204,MAHARASHTRA,274,230
311204,MAHARASHTRA,275,165
311204,MAHARASHTRA,276,68
311204,MAHARASHTRA,277,317
311204,MAHARASHTRA,278,66
311204,MAHARASHTRA,279,76
311204,MAHARASHTRA,280,120
311204,MAHARASHTRA,281,246
311204,MAHARASHTRA,282,121
311204,MAHARASHTRA,283,137
311204,MAHARASHTRA,284,498
311204,MAHARASHTRA,285,336
311204,MAHARASHTRA,286,222
311204,MAHARASHTRA,287,652
311204,MAHARASHTRA,288,500
311204,MAHARASHTRA,289,164
311204,MAHARASHTRA,290,270
311204,MAHARASHTRA,291,393
311204,MAHARASHTRA,292,526
311204,MAHARASHTRA,293,62
311204,MAHARASHTRA,294,115
311204,MAHARASHTRA,295,209
311204,MAHARASHTRA,296,237
311204,MAHARASHTRA,297,15
311204,MAHARASHTRA,298,0
311204,MAHARASHTRA,299,187
311204,MAHARASHTRA,300,269
311204,MAHARASHTRA,301,45
311204,MAHARASHTRA,302,185
311204,MAHARASHTRA,303,111
311204,MAHARASHTRA,304,55
311204,MAHARASHTRA,305,512
311204,MAHARASHTRA,306,123
311204,MAHARASHTRA,307,97
311204,MAHARASHTRA,308,141
311204,MAHARASHTRA,309,502
311204,MAHARASHTRA,310,105
311204,MAHARASHTRA,311,95
311204,MAHARASHTRA,312,137
311204,MAHARASHTRA,313,39
311204,MAHARASHTRA,314,311
311204,MAHARASHTRA,315,266
311204,MAHARASHTRA,316,382
311204,MAHARASHTRA,317,213
311204,MAHARASHTRA,318,426
311204,MAHARASHTRA,319,261
311204,MAHARASHTRA,320,6
311204,MAHARASHTRA,321,413
311204,MAHARASHTRA,322,142
311204,MAHARASHTRA,323,45
311204,MAHARASHTRA,324,390
311204,MAHARASHTRA,325,56
311204,MAHARASHTRA,326,418
311204,MAHARASHTRA,327,30
311204,MAHARASHTRA,328,74
311204,MAHARASHTRA,329,51
311204,MAHARASHTRA,330,530
311204,MAHARASHTRA,331,276
311204,MAHARASHTRA,332,256
311204,MAHARASHTRA,333,338
311204,MAHARASHTRA,334,60
311204,MAHARASHTRA,335,197
311204,MAHARASHTRA,336,219
311204,MAHARASHTRA,337,166
311204,MAHARASHTRA,338,177
311204,MAHARASHTRA,339,53
311204,MAHARASHTRA,340,78
311204,MAHARASHTRA,341,265
311204,MAHARASHTRA,342,386
311204,MAHARASHTRA,343,257
311204,MAHARASHTRA,344,17
311204,MAHARASHTRA,345,221
311204,MAHARASHTRA,346,84
311204,MAHARASHTRA,347,596
311204,MAHARASHTRA,348,15
311204,MAHARASHTRA,349,45
311204,MAHARASHTRA,350,207
311204,MAHARASHTRA,351,46
311204,MAHARASHTRA,352,144
311204,MAHARASHTRA,353,396
311204,MAHARASHTRA,4,355
311204,MAHARASHTRA,383,356
311204,MAHARASHTRA,142,357
311204,MAHARASHTRA,342,358
311204,MAHARASHTRA,72,359
311204,MAHARASHTRA,116,360
311204,MAHARASHTRA,361,101
311204,MAHARASHTRA,362,350
311204,MAHARASHTRA,363,97
311204,MAHARASHTRA,364,241
311204,MAHARASHTRA,365,34
311204,MAHARASHTRA,366,147
311204,MAHARASHTRA,367,65
311204,MAHARASHTRA,368,627
311204,MAHARASHTRA,369,15
311204,MAHARASHTRA,370,86
311204,MAHARASHTRA,371,299
311204,MAHARASHTRA,372,192
311204,MAHARASHTRA,373,231
311204,MAHARASHTRA,374,193
311204,MAHARASHTRA,375,266
311204,MAHARASHTRA,376,326
311204,MAHARASHTRA,377,378
311204,MAHARASHTRA,378,540
311204,MAHARASHTRA,379,310
311204,MAHARASHTRA,380,90
311204,MAHARASHTRA,381,467
311204,MAHARASHTRA,382,409
311204,MAHARASHTRA,383,273
311204,MAHARASHTRA,384,199
311204,MAHARASHTRA,385,142
311204,MAHARASHTRA,386,290
311204,MAHARASHTRA,387,35
311204,MAHARASHTRA,388,223
311204,MAHARASHTRA,389,60
311204,MAHARASHTRA,390,96
311204,MAHARASHTRA,391,52
311204,MAHARASHTRA,392,64
311204,MAHARASHTRA,393,72
311204,MAHARASHTRA,394,130
311204,MAHARASHTRA,395,336
311204,MAHARASHTRA,396,217
311204,MAHARASHTRA,397,146
311204,MAHARASHTRA,398,461
311204,MAHARASHTRA,399,280
311204,MAHARASHTRA,400,347
311204,MAHARASHTRA,401,678
311204,MAHARASHTRA,402,237
311204,MAHARASHTRA,403,495
311204,MAHARASHTRA,404,315
311204,MAHARASHTRA,405,573
311204,MAHARASHTRA,406,233
311204,MAHARASHTRA,407,29
311204,MAHARASHTRA,408,597
311204,MAHARASHTRA,409,144
311204,MAHARASHTRA,410,85
311204,MAHARASHTRA,411,336
311204,MAHARASHTRA,412,367
311204,MAHARASHTRA,413,27
311204,MAHARASHTRA,414,137
311204,MAHARASHTRA,415,572
311204,MAHARASHTRA,416,65
311204,MAHARASHTRA,417,297
311204,MAHARASHTRA,418,122
311204,MAHARASHTRA,419,340
311204,MAHARASHTRA,420,116
311204,MAHARASHTRA,421,120
311204,MAHARASHTRA,422,51
311204,MAHARASHTRA,423,230
311204,MAHARASHTRA,424,408
311204,MAHARASHTRA,425,271
311204,MAHARASHTRA,426,302
311204,MAHARASHTRA,427,237
311204,MAHARASHTRA,428,214
311204,MAHARASHTRA,429,110
311204,MAHARASHTRA,430,436
311204,MAHARASHTRA,431,65
311204,MAHARASHTRA,432,55
311204,MAHARASHTRA,433,86
311204,MAHARASHTRA,434,491
311204,MAHARASHTRA,435,447
311204,MAHARASHTRA,436,306
311204,MAHARASHTRA,437,28
311204,MAHARASHTRA,438,625
311204,MAHARASHTRA,439,267
311204,MAHARASHTRA,440,2
311204,MAHARASHTRA,441,675
311204,MAHARASHTRA,442,302
311204,MAHARASHTRA,443,117
311204,MAHARASHTRA,444,430
311204,MAHARASHTRA,445,77
311204,MAHARASHTRA,446,417
311204,MAHARASHTRA,447,231
311204,MAHARASHTRA,448,38
311204,MAHARASHTRA,449,140
311204,MAHARASHTRA,450,302
311204,MAHARASHTRA,451,411
311204,MAHARASHTRA,452,132
311204,MAHARASHTRA,453,167
311204,MAHARASHTRA,454,317
311204,MAHARASHTRA,455,33
311204,MAHARASHTRA,456,40
311204,MAHARASHTRA,457,601
311204,MAHARASHTRA,458,658
311204,MAHARASHTRA,459,100
311204,MAHARASHTRA,460,632
311204,MAHARASHTRA,461,366
311204,MAHARASHTRA,462,508
311204,MAHARASHTRA,463,404
311204,MAHARASHTRA,464,81
311204,MAHARASHTRA,465,115
311204,MAHARASHTRA,466,151
311204,MAHARASHTRA,467,261
311204,MAHARASHTRA,468,77
311204,MAHARASHTRA,469,130
311204,MAHARASHTRA,470,508
311204,MAHARASHTRA,471,612
311204,MAHARASHTRA,472,586
311204,MAHARASHTRA,473,279
311204,MAHARASHTRA,474,290
311204,MAHARASHTRA,475,598
311204,MAHARASHTRA,476,304
311204,MAHARASHTRA,477,535
311204,MAHARASHTRA,478,362
311204,MAHARASHTRA,479,173
311204,MAHARASHTRA,480,109
311204,MAHARASHTRA,481,391
311204,MAHARASHTRA,482,117
311204,MAHARASHTRA,483,102
311204,MAHARASHTRA,484,174
311204,MAHARASHTRA,485,131
311204,MAHARASHTRA,486,572
311204,MAHARASHTRA,487,639
311204,MAHARASHTRA,488,362
311204,MAHARASHTRA,489,13
311204,MAHARASHTRA,490,176
311204,MAHARASHTRA,4,492
311204,MAHARASHTRA,163,493
311204,MAHARASHTRA,592,494
311204,MAHARASHTRA,40,495
311204,MAHARASHTRA,403,496
311204,MAHARASHTRA,72,497
311204,MAHARASHTRA,239,498
311204,MAHARASHTRA,2,499
311204,MAHARASHTRA,32,500
311204,MAHARASHTRA,248,501
311204,MAHARASHTRA,298,502
311204,MAHARASHTRA,582,503
311204,MAHARASHTRA,242,504
311204,MAHARASHTRA,42,505
311204,MAHARASHTRA,369,506
311204,MAHARASHTRA,35,507
311204,MAHARASHTRA,44,508
311204,MAHARASHTRA,79,509
311204,MAHARASHTRA,208,510
311204,MAHARASHTRA,511,50
311204,MAHARASHTRA,512,153
311204,MAHARASHTRA,513,154
311204,MAHARASHTRA,514,481
311204,MAHARASHTRA,515,63
311204,MAHARASHTRA,516,38
311204,MAHARASHTRA,517,214
311204,MAHARASHTRA,518,47
311204,MAHARASHTRA,519,199
311204,MAHARASHTRA,520,169
311204,MAHARASHTRA,521,538
311204,MAHARASHTRA,522,123
311204,MAHARASHTRA,523,35
311204,MAHARASHTRA,524,236
311204,MAHARASHTRA,525,371
311204,MAHARASHTRA,526,80
311204,MAHARASHTRA,527,8
311204,MAHARASHTRA,528,142
311204,MAHARASHTRA,529,324
311204,MAHARASHTRA,530,89
311204,MAHARASHTRA,531,45
311204,MAHARASHTRA,532,363
311204,MAHARASHTRA,533,641
311204,MAHARASHTRA,534,513
311204,MAHARASHTRA,535,393
311204,MAHARASHTRA,536,179
311204,MAHARASHTRA,537,108
311204,MAHARASHTRA,538,414
311204,MAHARASHTRA,539,60
311204,MAHARASHTRA,540,204
311204,MAHARASHTRA,541,55
311204,MAHARASHTRA,542,232
311204,MAHARASHTRA,543,42
311204,MAHARASHTRA,544,106
311204,MAHARASHTRA,545,147
311204,MAHARASHTRA,546,118
311204,MAHARASHTRA,547,71
311204,MAHARASHTRA,548,264
311204,MAHARASHTRA,549,515
311204,MAHARASHTRA,550,95
311204,MAHARASHTRA,551,104
311204,MAHARASHTRA,552,83
311204,MAHARASHTRA,553,364
311204,MAHARASHTRA,554,75
311204,MAHARASHTRA,555,103
311204,MAHARASHTRA,556,67
311204,MAHARASHTRA,557,212
311204,MAHARASHTRA,558,6
311204,MAHARASHTRA,559,511
311204,MAHARASHTRA,560,88
311204,MAHARASHTRA,561,174
311204,MAHARASHTRA,562,203
311204,MAHARASHTRA,563,61
311204,MAHARASHTRA,564,200
311204,MAHARASHTRA,565,216
311204,MAHARASHTRA,566,225
311204,MAHARASHTRA,567,349
311204,MAHARASHTRA,568,580
311204,MAHARASHTRA,569,56
311204,MAHARASHTRA,570,73
311204,MAHARASHTRA,571,70
311204,MAHARASHTRA,572,99
311204,MAHARASHTRA,573,374
311204,MAHARASHTRA,574,100
311204,MAHARASHTRA,575,43
311204,MAHARASHTRA,576,161
311204,MAHARASHTRA,577,499
311204,MAHARASHTRA,578,277
311204,MAHARASHTRA,579,15
311204,MAHARASHTRA,580,184
311204,MAHARASHTRA,581,58
311204,MAHARASHTRA,582,452
311204,MAHARASHTRA,583,60
311204,MAHARASHTRA,584,187
311204,MAHARASHTRA,585,95
311204,MAHARASHTRA,586,54
311204,MAHARASHTRA,587,531
311204,MAHARASHTRA,588,46
311204,MAHARASHTRA,589,122
311204,MAHARASHTRA,590,568
311204,MAHARASHTRA,591,181
311204,MAHARASHTRA,592,69
311204,MAHARASHTRA,593,75
311204,MAHARASHTRA,594,240
311204,MAHARASHTRA,595,240
311204,MAHARASHTRA,596,650
311204,MAHARASHTRA,597,76
311204,MAHARASHTRA,598,291
311204,MAHARASHTRA,599,90
311204,MAHARASHTRA,600,634
311204,MAHARASHTRA,601,171
311204,MAHARASHTRA,602,68
311204,MAHARASHTRA,603,120
311204,MAHARASHTRA,604,239
311204,MAHARASHTRA,605,109
311204,MAHARASHTRA,606,381
311204,MAHARASHTRA,607,73
311204,MAHARASHTRA,608,118
311204,MAHARASHTRA,609,100
311204,MAHARASHTRA,2,611
311204,MAHARASHTRA,155,612
311204,MAHARASHTRA,596,613
311204,MAHARASHTRA,257,614
311204,MAHARASHTRA,255,615
311204,MAHARASHTRA,80,616
311204,MAHARASHTRA,113,617
311204,MAHARASHTRA,45,618
311204,MAHARASHTRA,242,619
311204,MAHARASHTRA,119,620
311204,MAHARASHTRA,170,621
311204,MAHARASHTRA,358,622
311204,MAHARASHTRA,314,623
311204,MAHARASHTRA,254,624
311204,MAHARASHTRA,5,625
311204,MAHARASHTRA,144,626
311204,MAHARASHTRA,3,627
311204,MAHARASHTRA,224,628
311204,MAHARASHTRA,317,629
311204,MAHARASHTRA,365,630
311204,MAHARASHTRA,631,90
311204,MAHARASHTRA,632,233
311204,MAHARASHTRA,633,331
311204,MAHARASHTRA,5,635
311204,MAHARASHTRA,255,636
311204,MAHARASHTRA,110,637
311204,MAHARASHTRA,183,638
311204,MAHARASHTRA,367,639
311204,MAHARASHTRA,178,640
311204,MAHARASHTRA,335,641
311204,MAHARASHTRA,237,642
311204,MAHARASHTRA,12,643
311204,MAHARASHTRA,57,644
311204,MAHARASHTRA,251,645
311204,MAHARASHTRA,61,646
311204,MAHARASHTRA,544,647
311204,MAHARASHTRA,635,648
311204,MAHARASHTRA,101,649
311204,MAHARASHTRA,62,650
311204,MAHARASHTRA,613,651
311204,MAHARASHTRA,113,652
311204,MAHARASHTRA,77,653
311204,MAHARASHTRA,12,654
311204,MAHARASHTRA,519,655
311204,MAHARASHTRA,161,656
311204,MAHARASHTRA,158,657
311204,MAHARASHTRA,666,658
311204,MAHARASHTRA,369,659
311204,MAHARASHTRA,30,660
311204,MAHARASHTRA,661,33
311204,MAHARASHTRA,662,201
311204,MAHARASHTRA,663,25
311204,MAHARASHTRA,664,338
311204,MAHARASHTRA,665,195
311204,MAHARASHTRA,666,591
311204,MAHARASHTRA,667,203
311204,MAHARASHTRA,668,234
311204,MAHARASHTRA,669,369
311204,MAHARASHTRA,670,220
311204,MAHARASHTRA,671,362
311204,MAHARASHTRA,672,126
311204,MAHARASHTRA,673,53
311204,MAHARASHTRA,674,326
311204,MAHARASHTRA,675,75
311204,MAHARASHTRA,676,175
311204,MAHARASHTRA,677,34
311204,MAHARASHTRA,678,455
311204,MAHARASHTRA,679,52
311204,MAHARASHTRA,680,190
311204,MAHARASHTRA,681,627
311204,MAHARASHTRA,682,156
311204,MAHARASHTRA,683,383
311204,MAHARASHTRA,684,12
311204,MAHARASHTRA,685,432
311204,MAHARASHTRA,686,216
