Center Number,State Name,Srl No,Marks
312902,MAHARASHTRA,401,208
312902,MAHARASHTRA,1,288
312902,MAHARASHTRA,2,131
312902,MAHARASHTRA,3,540
312902,MAHARASHTRA,4,57
312902,MAHARASHTRA,5,551
312902,MAHARASHTRA,6,330
312902,MAHARASHTRA,7,190
312902,MAHARASHTRA,8,100
312902,MAHARASHTRA,9,509
312902,MAHARASHTRA,10,236
312902,MAHARASHTRA,11,85
312902,MAHARASHTRA,12,63
312902,MAHARASHTRA,13,592
312902,MAHARASHTRA,14,197
312902,MAHARASHTRA,15,60
312902,MAHARASHTRA,16,148
312902,MAHARASHTRA,17,426
312902,MAHARASHTRA,18,178
312902,MAHARASHTRA,19,90
312902,MAHARASHTRA,20,277
312902,MAHARASHTRA,21,1
312902,MAHARASHTRA,22,231
312902,MAHARASHTRA,23,20
312902,MAHARASHTRA,24,165
312902,MAHARASHTRA,25,74
312902,MAHARASHTRA,26,139
312902,MAHARASHTRA,27,215
312902,MAHARASHTRA,28,167
312902,MAHARASHTRA,29,94
312902,MAHARASHTRA,30,56
312902,MAHARASHTRA,31,75
312902,MAHARASHTRA,32,321
312902,MAHARASHTRA,33,102
312902,MAHARASHTRA,34,302
312902,MAHARASHTRA,35,351
312902,MAHARASHTRA,36,516
312902,MAHARASHTRA,37,133
312902,MAHARASHTRA,38,125
312902,MAHARASHTRA,39,71
312902,MAHARASHTRA,40,70
312902,MAHARASHTRA,41,120
312902,MAHARASHTRA,42,104
312902,MAHARASHTRA,43,62
312902,MAHARASHTRA,44,47
312902,MAHARASHTRA,45,344
312902,MAHARASHTRA,46,105
312902,MAHARASHTRA,47,224
312902,MAHARASHTRA,3,49
312902,MAHARASHTRA,67,50
312902,MAHARASHTRA,193,51
312902,MAHARASHTRA,130,52
312902,MAHARASHTRA,53,53
312902,MAHARASHTRA,173,54
312902,MAHARASHTRA,220,55
312902,MAHARASHTRA,309,56
312902,MAHARASHTRA,152,57
312902,MAHARASHTRA,424,58
312902,MAHARASHTRA,122,59
312902,MAHARASHTRA,310,60
312902,MAHARASHTRA,61,122
312902,MAHARASHTRA,62,126
312902,MAHARASHTRA,63,164
312902,MAHARASHTRA,64,80
312902,MAHARASHTRA,65,193
312902,MAHARASHTRA,66,41
312902,MAHARASHTRA,67,47
312902,MAHARASHTRA,68,71
312902,MAHARASHTRA,69,521
312902,MAHARASHTRA,70,303
312902,MAHARASHTRA,71,90
312902,MAHARASHTRA,72,531
312902,MAHARASHTRA,73,178
312902,MAHARASHTRA,4,75
312902,MAHARASHTRA,360,76
312902,MAHARASHTRA,348,77
312902,MAHARASHTRA,180,78
312902,MAHARASHTRA,139,79
312902,MAHARASHTRA,17,80
312902,MAHARASHTRA,57,81
312902,MAHARASHTRA,239,82
312902,MAHARASHTRA,123,83
312902,MAHARASHTRA,374,84
312902,MAHARASHTRA,54,85
312902,MAHARASHTRA,60,86
312902,MAHARASHTRA,85,87
312902,MAHARASHTRA,247,88
312902,MAHARASHTRA,45,89
312902,MAHARASHTRA,111,90
312902,MAHARASHTRA,91,366
312902,MAHARASHTRA,92,30
312902,MAHARASHTRA,93,71
312902,MAHARASHTRA,94,161
312902,MAHARASHTRA,95,87
312902,MAHARASHTRA,96,144
312902,MAHARASHTRA,97,441
312902,MAHARASHTRA,98,112
312902,MAHARASHTRA,99,116
312902,MAHARASHTRA,100,118
312902,MAHARASHTRA,101,135
312902,MAHARASHTRA,102,179
312902,MAHARASHTRA,103,136
312902,MAHARASHTRA,104,404
312902,MAHARASHTRA,105,143
312902,MAHARASHTRA,106,47
312902,MAHARASHTRA,107,29
312902,MAHARASHTRA,108,174
312902,MAHARASHTRA,109,158
312902,MAHARASHTRA,110,651
312902,MAHARASHTRA,111,35
312902,MAHARASHTRA,112,178
312902,MAHARASHTRA,113,96
312902,MAHARASHTRA,114,32
312902,MAHARASHTRA,115,120
312902,MAHARASHTRA,116,105
312902,MAHARASHTRA,117,640
312902,MAHARASHTRA,118,550
312902,MAHARASHTRA,119,35
312902,MAHARASHTRA,120,389
312902,MAHARASHTRA,121,174
312902,MAHARASHTRA,122,224
312902,MAHARASHTRA,123,222
312902,MAHARASHTRA,124,351
312902,MAHARASHTRA,125,70
312902,MAHARASHTRA,126,15
312902,MAHARASHTRA,127,55
312902,MAHARASHTRA,128,420
312902,MAHARASHTRA,129,162
312902,MAHARASHTRA,130,270
312902,MAHARASHTRA,131,104
312902,MAHARASHTRA,132,377
312902,MAHARASHTRA,133,71
312902,MAHARASHTRA,134,38
312902,MAHARASHTRA,135,73
312902,MAHARASHTRA,136,133
312902,MAHARASHTRA,137,40
312902,MAHARASHTRA,138,30
312902,MAHARASHTRA,139,13
312902,MAHARASHTRA,140,95
312902,MAHARASHTRA,141,250
312902,MAHARASHTRA,142,85
312902,MAHARASHTRA,143,122
312902,MAHARASHTRA,144,74
312902,MAHARASHTRA,145,138
312902,MAHARASHTRA,146,192
312902,MAHARASHTRA,147,512
312902,MAHARASHTRA,148,69
312902,MAHARASHTRA,149,100
312902,MAHARASHTRA,150,93
312902,MAHARASHTRA,151,85
312902,MAHARASHTRA,152,135
312902,MAHARASHTRA,153,73
312902,MAHARASHTRA,154,80
312902,MAHARASHTRA,155,100
312902,MAHARASHTRA,156,280
312902,MAHARASHTRA,157,170
312902,MAHARASHTRA,158,394
312902,MAHARASHTRA,159,223
312902,MAHARASHTRA,160,182
312902,MAHARASHTRA,161,62
312902,MAHARASHTRA,162,246
312902,MAHARASHTRA,163,50
312902,MAHARASHTRA,164,115
312902,MAHARASHTRA,165,40
312902,MAHARASHTRA,166,96
312902,MAHARASHTRA,167,169
312902,MAHARASHTRA,168,20
312902,MAHARASHTRA,169,368
312902,MAHARASHTRA,170,97
312902,MAHARASHTRA,171,356
312902,MAHARASHTRA,172,333
312902,MAHARASHTRA,173,334
312902,MAHARASHTRA,174,132
312902,MAHARASHTRA,175,195
312902,MAHARASHTRA,176,85
312902,MAHARASHTRA,177,284
312902,MAHARASHTRA,178,75
312902,MAHARASHTRA,179,300
312902,MAHARASHTRA,181,142
312902,MAHARASHTRA,182,40
312902,MAHARASHTRA,183,111
312902,MAHARASHTRA,184,65
312902,MAHARASHTRA,185,352
312902,MAHARASHTRA,186,286
312902,MAHARASHTRA,187,239
312902,MAHARASHTRA,188,74
312902,MAHARASHTRA,189,36
312902,MAHARASHTRA,190,62
312902,MAHARASHTRA,191,194
312902,MAHARASHTRA,192,351
312902,MAHARASHTRA,193,110
312902,MAHARASHTRA,194,17
312902,MAHARASHTRA,195,45
312902,MAHARASHTRA,196,31
312902,MAHARASHTRA,197,120
312902,MAHARASHTRA,198,81
312902,MAHARASHTRA,199,183
312902,MAHARASHTRA,200,20
312902,MAHARASHTRA,201,171
312902,MAHARASHTRA,202,16
312902,MAHARASHTRA,203,94
312902,MAHARASHTRA,204,35
312902,MAHARASHTRA,205,607
312902,MAHARASHTRA,206,75
312902,MAHARASHTRA,207,210
312902,MAHARASHTRA,208,6
312902,MAHARASHTRA,209,54
312902,MAHARASHTRA,210,181
312902,MAHARASHTRA,211,109
312902,MAHARASHTRA,212,277
312902,MAHARASHTRA,213,154
312902,MAHARASHTRA,214,66
312902,MAHARASHTRA,215,190
312902,MAHARASHTRA,216,364
312902,MAHARASHTRA,217,21
312902,MAHARASHTRA,218,31
312902,MAHARASHTRA,219,516
312902,MAHARASHTRA,220,534
312902,MAHARASHTRA,221,590
312902,MAHARASHTRA,222,121
312902,MAHARASHTRA,223,293
312902,MAHARASHTRA,224,508
312902,MAHARASHTRA,225,75
312902,MAHARASHTRA,226,59
312902,MAHARASHTRA,227,420
312902,MAHARASHTRA,228,114
312902,MAHARASHTRA,229,181
312902,MAHARASHTRA,230,278
312902,MAHARASHTRA,231,493
312902,MAHARASHTRA,232,101
312902,MAHARASHTRA,233,442
312902,MAHARASHTRA,234,41
312902,MAHARASHTRA,235,66
312902,MAHARASHTRA,236,176
312902,MAHARASHTRA,237,192
312902,MAHARASHTRA,238,50
312902,MAHARASHTRA,239,188
312902,MAHARASHTRA,240,46
312902,MAHARASHTRA,241,64
312902,MAHARASHTRA,242,204
312902,MAHARASHTRA,243,206
312902,MAHARASHTRA,244,192
312902,MAHARASHTRA,245,595
312902,MAHARASHTRA,246,314
312902,MAHARASHTRA,247,554
312902,MAHARASHTRA,248,246
312902,MAHARASHTRA,249,142
312902,MAHARASHTRA,250,104
312902,MAHARASHTRA,251,617
312902,MAHARASHTRA,252,59
312902,MAHARASHTRA,253,130
312902,MAHARASHTRA,254,38
312902,MAHARASHTRA,255,41
312902,MAHARASHTRA,256,144
312902,MAHARASHTRA,257,405
312902,MAHARASHTRA,258,60
312902,MAHARASHTRA,259,427
312902,MAHARASHTRA,260,52
312902,MAHARASHTRA,261,57
312902,MAHARASHTRA,262,387
312902,MAHARASHTRA,263,35
312902,MAHARASHTRA,264,34
312902,MAHARASHTRA,265,78
312902,MAHARASHTRA,266,36
312902,MAHARASHTRA,267,200
312902,MAHARASHTRA,268,97
312902,MAHARASHTRA,269,114
312902,MAHARASHTRA,270,91
312902,MAHARASHTRA,271,175
312902,MAHARASHTRA,272,153
312902,MAHARASHTRA,273,138
312902,MAHARASHTRA,274,77
312902,MAHARASHTRA,275,101
312902,MAHARASHTRA,276,550
312902,MAHARASHTRA,277,82
312902,MAHARASHTRA,278,43
312902,MAHARASHTRA,279,66
312902,MAHARASHTRA,280,184
312902,MAHARASHTRA,281,140
312902,MAHARASHTRA,282,265
312902,MAHARASHTRA,283,50
312902,MAHARASHTRA,284,146
312902,MAHARASHTRA,285,193
312902,MAHARASHTRA,286,168
312902,MAHARASHTRA,287,219
312902,MAHARASHTRA,288,36
312902,MAHARASHTRA,289,30
312902,MAHARASHTRA,290,559
312902,MAHARASHTRA,291,145
312902,MAHARASHTRA,292,27
312902,MAHARASHTRA,293,35
312902,MAHARASHTRA,294,170
312902,MAHARASHTRA,295,76
312902,MAHARASHTRA,296,224
312902,MAHARASHTRA,297,41
312902,MAHARASHTRA,298,248
312902,MAHARASHTRA,299,491
312902,MAHARASHTRA,300,86
312902,MAHARASHTRA,401,208
312902,MAHARASHTRA,301,62
312902,MAHARASHTRA,302,253
312902,MAHARASHTRA,303,81
312902,MAHARASHTRA,304,144
312902,MAHARASHTRA,305,332
312902,MAHARASHTRA,306,154
312902,MAHARASHTRA,307,457
312902,MAHARASHTRA,308,317
312902,MAHARASHTRA,309,115
312902,MAHARASHTRA,310,425
312902,MAHARASHTRA,311,150
312902,MAHARASHTRA,312,51
312902,MAHARASHTRA,313,122
312902,MAHARASHTRA,314,575
312902,MAHARASHTRA,315,66
312902,MAHARASHTRA,5,317
312902,MAHARASHTRA,439,318
312902,MAHARASHTRA,75,319
312902,MAHARASHTRA,75,320
312902,MAHARASHTRA,330,321
312902,MAHARASHTRA,282,322
312902,MAHARASHTRA,166,323
312902,MAHARASHTRA,90,324
312902,MAHARASHTRA,212,325
312902,MAHARASHTRA,84,326
312902,MAHARASHTRA,106,327
312902,MAHARASHTRA,90,328
312902,MAHARASHTRA,139,329
312902,MAHARASHTRA,112,330
312902,MAHARASHTRA,331,21
312902,MAHARASHTRA,332,215
312902,MAHARASHTRA,333,50
312902,MAHARASHTRA,334,70
312902,MAHARASHTRA,335,10
312902,MAHARASHTRA,336,171
312902,MAHARASHTRA,337,451
312902,MAHARASHTRA,338,125
312902,MAHARASHTRA,339,65
312902,MAHARASHTRA,340,91
312902,MAHARASHTRA,341,71
312902,MAHARASHTRA,342,43
312902,MAHARASHTRA,343,34
312902,MAHARASHTRA,344,78
312902,MAHARASHTRA,345,153
312902,MAHARASHTRA,346,168
312902,MAHARASHTRA,347,144
312902,MAHARASHTRA,348,91
312902,MAHARASHTRA,349,30
312902,MAHARASHTRA,350,82
312902,MAHARASHTRA,351,59
312902,MAHARASHTRA,352,509
312902,MAHARASHTRA,353,450
312902,MAHARASHTRA,354,164
312902,MAHARASHTRA,355,24
312902,MAHARASHTRA,356,502
312902,MAHARASHTRA,357,40
312902,MAHARASHTRA,358,185
312902,MAHARASHTRA,359,44
312902,MAHARASHTRA,360,70
312902,MAHARASHTRA,361,105
312902,MAHARASHTRA,362,223
312902,MAHARASHTRA,363,257
312902,MAHARASHTRA,364,287
312902,MAHARASHTRA,365,169
312902,MAHARASHTRA,366,90
312902,MAHARASHTRA,367,118
312902,MAHARASHTRA,368,170
312902,MAHARASHTRA,369,119
312902,MAHARASHTRA,370,144
312902,MAHARASHTRA,371,45
312902,MAHARASHTRA,372,87
312902,MAHARASHTRA,373,34
312902,MAHARASHTRA,374,20
312902,MAHARASHTRA,375,53
312902,MAHARASHTRA,376,54
312902,MAHARASHTRA,377,136
312902,MAHARASHTRA,378,194
312902,MAHARASHTRA,379,114
312902,MAHARASHTRA,380,317
312902,MAHARASHTRA,381,40
312902,MAHARASHTRA,382,86
312902,MAHARASHTRA,383,50
312902,MAHARASHTRA,384,272
312902,MAHARASHTRA,385,115
312902,MAHARASHTRA,386,119
312902,MAHARASHTRA,387,263
312902,MAHARASHTRA,388,51
312902,MAHARASHTRA,389,226
312902,MAHARASHTRA,390,288
312902,MAHARASHTRA,391,209
312902,MAHARASHTRA,392,231
312902,MAHARASHTRA,393,118
312902,MAHARASHTRA,394,308
312902,MAHARASHTRA,395,45
312902,MAHARASHTRA,396,50
312902,MAHARASHTRA,397,359
312902,MAHARASHTRA,398,105
312902,MAHARASHTRA,399,175
312902,MAHARASHTRA,400,10
312902,MAHARASHTRA,401,337
312902,MAHARASHTRA,402,350
312902,MAHARASHTRA,403,45
312902,MAHARASHTRA,404,77
312902,MAHARASHTRA,405,136
312902,MAHARASHTRA,406,94
312902,MAHARASHTRA,407,51
312902,MAHARASHTRA,408,49
312902,MAHARASHTRA,409,216
312902,MAHARASHTRA,410,345
312902,MAHARASHTRA,411,84
312902,MAHARASHTRA,412,39
312902,MAHARASHTRA,413,226
312902,MAHARASHTRA,414,268
312902,MAHARASHTRA,415,80
312902,MAHARASHTRA,416,193
312902,MAHARASHTRA,417,52
312902,MAHARASHTRA,418,90
312902,MAHARASHTRA,419,45
312902,MAHARASHTRA,420,67
312902,MAHARASHTRA,421,11
312902,MAHARASHTRA,422,325
312902,MAHARASHTRA,423,589
312902,MAHARASHTRA,424,58
312902,MAHARASHTRA,425,76
312902,MAHARASHTRA,426,284
312902,MAHARASHTRA,427,540
312902,MAHARASHTRA,428,240
312902,MAHARASHTRA,429,142
312902,MAHARASHTRA,430,11
312902,MAHARASHTRA,431,407
312902,MAHARASHTRA,432,32
312902,MAHARASHTRA,433,173
312902,MAHARASHTRA,434,131
312902,MAHARASHTRA,435,182
312902,MAHARASHTRA,436,347
312902,MAHARASHTRA,437,487
312902,MAHARASHTRA,438,100
312902,MAHARASHTRA,439,45
312902,MAHARASHTRA,440,191
312902,MAHARASHTRA,441,15
312902,MAHARASHTRA,442,53
312902,MAHARASHTRA,443,62
312902,MAHARASHTRA,444,95
312902,MAHARASHTRA,445,10
312902,MAHARASHTRA,446,80
312902,MAHARASHTRA,447,126
312902,MAHARASHTRA,448,85
312902,MAHARASHTRA,449,120
312902,MAHARASHTRA,450,690
312902,MAHARASHTRA,451,267
312902,MAHARASHTRA,452,20
312902,MAHARASHTRA,453,130
312902,MAHARASHTRA,454,50
312902,MAHARASHTRA,455,132
312902,MAHARASHTRA,456,269
312902,MAHARASHTRA,457,190
312902,MAHARASHTRA,458,273
312902,MAHARASHTRA,459,618
312902,MAHARASHTRA,460,41
312902,MAHARASHTRA,461,91
312902,MAHARASHTRA,462,134
312902,MAHARASHTRA,463,60
312902,MAHARASHTRA,464,193
312902,MAHARASHTRA,465,240
312902,MAHARASHTRA,19,467
312902,MAHARASHTRA,79,468
312902,MAHARASHTRA,38,469
312902,MAHARASHTRA,14,470
312902,MAHARASHTRA,43,471
312902,MAHARASHTRA,63,472
312902,MAHARASHTRA,246,473
312902,MAHARASHTRA,75,474
312902,MAHARASHTRA,48,475
312902,MAHARASHTRA,44,476
312902,MAHARASHTRA,52,477
312902,MAHARASHTRA,86,478
312902,MAHARASHTRA,676,479
312902,MAHARASHTRA,25,480
312902,MAHARASHTRA,481,116
312902,MAHARASHTRA,482,586
312902,MAHARASHTRA,483,121
312902,MAHARASHTRA,484,232
312902,MAHARASHTRA,485,121
312902,MAHARASHTRA,486,246
312902,MAHARASHTRA,487,211
312902,MAHARASHTRA,488,291
312902,MAHARASHTRA,489,83
312902,MAHARASHTRA,490,136
312902,MAHARASHTRA,491,348
312902,MAHARASHTRA,492,268
312902,MAHARASHTRA,493,171
312902,MAHARASHTRA,494,126
312902,MAHARASHTRA,495,80
312902,MAHARASHTRA,496,20
312902,MAHARASHTRA,497,140
312902,MAHARASHTRA,498,112
312902,MAHARASHTRA,499,91
312902,MAHARASHTRA,500,225
312902,MAHARASHTRA,501,32
312902,MAHARASHTRA,502,574
312902,MAHARASHTRA,503,52
312902,MAHARASHTRA,504,198
312902,MAHARASHTRA,505,6
312902,MAHARASHTRA,506,250
312902,MAHARASHTRA,507,67
312902,MAHARASHTRA,508,4
312902,MAHARASHTRA,509,354
312902,MAHARASHTRA,510,135
312902,MAHARASHTRA,511,21
312902,MAHARASHTRA,512,64
312902,MAHARASHTRA,513,139
312902,MAHARASHTRA,514,100
312902,MAHARASHTRA,515,289
312902,MAHARASHTRA,516,74
312902,MAHARASHTRA,517,506
312902,MAHARASHTRA,518,45
312902,MAHARASHTRA,519,325
312902,MAHARASHTRA,520,14
312902,MAHARASHTRA,521,78
312902,MAHARASHTRA,522,75
312902,MAHARASHTRA,523,9
312902,MAHARASHTRA,524,89
312902,MAHARASHTRA,525,265
312902,MAHARASHTRA,526,65
312902,MAHARASHTRA,527,106
312902,MAHARASHTRA,528,75
312902,MAHARASHTRA,529,271
312902,MAHARASHTRA,530,45
312902,MAHARASHTRA,531,77
312902,MAHARASHTRA,532,266
312902,MAHARASHTRA,533,6
312902,MAHARASHTRA,534,572
312902,MAHARASHTRA,535,102
312902,MAHARASHTRA,536,130
312902,MAHARASHTRA,537,73
312902,MAHARASHTRA,538,293
312902,MAHARASHTRA,539,155
312902,MAHARASHTRA,540,75
312902,MAHARASHTRA,541,407
312902,MAHARASHTRA,542,5
312902,MAHARASHTRA,543,55
312902,MAHARASHTRA,544,246
312902,MAHARASHTRA,545,38
312902,MAHARASHTRA,546,34
