Center Number,State Name,Srl No,Marks
312901,MAHARASHTRA,1,202
312901,MAHARASHTRA,2,269
312901,MAHARASHTRA,3,175
312901,MAHARASHTRA,4,40
312901,MAHARASHTRA,5,356
312901,MAHARASHTRA,6,132
312901,MAHARASHTRA,7,119
312901,MAHARASHTRA,8,208
312901,MAHARASHTRA,9,93
312901,MAHARASHTRA,10,642
312901,MAHARASHTRA,11,33
312901,MAHARASHTRA,12,653
312901,MAHARASHTRA,13,249
312901,MAHARASHTRA,14,109
312901,MAHARASHTRA,15,90
312901,MAHARASHTRA,16,278
312901,MAHARASHTRA,17,156
312901,MAHARASHTRA,18,161
312901,MAHARASHTRA,19,481
312901,MAHARASHTRA,20,198
312901,MAHARASHTRA,21,95
312901,MAHARASHTRA,22,62
312901,MAHARASHTRA,23,146
312901,MAHARASHTRA,24,91
312901,MAHARASHTRA,25,147
312901,MAHARASHTRA,26,175
312901,MAHARASHTRA,27,151
312901,MAHARASHTRA,28,114
312901,MAHARASHTRA,29,352
312901,MAHARASHTRA,30,37
312901,MAHARASHTRA,31,460
312901,MAHARASHTRA,32,127
312901,MAHARASHTRA,33,116
312901,MAHARASHTRA,34,132
312901,MAHARASHTRA,35,386
312901,MAHARASHTRA,36,134
312901,MAHARASHTRA,37,178
312901,MAHARASHTRA,38,33
312901,MAHARASHTRA,39,168
312901,MAHARASHTRA,40,134
312901,MAHARASHTRA,41,299
312901,MAHARASHTRA,42,45
312901,MAHARASHTRA,43,103
312901,MAHARASHTRA,44,88
312901,MAHARASHTRA,45,112
312901,MAHARASHTRA,46,69
312901,MAHARASHTRA,47,116
312901,MAHARASHTRA,48,236
312901,MAHARASHTRA,49,272
312901,MAHARASHTRA,50,357
312901,MAHARASHTRA,51,44
312901,MAHARASHTRA,52,65
312901,MAHARASHTRA,53,65
312901,MAHARASHTRA,54,179
312901,MAHARASHTRA,55,45
312901,MAHARASHTRA,56,57
312901,MAHARASHTRA,57,150
312901,MAHARASHTRA,58,100
312901,MAHARASHTRA,59,9
312901,MAHARASHTRA,60,62
312901,MAHARASHTRA,61,32
312901,MAHARASHTRA,62,384
312901,MAHARASHTRA,63,352
312901,MAHARASHTRA,64,30
312901,MAHARASHTRA,65,1
312901,MAHARASHTRA,66,38
312901,MAHARASHTRA,67,70
312901,MAHARASHTRA,68,359
312901,MAHARASHTRA,69,59
312901,MAHARASHTRA,70,28
312901,MAHARASHTRA,71,101
312901,MAHARASHTRA,72,57
312901,MAHARASHTRA,73,89
312901,MAHARASHTRA,74,568
312901,MAHARASHTRA,75,156
312901,MAHARASHTRA,76,102
312901,MAHARASHTRA,77,110
312901,MAHARASHTRA,78,178
312901,MAHARASHTRA,79,137
312901,MAHARASHTRA,80,106
312901,MAHARASHTRA,81,17
312901,MAHARASHTRA,82,35
312901,MAHARASHTRA,83,133
312901,MAHARASHTRA,84,447
312901,MAHARASHTRA,85,57
312901,MAHARASHTRA,86,63
312901,MAHARASHTRA,87,650
312901,MAHARASHTRA,88,153
312901,MAHARASHTRA,89,121
312901,MAHARASHTRA,90,357
312901,MAHARASHTRA,91,30
312901,MAHARASHTRA,92,116
312901,MAHARASHTRA,93,347
312901,MAHARASHTRA,94,295
312901,MAHARASHTRA,95,268
312901,MAHARASHTRA,96,168
312901,MAHARASHTRA,97,502
312901,MAHARASHTRA,98,269
312901,MAHARASHTRA,99,167
312901,MAHARASHTRA,100,84
312901,MAHARASHTRA,101,144
312901,MAHARASHTRA,102,211
312901,MAHARASHTRA,103,202
312901,MAHARASHTRA,104,77
312901,MAHARASHTRA,105,49
312901,MAHARASHTRA,106,331
312901,MAHARASHTRA,107,221
312901,MAHARASHTRA,108,67
312901,MAHARASHTRA,109,473
312901,MAHARASHTRA,110,170
312901,MAHARASHTRA,111,16
312901,MAHARASHTRA,112,15
312901,MAHARASHTRA,113,354
312901,MAHARASHTRA,114,530
312901,MAHARASHTRA,115,11
312901,MAHARASHTRA,116,62
312901,MAHARASHTRA,117,136
312901,MAHARASHTRA,118,434
312901,MAHARASHTRA,119,166
312901,MAHARASHTRA,120,34
312901,MAHARASHTRA,121,84
312901,MAHARASHTRA,122,77
312901,MAHARASHTRA,123,143
312901,MAHARASHTRA,124,547
312901,MAHARASHTRA,125,78
312901,MAHARASHTRA,126,526
312901,MAHARASHTRA,127,19
312901,MAHARASHTRA,128,35
312901,MAHARASHTRA,129,89
312901,MAHARASHTRA,130,185
312901,MAHARASHTRA,131,143
312901,MAHARASHTRA,132,138
312901,MAHARASHTRA,133,343
312901,MAHARASHTRA,134,132
312901,MAHARASHTRA,135,66
312901,MAHARASHTRA,136,362
312901,MAHARASHTRA,137,197
312901,MAHARASHTRA,138,101
312901,MAHARASHTRA,139,90
312901,MAHARASHTRA,140,29
312901,MAHARASHTRA,141,40
312901,MAHARASHTRA,142,123
312901,MAHARASHTRA,143,77
312901,MAHARASHTRA,144,15
312901,MAHARASHTRA,145,281
312901,MAHARASHTRA,146,90
312901,MAHARASHTRA,147,50
312901,MAHARASHTRA,148,310
312901,MAHARASHTRA,149,7
312901,MAHARASHTRA,150,232
312901,MAHARASHTRA,151,100
312901,MAHARASHTRA,152,80
312901,MAHARASHTRA,153,436
312901,MAHARASHTRA,154,429
312901,MAHARASHTRA,155,134
312901,MAHARASHTRA,156,109
312901,MAHARASHTRA,157,223
312901,MAHARASHTRA,158,85
312901,MAHARASHTRA,159,286
312901,MAHARASHTRA,160,174
312901,MAHARASHTRA,161,237
312901,MAHARASHTRA,162,50
312901,MAHARASHTRA,163,414
312901,MAHARASHTRA,164,39
312901,MAHARASHTRA,165,54
312901,MAHARASHTRA,166,227
312901,MAHARASHTRA,167,158
312901,MAHARASHTRA,168,37
312901,MAHARASHTRA,169,28
312901,MAHARASHTRA,170,281
312901,MAHARASHTRA,171,152
312901,MAHARASHTRA,172,43
312901,MAHARASHTRA,173,55
312901,MAHARASHTRA,174,281
312901,MAHARASHTRA,175,117
312901,MAHARASHTRA,176,477
312901,MAHARASHTRA,177,168
312901,MAHARASHTRA,178,160
312901,MAHARASHTRA,179,305
312901,MAHARASHTRA,180,270
312901,MAHARASHTRA,181,153
312901,MAHARASHTRA,182,76
312901,MAHARASHTRA,183,605
312901,MAHARASHTRA,184,110
312901,MAHARASHTRA,185,83
312901,MAHARASHTRA,186,35
312901,MAHARASHTRA,187,55
312901,MAHARASHTRA,188,52
312901,MAHARASHTRA,189,312
312901,MAHARASHTRA,190,98
312901,MAHARASHTRA,191,157
312901,MAHARASHTRA,192,68
312901,MAHARASHTRA,193,120
312901,MAHARASHTRA,194,460
312901,MAHARASHTRA,195,72
312901,MAHARASHTRA,196,143
312901,MAHARASHTRA,197,85
312901,MAHARASHTRA,198,360
312901,MAHARASHTRA,199,37
312901,MAHARASHTRA,200,85
312901,MAHARASHTRA,201,298
312901,MAHARASHTRA,202,26
312901,MAHARASHTRA,203,42
312901,MAHARASHTRA,204,59
312901,MAHARASHTRA,205,19
312901,MAHARASHTRA,206,326
312901,MAHARASHTRA,207,61
312901,MAHARASHTRA,208,428
312901,MAHARASHTRA,209,59
312901,MAHARASHTRA,210,265
312901,MAHARASHTRA,211,490
312901,MAHARASHTRA,212,96
312901,MAHARASHTRA,213,297
312901,MAHARASHTRA,214,71
312901,MAHARASHTRA,215,29
312901,MAHARASHTRA,216,13
312901,MAHARASHTRA,217,163
312901,MAHARASHTRA,218,137
312901,MAHARASHTRA,219,190
312901,MAHARASHTRA,220,149
312901,MAHARASHTRA,221,43
312901,MAHARASHTRA,222,169
312901,MAHARASHTRA,223,246
312901,MAHARASHTRA,224,128
312901,MAHARASHTRA,225,115
312901,MAHARASHTRA,226,207
312901,MAHARASHTRA,227,95
312901,MAHARASHTRA,228,66
312901,MAHARASHTRA,229,70
312901,MAHARASHTRA,230,10
312901,MAHARASHTRA,231,130
312901,MAHARASHTRA,232,232
312901,MAHARASHTRA,233,485
312901,MAHARASHTRA,234,70
312901,MAHARASHTRA,235,13
312901,MAHARASHTRA,236,88
312901,MAHARASHTRA,237,19
312901,MAHARASHTRA,238,66
312901,MAHARASHTRA,239,47
312901,MAHARASHTRA,240,30
312901,MAHARASHTRA,241,44
312901,MAHARASHTRA,242,28
312901,MAHARASHTRA,243,107
312901,MAHARASHTRA,244,49
312901,MAHARASHTRA,245,365
312901,MAHARASHTRA,246,134
312901,MAHARASHTRA,247,106
312901,MAHARASHTRA,248,92
312901,MAHARASHTRA,249,102
312901,MAHARASHTRA,250,90
312901,MAHARASHTRA,251,133
312901,MAHARASHTRA,252,103
312901,MAHARASHTRA,253,153
312901,MAHARASHTRA,254,0
312901,MAHARASHTRA,255,85
312901,MAHARASHTRA,256,233
312901,MAHARASHTRA,257,285
312901,MAHARASHTRA,258,117
312901,MAHARASHTRA,259,140
312901,MAHARASHTRA,260,77
312901,MAHARASHTRA,261,106
312901,MAHARASHTRA,262,66
312901,MAHARASHTRA,263,33
312901,MAHARASHTRA,264,77
312901,MAHARASHTRA,265,243
312901,MAHARASHTRA,266,34
312901,MAHARASHTRA,267,135
312901,MAHARASHTRA,268,75
312901,MAHARASHTRA,269,58
312901,MAHARASHTRA,270,247
312901,MAHARASHTRA,271,66
312901,MAHARASHTRA,272,57
312901,MAHARASHTRA,273,54
312901,MAHARASHTRA,274,26
312901,MAHARASHTRA,275,2
312901,MAHARASHTRA,276,85
312901,MAHARASHTRA,277,95
312901,MAHARASHTRA,278,31
312901,MAHARASHTRA,279,448
312901,MAHARASHTRA,280,115
312901,MAHARASHTRA,281,31
312901,MAHARASHTRA,282,114
312901,MAHARASHTRA,283,132
312901,MAHARASHTRA,284,580
312901,MAHARASHTRA,285,45
312901,MAHARASHTRA,286,75
312901,MAHARASHTRA,287,263
312901,MAHARASHTRA,288,154
312901,MAHARASHTRA,289,652
312901,MAHARASHTRA,290,215
312901,MAHARASHTRA,291,186
312901,MAHARASHTRA,292,222
312901,MAHARASHTRA,293,111
312901,MAHARASHTRA,294,190
312901,MAHARASHTRA,295,241
312901,MAHARASHTRA,296,40
312901,MAHARASHTRA,297,317
312901,MAHARASHTRA,298,310
312901,MAHARASHTRA,299,31
312901,MAHARASHTRA,300,356
312901,MAHARASHTRA,301,42
312901,MAHARASHTRA,302,104
312901,MAHARASHTRA,303,366
312901,MAHARASHTRA,304,284
312901,MAHARASHTRA,305,174
312901,MAHARASHTRA,306,290
312901,MAHARASHTRA,307,51
312901,MAHARASHTRA,308,60
312901,MAHARASHTRA,309,72
312901,MAHARASHTRA,310,232
312901,MAHARASHTRA,311,225
312901,MAHARASHTRA,312,5
312901,MAHARASHTRA,313,381
312901,MAHARASHTRA,314,90
312901,MAHARASHTRA,315,405
312901,MAHARASHTRA,316,222
312901,MAHARASHTRA,317,69
312901,MAHARASHTRA,318,359
312901,MAHARASHTRA,319,95
312901,MAHARASHTRA,320,472
312901,MAHARASHTRA,321,37
312901,MAHARASHTRA,322,96
312901,MAHARASHTRA,323,45
312901,MAHARASHTRA,324,110
312901,MAHARASHTRA,325,176
312901,MAHARASHTRA,326,199
312901,MAHARASHTRA,327,90
312901,MAHARASHTRA,328,30
312901,MAHARASHTRA,329,365
312901,MAHARASHTRA,330,589
312901,MAHARASHTRA,331,85
312901,MAHARASHTRA,332,55
312901,MAHARASHTRA,333,218
312901,MAHARASHTRA,334,201
312901,MAHARASHTRA,335,108
312901,MAHARASHTRA,336,37
312901,MAHARASHTRA,337,53
312901,MAHARASHTRA,338,179
312901,MAHARASHTRA,339,122
312901,MAHARASHTRA,340,219
312901,MAHARASHTRA,341,171
312901,MAHARASHTRA,342,444
312901,MAHARASHTRA,343,256
312901,MAHARASHTRA,344,56
312901,MAHARASHTRA,345,162
312901,MAHARASHTRA,346,135
312901,MAHARASHTRA,347,61
312901,MAHARASHTRA,348,62
312901,MAHARASHTRA,349,334
312901,MAHARASHTRA,350,60
312901,MAHARASHTRA,351,141
312901,MAHARASHTRA,352,78
312901,MAHARASHTRA,353,233
312901,MAHARASHTRA,354,95
312901,MAHARASHTRA,355,124
312901,MAHARASHTRA,356,507
312901,MAHARASHTRA,357,641
312901,MAHARASHTRA,358,485
312901,MAHARASHTRA,359,271
312901,MAHARASHTRA,360,35
312901,MAHARASHTRA,361,343
312901,MAHARASHTRA,362,73
312901,MAHARASHTRA,363,90
312901,MAHARASHTRA,364,172
312901,MAHARASHTRA,365,65
312901,MAHARASHTRA,366,29
312901,MAHARASHTRA,367,50
312901,MAHARASHTRA,368,228
312901,MAHARASHTRA,369,201
312901,MAHARASHTRA,370,122
312901,MAHARASHTRA,371,78
312901,MAHARASHTRA,372,83
312901,MAHARASHTRA,373,50
312901,MAHARASHTRA,374,371
312901,MAHARASHTRA,375,183
312901,MAHARASHTRA,376,673
312901,MAHARASHTRA,377,66
312901,MAHARASHTRA,378,179
312901,MAHARASHTRA,379,86
312901,MAHARASHTRA,380,85
312901,MAHARASHTRA,381,56
312901,MAHARASHTRA,382,95
312901,MAHARASHTRA,383,168
312901,MAHARASHTRA,384,332
312901,MAHARASHTRA,385,162
312901,MAHARASHTRA,386,54
312901,MAHARASHTRA,387,35
312901,MAHARASHTRA,388,191
312901,MAHARASHTRA,389,51
312901,MAHARASHTRA,390,34
312901,MAHARASHTRA,391,58
312901,MAHARASHTRA,392,116
312901,MAHARASHTRA,393,106
312901,MAHARASHTRA,394,295
312901,MAHARASHTRA,395,179
312901,MAHARASHTRA,396,420
312901,MAHARASHTRA,397,141
312901,MAHARASHTRA,398,283
312901,MAHARASHTRA,399,106
312901,MAHARASHTRA,400,60
312901,MAHARASHTRA,401,32
312901,MAHARASHTRA,402,153
312901,MAHARASHTRA,403,65
312901,MAHARASHTRA,404,301
312901,MAHARASHTRA,405,106
312901,MAHARASHTRA,406,170
312901,MAHARASHTRA,407,140
312901,MAHARASHTRA,408,195
312901,MAHARASHTRA,409,111
312901,MAHARASHTRA,12,411
312901,MAHARASHTRA,82,412
312901,MAHARASHTRA,94,413
312901,MAHARASHTRA,225,414
312901,MAHARASHTRA,234,415
312901,MAHARASHTRA,397,416
312901,MAHARASHTRA,136,417
312901,MAHARASHTRA,430,418
312901,MAHARASHTRA,553,419
312901,MAHARASHTRA,366,420
312901,MAHARASHTRA,421,575
312901,MAHARASHTRA,422,607
312901,MAHARASHTRA,423,134
312901,MAHARASHTRA,424,117
312901,MAHARASHTRA,425,132
312901,MAHARASHTRA,2,427
312901,MAHARASHTRA,113,428
312901,MAHARASHTRA,81,429
312901,MAHARASHTRA,0,430
312901,MAHARASHTRA,222,431
312901,MAHARASHTRA,66,432
312901,MAHARASHTRA,91,433
312901,MAHARASHTRA,166,434
312901,MAHARASHTRA,91,435
312901,MAHARASHTRA,403,436
312901,MAHARASHTRA,130,437
312901,MAHARASHTRA,117,438
312901,MAHARASHTRA,276,439
312901,MAHARASHTRA,650,440
312901,MAHARASHTRA,80,441
312901,MAHARASHTRA,168,442
312901,MAHARASHTRA,638,443
312901,MAHARASHTRA,250,444
312901,MAHARASHTRA,129,445
312901,MAHARASHTRA,371,446
312901,MAHARASHTRA,97,447
312901,MAHARASHTRA,80,448
312901,MAHARASHTRA,36,449
312901,MAHARASHTRA,112,450
312901,MAHARASHTRA,451,32
312901,MAHARASHTRA,452,81
312901,MAHARASHTRA,453,119
312901,MAHARASHTRA,454,225
312901,MAHARASHTRA,455,111
312901,MAHARASHTRA,456,73
312901,MAHARASHTRA,457,62
312901,MAHARASHTRA,458,229
312901,MAHARASHTRA,459,98
312901,MAHARASHTRA,460,204
312901,MAHARASHTRA,461,300
312901,MAHARASHTRA,462,55
312901,MAHARASHTRA,463,212
312901,MAHARASHTRA,464,202
312901,MAHARASHTRA,465,145
312901,MAHARASHTRA,466,115
312901,MAHARASHTRA,467,86
312901,MAHARASHTRA,468,51
312901,MAHARASHTRA,469,165
312901,MAHARASHTRA,470,328
312901,MAHARASHTRA,471,106
312901,MAHARASHTRA,472,33
312901,MAHARASHTRA,473,640
312901,MAHARASHTRA,474,40
312901,MAHARASHTRA,475,375
312901,MAHARASHTRA,476,254
312901,MAHARASHTRA,477,153
312901,MAHARASHTRA,478,40
312901,MAHARASHTRA,479,35
312901,MAHARASHTRA,480,101
312901,MAHARASHTRA,481,5
312901,MAHARASHTRA,482,50
312901,MAHARASHTRA,483,34
312901,MAHARASHTRA,484,189
312901,MAHARASHTRA,10,486
312901,MAHARASHTRA,199,487
312901,MAHARASHTRA,499,488
312901,MAHARASHTRA,130,489
312901,MAHARASHTRA,15,490
312901,MAHARASHTRA,162,491
312901,MAHARASHTRA,75,492
312901,MAHARASHTRA,212,493
312901,MAHARASHTRA,146,494
312901,MAHARASHTRA,87,495
312901,MAHARASHTRA,249,496
312901,MAHARASHTRA,178,497
312901,MAHARASHTRA,117,498
312901,MAHARASHTRA,41,499
312901,MAHARASHTRA,35,500
312901,MAHARASHTRA,25,501
312901,MAHARASHTRA,188,502
312901,MAHARASHTRA,131,503
312901,MAHARASHTRA,297,504
312901,MAHARASHTRA,146,505
312901,MAHARASHTRA,226,506
312901,MAHARASHTRA,60,507
312901,MAHARASHTRA,76,508
312901,MAHARASHTRA,87,509
312901,MAHARASHTRA,86,510
312901,MAHARASHTRA,511,52
312901,MAHARASHTRA,512,18
312901,MAHARASHTRA,513,195
312901,MAHARASHTRA,514,98
312901,MAHARASHTRA,515,267
312901,MAHARASHTRA,516,424
312901,MAHARASHTRA,517,107
312901,MAHARASHTRA,518,61
312901,MAHARASHTRA,519,100
312901,MAHARASHTRA,520,487
312901,MAHARASHTRA,521,156
312901,MAHARASHTRA,5,523
312901,MAHARASHTRA,146,524
312901,MAHARASHTRA,194,525
312901,MAHARASHTRA,22,526
312901,MAHARASHTRA,103,527
312901,MAHARASHTRA,36,528
312901,MAHARASHTRA,247,529
312901,MAHARASHTRA,51,530
312901,MAHARASHTRA,72,531
312901,MAHARASHTRA,163,532
312901,MAHARASHTRA,138,533
312901,MAHARASHTRA,38,534
312901,MAHARASHTRA,45,535
312901,MAHARASHTRA,591,536
312901,MAHARASHTRA,232,537
312901,MAHARASHTRA,45,538
312901,MAHARASHTRA,54,539
312901,MAHARASHTRA,37,540
312901,MAHARASHTRA,541,88
312901,MAHARASHTRA,542,127
312901,MAHARASHTRA,543,491
312901,MAHARASHTRA,544,148
312901,MAHARASHTRA,545,66
312901,MAHARASHTRA,546,252
312901,MAHARASHTRA,547,65
312901,MAHARASHTRA,1,549
312901,MAHARASHTRA,240,550
312901,MAHARASHTRA,351,551
312901,MAHARASHTRA,45,552
312901,MAHARASHTRA,95,553
312901,MAHARASHTRA,55,554
312901,MAHARASHTRA,105,555
312901,MAHARASHTRA,15,556
312901,MAHARASHTRA,105,557
312901,MAHARASHTRA,233,558
312901,MAHARASHTRA,183,559
312901,MAHARASHTRA,40,560
312901,MAHARASHTRA,60,561
312901,MAHARASHTRA,24,562
312901,MAHARASHTRA,42,563
312901,MAHARASHTRA,230,564
312901,MAHARASHTRA,94,565
312901,MAHARASHTRA,166,566
312901,MAHARASHTRA,234,567
312901,MAHARASHTRA,86,568
312901,MAHARASHTRA,179,569
312901,MAHARASHTRA,249,570
312901,MAHARASHTRA,571,129
312901,MAHARASHTRA,572,49
312901,MAHARASHTRA,573,66
312901,MAHARASHTRA,574,170
312901,MAHARASHTRA,575,139
312901,MAHARASHTRA,576,418
312901,MAHARASHTRA,577,162
312901,MAHARASHTRA,578,126
312901,MAHARASHTRA,579,397
312901,MAHARASHTRA,580,93
312901,MAHARASHTRA,581,102
312901,MAHARASHTRA,582,414
312901,MAHARASHTRA,583,71
312901,MAHARASHTRA,584,67
312901,MAHARASHTRA,585,187
312901,MAHARASHTRA,586,89
312901,MAHARASHTRA,587,120
312901,MAHARASHTRA,588,233
312901,MAHARASHTRA,589,45
312901,MAHARASHTRA,590,48
312901,MAHARASHTRA,591,46
312901,MAHARASHTRA,592,375
312901,MAHARASHTRA,593,54
312901,MAHARASHTRA,594,252
312901,MAHARASHTRA,595,121
312901,MAHARASHTRA,596,614
312901,MAHARASHTRA,597,595
312901,MAHARASHTRA,598,298
312901,MAHARASHTRA,599,309
312901,MAHARASHTRA,600,259
312901,MAHARASHTRA,601,351
312901,MAHARASHTRA,602,395
312901,MAHARASHTRA,603,377
312901,MAHARASHTRA,604,24
312901,MAHARASHTRA,605,63
312901,MAHARASHTRA,606,190
312901,MAHARASHTRA,607,147
312901,MAHARASHTRA,1,609
312901,MAHARASHTRA,65,610
312901,MAHARASHTRA,10,611
312901,MAHARASHTRA,160,612
312901,MAHARASHTRA,243,613
312901,MAHARASHTRA,28,614
312901,MAHARASHTRA,46,615
312901,MAHARASHTRA,88,616
312901,MAHARASHTRA,177,617
312901,MAHARASHTRA,286,618
312901,MAHARASHTRA,63,619
312901,MAHARASHTRA,485,620
312901,MAHARASHTRA,162,621
312901,MAHARASHTRA,293,622
312901,MAHARASHTRA,371,623
312901,MAHARASHTRA,527,624
312901,MAHARASHTRA,29,625
312901,MAHARASHTRA,266,626
312901,MAHARASHTRA,46,627
312901,MAHARASHTRA,65,628
312901,MAHARASHTRA,38,629
312901,MAHARASHTRA,625,630
312901,MAHARASHTRA,631,83
312901,MAHARASHTRA,632,29
312901,MAHARASHTRA,633,695
312901,MAHARASHTRA,634,312
312901,MAHARASHTRA,635,58
312901,MAHARASHTRA,636,95
312901,MAHARASHTRA,637,72
312901,MAHARASHTRA,638,150
312901,MAHARASHTRA,639,68
312901,MAHARASHTRA,640,127
312901,MAHARASHTRA,641,80
312901,MAHARASHTRA,642,46
312901,MAHARASHTRA,643,298
312901,MAHARASHTRA,644,226
312901,MAHARASHTRA,645,344
312901,MAHARASHTRA,646,244
312901,MAHARASHTRA,647,186
312901,MAHARASHTRA,648,83
312901,MAHARASHTRA,649,75
312901,MAHARASHTRA,650,303
312901,MAHARASHTRA,651,321
312901,MAHARASHTRA,652,249
312901,MAHARASHTRA,653,262
312901,MAHARASHTRA,654,235
312901,MAHARASHTRA,655,491
312901,MAHARASHTRA,656,115
312901,MAHARASHTRA,657,88
312901,MAHARASHTRA,658,100
312901,MAHARASHTRA,659,197
312901,MAHARASHTRA,660,148
312901,MAHARASHTRA,661,70
312901,MAHARASHTRA,662,82
312901,MAHARASHTRA,663,107
312901,MAHARASHTRA,664,79
312901,MAHARASHTRA,665,476
312901,MAHARASHTRA,666,125
312901,MAHARASHTRA,667,101
312901,MAHARASHTRA,668,95
312901,MAHARASHTRA,669,30
312901,MAHARASHTRA,670,86
312901,MAHARASHTRA,671,85
312901,MAHARASHTRA,672,15
312901,MAHARASHTRA,673,75
312901,MAHARASHTRA,674,248
312901,MAHARASHTRA,675,66
312901,MAHARASHTRA,676,197
312901,MAHARASHTRA,677,105
312901,MAHARASHTRA,678,261
312901,MAHARASHTRA,679,154
312901,MAHARASHTRA,680,83
312901,MAHARASHTRA,681,132
312901,MAHARASHTRA,682,104
312901,MAHARASHTRA,683,61
312901,MAHARASHTRA,684,137
312901,MAHARASHTRA,685,134
312901,MAHARASHTRA,686,40
312901,MAHARASHTRA,687,665
312901,MAHARASHTRA,688,370
312901,MAHARASHTRA,689,112
312901,MAHARASHTRA,690,226
312901,MAHARASHTRA,691,179
312901,MAHARASHTRA,692,242
312901,MAHARASHTRA,693,13
312901,MAHARASHTRA,694,263
312901,MAHARASHTRA,695,594
312901,MAHARASHTRA,696,588
312901,MAHARASHTRA,697,200
312901,MAHARASHTRA,698,29
312901,MAHARASHTRA,699,217
312901,MAHARASHTRA,700,150
312901,MAHARASHTRA,701,52
312901,MAHARASHTRA,702,113
312901,MAHARASHTRA,703,93
312901,MAHARASHTRA,704,52
312901,MAHARASHTRA,705,37
312901,MAHARASHTRA,706,105
312901,MAHARASHTRA,707,144
312901,MAHARASHTRA,708,216
312901,MAHARASHTRA,709,616
312901,MAHARASHTRA,710,65
312901,MAHARASHTRA,711,34
312901,MAHARASHTRA,712,224
312901,MAHARASHTRA,713,12
312901,MAHARASHTRA,714,272
312901,MAHARASHTRA,715,35
312901,MAHARASHTRA,716,40
312901,MAHARASHTRA,717,25
312901,MAHARASHTRA,718,30
312901,MAHARASHTRA,719,110
312901,MAHARASHTRA,720,68
312901,MAHARASHTRA,721,48
312901,MAHARASHTRA,722,27
312901,MAHARASHTRA,723,93
312901,MAHARASHTRA,724,93
312901,MAHARASHTRA,725,139
312901,MAHARASHTRA,726,34
312901,MAHARASHTRA,727,87
312901,MAHARASHTRA,728,50
312901,MAHARASHTRA,729,547
312901,MAHARASHTRA,730,161
312901,MAHARASHTRA,731,92
312901,MAHARASHTRA,732,348
312901,MAHARASHTRA,733,410
312901,MAHARASHTRA,734,536
312901,MAHARASHTRA,735,126
312901,MAHARASHTRA,736,16
312901,MAHARASHTRA,737,184
312901,MAHARASHTRA,5,739
312901,MAHARASHTRA,36,740
312901,MAHARASHTRA,60,741
312901,MAHARASHTRA,85,742
312901,MAHARASHTRA,290,743
312901,MAHARASHTRA,260,744
312901,MAHARASHTRA,55,745
312901,MAHARASHTRA,141,746
312901,MAHARASHTRA,216,747
312901,MAHARASHTRA,286,748
312901,MAHARASHTRA,92,749
312901,MAHARASHTRA,60,750
312901,MAHARASHTRA,751,113
312901,MAHARASHTRA,752,51
312901,MAHARASHTRA,753,286
312901,MAHARASHTRA,754,218
312901,MAHARASHTRA,755,29
312901,MAHARASHTRA,756,358
312901,MAHARASHTRA,757,563
312901,MAHARASHTRA,758,466
312901,MAHARASHTRA,759,253
312901,MAHARASHTRA,760,143
312901,MAHARASHTRA,761,225
312901,MAHARASHTRA,762,365
312901,MAHARASHTRA,763,77
312901,MAHARASHTRA,764,50
312901,MAHARASHTRA,765,111
312901,MAHARASHTRA,766,30
312901,MAHARASHTRA,767,215
312901,MAHARASHTRA,768,680
312901,MAHARASHTRA,769,342
312901,MAHARASHTRA,770,100
312901,MAHARASHTRA,771,54
312901,MAHARASHTRA,772,9
312901,MAHARASHTRA,773,436
312901,MAHARASHTRA,774,78
312901,MAHARASHTRA,775,97
312901,MAHARASHTRA,776,47
312901,MAHARASHTRA,777,322
312901,MAHARASHTRA,778,51
312901,MAHARASHTRA,779,34
312901,MAHARASHTRA,780,46
312901,MAHARASHTRA,781,50
312901,MAHARASHTRA,782,29
312901,MAHARASHTRA,783,294
312901,MAHARASHTRA,784,186
312901,MAHARASHTRA,785,232
312901,MAHARASHTRA,786,18
312901,MAHARASHTRA,2,788
312901,MAHARASHTRA,13,789
312901,MAHARASHTRA,63,790
312901,MAHARASHTRA,139,791
312901,MAHARASHTRA,85,792
312901,MAHARASHTRA,485,793
312901,MAHARASHTRA,102,794
312901,MAHARASHTRA,119,795
312901,MAHARASHTRA,133,796
312901,MAHARASHTRA,249,797
312901,MAHARASHTRA,16,798
312901,MAHARASHTRA,449,799
312901,MAHARASHTRA,38,800
312901,MAHARASHTRA,38,801
312901,MAHARASHTRA,86,802
