Center Number,State Name,Srl No,Marks
313001,MAHARASHTRA,1,81
313001,MAHARASHTRA,2,227
313001,MAHARASHTRA,3,195
313001,MAHARASHTRA,4,126
313001,MAHARASHTRA,5,108
313001,MAHARASHTRA,6,339
313001,MAHARASHTRA,7,80
313001,MAHARASHTRA,8,291
313001,MAHARASHTRA,9,10
313001,MAHARASHTRA,10,229
313001,MAHARASHTRA,11,371
313001,MAHARASHTRA,12,179
313001,MAHARASHTRA,13,191
313001,MAHARASHTRA,14,25
313001,MAHARASHTRA,15,394
313001,MAHARASHTRA,16,92
313001,MAHARASHTRA,17,355
313001,MAHARASHTRA,18,48
313001,MAHARASHTRA,19,72
313001,MAHARASHTRA,8,21
313001,MAHARASHTRA,84,22
313001,MAHARASHTRA,50,23
313001,MAHARASHTRA,531,24
313001,MAHARASHTRA,618,25
313001,MAHARASHTRA,58,26
313001,MAHARASHTRA,191,27
313001,MAHARASHTRA,16,28
313001,MAHARASHTRA,34,29
313001,MAHARASHTRA,178,30
313001,MAHARASHTRA,1,32
313001,MAHARASHTRA,150,33
313001,MAHARASHTRA,144,34
313001,MAHARASHTRA,221,35
313001,MAHARASHTRA,102,36
313001,MAHARASHTRA,60,37
313001,MAHARASHTRA,63,38
313001,MAHARASHTRA,193,39
313001,MAHARASHTRA,169,40
313001,MAHARASHTRA,18,41
313001,MAHARASHTRA,36,42
313001,MAHARASHTRA,62,43
313001,MAHARASHTRA,28,44
313001,MAHARASHTRA,54,45
313001,MAHARASHTRA,93,46
313001,MAHARASHTRA,397,47
313001,MAHARASHTRA,41,48
313001,MAHARASHTRA,50,49
313001,MAHARASHTRA,60,50
313001,MAHARASHTRA,336,51
313001,MAHARASHTRA,298,52
313001,MAHARASHTRA,184,53
313001,MAHARASHTRA,2,54
313001,MAHARASHTRA,408,55
313001,MAHARASHTRA,54,56
313001,MAHARASHTRA,45,57
313001,MAHARASHTRA,168,58
313001,MAHARASHTRA,42,59
313001,MAHARASHTRA,295,60
313001,MAHARASHTRA,61,264
313001,MAHARASHTRA,9,63
313001,MAHARASHTRA,291,64
313001,MAHARASHTRA,526,65
313001,MAHARASHTRA,136,66
313001,MAHARASHTRA,356,67
313001,MAHARASHTRA,252,68
313001,MAHARASHTRA,350,69
313001,MAHARASHTRA,331,70
313001,MAHARASHTRA,502,71
313001,MAHARASHTRA,40,72
313001,MAHARASHTRA,79,73
313001,MAHARASHTRA,240,74
313001,MAHARASHTRA,367,75
313001,MAHARASHTRA,113,76
313001,MAHARASHTRA,290,77
313001,MAHARASHTRA,173,78
313001,MAHARASHTRA,233,79
313001,MAHARASHTRA,318,80
313001,MAHARASHTRA,350,81
313001,MAHARASHTRA,82,82
313001,MAHARASHTRA,86,83
313001,MAHARASHTRA,201,84
313001,MAHARASHTRA,161,85
313001,MAHARASHTRA,9,86
313001,MAHARASHTRA,264,87
313001,MAHARASHTRA,51,88
313001,MAHARASHTRA,223,89
313001,MAHARASHTRA,24,90
313001,MAHARASHTRA,91,382
313001,MAHARASHTRA,92,175
313001,MAHARASHTRA,93,58
313001,MAHARASHTRA,94,21
313001,MAHARASHTRA,95,600
313001,MAHARASHTRA,96,329
313001,MAHARASHTRA,97,104
313001,MAHARASHTRA,98,10
313001,MAHARASHTRA,99,32
313001,MAHARASHTRA,100,75
313001,MAHARASHTRA,101,349
313001,MAHARASHTRA,102,345
313001,MAHARASHTRA,103,24
313001,MAHARASHTRA,104,43
313001,MAHARASHTRA,105,46
313001,MAHARASHTRA,106,190
313001,MAHARASHTRA,107,164
313001,MAHARASHTRA,108,265
313001,MAHARASHTRA,109,120
313001,MAHARASHTRA,110,297
313001,MAHARASHTRA,111,320
313001,MAHARASHTRA,112,116
313001,MAHARASHTRA,113,360
313001,MAHARASHTRA,114,375
313001,MAHARASHTRA,115,281
313001,MAHARASHTRA,116,447
313001,MAHARASHTRA,117,90
313001,MAHARASHTRA,118,48
313001,MAHARASHTRA,119,199
313001,MAHARASHTRA,120,102
313001,MAHARASHTRA,121,467
313001,MAHARASHTRA,122,143
313001,MAHARASHTRA,123,102
313001,MAHARASHTRA,124,532
313001,MAHARASHTRA,125,50
313001,MAHARASHTRA,126,152
313001,MAHARASHTRA,127,18
313001,MAHARASHTRA,128,355
313001,MAHARASHTRA,129,314
313001,MAHARASHTRA,130,71
313001,MAHARASHTRA,131,102
313001,MAHARASHTRA,132,149
313001,MAHARASHTRA,133,56
313001,MAHARASHTRA,134,196
313001,MAHARASHTRA,135,156
313001,MAHARASHTRA,136,73
313001,MAHARASHTRA,137,233
313001,MAHARASHTRA,138,218
313001,MAHARASHTRA,139,182
313001,MAHARASHTRA,140,33
313001,MAHARASHTRA,141,25
313001,MAHARASHTRA,142,201
313001,MAHARASHTRA,143,63
313001,MAHARASHTRA,144,347
313001,MAHARASHTRA,145,440
313001,MAHARASHTRA,146,285
313001,MAHARASHTRA,147,410
313001,MAHARASHTRA,148,291
313001,MAHARASHTRA,149,435
313001,MAHARASHTRA,150,77
313001,MAHARASHTRA,151,138
313001,MAHARASHTRA,152,105
313001,MAHARASHTRA,153,240
313001,MAHARASHTRA,154,218
313001,MAHARASHTRA,155,357
313001,MAHARASHTRA,156,16
313001,MAHARASHTRA,157,257
313001,MAHARASHTRA,158,214
313001,MAHARASHTRA,159,36
313001,MAHARASHTRA,160,111
313001,MAHARASHTRA,161,519
313001,MAHARASHTRA,162,163
313001,MAHARASHTRA,163,192
313001,MAHARASHTRA,164,231
313001,MAHARASHTRA,165,118
313001,MAHARASHTRA,166,42
313001,MAHARASHTRA,167,176
313001,MAHARASHTRA,168,254
313001,MAHARASHTRA,169,320
313001,MAHARASHTRA,170,341
313001,MAHARASHTRA,171,368
313001,MAHARASHTRA,172,59
313001,MAHARASHTRA,173,21
313001,MAHARASHTRA,174,59
313001,MAHARASHTRA,175,507
313001,MAHARASHTRA,176,80
313001,MAHARASHTRA,177,126
313001,MAHARASHTRA,178,46
313001,MAHARASHTRA,179,220
313001,MAHARASHTRA,180,418
313001,MAHARASHTRA,181,294
313001,MAHARASHTRA,182,305
313001,MAHARASHTRA,183,91
313001,MAHARASHTRA,184,161
313001,MAHARASHTRA,185,36
313001,MAHARASHTRA,186,18
313001,MAHARASHTRA,187,316
313001,MAHARASHTRA,188,134
313001,MAHARASHTRA,189,135
313001,MAHARASHTRA,190,73
313001,MAHARASHTRA,191,48
313001,MAHARASHTRA,192,114
313001,MAHARASHTRA,193,228
313001,MAHARASHTRA,194,86
313001,MAHARASHTRA,195,260
313001,MAHARASHTRA,196,51
313001,MAHARASHTRA,197,326
313001,MAHARASHTRA,198,39
313001,MAHARASHTRA,199,569
313001,MAHARASHTRA,200,485
313001,MAHARASHTRA,201,122
313001,MAHARASHTRA,202,14
313001,MAHARASHTRA,203,354
313001,MAHARASHTRA,204,557
313001,MAHARASHTRA,205,374
313001,MAHARASHTRA,206,45
313001,MAHARASHTRA,207,354
313001,MAHARASHTRA,208,22
313001,MAHARASHTRA,209,330
313001,MAHARASHTRA,210,501
313001,MAHARASHTRA,211,38
313001,MAHARASHTRA,212,292
313001,MAHARASHTRA,213,65
313001,MAHARASHTRA,214,119
313001,MAHARASHTRA,215,133
313001,MAHARASHTRA,216,108
313001,MAHARASHTRA,217,415
313001,MAHARASHTRA,218,40
313001,MAHARASHTRA,219,346
313001,MAHARASHTRA,220,420
313001,MAHARASHTRA,221,68
313001,MAHARASHTRA,222,143
313001,MAHARASHTRA,223,97
313001,MAHARASHTRA,224,63
313001,MAHARASHTRA,225,54
313001,MAHARASHTRA,226,245
313001,MAHARASHTRA,227,122
313001,MAHARASHTRA,228,65
313001,MAHARASHTRA,229,75
313001,MAHARASHTRA,230,84
313001,MAHARASHTRA,231,652
313001,MAHARASHTRA,232,110
313001,MAHARASHTRA,233,16
313001,MAHARASHTRA,234,194
313001,MAHARASHTRA,235,39
313001,MAHARASHTRA,236,136
313001,MAHARASHTRA,237,176
313001,MAHARASHTRA,238,186
313001,MAHARASHTRA,239,158
313001,MAHARASHTRA,240,107
313001,MAHARASHTRA,241,102
313001,MAHARASHTRA,242,222
313001,MAHARASHTRA,243,396
313001,MAHARASHTRA,244,77
313001,MAHARASHTRA,245,85
313001,MAHARASHTRA,246,201
313001,MAHARASHTRA,247,321
313001,MAHARASHTRA,248,145
313001,MAHARASHTRA,249,113
313001,MAHARASHTRA,250,70
313001,MAHARASHTRA,251,299
313001,MAHARASHTRA,252,53
313001,MAHARASHTRA,253,140
313001,MAHARASHTRA,254,436
313001,MAHARASHTRA,255,530
313001,MAHARASHTRA,256,27
313001,MAHARASHTRA,257,240
313001,MAHARASHTRA,258,25
313001,MAHARASHTRA,259,19
313001,MAHARASHTRA,260,238
313001,MAHARASHTRA,261,81
313001,MAHARASHTRA,262,149
313001,MAHARASHTRA,263,85
313001,MAHARASHTRA,264,15
313001,MAHARASHTRA,265,65
313001,MAHARASHTRA,266,608
313001,MAHARASHTRA,267,45
313001,MAHARASHTRA,268,210
313001,MAHARASHTRA,269,208
313001,MAHARASHTRA,270,50
313001,MAHARASHTRA,271,62
313001,MAHARASHTRA,272,130
313001,MAHARASHTRA,273,20
313001,MAHARASHTRA,274,25
313001,MAHARASHTRA,275,56
313001,MAHARASHTRA,276,134
313001,MAHARASHTRA,277,125
313001,MAHARASHTRA,278,92
313001,MAHARASHTRA,279,574
313001,MAHARASHTRA,280,79
313001,MAHARASHTRA,281,54
313001,MAHARASHTRA,282,382
313001,MAHARASHTRA,283,142
313001,MAHARASHTRA,284,183
313001,MAHARASHTRA,285,34
313001,MAHARASHTRA,286,60
313001,MAHARASHTRA,287,20
313001,MAHARASHTRA,288,575
313001,MAHARASHTRA,289,87
313001,MAHARASHTRA,290,94
313001,MAHARASHTRA,291,215
313001,MAHARASHTRA,292,197
313001,MAHARASHTRA,293,55
313001,MAHARASHTRA,294,252
313001,MAHARASHTRA,295,321
313001,MAHARASHTRA,296,28
313001,MAHARASHTRA,297,54
313001,MAHARASHTRA,298,34
313001,MAHARASHTRA,299,89
313001,MAHARASHTRA,300,218
313001,MAHARASHTRA,301,52
313001,MAHARASHTRA,302,241
313001,MAHARASHTRA,303,197
313001,MAHARASHTRA,304,362
313001,MAHARASHTRA,305,153
313001,MAHARASHTRA,306,77
313001,MAHARASHTRA,307,70
313001,MAHARASHTRA,308,385
313001,MAHARASHTRA,309,272
313001,MAHARASHTRA,310,132
313001,MAHARASHTRA,311,170
313001,MAHARASHTRA,312,75
313001,MAHARASHTRA,313,166
313001,MAHARASHTRA,314,552
313001,MAHARASHTRA,315,66
313001,MAHARASHTRA,316,518
313001,MAHARASHTRA,317,51
313001,MAHARASHTRA,318,112
313001,MAHARASHTRA,319,340
313001,MAHARASHTRA,320,274
313001,MAHARASHTRA,321,274
313001,MAHARASHTRA,322,59
313001,MAHARASHTRA,323,37
313001,MAHARASHTRA,324,35
313001,MAHARASHTRA,325,116
313001,MAHARASHTRA,326,13
313001,MAHARASHTRA,327,139
313001,MAHARASHTRA,328,161
313001,MAHARASHTRA,329,566
313001,MAHARASHTRA,330,40
313001,MAHARASHTRA,331,100
313001,MAHARASHTRA,332,73
313001,MAHARASHTRA,333,41
313001,MAHARASHTRA,334,477
313001,MAHARASHTRA,335,146
313001,MAHARASHTRA,336,47
313001,MAHARASHTRA,337,143
313001,MAHARASHTRA,338,49
313001,MAHARASHTRA,339,154
313001,MAHARASHTRA,340,27
313001,MAHARASHTRA,341,540
313001,MAHARASHTRA,342,120
313001,MAHARASHTRA,343,630
313001,MAHARASHTRA,344,440
313001,MAHARASHTRA,345,4
313001,MAHARASHTRA,346,441
313001,MAHARASHTRA,347,274
313001,MAHARASHTRA,348,487
313001,MAHARASHTRA,349,34
313001,MAHARASHTRA,350,235
313001,MAHARASHTRA,351,462
313001,MAHARASHTRA,352,234
313001,MAHARASHTRA,353,93
313001,MAHARASHTRA,354,135
313001,MAHARASHTRA,355,100
313001,MAHARASHTRA,356,5
313001,MAHARASHTRA,357,34
313001,MAHARASHTRA,358,126
313001,MAHARASHTRA,359,199
313001,MAHARASHTRA,360,85
313001,MAHARASHTRA,361,15
313001,MAHARASHTRA,362,198
313001,MAHARASHTRA,363,495
313001,MAHARASHTRA,364,85
313001,MAHARASHTRA,365,28
313001,MAHARASHTRA,366,412
313001,MAHARASHTRA,367,204
313001,MAHARASHTRA,368,65
313001,MAHARASHTRA,369,84
313001,MAHARASHTRA,370,149
313001,MAHARASHTRA,371,242
313001,MAHARASHTRA,372,328
313001,MAHARASHTRA,373,328
313001,MAHARASHTRA,374,337
313001,MAHARASHTRA,375,62
313001,MAHARASHTRA,376,43
313001,MAHARASHTRA,377,124
313001,MAHARASHTRA,378,230
313001,MAHARASHTRA,379,36
313001,MAHARASHTRA,380,415
313001,MAHARASHTRA,381,241
313001,MAHARASHTRA,382,184
313001,MAHARASHTRA,383,111
313001,MAHARASHTRA,384,51
313001,MAHARASHTRA,385,282
313001,MAHARASHTRA,386,75
313001,MAHARASHTRA,387,217
313001,MAHARASHTRA,388,75
313001,MAHARASHTRA,389,101
313001,MAHARASHTRA,390,46
313001,MAHARASHTRA,391,371
313001,MAHARASHTRA,392,482
313001,MAHARASHTRA,393,175
313001,MAHARASHTRA,394,86
313001,MAHARASHTRA,395,55
313001,MAHARASHTRA,396,607
313001,MAHARASHTRA,397,537
313001,MAHARASHTRA,398,470
313001,MAHARASHTRA,399,64
313001,MAHARASHTRA,400,96
313001,MAHARASHTRA,401,6
313001,MAHARASHTRA,402,63
313001,MAHARASHTRA,403,362
313001,MAHARASHTRA,404,284
313001,MAHARASHTRA,405,502
313001,MAHARASHTRA,406,69
313001,MAHARASHTRA,407,27
313001,MAHARASHTRA,408,88
313001,MAHARASHTRA,409,670
313001,MAHARASHTRA,410,134
313001,MAHARASHTRA,411,282
313001,MAHARASHTRA,412,67
313001,MAHARASHTRA,413,63
313001,MAHARASHTRA,414,37
313001,MAHARASHTRA,415,76
313001,MAHARASHTRA,416,53
313001,MAHARASHTRA,417,20
313001,MAHARASHTRA,418,152
313001,MAHARASHTRA,419,100
313001,MAHARASHTRA,420,30
313001,MAHARASHTRA,421,453
313001,MAHARASHTRA,422,80
313001,MAHARASHTRA,423,355
313001,MAHARASHTRA,424,82
313001,MAHARASHTRA,425,195
313001,MAHARASHTRA,426,35
313001,MAHARASHTRA,427,42
313001,MAHARASHTRA,428,280
313001,MAHARASHTRA,429,73
313001,MAHARASHTRA,430,10
313001,MAHARASHTRA,431,269
313001,MAHARASHTRA,432,107
313001,MAHARASHTRA,433,147
313001,MAHARASHTRA,434,114
313001,MAHARASHTRA,435,294
313001,MAHARASHTRA,436,87
313001,MAHARASHTRA,437,256
313001,MAHARASHTRA,438,127
313001,MAHARASHTRA,439,3
313001,MAHARASHTRA,440,284
313001,MAHARASHTRA,441,138
313001,MAHARASHTRA,442,71
313001,MAHARASHTRA,443,150
313001,MAHARASHTRA,444,0
313001,MAHARASHTRA,445,88
313001,MAHARASHTRA,446,283
313001,MAHARASHTRA,447,159
313001,MAHARASHTRA,448,79
313001,MAHARASHTRA,449,228
313001,MAHARASHTRA,450,423
313001,MAHARASHTRA,451,529
313001,MAHARASHTRA,452,66
313001,MAHARASHTRA,453,107
313001,MAHARASHTRA,454,25
313001,MAHARASHTRA,455,37
313001,MAHARASHTRA,456,325
313001,MAHARASHTRA,457,459
313001,MAHARASHTRA,458,251
313001,MAHARASHTRA,459,270
313001,MAHARASHTRA,460,47
313001,MAHARASHTRA,461,70
313001,MAHARASHTRA,462,4
313001,MAHARASHTRA,463,147
313001,MAHARASHTRA,464,89
313001,MAHARASHTRA,465,49
313001,MAHARASHTRA,466,36
313001,MAHARASHTRA,467,74
313001,MAHARASHTRA,468,28
313001,MAHARASHTRA,469,41
313001,MAHARASHTRA,470,195
313001,MAHARASHTRA,471,137
313001,MAHARASHTRA,472,46
313001,MAHARASHTRA,473,55
313001,MAHARASHTRA,474,274
313001,MAHARASHTRA,475,12
313001,MAHARASHTRA,476,10
313001,MAHARASHTRA,477,343
313001,MAHARASHTRA,478,142
313001,MAHARASHTRA,479,349
313001,MAHARASHTRA,480,20
313001,MAHARASHTRA,481,137
313001,MAHARASHTRA,482,253
313001,MAHARASHTRA,483,327
313001,MAHARASHTRA,484,65
313001,MAHARASHTRA,485,41
313001,MAHARASHTRA,486,216
313001,MAHARASHTRA,487,68
313001,MAHARASHTRA,488,149
313001,MAHARASHTRA,489,193
313001,MAHARASHTRA,490,346
313001,MAHARASHTRA,491,482
313001,MAHARASHTRA,492,65
313001,MAHARASHTRA,493,195
313001,MAHARASHTRA,494,234
313001,MAHARASHTRA,495,89
313001,MAHARASHTRA,496,40
313001,MAHARASHTRA,497,28
313001,MAHARASHTRA,498,19
313001,MAHARASHTRA,499,265
313001,MAHARASHTRA,500,18
313001,MAHARASHTRA,501,248
313001,MAHARASHTRA,502,178
313001,MAHARASHTRA,503,280
313001,MAHARASHTRA,504,102
313001,MAHARASHTRA,505,85
313001,MAHARASHTRA,506,193
313001,MAHARASHTRA,507,147
313001,MAHARASHTRA,508,85
313001,MAHARASHTRA,509,74
313001,MAHARASHTRA,510,190
313001,MAHARASHTRA,511,50
313001,MAHARASHTRA,512,169
313001,MAHARASHTRA,513,168
313001,MAHARASHTRA,514,20
313001,MAHARASHTRA,515,65
313001,MAHARASHTRA,516,348
313001,MAHARASHTRA,517,29
313001,MAHARASHTRA,518,50
313001,MAHARASHTRA,4,520
313001,MAHARASHTRA,425,521
313001,MAHARASHTRA,213,522
313001,MAHARASHTRA,49,523
313001,MAHARASHTRA,267,524
313001,MAHARASHTRA,74,525
313001,MAHARASHTRA,116,526
313001,MAHARASHTRA,25,527
313001,MAHARASHTRA,264,528
313001,MAHARASHTRA,668,529
313001,MAHARASHTRA,96,530
313001,MAHARASHTRA,273,531
313001,MAHARASHTRA,152,532
313001,MAHARASHTRA,62,533
313001,MAHARASHTRA,70,534
313001,MAHARASHTRA,44,535
313001,MAHARASHTRA,120,536
313001,MAHARASHTRA,39,537
313001,MAHARASHTRA,31,538
313001,MAHARASHTRA,30,539
313001,MAHARASHTRA,59,540
313001,MAHARASHTRA,21,542
313001,MAHARASHTRA,169,543
313001,MAHARASHTRA,254,544
313001,MAHARASHTRA,59,545
313001,MAHARASHTRA,97,546
313001,MAHARASHTRA,488,547
313001,MAHARASHTRA,142,548
313001,MAHARASHTRA,655,549
313001,MAHARASHTRA,28,550
313001,MAHARASHTRA,55,551
313001,MAHARASHTRA,463,552
313001,MAHARASHTRA,167,553
313001,MAHARASHTRA,113,554
313001,MAHARASHTRA,184,555
313001,MAHARASHTRA,3,556
313001,MAHARASHTRA,209,557
313001,MAHARASHTRA,265,558
313001,MAHARASHTRA,73,559
313001,MAHARASHTRA,85,560
313001,MAHARASHTRA,484,561
313001,MAHARASHTRA,254,562
313001,MAHARASHTRA,419,563
313001,MAHARASHTRA,630,564
313001,MAHARASHTRA,101,565
313001,MAHARASHTRA,363,566
313001,MAHARASHTRA,155,567
313001,MAHARASHTRA,259,568
313001,MAHARASHTRA,79,569
313001,MAHARASHTRA,175,570
313001,MAHARASHTRA,571,113
313001,MAHARASHTRA,572,254
313001,MAHARASHTRA,573,273
313001,MAHARASHTRA,574,20
313001,MAHARASHTRA,575,255
313001,MAHARASHTRA,576,192
313001,MAHARASHTRA,577,126
313001,MAHARASHTRA,578,85
313001,MAHARASHTRA,579,263
313001,MAHARASHTRA,580,58
313001,MAHARASHTRA,581,12
313001,MAHARASHTRA,582,125
313001,MAHARASHTRA,583,55
313001,MAHARASHTRA,584,56
313001,MAHARASHTRA,585,88
313001,MAHARASHTRA,586,540
313001,MAHARASHTRA,587,26
313001,MAHARASHTRA,588,36
313001,MAHARASHTRA,589,155
313001,MAHARASHTRA,590,375
313001,MAHARASHTRA,591,77
313001,MAHARASHTRA,592,309
313001,MAHARASHTRA,593,42
313001,MAHARASHTRA,594,70
313001,MAHARASHTRA,595,325
313001,MAHARASHTRA,596,160
313001,MAHARASHTRA,597,97
313001,MAHARASHTRA,598,251
313001,MAHARASHTRA,599,535
313001,MAHARASHTRA,600,92
313001,MAHARASHTRA,601,603
313001,MAHARASHTRA,602,367
313001,MAHARASHTRA,603,71
313001,MAHARASHTRA,604,142
313001,MAHARASHTRA,605,5
313001,MAHARASHTRA,606,54
313001,MAHARASHTRA,607,89
313001,MAHARASHTRA,608,97
313001,MAHARASHTRA,609,137
313001,MAHARASHTRA,610,128
313001,MAHARASHTRA,611,360
313001,MAHARASHTRA,612,339
313001,MAHARASHTRA,613,145
313001,MAHARASHTRA,614,440
313001,MAHARASHTRA,615,174
313001,MAHARASHTRA,616,41
313001,MAHARASHTRA,617,56
313001,MAHARASHTRA,618,90
313001,MAHARASHTRA,619,7
313001,MAHARASHTRA,620,219
313001,MAHARASHTRA,621,604
313001,MAHARASHTRA,622,433
313001,MAHARASHTRA,623,219
313001,MAHARASHTRA,624,69
313001,MAHARASHTRA,625,45
313001,MAHARASHTRA,626,445
313001,MAHARASHTRA,627,430
313001,MAHARASHTRA,628,32
313001,MAHARASHTRA,629,335
313001,MAHARASHTRA,630,56
313001,MAHARASHTRA,631,295
313001,MAHARASHTRA,632,369
313001,MAHARASHTRA,633,266
313001,MAHARASHTRA,634,75
313001,MAHARASHTRA,635,75
313001,MAHARASHTRA,636,31
313001,MAHARASHTRA,637,646
313001,MAHARASHTRA,638,207
313001,MAHARASHTRA,639,57
313001,MAHARASHTRA,640,494
313001,MAHARASHTRA,641,77
313001,MAHARASHTRA,642,200
313001,MAHARASHTRA,643,235
313001,MAHARASHTRA,644,63
313001,MAHARASHTRA,645,61
313001,MAHARASHTRA,646,148
313001,MAHARASHTRA,647,398
313001,MAHARASHTRA,648,412
313001,MAHARASHTRA,649,657
313001,MAHARASHTRA,650,143
313001,MAHARASHTRA,651,503
313001,MAHARASHTRA,652,413
313001,MAHARASHTRA,653,156
313001,MAHARASHTRA,654,17
