Center Number,State Name,Srl No,Marks
313017,MAHARASHTRA,1,52
313017,MAHARASHTRA,2,127
313017,MAHARASHTRA,3,40
313017,MAHARASHTRA,4,140
313017,MAHARASHTRA,5,183
313017,MAHARASHTRA,6,422
313017,MAHARASHTRA,7,126
313017,MAHARASHTRA,8,73
313017,MAHARASHTRA,9,40
313017,MAHARASHTRA,10,25
313017,MAHARASHTRA,11,55
313017,MAHARASHTRA,12,38
313017,MAHARASHTRA,13,104
313017,MAHARASHTRA,14,588
313017,MAHARASHTRA,15,75
313017,MAHARASHTRA,16,97
313017,MAHARASHTRA,17,495
313017,MAHARASHTRA,18,500
313017,MAHARASHTRA,19,41
313017,MAHARASHTRA,20,408
313017,MAHARASHTRA,21,445
313017,MAHARASHTRA,22,95
313017,MAHARASHTRA,23,124
313017,MAHARASHTRA,24,74
313017,MAHARASHTRA,25,425
313017,MAHARASHTRA,26,359
313017,MAHARASHTRA,27,140
313017,MAHARASHTRA,28,321
313017,MAHARASHTRA,29,26
313017,MAHARASHTRA,30,79
313017,MAHARASHTRA,31,200
313017,MAHARASHTRA,32,414
313017,MAHARASHTRA,33,98
313017,MAHARASHTRA,34,42
313017,MAHARASHTRA,35,115
313017,MAHARASHTRA,36,309
313017,MAHARASHTRA,37,235
313017,MAHARASHTRA,38,227
313017,MAHARASHTRA,39,107
313017,MAHARASHTRA,40,73
313017,MAHARASHTRA,41,32
313017,MAHARASHTRA,42,141
313017,MAHARASHTRA,43,178
313017,MAHARASHTRA,44,184
313017,MAHARASHTRA,45,422
313017,MAHARASHTRA,46,293
313017,MAHARASHTRA,47,69
313017,MAHARASHTRA,48,149
313017,MAHARASHTRA,49,66
313017,MAHARASHTRA,50,306
313017,MAHARASHTRA,51,130
313017,MAHARASHTRA,52,112
313017,MAHARASHTRA,53,11
313017,MAHARASHTRA,54,30
313017,MAHARASHTRA,55,55
313017,MAHARASHTRA,56,275
313017,MAHARASHTRA,57,522
313017,MAHARASHTRA,58,214
313017,MAHARASHTRA,59,34
313017,MAHARASHTRA,60,89
313017,MAHARASHTRA,61,601
313017,MAHARASHTRA,62,77
313017,MAHARASHTRA,63,221
313017,MAHARASHTRA,64,131
313017,MAHARASHTRA,65,169
313017,MAHARASHTRA,66,268
313017,MAHARASHTRA,67,5
313017,MAHARASHTRA,68,183
313017,MAHARASHTRA,69,85
313017,MAHARASHTRA,70,113
313017,MAHARASHTRA,71,115
313017,MAHARASHTRA,72,225
313017,MAHARASHTRA,73,136
313017,MAHARASHTRA,74,94
313017,MAHARASHTRA,75,80
313017,MAHARASHTRA,76,407
313017,MAHARASHTRA,77,36
313017,MAHARASHTRA,78,45
313017,MAHARASHTRA,79,131
313017,MAHARASHTRA,80,640
313017,MAHARASHTRA,81,155
313017,MAHARASHTRA,82,196
313017,MAHARASHTRA,83,321
313017,MAHARASHTRA,84,105
313017,MAHARASHTRA,85,419
313017,MAHARASHTRA,86,267
313017,MAHARASHTRA,87,280
313017,MAHARASHTRA,88,31
313017,MAHARASHTRA,89,74
313017,MAHARASHTRA,90,80
313017,MAHARASHTRA,91,170
313017,MAHARASHTRA,92,258
313017,MAHARASHTRA,93,280
313017,MAHARASHTRA,94,197
313017,MAHARASHTRA,95,93
313017,MAHARASHTRA,96,81
313017,MAHARASHTRA,97,29
313017,MAHARASHTRA,98,82
313017,MAHARASHTRA,99,90
313017,MAHARASHTRA,100,208
313017,MAHARASHTRA,101,116
313017,MAHARASHTRA,102,128
313017,MAHARASHTRA,103,245
313017,MAHARASHTRA,104,518
313017,MAHARASHTRA,105,84
313017,MAHARASHTRA,106,539
313017,MAHARASHTRA,107,425
313017,MAHARASHTRA,108,115
313017,MAHARASHTRA,109,100
313017,MAHARASHTRA,110,108
313017,MAHARASHTRA,111,88
313017,MAHARASHTRA,112,287
313017,MAHARASHTRA,113,129
313017,MAHARASHTRA,114,418
313017,MAHARASHTRA,115,536
313017,MAHARASHTRA,116,349
313017,MAHARASHTRA,117,621
313017,MAHARASHTRA,118,45
313017,MAHARASHTRA,119,609
313017,MAHARASHTRA,120,196
313017,MAHARASHTRA,121,371
313017,MAHARASHTRA,122,123
313017,MAHARASHTRA,123,124
313017,MAHARASHTRA,124,139
313017,MAHARASHTRA,125,453
313017,MAHARASHTRA,126,45
313017,MAHARASHTRA,127,435
313017,MAHARASHTRA,128,143
313017,MAHARASHTRA,129,25
313017,MAHARASHTRA,130,326
313017,MAHARASHTRA,131,86
313017,MAHARASHTRA,132,111
313017,MAHARASHTRA,133,104
313017,MAHARASHTRA,134,305
313017,MAHARASHTRA,135,354
313017,MAHARASHTRA,136,131
313017,MAHARASHTRA,137,352
313017,MAHARASHTRA,138,120
313017,MAHARASHTRA,139,147
313017,MAHARASHTRA,140,484
313017,MAHARASHTRA,141,53
313017,MAHARASHTRA,142,194
313017,MAHARASHTRA,143,383
313017,MAHARASHTRA,144,169
313017,MAHARASHTRA,145,229
313017,MAHARASHTRA,146,427
313017,MAHARASHTRA,147,96
313017,MAHARASHTRA,148,150
313017,MAHARASHTRA,149,38
313017,MAHARASHTRA,150,382
313017,MAHARASHTRA,151,182
313017,MAHARASHTRA,152,216
313017,MAHARASHTRA,153,90
313017,MAHARASHTRA,154,122
313017,MAHARASHTRA,155,163
313017,MAHARASHTRA,156,158
313017,MAHARASHTRA,157,245
313017,MAHARASHTRA,158,60
313017,MAHARASHTRA,159,368
313017,MAHARASHTRA,160,599
313017,MAHARASHTRA,161,216
313017,MAHARASHTRA,162,181
313017,MAHARASHTRA,163,404
313017,MAHARASHTRA,164,105
313017,MAHARASHTRA,165,50
313017,MAHARASHTRA,166,397
313017,MAHARASHTRA,167,12
313017,MAHARASHTRA,168,208
313017,MAHARASHTRA,169,38
313017,MAHARASHTRA,170,38
313017,MAHARASHTRA,171,72
313017,MAHARASHTRA,172,190
313017,MAHARASHTRA,173,250
313017,MAHARASHTRA,174,638
313017,MAHARASHTRA,175,108
313017,MAHARASHTRA,176,302
313017,MAHARASHTRA,177,42
313017,MAHARASHTRA,178,582
313017,MAHARASHTRA,179,205
313017,MAHARASHTRA,180,127
313017,MAHARASHTRA,181,66
313017,MAHARASHTRA,182,235
313017,MAHARASHTRA,183,1
313017,MAHARASHTRA,184,80
313017,MAHARASHTRA,185,68
313017,MAHARASHTRA,186,43
313017,MAHARASHTRA,187,110
313017,MAHARASHTRA,188,149
313017,MAHARASHTRA,189,78
313017,MAHARASHTRA,190,229
313017,MAHARASHTRA,191,85
313017,MAHARASHTRA,192,326
313017,MAHARASHTRA,193,435
313017,MAHARASHTRA,194,76
313017,MAHARASHTRA,195,40
313017,MAHARASHTRA,196,309
313017,MAHARASHTRA,197,500
313017,MAHARASHTRA,198,150
313017,MAHARASHTRA,199,118
313017,MAHARASHTRA,200,93
313017,MAHARASHTRA,201,16
313017,MAHARASHTRA,202,391
313017,MAHARASHTRA,203,91
313017,MAHARASHTRA,204,138
313017,MAHARASHTRA,205,505
313017,MAHARASHTRA,206,99
313017,MAHARASHTRA,207,174
313017,MAHARASHTRA,208,30
313017,MAHARASHTRA,209,109
313017,MAHARASHTRA,210,51
313017,MAHARASHTRA,211,0
313017,MAHARASHTRA,212,104
313017,MAHARASHTRA,213,99
313017,MAHARASHTRA,214,47
313017,MAHARASHTRA,215,424
313017,MAHARASHTRA,216,325
313017,MAHARASHTRA,217,39
313017,MAHARASHTRA,218,14
313017,MAHARASHTRA,219,350
313017,MAHARASHTRA,220,227
313017,MAHARASHTRA,221,33
313017,MAHARASHTRA,222,20
313017,MAHARASHTRA,223,79
313017,MAHARASHTRA,224,120
313017,MAHARASHTRA,225,245
313017,MAHARASHTRA,226,32
313017,MAHARASHTRA,227,13
313017,MAHARASHTRA,228,171
313017,MAHARASHTRA,229,23
313017,MAHARASHTRA,230,318
313017,MAHARASHTRA,3,232
313017,MAHARASHTRA,33,233
313017,MAHARASHTRA,150,234
313017,MAHARASHTRA,15,235
313017,MAHARASHTRA,63,236
313017,MAHARASHTRA,133,237
313017,MAHARASHTRA,168,238
313017,MAHARASHTRA,145,239
313017,MAHARASHTRA,365,240
313017,MAHARASHTRA,241,59
313017,MAHARASHTRA,242,347
313017,MAHARASHTRA,243,47
313017,MAHARASHTRA,244,132
313017,MAHARASHTRA,245,72
313017,MAHARASHTRA,246,61
313017,MAHARASHTRA,247,64
313017,MAHARASHTRA,248,114
313017,MAHARASHTRA,249,416
313017,MAHARASHTRA,250,131
313017,MAHARASHTRA,251,55
313017,MAHARASHTRA,252,105
313017,MAHARASHTRA,253,90
313017,MAHARASHTRA,254,59
313017,MAHARASHTRA,255,569
313017,MAHARASHTRA,256,558
313017,MAHARASHTRA,257,266
313017,MAHARASHTRA,258,48
313017,MAHARASHTRA,259,67
313017,MAHARASHTRA,260,356
313017,MAHARASHTRA,261,446
313017,MAHARASHTRA,262,38
313017,MAHARASHTRA,263,223
313017,MAHARASHTRA,264,155
313017,MAHARASHTRA,265,334
313017,MAHARASHTRA,266,215
313017,MAHARASHTRA,267,472
313017,MAHARASHTRA,268,40
313017,MAHARASHTRA,269,159
313017,MAHARASHTRA,270,493
313017,MAHARASHTRA,271,310
313017,MAHARASHTRA,272,330
313017,MAHARASHTRA,273,128
313017,MAHARASHTRA,274,183
313017,MAHARASHTRA,275,314
313017,MAHARASHTRA,276,67
313017,MAHARASHTRA,277,444
313017,MAHARASHTRA,278,11
313017,MAHARASHTRA,279,209
313017,MAHARASHTRA,280,143
313017,MAHARASHTRA,281,110
313017,MAHARASHTRA,282,304
313017,MAHARASHTRA,283,135
313017,MAHARASHTRA,284,76
313017,MAHARASHTRA,285,80
313017,MAHARASHTRA,286,104
313017,MAHARASHTRA,287,7
313017,MAHARASHTRA,288,115
313017,MAHARASHTRA,289,125
313017,MAHARASHTRA,290,181
313017,MAHARASHTRA,291,80
313017,MAHARASHTRA,292,173
313017,MAHARASHTRA,293,35
313017,MAHARASHTRA,294,62
313017,MAHARASHTRA,295,445
313017,MAHARASHTRA,296,138
313017,MAHARASHTRA,297,379
313017,MAHARASHTRA,298,164
313017,MAHARASHTRA,299,46
313017,MAHARASHTRA,300,29
313017,MAHARASHTRA,301,394
313017,MAHARASHTRA,302,76
313017,MAHARASHTRA,303,132
313017,MAHARASHTRA,304,120
313017,MAHARASHTRA,305,119
313017,MAHARASHTRA,306,60
313017,MAHARASHTRA,307,55
313017,MAHARASHTRA,308,61
313017,MAHARASHTRA,309,365
313017,MAHARASHTRA,310,182
313017,MAHARASHTRA,311,130
313017,MAHARASHTRA,312,54
313017,MAHARASHTRA,313,22
313017,MAHARASHTRA,314,95
313017,MAHARASHTRA,315,14
313017,MAHARASHTRA,316,73
313017,MAHARASHTRA,317,127
313017,MAHARASHTRA,318,14
313017,MAHARASHTRA,319,28
313017,MAHARASHTRA,320,229
313017,MAHARASHTRA,321,65
313017,MAHARASHTRA,322,112
313017,MAHARASHTRA,323,110
313017,MAHARASHTRA,324,360
313017,MAHARASHTRA,325,80
313017,MAHARASHTRA,326,89
313017,MAHARASHTRA,327,635
313017,MAHARASHTRA,328,326
313017,MAHARASHTRA,329,52
313017,MAHARASHTRA,330,97
313017,MAHARASHTRA,331,591
313017,MAHARASHTRA,332,38
313017,MAHARASHTRA,333,81
313017,MAHARASHTRA,334,53
313017,MAHARASHTRA,335,495
313017,MAHARASHTRA,336,47
313017,MAHARASHTRA,337,29
313017,MAHARASHTRA,338,95
313017,MAHARASHTRA,339,75
313017,MAHARASHTRA,340,282
313017,MAHARASHTRA,341,129
313017,MAHARASHTRA,342,1
313017,MAHARASHTRA,343,46
313017,MAHARASHTRA,344,65
313017,MAHARASHTRA,345,35
313017,MAHARASHTRA,346,280
313017,MAHARASHTRA,347,401
313017,MAHARASHTRA,348,237
313017,MAHARASHTRA,349,541
313017,MAHARASHTRA,350,213
313017,MAHARASHTRA,351,502
313017,MAHARASHTRA,352,209
313017,MAHARASHTRA,353,156
313017,MAHARASHTRA,354,455
313017,MAHARASHTRA,355,167
313017,MAHARASHTRA,356,290
313017,MAHARASHTRA,357,166
313017,MAHARASHTRA,358,56
313017,MAHARASHTRA,359,9
313017,MAHARASHTRA,360,168
313017,MAHARASHTRA,361,209
313017,MAHARASHTRA,362,418
313017,MAHARASHTRA,363,492
313017,MAHARASHTRA,364,348
313017,MAHARASHTRA,365,153
313017,MAHARASHTRA,366,127
313017,MAHARASHTRA,367,135
313017,MAHARASHTRA,368,92
313017,MAHARASHTRA,369,441
313017,MAHARASHTRA,370,61
313017,MAHARASHTRA,371,126
313017,MAHARASHTRA,372,78
313017,MAHARASHTRA,3,374
313017,MAHARASHTRA,84,375
313017,MAHARASHTRA,131,376
313017,MAHARASHTRA,135,377
313017,MAHARASHTRA,37,378
313017,MAHARASHTRA,219,379
313017,MAHARASHTRA,56,380
313017,MAHARASHTRA,134,381
313017,MAHARASHTRA,88,382
313017,MAHARASHTRA,203,383
313017,MAHARASHTRA,461,384
313017,MAHARASHTRA,86,385
313017,MAHARASHTRA,178,386
313017,MAHARASHTRA,114,387
313017,MAHARASHTRA,155,388
313017,MAHARASHTRA,90,389
313017,MAHARASHTRA,135,390
313017,MAHARASHTRA,391,14
313017,MAHARASHTRA,392,36
313017,MAHARASHTRA,393,246
313017,MAHARASHTRA,394,106
313017,MAHARASHTRA,395,134
313017,MAHARASHTRA,396,656
313017,MAHARASHTRA,397,35
313017,MAHARASHTRA,398,67
313017,MAHARASHTRA,399,255
313017,MAHARASHTRA,400,39
313017,MAHARASHTRA,401,35
313017,MAHARASHTRA,402,685
313017,MAHARASHTRA,403,158
313017,MAHARASHTRA,404,148
313017,MAHARASHTRA,405,160
313017,MAHARASHTRA,406,102
313017,MAHARASHTRA,407,101
313017,MAHARASHTRA,408,393
313017,MAHARASHTRA,409,65
313017,MAHARASHTRA,410,188
313017,MAHARASHTRA,411,48
313017,MAHARASHTRA,412,40
313017,MAHARASHTRA,413,330
313017,MAHARASHTRA,414,79
313017,MAHARASHTRA,415,24
313017,MAHARASHTRA,416,105
313017,MAHARASHTRA,417,137
313017,MAHARASHTRA,418,359
313017,MAHARASHTRA,419,285
313017,MAHARASHTRA,420,77
313017,MAHARASHTRA,421,185
313017,MAHARASHTRA,422,297
313017,MAHARASHTRA,423,149
313017,MAHARASHTRA,424,39
313017,MAHARASHTRA,425,38
313017,MAHARASHTRA,426,60
313017,MAHARASHTRA,427,51
313017,MAHARASHTRA,428,311
313017,MAHARASHTRA,429,350
313017,MAHARASHTRA,430,167
313017,MAHARASHTRA,431,85
313017,MAHARASHTRA,432,53
313017,MAHARASHTRA,433,1
313017,MAHARASHTRA,434,66
313017,MAHARASHTRA,435,44
313017,MAHARASHTRA,436,142
313017,MAHARASHTRA,437,164
313017,MAHARASHTRA,438,453
313017,MAHARASHTRA,439,20
313017,MAHARASHTRA,440,248
313017,MAHARASHTRA,441,15
313017,MAHARASHTRA,442,293
313017,MAHARASHTRA,443,161
313017,MAHARASHTRA,444,217
313017,MAHARASHTRA,445,131
313017,MAHARASHTRA,446,224
313017,MAHARASHTRA,447,56
313017,MAHARASHTRA,448,48
313017,MAHARASHTRA,449,127
313017,MAHARASHTRA,450,641
313017,MAHARASHTRA,451,251
313017,MAHARASHTRA,452,655
313017,MAHARASHTRA,453,353
313017,MAHARASHTRA,454,50
313017,MAHARASHTRA,455,91
313017,MAHARASHTRA,456,291
313017,MAHARASHTRA,457,347
313017,MAHARASHTRA,458,300
313017,MAHARASHTRA,459,43
313017,MAHARASHTRA,460,433
