Center Number,State Name,Srl No,Marks
313003,MAHARASHTRA,1,105
313003,MAHARASHTRA,2,125
313003,MAHARASHTRA,3,118
313003,MAHARASHTRA,4,57
313003,MAHARASHTRA,5,250
313003,MAHARASHTRA,6,6
313003,MAHARASHTRA,7,230
313003,MAHARASHTRA,8,166
313003,MAHARASHTRA,9,34
313003,MAHARASHTRA,10,556
313003,MAHARASHTRA,11,172
313003,MAHARASHTRA,12,131
313003,MAHARASHTRA,13,67
313003,MAHARASHTRA,14,209
313003,MAHARASHTRA,15,302
313003,MAHARASHTRA,16,111
313003,MAHARASHTRA,17,12
313003,MAHARASHTRA,18,85
313003,MAHARASHTRA,19,187
313003,MAHARASHTRA,20,406
313003,MAHARASHTRA,21,17
313003,MAHARASHTRA,22,582
313003,MAHARASHTRA,23,130
313003,MAHARASHTRA,24,15
313003,MAHARASHTRA,25,206
313003,MAHARASHTRA,26,39
313003,MAHARASHTRA,27,93
313003,MAHARASHTRA,28,222
313003,MAHARASHTRA,29,109
313003,MAHARASHTRA,30,39
313003,MAHARASHTRA,31,50
313003,MAHARASHTRA,32,331
313003,MAHARASHTRA,33,16
313003,MAHARASHTRA,34,142
313003,MAHARASHTRA,35,598
313003,MAHARASHTRA,36,187
313003,MAHARASHTRA,37,528
313003,MAHARASHTRA,38,299
313003,MAHARASHTRA,39,190
313003,MAHARASHTRA,40,465
313003,MAHARASHTRA,41,122
313003,MAHARASHTRA,42,322
313003,MAHARASHTRA,43,455
313003,MAHARASHTRA,44,48
313003,MAHARASHTRA,45,31
313003,MAHARASHTRA,46,13
313003,MAHARASHTRA,47,328
313003,MAHARASHTRA,48,56
313003,MAHARASHTRA,49,82
313003,MAHARASHTRA,50,74
313003,MAHARASHTRA,51,151
313003,MAHARASHTRA,52,140
313003,MAHARASHTRA,53,238
313003,MAHARASHTRA,54,121
313003,MAHARASHTRA,55,77
313003,MAHARASHTRA,56,232
313003,MAHARASHTRA,57,343
313003,MAHARASHTRA,58,27
313003,MAHARASHTRA,59,67
313003,MAHARASHTRA,60,142
313003,MAHARASHTRA,61,120
313003,MAHARASHTRA,62,114
313003,MAHARASHTRA,63,315
313003,MAHARASHTRA,64,472
313003,MAHARASHTRA,65,46
313003,MAHARASHTRA,66,204
313003,MAHARASHTRA,67,163
313003,MAHARASHTRA,68,73
313003,MAHARASHTRA,69,85
313003,MAHARASHTRA,70,45
313003,MAHARASHTRA,71,482
313003,MAHARASHTRA,72,20
313003,MAHARASHTRA,73,124
313003,MAHARASHTRA,74,277
313003,MAHARASHTRA,75,50
313003,MAHARASHTRA,76,186
313003,MAHARASHTRA,77,111
313003,MAHARASHTRA,78,206
313003,MAHARASHTRA,79,115
313003,MAHARASHTRA,80,484
313003,MAHARASHTRA,81,43
313003,MAHARASHTRA,82,69
313003,MAHARASHTRA,83,34
313003,MAHARASHTRA,84,552
313003,MAHARASHTRA,85,272
313003,MAHARASHTRA,86,96
313003,MAHARASHTRA,87,301
313003,MAHARASHTRA,88,30
313003,MAHARASHTRA,89,282
313003,MAHARASHTRA,90,323
313003,MAHARASHTRA,91,271
313003,MAHARASHTRA,92,605
313003,MAHARASHTRA,93,63
313003,MAHARASHTRA,94,46
313003,MAHARASHTRA,95,318
313003,MAHARASHTRA,96,351
313003,MAHARASHTRA,97,293
313003,MAHARASHTRA,98,108
313003,MAHARASHTRA,99,120
313003,MAHARASHTRA,100,117
313003,MAHARASHTRA,101,71
313003,MAHARASHTRA,102,74
313003,MAHARASHTRA,103,173
313003,MAHARASHTRA,104,128
313003,MAHARASHTRA,105,49
313003,MAHARASHTRA,106,96
313003,MAHARASHTRA,107,87
313003,MAHARASHTRA,108,366
313003,MAHARASHTRA,109,105
313003,MAHARASHTRA,110,98
313003,MAHARASHTRA,111,653
313003,MAHARASHTRA,112,75
313003,MAHARASHTRA,113,53
313003,MAHARASHTRA,114,406
313003,MAHARASHTRA,115,75
313003,MAHARASHTRA,116,201
313003,MAHARASHTRA,117,85
313003,MAHARASHTRA,118,128
313003,MAHARASHTRA,119,125
313003,MAHARASHTRA,120,3
313003,MAHARASHTRA,121,228
313003,MAHARASHTRA,122,90
313003,MAHARASHTRA,123,72
313003,MAHARASHTRA,124,80
313003,MAHARASHTRA,125,90
313003,MAHARASHTRA,126,94
313003,MAHARASHTRA,127,399
313003,MAHARASHTRA,128,114
313003,MAHARASHTRA,129,329
313003,MAHARASHTRA,130,552
313003,MAHARASHTRA,131,38
313003,MAHARASHTRA,132,75
313003,MAHARASHTRA,133,40
313003,MAHARASHTRA,134,115
313003,MAHARASHTRA,135,95
313003,MAHARASHTRA,136,12
313003,MAHARASHTRA,137,162
313003,MAHARASHTRA,138,91
313003,MAHARASHTRA,139,294
313003,MAHARASHTRA,140,223
313003,MAHARASHTRA,141,59
313003,MAHARASHTRA,142,95
313003,MAHARASHTRA,143,85
313003,MAHARASHTRA,144,196
313003,MAHARASHTRA,145,1
313003,MAHARASHTRA,146,262
313003,MAHARASHTRA,147,317
313003,MAHARASHTRA,148,25
313003,MAHARASHTRA,149,100
313003,MAHARASHTRA,150,95
313003,MAHARASHTRA,151,99
313003,MAHARASHTRA,152,17
313003,MAHARASHTRA,153,52
313003,MAHARASHTRA,154,80
313003,MAHARASHTRA,155,576
313003,MAHARASHTRA,156,117
313003,MAHARASHTRA,157,125
313003,MAHARASHTRA,158,526
313003,MAHARASHTRA,159,303
313003,MAHARASHTRA,160,247
313003,MAHARASHTRA,161,235
313003,MAHARASHTRA,162,212
313003,MAHARASHTRA,163,15
313003,MAHARASHTRA,164,232
313003,MAHARASHTRA,165,120
313003,MAHARASHTRA,166,213
313003,MAHARASHTRA,167,203
313003,MAHARASHTRA,168,69
313003,MAHARASHTRA,169,425
313003,MAHARASHTRA,170,25
313003,MAHARASHTRA,171,308
313003,MAHARASHTRA,172,74
313003,MAHARASHTRA,173,31
313003,MAHARASHTRA,174,264
313003,MAHARASHTRA,175,190
313003,MAHARASHTRA,176,257
313003,MAHARASHTRA,177,272
313003,MAHARASHTRA,178,71
313003,MAHARASHTRA,179,197
313003,MAHARASHTRA,180,47
313003,MAHARASHTRA,181,641
313003,MAHARASHTRA,182,115
313003,MAHARASHTRA,183,147
313003,MAHARASHTRA,184,93
313003,MAHARASHTRA,185,79
313003,MAHARASHTRA,186,158
313003,MAHARASHTRA,187,106
313003,MAHARASHTRA,188,265
313003,MAHARASHTRA,189,44
313003,MAHARASHTRA,190,650
313003,MAHARASHTRA,191,23
313003,MAHARASHTRA,192,26
313003,MAHARASHTRA,193,204
313003,MAHARASHTRA,194,24
313003,MAHARASHTRA,195,30
313003,MAHARASHTRA,196,51
313003,MAHARASHTRA,197,142
313003,MAHARASHTRA,198,102
313003,MAHARASHTRA,199,97
313003,MAHARASHTRA,200,82
313003,MAHARASHTRA,201,174
313003,MAHARASHTRA,202,234
313003,MAHARASHTRA,203,47
313003,MAHARASHTRA,204,178
313003,MAHARASHTRA,205,88
313003,MAHARASHTRA,206,37
313003,MAHARASHTRA,207,319
313003,MAHARASHTRA,208,107
313003,MAHARASHTRA,209,451
313003,MAHARASHTRA,210,486
313003,MAHARASHTRA,211,45
313003,MAHARASHTRA,212,36
313003,MAHARASHTRA,213,106
313003,MAHARASHTRA,214,113
313003,MAHARASHTRA,215,141
313003,MAHARASHTRA,216,160
313003,MAHARASHTRA,217,225
313003,MAHARASHTRA,218,46
313003,MAHARASHTRA,219,45
313003,MAHARASHTRA,21,221
313003,MAHARASHTRA,29,222
313003,MAHARASHTRA,175,223
313003,MAHARASHTRA,47,224
313003,MAHARASHTRA,50,225
313003,MAHARASHTRA,74,226
313003,MAHARASHTRA,179,227
313003,MAHARASHTRA,100,228
313003,MAHARASHTRA,278,229
313003,MAHARASHTRA,222,230
313003,MAHARASHTRA,170,231
313003,MAHARASHTRA,194,232
313003,MAHARASHTRA,35,233
313003,MAHARASHTRA,55,234
313003,MAHARASHTRA,37,235
313003,MAHARASHTRA,33,236
313003,MAHARASHTRA,270,237
313003,MAHARASHTRA,116,238
313003,MAHARASHTRA,291,239
313003,MAHARASHTRA,428,240
313003,MAHARASHTRA,241,238
313003,MAHARASHTRA,242,561
313003,MAHARASHTRA,243,52
313003,MAHARASHTRA,244,600
313003,MAHARASHTRA,245,208
313003,MAHARASHTRA,246,122
313003,MAHARASHTRA,247,334
313003,MAHARASHTRA,2,249
313003,MAHARASHTRA,299,250
313003,MAHARASHTRA,346,251
313003,MAHARASHTRA,290,252
313003,MAHARASHTRA,210,253
313003,MAHARASHTRA,43,254
313003,MAHARASHTRA,61,255
313003,MAHARASHTRA,5,256
313003,MAHARASHTRA,315,257
313003,MAHARASHTRA,24,258
313003,MAHARASHTRA,26,259
313003,MAHARASHTRA,51,260
313003,MAHARASHTRA,68,261
313003,MAHARASHTRA,227,262
313003,MAHARASHTRA,138,263
313003,MAHARASHTRA,132,264
313003,MAHARASHTRA,70,265
313003,MAHARASHTRA,59,266
313003,MAHARASHTRA,403,267
313003,MAHARASHTRA,50,268
313003,MAHARASHTRA,70,269
313003,MAHARASHTRA,266,270
313003,MAHARASHTRA,271,542
313003,MAHARASHTRA,272,32
313003,MAHARASHTRA,273,223
313003,MAHARASHTRA,274,127
313003,MAHARASHTRA,275,123
313003,MAHARASHTRA,276,57
313003,MAHARASHTRA,277,334
313003,MAHARASHTRA,278,153
313003,MAHARASHTRA,279,165
313003,MAHARASHTRA,280,102
313003,MAHARASHTRA,281,36
313003,MAHARASHTRA,282,90
313003,MAHARASHTRA,283,131
313003,MAHARASHTRA,284,47
313003,MAHARASHTRA,285,35
313003,MAHARASHTRA,286,57
313003,MAHARASHTRA,287,388
313003,MAHARASHTRA,288,91
313003,MAHARASHTRA,289,139
313003,MAHARASHTRA,290,64
313003,MAHARASHTRA,291,285
313003,MAHARASHTRA,292,230
313003,MAHARASHTRA,293,144
313003,MAHARASHTRA,294,174
313003,MAHARASHTRA,295,97
313003,MAHARASHTRA,296,290
313003,MAHARASHTRA,297,62
313003,MAHARASHTRA,298,110
313003,MAHARASHTRA,299,89
313003,MAHARASHTRA,300,163
313003,MAHARASHTRA,301,69
313003,MAHARASHTRA,302,18
313003,MAHARASHTRA,303,512
313003,MAHARASHTRA,304,142
313003,MAHARASHTRA,305,136
313003,MAHARASHTRA,306,81
313003,MAHARASHTRA,307,19
313003,MAHARASHTRA,308,86
313003,MAHARASHTRA,309,166
313003,MAHARASHTRA,7,311
313003,MAHARASHTRA,68,312
313003,MAHARASHTRA,115,313
313003,MAHARASHTRA,107,314
313003,MAHARASHTRA,72,315
313003,MAHARASHTRA,113,316
313003,MAHARASHTRA,46,317
313003,MAHARASHTRA,211,318
313003,MAHARASHTRA,19,319
313003,MAHARASHTRA,25,320
313003,MAHARASHTRA,86,321
313003,MAHARASHTRA,75,322
313003,MAHARASHTRA,566,323
313003,MAHARASHTRA,565,324
313003,MAHARASHTRA,97,325
313003,MAHARASHTRA,396,326
313003,MAHARASHTRA,28,327
313003,MAHARASHTRA,175,328
313003,MAHARASHTRA,458,329
313003,MAHARASHTRA,93,330
313003,MAHARASHTRA,331,158
313003,MAHARASHTRA,332,248
313003,MAHARASHTRA,333,132
313003,MAHARASHTRA,334,26
313003,MAHARASHTRA,335,233
313003,MAHARASHTRA,336,360
313003,MAHARASHTRA,337,139
313003,MAHARASHTRA,338,85
313003,MAHARASHTRA,339,225
313003,MAHARASHTRA,340,271
313003,MAHARASHTRA,341,218
313003,MAHARASHTRA,342,30
313003,MAHARASHTRA,343,334
313003,MAHARASHTRA,344,8
313003,MAHARASHTRA,345,586
313003,MAHARASHTRA,346,468
313003,MAHARASHTRA,347,107
313003,MAHARASHTRA,348,396
313003,MAHARASHTRA,349,87
313003,MAHARASHTRA,350,90
313003,MAHARASHTRA,351,270
313003,MAHARASHTRA,352,308
313003,MAHARASHTRA,353,13
313003,MAHARASHTRA,354,353
313003,MAHARASHTRA,355,55
313003,MAHARASHTRA,356,44
313003,MAHARASHTRA,357,44
313003,MAHARASHTRA,358,4
313003,MAHARASHTRA,359,205
313003,MAHARASHTRA,360,352
313003,MAHARASHTRA,361,79
313003,MAHARASHTRA,362,20
313003,MAHARASHTRA,363,307
313003,MAHARASHTRA,364,135
313003,MAHARASHTRA,365,48
313003,MAHARASHTRA,366,43
313003,MAHARASHTRA,367,44
313003,MAHARASHTRA,368,355
313003,MAHARASHTRA,369,347
313003,MAHARASHTRA,370,46
313003,MAHARASHTRA,371,45
313003,MAHARASHTRA,372,134
313003,MAHARASHTRA,373,38
313003,MAHARASHTRA,374,246
313003,MAHARASHTRA,375,235
313003,MAHARASHTRA,376,136
313003,MAHARASHTRA,377,405
313003,MAHARASHTRA,378,75
313003,MAHARASHTRA,379,96
313003,MAHARASHTRA,380,162
313003,MAHARASHTRA,381,229
313003,MAHARASHTRA,382,48
313003,MAHARASHTRA,383,182
313003,MAHARASHTRA,384,315
313003,MAHARASHTRA,385,374
313003,MAHARASHTRA,386,368
313003,MAHARASHTRA,387,156
313003,MAHARASHTRA,388,13
313003,MAHARASHTRA,389,284
313003,MAHARASHTRA,390,32
313003,MAHARASHTRA,391,64
313003,MAHARASHTRA,392,193
313003,MAHARASHTRA,393,102
313003,MAHARASHTRA,394,542
313003,MAHARASHTRA,395,337
313003,MAHARASHTRA,396,117
313003,MAHARASHTRA,397,388
313003,MAHARASHTRA,398,164
313003,MAHARASHTRA,399,133
313003,MAHARASHTRA,400,67
313003,MAHARASHTRA,401,140
313003,MAHARASHTRA,402,112
313003,MAHARASHTRA,403,5
313003,MAHARASHTRA,404,77
313003,MAHARASHTRA,405,157
313003,MAHARASHTRA,406,124
313003,MAHARASHTRA,407,34
313003,MAHARASHTRA,408,188
313003,MAHARASHTRA,409,38
313003,MAHARASHTRA,410,30
313003,MAHARASHTRA,411,29
313003,MAHARASHTRA,412,323
313003,MAHARASHTRA,413,35
313003,MAHARASHTRA,414,319
313003,MAHARASHTRA,415,164
313003,MAHARASHTRA,416,58
313003,MAHARASHTRA,417,169
313003,MAHARASHTRA,418,3
313003,MAHARASHTRA,419,410
313003,MAHARASHTRA,420,35
313003,MAHARASHTRA,421,32
313003,MAHARASHTRA,422,184
313003,MAHARASHTRA,423,83
313003,MAHARASHTRA,424,77
313003,MAHARASHTRA,425,585
313003,MAHARASHTRA,426,119
313003,MAHARASHTRA,427,410
313003,MAHARASHTRA,428,120
313003,MAHARASHTRA,429,181
313003,MAHARASHTRA,430,93
313003,MAHARASHTRA,431,248
313003,MAHARASHTRA,432,155
313003,MAHARASHTRA,433,237
313003,MAHARASHTRA,434,328
313003,MAHARASHTRA,435,148
313003,MAHARASHTRA,436,16
313003,MAHARASHTRA,437,340
313003,MAHARASHTRA,438,474
313003,MAHARASHTRA,439,57
313003,MAHARASHTRA,440,59
313003,MAHARASHTRA,441,44
313003,MAHARASHTRA,442,90
313003,MAHARASHTRA,443,227
313003,MAHARASHTRA,444,108
313003,MAHARASHTRA,15,446
313003,MAHARASHTRA,449,447
313003,MAHARASHTRA,333,448
313003,MAHARASHTRA,434,449
313003,MAHARASHTRA,117,450
313003,MAHARASHTRA,451,269
313003,MAHARASHTRA,452,135
313003,MAHARASHTRA,453,53
313003,MAHARASHTRA,454,44
313003,MAHARASHTRA,455,130
313003,MAHARASHTRA,456,99
313003,MAHARASHTRA,457,59
313003,MAHARASHTRA,458,279
313003,MAHARASHTRA,459,186
313003,MAHARASHTRA,460,254
313003,MAHARASHTRA,461,95
313003,MAHARASHTRA,462,121
313003,MAHARASHTRA,29,464
313003,MAHARASHTRA,306,465
313003,MAHARASHTRA,123,466
313003,MAHARASHTRA,471,467
313003,MAHARASHTRA,234,468
313003,MAHARASHTRA,74,469
313003,MAHARASHTRA,125,470
313003,MAHARASHTRA,210,471
313003,MAHARASHTRA,66,472
313003,MAHARASHTRA,134,473
313003,MAHARASHTRA,162,474
313003,MAHARASHTRA,263,475
313003,MAHARASHTRA,282,476
313003,MAHARASHTRA,427,477
313003,MAHARASHTRA,52,478
313003,MAHARASHTRA,3,479
313003,MAHARASHTRA,123,480
313003,MAHARASHTRA,481,520
313003,MAHARASHTRA,482,137
313003,MAHARASHTRA,483,252
313003,MAHARASHTRA,484,23
313003,MAHARASHTRA,485,128
313003,MAHARASHTRA,486,80
313003,MAHARASHTRA,487,136
313003,MAHARASHTRA,488,147
313003,MAHARASHTRA,489,28
313003,MAHARASHTRA,490,27
313003,MAHARASHTRA,491,245
313003,MAHARASHTRA,492,94
313003,MAHARASHTRA,493,356
313003,MAHARASHTRA,494,85
313003,MAHARASHTRA,495,65
313003,MAHARASHTRA,496,378
313003,MAHARASHTRA,497,156
313003,MAHARASHTRA,498,455
