Center Number,State Name,Srl No,Marks
313410,MAHARASHTRA,1,51
313410,MAHARASHTRA,2,124
313410,MAHARASHTRA,3,238
313410,MAHARASHTRA,4,240
313410,MAHARASHTRA,5,48
313410,MAHARASHTRA,6,342
313410,MAHARASHTRA,7,157
313410,MAHARASHTRA,8,608
313410,MAHARASHTRA,9,407
313410,MAHARASHTRA,10,274
313410,MAHARASHTRA,11,60
313410,MAHARASHTRA,12,157
313410,MAHARASHTRA,30,14
313410,MAHARASHTRA,240,15
313410,MAHARASHTRA,83,16
313410,MAHARASHTRA,73,17
313410,MAHARASHTRA,98,18
313410,MAHARASHTRA,61,19
313410,MAHARASHTRA,48,20
313410,MAHARASHTRA,103,21
313410,MAHARASHTRA,105,22
313410,MAHARASHTRA,538,23
313410,MAHARASHTRA,102,24
313410,MAHARASHTRA,92,25
313410,MAHARASHTRA,419,26
313410,MAHARASHTRA,27,27
313410,MAHARASHTRA,23,28
313410,MAHARASHTRA,25,29
313410,MAHARASHTRA,125,30
313410,MAHARASHTRA,31,69
313410,MAHARASHTRA,32,439
313410,MAHARASHTRA,33,74
313410,MAHARASHTRA,34,63
313410,MAHARASHTRA,35,300
313410,MAHARASHTRA,36,241
313410,MAHARASHTRA,37,71
313410,MAHARASHTRA,38,363
313410,MAHARASHTRA,39,139
313410,MAHARASHTRA,40,86
313410,MAHARASHTRA,41,432
313410,MAHARASHTRA,42,178
313410,MAHARASHTRA,43,74
313410,MAHARASHTRA,44,55
313410,MAHARASHTRA,45,29
313410,MAHARASHTRA,46,545
313410,MAHARASHTRA,47,376
313410,MAHARASHTRA,48,55
313410,MAHARASHTRA,49,91
313410,MAHARASHTRA,50,191
313410,MAHARASHTRA,51,340
313410,MAHARASHTRA,52,376
313410,MAHARASHTRA,53,71
313410,MAHARASHTRA,54,120
313410,MAHARASHTRA,55,220
313410,MAHARASHTRA,56,44
313410,MAHARASHTRA,57,270
313410,MAHARASHTRA,58,486
313410,MAHARASHTRA,59,175
313410,MAHARASHTRA,60,265
313410,MAHARASHTRA,61,240
313410,MAHARASHTRA,62,181
313410,MAHARASHTRA,63,50
313410,MAHARASHTRA,64,68
313410,MAHARASHTRA,65,53
313410,MAHARASHTRA,66,381
313410,MAHARASHTRA,67,92
313410,MAHARASHTRA,68,60
313410,MAHARASHTRA,69,9
313410,MAHARASHTRA,70,21
313410,MAHARASHTRA,71,115
313410,MAHARASHTRA,72,169
313410,MAHARASHTRA,73,65
313410,MAHARASHTRA,74,80
313410,MAHARASHTRA,75,62
313410,MAHARASHTRA,76,140
313410,MAHARASHTRA,77,141
313410,MAHARASHTRA,78,346
313410,MAHARASHTRA,79,58
313410,MAHARASHTRA,80,146
313410,MAHARASHTRA,81,41
313410,MAHARASHTRA,82,283
313410,MAHARASHTRA,83,53
313410,MAHARASHTRA,84,356
313410,MAHARASHTRA,85,51
313410,MAHARASHTRA,86,315
313410,MAHARASHTRA,87,85
313410,MAHARASHTRA,88,176
313410,MAHARASHTRA,89,50
313410,MAHARASHTRA,90,249
313410,MAHARASHTRA,91,83
313410,MAHARASHTRA,92,532
313410,MAHARASHTRA,93,245
313410,MAHARASHTRA,94,485
313410,MAHARASHTRA,95,156
313410,MAHARASHTRA,96,445
313410,MAHARASHTRA,97,287
313410,MAHARASHTRA,98,147
313410,MAHARASHTRA,99,31
313410,MAHARASHTRA,100,140
313410,MAHARASHTRA,101,288
313410,MAHARASHTRA,102,131
313410,MAHARASHTRA,103,19
313410,MAHARASHTRA,104,32
313410,MAHARASHTRA,105,81
313410,MAHARASHTRA,106,61
313410,MAHARASHTRA,107,259
313410,MAHARASHTRA,108,75
313410,MAHARASHTRA,109,121
313410,MAHARASHTRA,110,485
313410,MAHARASHTRA,111,105
313410,MAHARASHTRA,112,364
313410,MAHARASHTRA,113,315
313410,MAHARASHTRA,114,48
313410,MAHARASHTRA,115,231
313410,MAHARASHTRA,116,35
313410,MAHARASHTRA,117,88
313410,MAHARASHTRA,118,412
313410,MAHARASHTRA,119,323
313410,MAHARASHTRA,120,87
313410,MAHARASHTRA,121,47
313410,MAHARASHTRA,122,180
313410,MAHARASHTRA,123,317
313410,MAHARASHTRA,124,427
313410,MAHARASHTRA,125,103
313410,MAHARASHTRA,126,132
313410,MAHARASHTRA,127,249
313410,MAHARASHTRA,128,6
313410,MAHARASHTRA,129,117
313410,MAHARASHTRA,130,117
313410,MAHARASHTRA,131,292
313410,MAHARASHTRA,132,112
313410,MAHARASHTRA,133,279
313410,MAHARASHTRA,134,83
313410,MAHARASHTRA,135,176
313410,MAHARASHTRA,136,142
313410,MAHARASHTRA,137,279
313410,MAHARASHTRA,138,280
313410,MAHARASHTRA,139,148
313410,MAHARASHTRA,140,371
313410,MAHARASHTRA,141,550
313410,MAHARASHTRA,142,137
313410,MAHARASHTRA,143,169
313410,MAHARASHTRA,144,131
313410,MAHARASHTRA,145,60
313410,MAHARASHTRA,7,147
313410,MAHARASHTRA,67,148
313410,MAHARASHTRA,40,149
313410,MAHARASHTRA,121,150
313410,MAHARASHTRA,151,120
313410,MAHARASHTRA,152,139
313410,MAHARASHTRA,153,536
313410,MAHARASHTRA,154,110
313410,MAHARASHTRA,155,205
313410,MAHARASHTRA,156,505
313410,MAHARASHTRA,157,213
313410,MAHARASHTRA,158,177
313410,MAHARASHTRA,159,151
313410,MAHARASHTRA,160,43
313410,MAHARASHTRA,161,97
313410,MAHARASHTRA,162,77
313410,MAHARASHTRA,163,362
313410,MAHARASHTRA,164,74
313410,MAHARASHTRA,165,171
313410,MAHARASHTRA,166,71
313410,MAHARASHTRA,167,165
313410,MAHARASHTRA,168,310
313410,MAHARASHTRA,169,21
313410,MAHARASHTRA,170,121
313410,MAHARASHTRA,171,55
313410,MAHARASHTRA,172,511
313410,MAHARASHTRA,173,129
313410,MAHARASHTRA,174,207
313410,MAHARASHTRA,175,548
313410,MAHARASHTRA,176,173
313410,MAHARASHTRA,177,130
313410,MAHARASHTRA,178,117
313410,MAHARASHTRA,179,145
313410,MAHARASHTRA,180,458
313410,MAHARASHTRA,181,126
313410,MAHARASHTRA,182,44
313410,MAHARASHTRA,183,254
313410,MAHARASHTRA,184,341
313410,MAHARASHTRA,185,151
313410,MAHARASHTRA,186,296
313410,MAHARASHTRA,187,460
313410,MAHARASHTRA,188,218
313410,MAHARASHTRA,189,100
313410,MAHARASHTRA,190,199
313410,MAHARASHTRA,191,202
313410,MAHARASHTRA,192,98
313410,MAHARASHTRA,193,107
313410,MAHARASHTRA,194,528
313410,MAHARASHTRA,195,421
313410,MAHARASHTRA,196,186
313410,MAHARASHTRA,197,110
313410,MAHARASHTRA,198,29
313410,MAHARASHTRA,199,156
313410,MAHARASHTRA,200,238
313410,MAHARASHTRA,201,65
313410,MAHARASHTRA,202,142
313410,MAHARASHTRA,203,439
313410,MAHARASHTRA,204,459
313410,MAHARASHTRA,205,30
313410,MAHARASHTRA,206,440
313410,MAHARASHTRA,207,104
313410,MAHARASHTRA,208,104
313410,MAHARASHTRA,209,175
313410,MAHARASHTRA,210,306
313410,MAHARASHTRA,211,522
313410,MAHARASHTRA,212,134
313410,MAHARASHTRA,213,106
