Center Number,State Name,Srl No,Marks
313406,MAHARASHTRA,1,452
313406,MAHARASHTRA,2,518
313406,MAHARASHTRA,3,88
313406,MAHARASHTRA,4,77
313406,MAHARASHTRA,5,546
313406,MAHARASHTRA,6,216
313406,MAHARASHTRA,7,30
313406,MAHARASHTRA,8,66
313406,MAHARASHTRA,9,358
313406,MAHARASHTRA,10,146
313406,MAHARASHTRA,11,128
313406,MAHARASHTRA,12,156
313406,MAHARASHTRA,13,146
313406,MAHARASHTRA,14,71
313406,MAHARASHTRA,15,232
313406,MAHARASHTRA,16,13
313406,MAHARASHTRA,17,132
313406,MAHARASHTRA,18,468
313406,MAHARASHTRA,19,107
313406,MAHARASHTRA,20,310
313406,MAHARASHTRA,21,126
313406,MAHARASHTRA,22,30
313406,MAHARASHTRA,23,66
313406,MAHARASHTRA,24,231
313406,MAHARASHTRA,25,67
313406,MAHARASHTRA,26,283
313406,MAHARASHTRA,27,334
313406,MAHARASHTRA,28,141
313406,MAHARASHTRA,29,348
313406,MAHARASHTRA,30,100
313406,MAHARASHTRA,31,81
313406,MAHARASHTRA,32,41
313406,MAHARASHTRA,33,70
313406,MAHARASHTRA,34,126
313406,MAHARASHTRA,35,64
313406,MAHARASHTRA,36,393
313406,MAHARASHTRA,37,59
313406,MAHARASHTRA,38,157
313406,MAHARASHTRA,39,211
313406,MAHARASHTRA,40,105
313406,MAHARASHTRA,41,77
313406,MAHARASHTRA,42,295
313406,MAHARASHTRA,43,17
313406,MAHARASHTRA,44,581
313406,MAHARASHTRA,45,363
313406,MAHARASHTRA,46,107
313406,MAHARASHTRA,47,249
313406,MAHARASHTRA,48,150
313406,MAHARASHTRA,49,381
313406,MAHARASHTRA,50,160
313406,MAHARASHTRA,51,39
313406,MAHARASHTRA,52,66
313406,MAHARASHTRA,53,17
313406,MAHARASHTRA,54,75
313406,MAHARASHTRA,55,499
313406,MAHARASHTRA,56,388
313406,MAHARASHTRA,57,120
313406,MAHARASHTRA,58,25
313406,MAHARASHTRA,59,24
313406,MAHARASHTRA,60,62
313406,MAHARASHTRA,61,63
313406,MAHARASHTRA,62,289
313406,MAHARASHTRA,63,81
313406,MAHARASHTRA,64,328
313406,MAHARASHTRA,65,34
313406,MAHARASHTRA,66,198
313406,MAHARASHTRA,67,52
313406,MAHARASHTRA,68,54
313406,MAHARASHTRA,69,85
313406,MAHARASHTRA,70,172
313406,MAHARASHTRA,71,100
313406,MAHARASHTRA,72,146
313406,MAHARASHTRA,73,65
313406,MAHARASHTRA,74,443
313406,MAHARASHTRA,75,84
313406,MAHARASHTRA,76,247
313406,MAHARASHTRA,77,200
313406,MAHARASHTRA,78,85
313406,MAHARASHTRA,79,127
313406,MAHARASHTRA,80,34
313406,MAHARASHTRA,81,120
313406,MAHARASHTRA,82,231
313406,MAHARASHTRA,83,101
313406,MAHARASHTRA,84,45
313406,MAHARASHTRA,85,219
313406,MAHARASHTRA,86,143
313406,MAHARASHTRA,87,39
313406,MAHARASHTRA,88,350
313406,MAHARASHTRA,89,257
313406,MAHARASHTRA,90,28
313406,MAHARASHTRA,91,96
313406,MAHARASHTRA,92,110
313406,MAHARASHTRA,93,409
313406,MAHARASHTRA,94,261
313406,MAHARASHTRA,95,39
313406,MAHARASHTRA,96,78
313406,MAHARASHTRA,97,13
313406,MAHARASHTRA,98,597
313406,MAHARASHTRA,99,114
313406,MAHARASHTRA,100,448
313406,MAHARASHTRA,101,118
313406,MAHARASHTRA,102,501
313406,MAHARASHTRA,103,27
313406,MAHARASHTRA,104,282
313406,MAHARASHTRA,105,80
313406,MAHARASHTRA,106,165
313406,MAHARASHTRA,107,227
313406,MAHARASHTRA,108,90
313406,MAHARASHTRA,109,160
313406,MAHARASHTRA,110,79
313406,MAHARASHTRA,111,68
313406,MAHARASHTRA,112,69
313406,MAHARASHTRA,113,79
313406,MAHARASHTRA,114,226
313406,MAHARASHTRA,115,21
313406,MAHARASHTRA,116,309
313406,MAHARASHTRA,117,76
313406,MAHARASHTRA,118,118
313406,MAHARASHTRA,119,19
313406,MAHARASHTRA,120,318
313406,MAHARASHTRA,121,169
313406,MAHARASHTRA,122,187
313406,MAHARASHTRA,123,65
313406,MAHARASHTRA,124,58
313406,MAHARASHTRA,125,79
313406,MAHARASHTRA,126,218
313406,MAHARASHTRA,127,380
313406,MAHARASHTRA,128,82
313406,MAHARASHTRA,129,72
313406,MAHARASHTRA,130,60
313406,MAHARASHTRA,131,245
313406,MAHARASHTRA,132,262
313406,MAHARASHTRA,133,29
313406,MAHARASHTRA,134,148
313406,MAHARASHTRA,135,174
313406,MAHARASHTRA,136,258
313406,MAHARASHTRA,137,317
313406,MAHARASHTRA,138,66
313406,MAHARASHTRA,139,219
313406,MAHARASHTRA,140,337
313406,MAHARASHTRA,141,621
313406,MAHARASHTRA,142,94
313406,MAHARASHTRA,143,239
313406,MAHARASHTRA,144,81
313406,MAHARASHTRA,145,284
313406,MAHARASHTRA,146,228
313406,MAHARASHTRA,147,190
313406,MAHARASHTRA,148,337
313406,MAHARASHTRA,149,229
313406,MAHARASHTRA,150,187
313406,MAHARASHTRA,151,47
313406,MAHARASHTRA,152,37
313406,MAHARASHTRA,153,348
313406,MAHARASHTRA,154,46
313406,MAHARASHTRA,155,70
313406,MAHARASHTRA,156,306
313406,MAHARASHTRA,157,165
313406,MAHARASHTRA,158,71
313406,MAHARASHTRA,159,72
313406,MAHARASHTRA,160,104
313406,MAHARASHTRA,161,94
313406,MAHARASHTRA,162,58
313406,MAHARASHTRA,163,169
313406,MAHARASHTRA,164,328
313406,MAHARASHTRA,165,39
313406,MAHARASHTRA,166,107
313406,MAHARASHTRA,167,19
313406,MAHARASHTRA,168,285
313406,MAHARASHTRA,169,168
313406,MAHARASHTRA,170,111
313406,MAHARASHTRA,171,92
313406,MAHARASHTRA,172,607
313406,MAHARASHTRA,173,67
313406,MAHARASHTRA,174,224
313406,MAHARASHTRA,175,20
313406,MAHARASHTRA,176,128
313406,MAHARASHTRA,177,159
313406,MAHARASHTRA,178,124
313406,MAHARASHTRA,179,270
313406,MAHARASHTRA,180,466
313406,MAHARASHTRA,181,100
313406,MAHARASHTRA,182,5
313406,MAHARASHTRA,183,263
313406,MAHARASHTRA,184,120
313406,MAHARASHTRA,185,124
313406,MAHARASHTRA,186,272
313406,MAHARASHTRA,187,124
313406,MAHARASHTRA,188,211
313406,MAHARASHTRA,189,319
313406,MAHARASHTRA,190,47
313406,MAHARASHTRA,191,176
313406,MAHARASHTRA,192,119
313406,MAHARASHTRA,4,194
313406,MAHARASHTRA,71,195
313406,MAHARASHTRA,214,196
313406,MAHARASHTRA,24,197
313406,MAHARASHTRA,55,198
313406,MAHARASHTRA,176,199
313406,MAHARASHTRA,97,200
313406,MAHARASHTRA,72,201
313406,MAHARASHTRA,245,202
313406,MAHARASHTRA,154,203
313406,MAHARASHTRA,199,204
313406,MAHARASHTRA,134,205
313406,MAHARASHTRA,125,206
313406,MAHARASHTRA,313,207
313406,MAHARASHTRA,121,208
313406,MAHARASHTRA,99,209
313406,MAHARASHTRA,34,210
313406,MAHARASHTRA,211,214
313406,MAHARASHTRA,212,54
313406,MAHARASHTRA,213,206
313406,MAHARASHTRA,214,222
313406,MAHARASHTRA,215,184
313406,MAHARASHTRA,216,73
313406,MAHARASHTRA,217,122
313406,MAHARASHTRA,218,183
313406,MAHARASHTRA,219,227
313406,MAHARASHTRA,220,330
313406,MAHARASHTRA,221,185
313406,MAHARASHTRA,222,407
313406,MAHARASHTRA,223,267
313406,MAHARASHTRA,224,61
313406,MAHARASHTRA,225,32
313406,MAHARASHTRA,226,509
313406,MAHARASHTRA,227,215
313406,MAHARASHTRA,228,139
313406,MAHARASHTRA,229,73
313406,MAHARASHTRA,230,119
313406,MAHARASHTRA,231,63
313406,MAHARASHTRA,5,233
313406,MAHARASHTRA,34,234
313406,MAHARASHTRA,287,235
313406,MAHARASHTRA,41,236
313406,MAHARASHTRA,362,237
313406,MAHARASHTRA,109,238
313406,MAHARASHTRA,156,239
313406,MAHARASHTRA,210,240
313406,MAHARASHTRA,241,316
313406,MAHARASHTRA,242,48
313406,MAHARASHTRA,243,84
313406,MAHARASHTRA,244,461
313406,MAHARASHTRA,245,353
313406,MAHARASHTRA,246,242
313406,MAHARASHTRA,247,75
313406,MAHARASHTRA,248,62
313406,MAHARASHTRA,249,124
313406,MAHARASHTRA,250,344
313406,MAHARASHTRA,251,60
313406,MAHARASHTRA,252,530
313406,MAHARASHTRA,253,417
313406,MAHARASHTRA,254,90
313406,MAHARASHTRA,255,35
313406,MAHARASHTRA,256,44
313406,MAHARASHTRA,257,89
313406,MAHARASHTRA,258,88
313406,MAHARASHTRA,259,105
313406,MAHARASHTRA,260,14
313406,MAHARASHTRA,261,306
313406,MAHARASHTRA,262,493
313406,MAHARASHTRA,263,298
313406,MAHARASHTRA,3,265
313406,MAHARASHTRA,128,266
313406,MAHARASHTRA,38,267
313406,MAHARASHTRA,71,268
313406,MAHARASHTRA,25,269
313406,MAHARASHTRA,54,270
313406,MAHARASHTRA,271,465
313406,MAHARASHTRA,272,85
313406,MAHARASHTRA,273,135
313406,MAHARASHTRA,274,151
313406,MAHARASHTRA,275,222
313406,MAHARASHTRA,276,20
313406,MAHARASHTRA,277,70
313406,MAHARASHTRA,278,257
313406,MAHARASHTRA,279,36
313406,MAHARASHTRA,280,60
313406,MAHARASHTRA,281,51
313406,MAHARASHTRA,282,52
313406,MAHARASHTRA,283,74
313406,MAHARASHTRA,284,309
