Center Number,State Name,Srl No,Marks
313407,MAHARASHTRA,1,123
313407,MAHARASHTRA,2,109
313407,MAHARASHTRA,3,31
313407,MAHARASHTRA,4,240
313407,MAHARASHTRA,5,41
313407,MAHARASHTRA,6,97
313407,MAHARASHTRA,7,31
313407,MAHARASHTRA,8,12
313407,MAHARASHTRA,9,236
313407,MAHARASHTRA,10,80
313407,MAHARASHTRA,11,46
313407,MAHARASHTRA,12,68
313407,MAHARASHTRA,13,1
313407,MAHARASHTRA,14,195
313407,MAHARASHTRA,15,281
313407,MAHARASHTRA,16,14
313407,MAHARASHTRA,17,75
313407,MAHARASHTRA,18,146
313407,MAHARASHTRA,19,195
313407,MAHARASHTRA,20,336
313407,MAHARASHTRA,21,391
313407,MAHARASHTRA,22,236
313407,MAHARASHTRA,23,59
313407,MAHARASHTRA,24,31
313407,MAHARASHTRA,25,36
313407,MAHARASHTRA,26,135
313407,MAHARASHTRA,27,169
313407,MAHARASHTRA,28,181
313407,MAHARASHTRA,29,93
313407,MAHARASHTRA,30,233
313407,MAHARASHTRA,31,241
313407,MAHARASHTRA,32,45
313407,MAHARASHTRA,33,65
313407,MAHARASHTRA,34,108
313407,MAHARASHTRA,35,49
313407,MAHARASHTRA,36,282
313407,MAHARASHTRA,37,383
313407,MAHARASHTRA,38,22
313407,MAHARASHTRA,39,182
313407,MAHARASHTRA,40,442
313407,MAHARASHTRA,41,123
313407,MAHARASHTRA,42,128
313407,MAHARASHTRA,43,656
313407,MAHARASHTRA,44,127
313407,MAHARASHTRA,45,600
313407,MAHARASHTRA,46,60
313407,MAHARASHTRA,47,408
313407,MAHARASHTRA,48,15
313407,MAHARASHTRA,49,36
313407,MAHARASHTRA,50,118
313407,MAHARASHTRA,51,72
313407,MAHARASHTRA,52,125
313407,MAHARASHTRA,53,39
313407,MAHARASHTRA,54,128
313407,MAHARASHTRA,16,56
313407,MAHARASHTRA,524,57
313407,MAHARASHTRA,70,58
313407,MAHARASHTRA,19,59
313407,MAHARASHTRA,77,60
313407,MAHARASHTRA,61,602
313407,MAHARASHTRA,62,121
313407,MAHARASHTRA,63,192
313407,MAHARASHTRA,64,48
313407,MAHARASHTRA,65,117
313407,MAHARASHTRA,66,95
313407,MAHARASHTRA,67,326
313407,MAHARASHTRA,68,130
313407,MAHARASHTRA,69,31
313407,MAHARASHTRA,70,121
313407,MAHARASHTRA,71,303
313407,MAHARASHTRA,72,75
313407,MAHARASHTRA,73,97
313407,MAHARASHTRA,74,43
313407,MAHARASHTRA,75,89
313407,MAHARASHTRA,76,65
313407,MAHARASHTRA,77,31
313407,MAHARASHTRA,78,102
313407,MAHARASHTRA,79,89
313407,MAHARASHTRA,80,100
313407,MAHARASHTRA,81,170
313407,MAHARASHTRA,82,96
313407,MAHARASHTRA,83,47
313407,MAHARASHTRA,84,65
313407,MAHARASHTRA,85,103
313407,MAHARASHTRA,86,169
313407,MAHARASHTRA,87,340
313407,MAHARASHTRA,88,20
313407,MAHARASHTRA,89,269
313407,MAHARASHTRA,90,70
313407,MAHARASHTRA,91,106
313407,MAHARASHTRA,92,616
313407,MAHARASHTRA,93,180
313407,MAHARASHTRA,94,31
313407,MAHARASHTRA,95,112
313407,MAHARASHTRA,96,168
313407,MAHARASHTRA,97,518
313407,MAHARASHTRA,98,23
313407,MAHARASHTRA,99,613
313407,MAHARASHTRA,100,27
313407,MAHARASHTRA,101,145
313407,MAHARASHTRA,102,84
313407,MAHARASHTRA,103,373
313407,MAHARASHTRA,104,434
313407,MAHARASHTRA,105,202
313407,MAHARASHTRA,106,29
313407,MAHARASHTRA,107,142
313407,MAHARASHTRA,108,423
313407,MAHARASHTRA,109,175
313407,MAHARASHTRA,110,228
313407,MAHARASHTRA,111,98
313407,MAHARASHTRA,112,108
313407,MAHARASHTRA,113,65
313407,MAHARASHTRA,114,47
313407,MAHARASHTRA,115,181
313407,MAHARASHTRA,116,48
313407,MAHARASHTRA,117,220
313407,MAHARASHTRA,118,114
313407,MAHARASHTRA,119,43
313407,MAHARASHTRA,120,85
313407,MAHARASHTRA,121,94
313407,MAHARASHTRA,122,398
313407,MAHARASHTRA,123,185
313407,MAHARASHTRA,124,149
313407,MAHARASHTRA,125,75
313407,MAHARASHTRA,126,68
313407,MAHARASHTRA,127,385
313407,MAHARASHTRA,128,24
313407,MAHARASHTRA,129,268
313407,MAHARASHTRA,130,107
313407,MAHARASHTRA,131,300
313407,MAHARASHTRA,132,268
313407,MAHARASHTRA,133,200
313407,MAHARASHTRA,134,42
313407,MAHARASHTRA,135,652
313407,MAHARASHTRA,136,75
313407,MAHARASHTRA,137,130
313407,MAHARASHTRA,138,134
313407,MAHARASHTRA,139,87
313407,MAHARASHTRA,140,156
313407,MAHARASHTRA,141,56
313407,MAHARASHTRA,142,54
313407,MAHARASHTRA,143,202
313407,MAHARASHTRA,144,588
313407,MAHARASHTRA,145,131
313407,MAHARASHTRA,146,64
313407,MAHARASHTRA,147,94
313407,MAHARASHTRA,148,111
313407,MAHARASHTRA,149,61
313407,MAHARASHTRA,150,247
313407,MAHARASHTRA,151,165
313407,MAHARASHTRA,152,178
313407,MAHARASHTRA,153,116
313407,MAHARASHTRA,154,81
313407,MAHARASHTRA,155,270
313407,MAHARASHTRA,156,194
313407,MAHARASHTRA,157,118
313407,MAHARASHTRA,158,126
313407,MAHARASHTRA,159,229
313407,MAHARASHTRA,160,145
313407,MAHARASHTRA,161,81
313407,MAHARASHTRA,162,222
313407,MAHARASHTRA,163,279
313407,MAHARASHTRA,164,291
313407,MAHARASHTRA,165,34
313407,MAHARASHTRA,166,38
313407,MAHARASHTRA,167,87
313407,MAHARASHTRA,168,395
313407,MAHARASHTRA,169,384
313407,MAHARASHTRA,170,541
313407,MAHARASHTRA,171,228
313407,MAHARASHTRA,172,0
313407,MAHARASHTRA,173,274
313407,MAHARASHTRA,174,77
313407,MAHARASHTRA,175,81
313407,MAHARASHTRA,176,95
313407,MAHARASHTRA,177,51
313407,MAHARASHTRA,178,181
313407,MAHARASHTRA,179,275
313407,MAHARASHTRA,180,167
313407,MAHARASHTRA,181,223
313407,MAHARASHTRA,182,48
313407,MAHARASHTRA,183,289
313407,MAHARASHTRA,184,526
313407,MAHARASHTRA,185,79
313407,MAHARASHTRA,186,254
313407,MAHARASHTRA,187,272
313407,MAHARASHTRA,188,107
313407,MAHARASHTRA,10,190
313407,MAHARASHTRA,70,191
313407,MAHARASHTRA,63,192
313407,MAHARASHTRA,132,193
313407,MAHARASHTRA,374,194
313407,MAHARASHTRA,163,195
313407,MAHARASHTRA,15,196
313407,MAHARASHTRA,96,197
313407,MAHARASHTRA,102,198
313407,MAHARASHTRA,180,199
313407,MAHARASHTRA,138,200
313407,MAHARASHTRA,30,201
313407,MAHARASHTRA,92,202
313407,MAHARASHTRA,358,203
313407,MAHARASHTRA,267,204
313407,MAHARASHTRA,84,205
313407,MAHARASHTRA,289,206
313407,MAHARASHTRA,208,207
313407,MAHARASHTRA,567,208
313407,MAHARASHTRA,40,209
313407,MAHARASHTRA,408,210
313407,MAHARASHTRA,211,125
313407,MAHARASHTRA,212,88
313407,MAHARASHTRA,213,45
313407,MAHARASHTRA,214,49
313407,MAHARASHTRA,215,180
313407,MAHARASHTRA,216,93
313407,MAHARASHTRA,217,10
313407,MAHARASHTRA,218,479
313407,MAHARASHTRA,219,215
313407,MAHARASHTRA,220,361
313407,MAHARASHTRA,221,182
313407,MAHARASHTRA,222,83
313407,MAHARASHTRA,223,292
313407,MAHARASHTRA,224,64
313407,MAHARASHTRA,225,155
313407,MAHARASHTRA,226,143
313407,MAHARASHTRA,227,105
313407,MAHARASHTRA,228,670
313407,MAHARASHTRA,229,236
313407,MAHARASHTRA,230,43
313407,MAHARASHTRA,231,37
313407,MAHARASHTRA,232,580
313407,MAHARASHTRA,233,122
313407,MAHARASHTRA,234,71
313407,MAHARASHTRA,235,187
313407,MAHARASHTRA,5,237
313407,MAHARASHTRA,112,238
313407,MAHARASHTRA,382,239
313407,MAHARASHTRA,95,240
313407,MAHARASHTRA,241,41
313407,MAHARASHTRA,242,27
313407,MAHARASHTRA,243,136
313407,MAHARASHTRA,244,343
313407,MAHARASHTRA,245,284
313407,MAHARASHTRA,246,465
313407,MAHARASHTRA,247,408
313407,MAHARASHTRA,248,18
313407,MAHARASHTRA,249,129
313407,MAHARASHTRA,250,259
313407,MAHARASHTRA,251,39
313407,MAHARASHTRA,252,357
313407,MAHARASHTRA,253,96
313407,MAHARASHTRA,254,87
313407,MAHARASHTRA,255,111
313407,MAHARASHTRA,256,79
313407,MAHARASHTRA,257,234
313407,MAHARASHTRA,258,411
313407,MAHARASHTRA,259,241
313407,MAHARASHTRA,260,20
313407,MAHARASHTRA,261,90
313407,MAHARASHTRA,262,130
313407,MAHARASHTRA,263,197
313407,MAHARASHTRA,264,127
313407,MAHARASHTRA,265,55
313407,MAHARASHTRA,266,482
313407,MAHARASHTRA,267,65
313407,MAHARASHTRA,268,180
313407,MAHARASHTRA,269,411
313407,MAHARASHTRA,270,208
313407,MAHARASHTRA,271,5
313407,MAHARASHTRA,272,50
313407,MAHARASHTRA,273,412
313407,MAHARASHTRA,274,39
313407,MAHARASHTRA,275,272
313407,MAHARASHTRA,276,60
313407,MAHARASHTRA,277,75
313407,MAHARASHTRA,278,97
313407,MAHARASHTRA,279,5
313407,MAHARASHTRA,280,81
