Center Number,State Name,Srl No,Marks
390308,RAJASTHAN,1,552
390308,RAJASTHAN,2,128
390308,RAJASTHAN,3,377
390308,RAJASTHAN,4,91
390308,RAJASTHAN,5,149
390308,RAJASTHAN,6,152
390308,RAJASTHAN,7,80
390308,RAJASTHAN,8,441
390308,RAJASTHAN,9,154
390308,RAJASTHAN,10,425
390308,RAJASTHAN,11,545
390308,RAJASTHAN,12,291
390308,RAJASTHAN,13,194
390308,RAJASTHAN,14,369
390308,RAJASTHAN,15,102
390308,RAJASTHAN,16,558
390308,RAJASTHAN,17,545
390308,RAJASTHAN,18,212
390308,RAJASTHAN,19,336
390308,RAJASTHAN,20,130
390308,RAJASTHAN,21,302
390308,RAJASTHAN,22,112
390308,RAJASTHAN,23,40
390308,RAJASTHAN,24,116
390308,RAJASTHAN,25,213
390308,RAJASTHAN,26,57
390308,RAJASTHAN,27,201
390308,RAJASTHAN,28,26
390308,RAJASTHAN,29,157
390308,RAJASTHAN,30,530
390308,RAJASTHAN,31,63
390308,RAJASTHAN,32,65
390308,RAJASTHAN,33,82
390308,RAJASTHAN,34,370
390308,RAJASTHAN,35,85
390308,RAJASTHAN,36,132
390308,RAJASTHAN,37,208
390308,RAJASTHAN,38,223
390308,RAJASTHAN,39,551
390308,RAJASTHAN,40,252
390308,RAJASTHAN,41,261
390308,RAJASTHAN,42,586
390308,RAJASTHAN,43,40
390308,RAJASTHAN,44,166
390308,RAJASTHAN,45,372
390308,RAJASTHAN,46,79
390308,RAJASTHAN,47,119
390308,RAJASTHAN,48,149
390308,RAJASTHAN,49,191
390308,RAJASTHAN,50,314
390308,RAJASTHAN,51,192
390308,RAJASTHAN,52,257
390308,RAJASTHAN,53,170
390308,RAJASTHAN,54,504
390308,RAJASTHAN,55,183
390308,RAJASTHAN,56,103
390308,RAJASTHAN,57,155
390308,RAJASTHAN,58,241
390308,RAJASTHAN,59,110
390308,RAJASTHAN,60,371
390308,RAJASTHAN,61,127
390308,RAJASTHAN,62,480
390308,RAJASTHAN,63,69
390308,RAJASTHAN,64,459
390308,RAJASTHAN,65,190
390308,RAJASTHAN,66,387
390308,RAJASTHAN,67,169
390308,RAJASTHAN,68,689
390308,RAJASTHAN,69,180
390308,RAJASTHAN,70,148
390308,RAJASTHAN,71,600
390308,RAJASTHAN,72,595
390308,RAJASTHAN,73,613
390308,RAJASTHAN,74,266
390308,RAJASTHAN,75,187
390308,RAJASTHAN,76,159
390308,RAJASTHAN,77,191
390308,RAJASTHAN,78,401
390308,RAJASTHAN,79,111
390308,RAJASTHAN,80,176
390308,RAJASTHAN,81,85
390308,RAJASTHAN,82,513
390308,RAJASTHAN,83,640
390308,RAJASTHAN,84,68
390308,RAJASTHAN,85,370
390308,RAJASTHAN,86,376
390308,RAJASTHAN,87,81
390308,RAJASTHAN,88,257
390308,RAJASTHAN,89,62
390308,RAJASTHAN,90,88
390308,RAJASTHAN,91,191
390308,RAJASTHAN,92,272
390308,RAJASTHAN,93,616
390308,RAJASTHAN,94,246
390308,RAJASTHAN,95,60
390308,RAJASTHAN,96,90
390308,RAJASTHAN,97,242
390308,RAJASTHAN,98,346
390308,RAJASTHAN,99,26
390308,RAJASTHAN,100,280
390308,RAJASTHAN,101,100
390308,RAJASTHAN,102,97
390308,RAJASTHAN,103,86
390308,RAJASTHAN,104,126
390308,RAJASTHAN,105,152
390308,RAJASTHAN,106,437
390308,RAJASTHAN,107,203
390308,RAJASTHAN,108,142
390308,RAJASTHAN,109,541
390308,RAJASTHAN,110,314
390308,RAJASTHAN,111,75
390308,RAJASTHAN,112,207
390308,RAJASTHAN,113,98
390308,RAJASTHAN,114,566
390308,RAJASTHAN,115,650
390308,RAJASTHAN,116,86
390308,RAJASTHAN,117,308
390308,RAJASTHAN,118,95
390308,RAJASTHAN,119,128
390308,RAJASTHAN,120,123
390308,RAJASTHAN,121,147
390308,RAJASTHAN,122,292
390308,RAJASTHAN,123,192
390308,RAJASTHAN,124,79
390308,RAJASTHAN,125,120
390308,RAJASTHAN,126,464
390308,RAJASTHAN,127,686
390308,RAJASTHAN,128,364
390308,RAJASTHAN,129,67
390308,RAJASTHAN,130,59
390308,RAJASTHAN,131,159
390308,RAJASTHAN,132,165
390308,RAJASTHAN,133,318
390308,RAJASTHAN,134,120
390308,RAJASTHAN,135,494
390308,RAJASTHAN,136,158
390308,RAJASTHAN,137,346
390308,RAJASTHAN,138,423
390308,RAJASTHAN,139,402
390308,RAJASTHAN,140,50
390308,RAJASTHAN,141,160
390308,RAJASTHAN,142,236
390308,RAJASTHAN,143,73
390308,RAJASTHAN,144,229
390308,RAJASTHAN,145,196
390308,RAJASTHAN,146,560
390308,RAJASTHAN,147,124
390308,RAJASTHAN,148,670
390308,RAJASTHAN,149,217
390308,RAJASTHAN,150,245
390308,RAJASTHAN,151,234
390308,RAJASTHAN,152,155
390308,RAJASTHAN,153,568
390308,RAJASTHAN,154,52
390308,RAJASTHAN,155,186
390308,RAJASTHAN,156,329
390308,RAJASTHAN,157,166
390308,RAJASTHAN,158,99
390308,RAJASTHAN,159,101
390308,RAJASTHAN,160,266
390308,RAJASTHAN,161,160
390308,RAJASTHAN,162,515
390308,RAJASTHAN,163,20
390308,RAJASTHAN,164,621
390308,RAJASTHAN,165,671
390308,RAJASTHAN,166,84
390308,RAJASTHAN,167,259
390308,RAJASTHAN,168,167
390308,RAJASTHAN,169,377
390308,RAJASTHAN,170,471
390308,RAJASTHAN,171,179
390308,RAJASTHAN,172,94
390308,RAJASTHAN,173,498
390308,RAJASTHAN,174,132
390308,RAJASTHAN,175,399
390308,RAJASTHAN,176,201
390308,RAJASTHAN,177,414
390308,RAJASTHAN,178,123
390308,RAJASTHAN,179,113
390308,RAJASTHAN,180,164
390308,RAJASTHAN,181,130
390308,RAJASTHAN,182,485
390308,RAJASTHAN,183,28
390308,RAJASTHAN,184,146
390308,RAJASTHAN,185,20
390308,RAJASTHAN,186,7
390308,RAJASTHAN,187,228
390308,RAJASTHAN,188,523
390308,RAJASTHAN,189,608
390308,RAJASTHAN,190,690
390308,RAJASTHAN,191,134
390308,RAJASTHAN,192,178
390308,RAJASTHAN,193,280
390308,RAJASTHAN,194,223
390308,RAJASTHAN,195,157
390308,RAJASTHAN,196,119
390308,RAJASTHAN,197,161
390308,RAJASTHAN,198,267
390308,RAJASTHAN,199,388
390308,RAJASTHAN,200,418
390308,RAJASTHAN,201,458
390308,RAJASTHAN,202,42
390308,RAJASTHAN,203,93
390308,RAJASTHAN,204,519
390308,RAJASTHAN,205,341
390308,RAJASTHAN,206,91
390308,RAJASTHAN,207,56
390308,RAJASTHAN,208,68
390308,RAJASTHAN,209,119
390308,RAJASTHAN,210,68
390308,RAJASTHAN,211,323
390308,RAJASTHAN,212,145
390308,RAJASTHAN,213,88
390308,RAJASTHAN,214,72
390308,RAJASTHAN,215,105
390308,RAJASTHAN,216,93
390308,RAJASTHAN,217,91
390308,RAJASTHAN,218,391
390308,RAJASTHAN,219,361
390308,RAJASTHAN,220,216
390308,RAJASTHAN,221,79
390308,RAJASTHAN,222,563
390308,RAJASTHAN,223,183
390308,RAJASTHAN,224,550
390308,RAJASTHAN,225,566
390308,RAJASTHAN,226,69
390308,RAJASTHAN,227,210
390308,RAJASTHAN,228,148
390308,RAJASTHAN,229,151
390308,RAJASTHAN,230,210
390308,RAJASTHAN,231,573
390308,RAJASTHAN,232,159
390308,RAJASTHAN,233,330
390308,RAJASTHAN,234,129
390308,RAJASTHAN,235,675
390308,RAJASTHAN,236,339
390308,RAJASTHAN,237,242
390308,RAJASTHAN,238,589
390308,RAJASTHAN,239,150
390308,RAJASTHAN,240,281
390308,RAJASTHAN,241,326
390308,RAJASTHAN,242,202
390308,RAJASTHAN,243,79
390308,RAJASTHAN,244,341
390308,RAJASTHAN,245,255
390308,RAJASTHAN,246,336
390308,RAJASTHAN,247,243
390308,RAJASTHAN,248,315
390308,RAJASTHAN,249,679
390308,RAJASTHAN,250,283
390308,RAJASTHAN,251,326
390308,RAJASTHAN,252,365
390308,RAJASTHAN,253,64
390308,RAJASTHAN,254,530
390308,RAJASTHAN,255,611
390308,RAJASTHAN,256,545
390308,RAJASTHAN,257,209
390308,RAJASTHAN,258,100
390308,RAJASTHAN,259,631
390308,RAJASTHAN,260,92
390308,RAJASTHAN,261,233
390308,RAJASTHAN,262,666
390308,RAJASTHAN,263,616
390308,RAJASTHAN,264,349
390308,RAJASTHAN,265,385
390308,RAJASTHAN,266,149
390308,RAJASTHAN,267,175
390308,RAJASTHAN,268,211
390308,RAJASTHAN,269,342
390308,RAJASTHAN,270,147
390308,RAJASTHAN,271,319
390308,RAJASTHAN,272,249
390308,RAJASTHAN,273,182
390308,RAJASTHAN,274,92
390308,RAJASTHAN,275,266
390308,RAJASTHAN,276,256
390308,RAJASTHAN,277,203
390308,RAJASTHAN,278,221
390308,RAJASTHAN,279,631
390308,RAJASTHAN,280,82
390308,RAJASTHAN,281,360
390308,RAJASTHAN,282,665
390308,RAJASTHAN,283,88
390308,RAJASTHAN,284,650
390308,RAJASTHAN,285,232
390308,RAJASTHAN,286,75
390308,RAJASTHAN,287,561
390308,RAJASTHAN,288,10
390308,RAJASTHAN,289,153
390308,RAJASTHAN,290,76
390308,RAJASTHAN,291,250
390308,RAJASTHAN,292,86
390308,RAJASTHAN,293,42
390308,RAJASTHAN,294,142
390308,RAJASTHAN,295,375
390308,RAJASTHAN,296,109
390308,RAJASTHAN,297,509
390308,RAJASTHAN,298,437
390308,RAJASTHAN,299,163
390308,RAJASTHAN,300,149
390308,RAJASTHAN,301,139
390308,RAJASTHAN,302,501
390308,RAJASTHAN,303,513
390308,RAJASTHAN,304,74
390308,RAJASTHAN,305,154
390308,RAJASTHAN,306,50
390308,RAJASTHAN,307,277
390308,RAJASTHAN,308,296
390308,RAJASTHAN,309,62
390308,RAJASTHAN,310,51
390308,RAJASTHAN,311,374
390308,RAJASTHAN,312,471
390308,RAJASTHAN,313,130
390308,RAJASTHAN,314,42
390308,RAJASTHAN,315,19
390308,RAJASTHAN,316,161
390308,RAJASTHAN,317,110
390308,RAJASTHAN,318,85
390308,RAJASTHAN,319,129
390308,RAJASTHAN,320,190
390308,RAJASTHAN,321,313
390308,RAJASTHAN,322,195
390308,RAJASTHAN,323,301
390308,RAJASTHAN,324,435
390308,RAJASTHAN,325,335
390308,RAJASTHAN,326,690
390308,RAJASTHAN,327,224
390308,RAJASTHAN,328,40
390308,RAJASTHAN,329,121
390308,RAJASTHAN,330,30
390308,RAJASTHAN,331,502
390308,RAJASTHAN,332,306
390308,RAJASTHAN,333,203
390308,RAJASTHAN,334,120
390308,RAJASTHAN,335,306
390308,RAJASTHAN,336,703
390308,RAJASTHAN,337,20
390308,RAJASTHAN,338,524
390308,RAJASTHAN,339,65
390308,RAJASTHAN,340,131
390308,RAJASTHAN,341,37
390308,RAJASTHAN,342,529
390308,RAJASTHAN,343,232
390308,RAJASTHAN,344,616
390308,RAJASTHAN,345,378
390308,RAJASTHAN,346,105
390308,RAJASTHAN,347,203
390308,RAJASTHAN,348,446
390308,RAJASTHAN,349,57
390308,RAJASTHAN,350,438
390308,RAJASTHAN,351,66
390308,RAJASTHAN,352,514
390308,RAJASTHAN,353,535
390308,RAJASTHAN,354,47
390308,RAJASTHAN,355,552
390308,RAJASTHAN,356,238
390308,RAJASTHAN,357,337
390308,RAJASTHAN,358,359
390308,RAJASTHAN,359,94
390308,RAJASTHAN,360,134
390308,RAJASTHAN,361,215
390308,RAJASTHAN,362,378
390308,RAJASTHAN,363,675
390308,RAJASTHAN,364,219
390308,RAJASTHAN,365,424
390308,RAJASTHAN,366,586
390308,RAJASTHAN,367,81
390308,RAJASTHAN,368,630
390308,RAJASTHAN,369,112
390308,RAJASTHAN,370,379
390308,RAJASTHAN,371,476
390308,RAJASTHAN,372,483
390308,RAJASTHAN,373,85
390308,RAJASTHAN,374,150
390308,RAJASTHAN,375,329
390308,RAJASTHAN,376,171
390308,RAJASTHAN,377,122
390308,RAJASTHAN,378,358
390308,RAJASTHAN,379,375
390308,RAJASTHAN,380,86
390308,RAJASTHAN,381,162
390308,RAJASTHAN,382,211
390308,RAJASTHAN,383,539
390308,RAJASTHAN,384,291
390308,RAJASTHAN,385,197
390308,RAJASTHAN,386,117
390308,RAJASTHAN,387,61
390308,RAJASTHAN,388,160
390308,RAJASTHAN,389,254
390308,RAJASTHAN,390,135
390308,RAJASTHAN,391,407
390308,RAJASTHAN,392,80
390308,RAJASTHAN,393,273
390308,RAJASTHAN,394,472
390308,RAJASTHAN,395,163
390308,RAJASTHAN,396,90
390308,RAJASTHAN,397,295
390308,RAJASTHAN,398,380
390308,RAJASTHAN,399,102
390308,RAJASTHAN,400,644
390308,RAJASTHAN,401,1
390308,RAJASTHAN,402,422
390308,RAJASTHAN,403,51
390308,RAJASTHAN,404,241
390308,RAJASTHAN,405,152
390308,RAJASTHAN,406,296
390308,RAJASTHAN,407,87
390308,RAJASTHAN,408,242
390308,RAJASTHAN,409,441
390308,RAJASTHAN,410,401
390308,RAJASTHAN,411,207
390308,RAJASTHAN,412,478
390308,RAJASTHAN,413,430
390308,RAJASTHAN,414,43
390308,RAJASTHAN,415,594
390308,RAJASTHAN,416,119
390308,RAJASTHAN,417,193
390308,RAJASTHAN,418,338
390308,RAJASTHAN,419,97
390308,RAJASTHAN,420,345
390308,RAJASTHAN,421,180
390308,RAJASTHAN,422,98
390308,RAJASTHAN,423,450
390308,RAJASTHAN,424,165
390308,RAJASTHAN,425,291
390308,RAJASTHAN,426,286
390308,RAJASTHAN,427,526
390308,RAJASTHAN,428,171
390308,RAJASTHAN,429,250
390308,RAJASTHAN,430,259
390308,RAJASTHAN,431,81
390308,RAJASTHAN,432,527
390308,RAJASTHAN,433,246
390308,RAJASTHAN,434,99
390308,RAJASTHAN,435,165
390308,RAJASTHAN,436,67
390308,RAJASTHAN,437,80
390308,RAJASTHAN,438,365
390308,RAJASTHAN,439,29
390308,RAJASTHAN,440,414
390308,RAJASTHAN,441,66
390308,RAJASTHAN,442,28
390308,RAJASTHAN,443,85
390308,RAJASTHAN,444,181
390308,RAJASTHAN,445,165
390308,RAJASTHAN,446,391
390308,RAJASTHAN,447,75
390308,RAJASTHAN,448,491
390308,RAJASTHAN,449,190
390308,RAJASTHAN,450,49
390308,RAJASTHAN,451,366
390308,RAJASTHAN,452,328
390308,RAJASTHAN,453,143
390308,RAJASTHAN,454,350
390308,RAJASTHAN,455,332
390308,RAJASTHAN,456,61
390308,RAJASTHAN,457,24
390308,RAJASTHAN,458,126
390308,RAJASTHAN,459,656
390308,RAJASTHAN,460,587
390308,RAJASTHAN,461,171
390308,RAJASTHAN,462,555
390308,RAJASTHAN,463,592
390308,RAJASTHAN,464,452
390308,RAJASTHAN,465,138
390308,RAJASTHAN,466,343
390308,RAJASTHAN,467,202
390308,RAJASTHAN,468,643
390308,RAJASTHAN,469,329
390308,RAJASTHAN,470,653
390308,RAJASTHAN,471,100
390308,RAJASTHAN,472,665
390308,RAJASTHAN,473,62
390308,RAJASTHAN,474,185
390308,RAJASTHAN,475,90
390308,RAJASTHAN,476,113
390308,RAJASTHAN,477,565
390308,RAJASTHAN,478,186
390308,RAJASTHAN,479,677
390308,RAJASTHAN,480,135
390308,RAJASTHAN,481,548
390308,RAJASTHAN,482,167
390308,RAJASTHAN,483,356
390308,RAJASTHAN,484,618
390308,RAJASTHAN,485,146
390308,RAJASTHAN,486,275
