Center Number,State Name,Srl No,Marks
390322,RAJASTHAN,1,233
390322,RAJASTHAN,2,189
390322,RAJASTHAN,3,374
390322,RAJASTHAN,4,302
390322,RAJASTHAN,5,234
390322,RAJASTHAN,6,155
390322,RAJASTHAN,7,445
390322,RAJASTHAN,8,92
390322,RAJASTHAN,9,441
390322,RAJASTHAN,10,434
390322,RAJASTHAN,11,94
390322,RAJASTHAN,12,62
390322,RAJASTHAN,13,125
390322,RAJASTHAN,14,415
390322,RAJASTHAN,15,132
390322,RAJASTHAN,16,345
390322,RAJASTHAN,17,388
390322,RAJASTHAN,18,421
390322,RAJASTHAN,19,89
390322,RAJASTHAN,20,307
390322,RAJASTHAN,21,442
390322,RAJASTHAN,22,167
390322,RAJASTHAN,23,24
390322,RAJASTHAN,24,72
390322,RAJASTHAN,25,165
390322,RAJASTHAN,26,55
390322,RAJASTHAN,27,636
390322,RAJASTHAN,28,122
390322,RAJASTHAN,29,690
390322,RAJASTHAN,30,619
390322,RAJASTHAN,31,155
390322,RAJASTHAN,32,168
390322,RAJASTHAN,33,464
390322,RAJASTHAN,34,322
390322,RAJASTHAN,35,172
390322,RAJASTHAN,36,247
390322,RAJASTHAN,37,573
390322,RAJASTHAN,38,98
390322,RAJASTHAN,39,253
390322,RAJASTHAN,40,171
390322,RAJASTHAN,41,605
390322,RAJASTHAN,42,308
390322,RAJASTHAN,43,448
390322,RAJASTHAN,44,86
390322,RAJASTHAN,45,344
390322,RAJASTHAN,46,411
390322,RAJASTHAN,47,656
390322,RAJASTHAN,48,251
390322,RAJASTHAN,49,63
390322,RAJASTHAN,50,180
390322,RAJASTHAN,51,329
390322,RAJASTHAN,52,535
390322,RAJASTHAN,53,258
390322,RAJASTHAN,54,183
390322,RAJASTHAN,55,128
390322,RAJASTHAN,56,185
390322,RAJASTHAN,57,239
390322,RAJASTHAN,58,426
390322,RAJASTHAN,59,118
390322,RAJASTHAN,60,294
390322,RAJASTHAN,61,126
390322,RAJASTHAN,62,252
390322,RAJASTHAN,63,626
390322,RAJASTHAN,64,105
390322,RAJASTHAN,65,420
390322,RAJASTHAN,66,661
390322,RAJASTHAN,67,124
390322,RAJASTHAN,68,44
390322,RAJASTHAN,69,635
390322,RAJASTHAN,70,239
390322,RAJASTHAN,71,647
390322,RAJASTHAN,72,391
390322,RAJASTHAN,73,114
390322,RAJASTHAN,74,363
390322,RAJASTHAN,75,595
390322,RAJASTHAN,76,225
390322,RAJASTHAN,77,695
390322,RAJASTHAN,78,467
390322,RAJASTHAN,79,660
390322,RAJASTHAN,80,121
390322,RAJASTHAN,81,215
390322,RAJASTHAN,82,290
390322,RAJASTHAN,83,342
390322,RAJASTHAN,84,109
390322,RAJASTHAN,85,667
390322,RAJASTHAN,86,59
390322,RAJASTHAN,87,498
390322,RAJASTHAN,88,35
390322,RAJASTHAN,89,552
390322,RAJASTHAN,90,597
390322,RAJASTHAN,91,462
390322,RAJASTHAN,92,154
390322,RAJASTHAN,93,339
390322,RAJASTHAN,94,265
390322,RAJASTHAN,95,246
390322,RAJASTHAN,96,82
390322,RAJASTHAN,97,158
390322,RAJASTHAN,98,320
390322,RAJASTHAN,99,122
390322,RAJASTHAN,100,600
390322,RAJASTHAN,101,185
390322,RAJASTHAN,102,58
390322,RAJASTHAN,103,337
390322,RAJASTHAN,104,440
390322,RAJASTHAN,105,97
390322,RAJASTHAN,106,145
390322,RAJASTHAN,107,135
390322,RAJASTHAN,108,502
390322,RAJASTHAN,109,492
390322,RAJASTHAN,110,548
390322,RAJASTHAN,111,538
390322,RAJASTHAN,112,593
390322,RAJASTHAN,113,259
390322,RAJASTHAN,114,551
390322,RAJASTHAN,115,278
390322,RAJASTHAN,116,369
390322,RAJASTHAN,117,466
390322,RAJASTHAN,118,473
390322,RAJASTHAN,119,120
390322,RAJASTHAN,120,9
390322,RAJASTHAN,121,110
390322,RAJASTHAN,122,66
390322,RAJASTHAN,123,244
390322,RAJASTHAN,124,605
390322,RAJASTHAN,125,210
390322,RAJASTHAN,126,442
390322,RAJASTHAN,127,395
390322,RAJASTHAN,128,94
390322,RAJASTHAN,129,224
390322,RAJASTHAN,130,238
390322,RAJASTHAN,131,103
390322,RAJASTHAN,132,53
390322,RAJASTHAN,133,256
390322,RAJASTHAN,134,105
390322,RAJASTHAN,135,316
390322,RAJASTHAN,136,274
390322,RAJASTHAN,137,196
390322,RAJASTHAN,138,646
390322,RAJASTHAN,139,212
390322,RAJASTHAN,140,95
390322,RAJASTHAN,141,532
390322,RAJASTHAN,142,219
390322,RAJASTHAN,143,44
390322,RAJASTHAN,144,343
390322,RAJASTHAN,145,439
390322,RAJASTHAN,146,584
390322,RAJASTHAN,147,216
390322,RAJASTHAN,148,94
390322,RAJASTHAN,149,60
390322,RAJASTHAN,150,78
390322,RAJASTHAN,151,86
390322,RAJASTHAN,152,201
390322,RAJASTHAN,153,80
390322,RAJASTHAN,154,241
390322,RAJASTHAN,155,182
390322,RAJASTHAN,156,110
390322,RAJASTHAN,157,355
390322,RAJASTHAN,158,232
390322,RAJASTHAN,159,75
390322,RAJASTHAN,160,223
390322,RAJASTHAN,161,507
390322,RAJASTHAN,162,148
390322,RAJASTHAN,163,510
390322,RAJASTHAN,164,429
390322,RAJASTHAN,165,463
390322,RAJASTHAN,166,286
390322,RAJASTHAN,167,432
390322,RAJASTHAN,168,319
390322,RAJASTHAN,169,281
390322,RAJASTHAN,170,545
390322,RAJASTHAN,171,321
390322,RAJASTHAN,172,186
390322,RAJASTHAN,173,353
390322,RAJASTHAN,174,242
390322,RAJASTHAN,175,225
390322,RAJASTHAN,176,96
390322,RAJASTHAN,177,50
390322,RAJASTHAN,178,218
390322,RAJASTHAN,179,492
390322,RAJASTHAN,180,78
390322,RAJASTHAN,181,444
390322,RAJASTHAN,182,72
390322,RAJASTHAN,183,605
390322,RAJASTHAN,184,382
390322,RAJASTHAN,185,406
390322,RAJASTHAN,186,680
390322,RAJASTHAN,187,297
390322,RAJASTHAN,188,228
390322,RAJASTHAN,189,272
390322,RAJASTHAN,190,91
390322,RAJASTHAN,191,103
390322,RAJASTHAN,192,90
390322,RAJASTHAN,193,272
390322,RAJASTHAN,194,58
390322,RAJASTHAN,195,202
390322,RAJASTHAN,196,194
390322,RAJASTHAN,197,256
390322,RAJASTHAN,198,435
390322,RAJASTHAN,199,301
390322,RAJASTHAN,200,150
390322,RAJASTHAN,201,332
390322,RAJASTHAN,202,264
390322,RAJASTHAN,203,12
390322,RAJASTHAN,204,167
390322,RAJASTHAN,205,196
390322,RAJASTHAN,206,382
390322,RAJASTHAN,207,121
390322,RAJASTHAN,208,135
390322,RAJASTHAN,209,376
390322,RAJASTHAN,210,459
390322,RAJASTHAN,211,80
390322,RAJASTHAN,212,174
390322,RAJASTHAN,213,201
390322,RAJASTHAN,214,137
390322,RAJASTHAN,215,506
390322,RAJASTHAN,216,222
390322,RAJASTHAN,217,281
390322,RAJASTHAN,218,105
390322,RAJASTHAN,219,535
390322,RAJASTHAN,220,593
390322,RAJASTHAN,221,35
390322,RAJASTHAN,222,130
390322,RAJASTHAN,223,77
390322,RAJASTHAN,224,462
390322,RAJASTHAN,225,183
390322,RAJASTHAN,226,52
390322,RAJASTHAN,227,212
390322,RAJASTHAN,228,302
390322,RAJASTHAN,229,308
390322,RAJASTHAN,230,138
390322,RAJASTHAN,231,80
390322,RAJASTHAN,232,76
390322,RAJASTHAN,233,76
390322,RAJASTHAN,234,166
390322,RAJASTHAN,235,676
390322,RAJASTHAN,236,165
390322,RAJASTHAN,237,236
390322,RAJASTHAN,238,369
390322,RAJASTHAN,239,230
390322,RAJASTHAN,240,519
390322,RAJASTHAN,241,109
390322,RAJASTHAN,242,463
390322,RAJASTHAN,243,108
390322,RAJASTHAN,244,624
390322,RAJASTHAN,245,202
390322,RAJASTHAN,246,23
390322,RAJASTHAN,247,386
390322,RAJASTHAN,248,229
390322,RAJASTHAN,249,115
390322,RAJASTHAN,250,50
390322,RAJASTHAN,251,400
390322,RAJASTHAN,252,87
390322,RAJASTHAN,253,88
390322,RAJASTHAN,254,67
390322,RAJASTHAN,255,337
390322,RAJASTHAN,256,469
390322,RAJASTHAN,257,265
390322,RAJASTHAN,258,656
390322,RAJASTHAN,259,225
390322,RAJASTHAN,260,145
390322,RAJASTHAN,261,62
390322,RAJASTHAN,262,92
390322,RAJASTHAN,263,204
390322,RAJASTHAN,264,339
390322,RAJASTHAN,265,622
390322,RAJASTHAN,266,378
390322,RAJASTHAN,267,569
390322,RAJASTHAN,268,116
390322,RAJASTHAN,269,101
390322,RAJASTHAN,270,215
390322,RAJASTHAN,271,123
390322,RAJASTHAN,272,170
390322,RAJASTHAN,273,194
390322,RAJASTHAN,274,300
390322,RAJASTHAN,275,25
390322,RAJASTHAN,276,78
390322,RAJASTHAN,277,145
390322,RAJASTHAN,278,220
390322,RAJASTHAN,279,294
390322,RAJASTHAN,280,568
390322,RAJASTHAN,281,424
390322,RAJASTHAN,282,695
390322,RAJASTHAN,283,24
390322,RAJASTHAN,284,660
390322,RAJASTHAN,285,189
390322,RAJASTHAN,286,432
390322,RAJASTHAN,287,88
390322,RAJASTHAN,288,643
390322,RAJASTHAN,289,680
390322,RAJASTHAN,290,254
390322,RAJASTHAN,291,5
390322,RAJASTHAN,292,152
390322,RAJASTHAN,293,114
390322,RAJASTHAN,294,243
390322,RAJASTHAN,295,52
390322,RAJASTHAN,296,149
390322,RAJASTHAN,297,304
390322,RAJASTHAN,298,644
390322,RAJASTHAN,299,65
390322,RAJASTHAN,300,405
390322,RAJASTHAN,301,318
390322,RAJASTHAN,302,311
390322,RAJASTHAN,303,19
390322,RAJASTHAN,304,509
390322,RAJASTHAN,305,275
390322,RAJASTHAN,306,71
390322,RAJASTHAN,307,479
390322,RAJASTHAN,308,51
390322,RAJASTHAN,309,210
390322,RAJASTHAN,310,45
390322,RAJASTHAN,311,115
390322,RAJASTHAN,312,113
390322,RAJASTHAN,313,173
390322,RAJASTHAN,314,526
390322,RAJASTHAN,315,106
390322,RAJASTHAN,316,46
390322,RAJASTHAN,317,239
390322,RAJASTHAN,318,380
390322,RAJASTHAN,319,131
390322,RAJASTHAN,320,103
390322,RAJASTHAN,321,272
390322,RAJASTHAN,322,338
390322,RAJASTHAN,323,333
390322,RAJASTHAN,324,89
390322,RAJASTHAN,325,87
390322,RAJASTHAN,326,354
390322,RAJASTHAN,327,222
390322,RAJASTHAN,328,99
390322,RAJASTHAN,329,85
390322,RAJASTHAN,330,469
390322,RAJASTHAN,331,140
390322,RAJASTHAN,332,46
390322,RAJASTHAN,333,214
390322,RAJASTHAN,334,497
390322,RAJASTHAN,335,633
390322,RAJASTHAN,336,55
390322,RAJASTHAN,337,680
390322,RAJASTHAN,338,326
390322,RAJASTHAN,339,481
390322,RAJASTHAN,340,592
390322,RAJASTHAN,341,139
390322,RAJASTHAN,342,120
390322,RAJASTHAN,343,84
390322,RAJASTHAN,344,492
390322,RAJASTHAN,345,161
390322,RAJASTHAN,346,397
390322,RAJASTHAN,347,107
390322,RAJASTHAN,348,53
390322,RAJASTHAN,349,483
390322,RAJASTHAN,350,410
390322,RAJASTHAN,351,549
390322,RAJASTHAN,352,453
390322,RAJASTHAN,353,469
390322,RAJASTHAN,354,90
390322,RAJASTHAN,355,294
390322,RAJASTHAN,356,45
390322,RAJASTHAN,357,172
390322,RAJASTHAN,358,439
390322,RAJASTHAN,359,334
390322,RAJASTHAN,360,138
390322,RAJASTHAN,361,292
390322,RAJASTHAN,362,359
390322,RAJASTHAN,363,377
390322,RAJASTHAN,364,659
390322,RAJASTHAN,365,308
390322,RAJASTHAN,366,149
390322,RAJASTHAN,367,106
390322,RAJASTHAN,368,485
390322,RAJASTHAN,369,85
390322,RAJASTHAN,370,214
390322,RAJASTHAN,371,505
390322,RAJASTHAN,372,114
390322,RAJASTHAN,373,541
390322,RAJASTHAN,374,562
390322,RAJASTHAN,375,575
390322,RAJASTHAN,376,95
390322,RAJASTHAN,377,40
390322,RAJASTHAN,378,88
390322,RAJASTHAN,379,110
390322,RAJASTHAN,380,46
390322,RAJASTHAN,381,310
390322,RAJASTHAN,382,584
390322,RAJASTHAN,383,130
390322,RAJASTHAN,384,86
390322,RAJASTHAN,385,191
390322,RAJASTHAN,386,68
390322,RAJASTHAN,387,67
390322,RAJASTHAN,388,362
390322,RAJASTHAN,389,607
390322,RAJASTHAN,390,93
390322,RAJASTHAN,391,428
390322,RAJASTHAN,392,172
390322,RAJASTHAN,393,409
390322,RAJASTHAN,394,140
390322,RAJASTHAN,395,160
390322,RAJASTHAN,396,123
390322,RAJASTHAN,397,49
390322,RAJASTHAN,398,172
390322,RAJASTHAN,399,274
390322,RAJASTHAN,400,142
390322,RAJASTHAN,401,418
390322,RAJASTHAN,402,97
390322,RAJASTHAN,403,398
390322,RAJASTHAN,404,300
390322,RAJASTHAN,405,473
390322,RAJASTHAN,406,569
390322,RAJASTHAN,407,120
390322,RAJASTHAN,408,614
390322,RAJASTHAN,409,353
390322,RAJASTHAN,410,144
390322,RAJASTHAN,411,10
390322,RAJASTHAN,412,93
390322,RAJASTHAN,413,62
390322,RAJASTHAN,414,153
390322,RAJASTHAN,415,129
390322,RAJASTHAN,416,141
390322,RAJASTHAN,417,254
390322,RAJASTHAN,418,552
390322,RAJASTHAN,419,136
390322,RAJASTHAN,420,160
390322,RAJASTHAN,421,98
390322,RAJASTHAN,422,61
390322,RAJASTHAN,423,139
390322,RAJASTHAN,424,75
390322,RAJASTHAN,425,60
390322,RAJASTHAN,426,262
390322,RAJASTHAN,427,190
390322,RAJASTHAN,428,196
390322,RAJASTHAN,429,251
390322,RAJASTHAN,430,185
390322,RAJASTHAN,431,481
390322,RAJASTHAN,432,237
390322,RAJASTHAN,433,336
390322,RAJASTHAN,434,571
390322,RAJASTHAN,435,170
390322,RAJASTHAN,436,217
390322,RAJASTHAN,437,163
390322,RAJASTHAN,438,305
390322,RAJASTHAN,439,366
390322,RAJASTHAN,440,144
390322,RAJASTHAN,441,94
390322,RAJASTHAN,442,101
390322,RAJASTHAN,443,58
390322,RAJASTHAN,444,121
390322,RAJASTHAN,445,89
390322,RAJASTHAN,446,85
390322,RAJASTHAN,447,85
390322,RAJASTHAN,448,79
390322,RAJASTHAN,449,472
390322,RAJASTHAN,450,575
390322,RAJASTHAN,451,284
390322,RAJASTHAN,452,288
390322,RAJASTHAN,453,250
390322,RAJASTHAN,454,305
390322,RAJASTHAN,455,115
390322,RAJASTHAN,456,103
390322,RAJASTHAN,457,401
390322,RAJASTHAN,458,54
390322,RAJASTHAN,459,347
390322,RAJASTHAN,460,274
390322,RAJASTHAN,461,571
390322,RAJASTHAN,462,117
390322,RAJASTHAN,463,189
390322,RAJASTHAN,464,677
390322,RAJASTHAN,465,42
390322,RAJASTHAN,466,113
390322,RAJASTHAN,467,270
390322,RAJASTHAN,468,304
390322,RAJASTHAN,469,332
390322,RAJASTHAN,470,521
390322,RAJASTHAN,471,515
390322,RAJASTHAN,472,179
390322,RAJASTHAN,473,202
390322,RAJASTHAN,474,128
390322,RAJASTHAN,475,62
390322,RAJASTHAN,476,99
390322,RAJASTHAN,477,218
390322,RAJASTHAN,478,378
390322,RAJASTHAN,479,587
390322,RAJASTHAN,480,544
390322,RAJASTHAN,481,404
390322,RAJASTHAN,482,36
390322,RAJASTHAN,483,190
390322,RAJASTHAN,484,136
390322,RAJASTHAN,485,66
390322,RAJASTHAN,486,54
390322,RAJASTHAN,487,384
390322,RAJASTHAN,488,182
390322,RAJASTHAN,489,30
390322,RAJASTHAN,490,467
390322,RAJASTHAN,491,86
390322,RAJASTHAN,492,601
390322,RAJASTHAN,493,117
390322,RAJASTHAN,494,147
390322,RAJASTHAN,495,298
390322,RAJASTHAN,496,395
390322,RAJASTHAN,497,697
390322,RAJASTHAN,498,106
390322,RAJASTHAN,499,267
390322,RAJASTHAN,500,65
390322,RAJASTHAN,501,76
390322,RAJASTHAN,502,92
390322,RAJASTHAN,503,446
390322,RAJASTHAN,504,70
390322,RAJASTHAN,505,427
390322,RAJASTHAN,506,502
390322,RAJASTHAN,507,65
390322,RAJASTHAN,508,81
390322,RAJASTHAN,509,70
390322,RAJASTHAN,510,202
390322,RAJASTHAN,511,34
390322,RAJASTHAN,512,132
390322,RAJASTHAN,513,103
390322,RAJASTHAN,514,111
390322,RAJASTHAN,515,557
390322,RAJASTHAN,516,470
390322,RAJASTHAN,517,480
390322,RAJASTHAN,518,61
390322,RAJASTHAN,519,249
390322,RAJASTHAN,520,305
390322,RAJASTHAN,521,188
390322,RAJASTHAN,522,68
390322,RAJASTHAN,523,182
390322,RAJASTHAN,524,263
390322,RAJASTHAN,525,16
390322,RAJASTHAN,526,127
390322,RAJASTHAN,527,358
390322,RAJASTHAN,528,619
390322,RAJASTHAN,529,196
390322,RAJASTHAN,530,432
390322,RAJASTHAN,531,173
390322,RAJASTHAN,532,74
390322,RAJASTHAN,533,278
390322,RAJASTHAN,534,3
390322,RAJASTHAN,535,430
390322,RAJASTHAN,536,390
390322,RAJASTHAN,537,530
390322,RAJASTHAN,538,606
390322,RAJASTHAN,539,127
390322,RAJASTHAN,540,186
390322,RAJASTHAN,541,127
390322,RAJASTHAN,542,575
390322,RAJASTHAN,543,189
390322,RAJASTHAN,544,91
390322,RAJASTHAN,545,99
390322,RAJASTHAN,546,58
390322,RAJASTHAN,547,670
390322,RAJASTHAN,548,145
390322,RAJASTHAN,549,170
390322,RAJASTHAN,550,566
390322,RAJASTHAN,551,106
390322,RAJASTHAN,552,117
390322,RAJASTHAN,553,114
390322,RAJASTHAN,554,441
390322,RAJASTHAN,555,625
390322,RAJASTHAN,556,174
390322,RAJASTHAN,557,384
390322,RAJASTHAN,558,113
390322,RAJASTHAN,559,307
390322,RAJASTHAN,560,164
390322,RAJASTHAN,561,177
390322,RAJASTHAN,562,225
390322,RAJASTHAN,563,112
390322,RAJASTHAN,564,646
390322,RAJASTHAN,565,35
390322,RAJASTHAN,566,105
390322,RAJASTHAN,567,307
390322,RAJASTHAN,568,38
390322,RAJASTHAN,569,206
390322,RAJASTHAN,570,185
390322,RAJASTHAN,571,57
390322,RAJASTHAN,572,593
390322,RAJASTHAN,573,358
390322,RAJASTHAN,574,569
390322,RAJASTHAN,575,430
390322,RAJASTHAN,576,129
390322,RAJASTHAN,577,85
390322,RAJASTHAN,578,576
390322,RAJASTHAN,579,115
390322,RAJASTHAN,580,200
390322,RAJASTHAN,581,117
390322,RAJASTHAN,582,166
390322,RAJASTHAN,583,125
390322,RAJASTHAN,584,215
390322,RAJASTHAN,585,232
390322,RAJASTHAN,586,97
390322,RAJASTHAN,587,465
390322,RAJASTHAN,588,52
390322,RAJASTHAN,589,333
390322,RAJASTHAN,590,217
390322,RAJASTHAN,591,186
390322,RAJASTHAN,592,626
390322,RAJASTHAN,593,286
390322,RAJASTHAN,594,60
390322,RAJASTHAN,595,479
390322,RAJASTHAN,596,120
390322,RAJASTHAN,597,465
390322,RAJASTHAN,598,251
390322,RAJASTHAN,599,380
390322,RAJASTHAN,600,193
390322,RAJASTHAN,601,134
390322,RAJASTHAN,602,368
390322,RAJASTHAN,603,642
390322,RAJASTHAN,604,305
390322,RAJASTHAN,605,65
390322,RAJASTHAN,606,499
390322,RAJASTHAN,607,362
390322,RAJASTHAN,608,352
390322,RAJASTHAN,609,451
390322,RAJASTHAN,610,209
390322,RAJASTHAN,611,155
390322,RAJASTHAN,612,122
390322,RAJASTHAN,613,640
390322,RAJASTHAN,614,35
390322,RAJASTHAN,615,185
390322,RAJASTHAN,616,209
390322,RAJASTHAN,617,109
390322,RAJASTHAN,618,113
390322,RAJASTHAN,619,559
390322,RAJASTHAN,620,47
390322,RAJASTHAN,621,122
390322,RAJASTHAN,622,492
390322,RAJASTHAN,623,696
390322,RAJASTHAN,624,85
390322,RAJASTHAN,625,342
390322,RAJASTHAN,626,142
390322,RAJASTHAN,627,149
390322,RAJASTHAN,628,70
390322,RAJASTHAN,629,175
390322,RAJASTHAN,630,51
390322,RAJASTHAN,631,203
390322,RAJASTHAN,632,232
390322,RAJASTHAN,633,92
390322,RAJASTHAN,634,209
390322,RAJASTHAN,635,138
390322,RAJASTHAN,636,431
390322,RAJASTHAN,637,337
390322,RAJASTHAN,638,343
390322,RAJASTHAN,639,179
390322,RAJASTHAN,640,127
390322,RAJASTHAN,641,428
390322,RAJASTHAN,642,204
390322,RAJASTHAN,643,228
390322,RAJASTHAN,644,568
390322,RAJASTHAN,645,30
390322,RAJASTHAN,646,607
390322,RAJASTHAN,647,449
390322,RAJASTHAN,648,22
390322,RAJASTHAN,649,144
390322,RAJASTHAN,650,213
390322,RAJASTHAN,651,273
390322,RAJASTHAN,652,125
390322,RAJASTHAN,653,577
390322,RAJASTHAN,654,382
390322,RAJASTHAN,655,126
390322,RAJASTHAN,656,544
390322,RAJASTHAN,657,205
390322,RAJASTHAN,658,137
390322,RAJASTHAN,659,344
390322,RAJASTHAN,660,94
390322,RAJASTHAN,661,546
390322,RAJASTHAN,662,76
390322,RAJASTHAN,663,178
390322,RAJASTHAN,664,179
390322,RAJASTHAN,665,277
390322,RAJASTHAN,666,90
390322,RAJASTHAN,667,457
390322,RAJASTHAN,668,361
390322,RAJASTHAN,669,348
390322,RAJASTHAN,670,120
390322,RAJASTHAN,671,85
390322,RAJASTHAN,672,240
390322,RAJASTHAN,673,487
390322,RAJASTHAN,674,49
390322,RAJASTHAN,675,165
390322,RAJASTHAN,676,620
390322,RAJASTHAN,677,140
390322,RAJASTHAN,678,526
390322,RAJASTHAN,679,324
390322,RAJASTHAN,680,123
390322,RAJASTHAN,681,431
390322,RAJASTHAN,682,144
390322,RAJASTHAN,683,69
390322,RAJASTHAN,684,585
390322,RAJASTHAN,685,155
390322,RAJASTHAN,686,300
390322,RAJASTHAN,687,172
390322,RAJASTHAN,688,255
390322,RAJASTHAN,689,140
390322,RAJASTHAN,690,118
390322,RAJASTHAN,691,300
390322,RAJASTHAN,692,254
390322,RAJASTHAN,693,492
390322,RAJASTHAN,694,119
390322,RAJASTHAN,695,297
390322,RAJASTHAN,696,185
390322,RAJASTHAN,697,556
390322,RAJASTHAN,698,672
390322,RAJASTHAN,699,630
390322,RAJASTHAN,700,587
390322,RAJASTHAN,701,308
390322,RAJASTHAN,702,114
390322,RAJASTHAN,703,176
390322,RAJASTHAN,704,559
390322,RAJASTHAN,705,23
390322,RAJASTHAN,706,291
390322,RAJASTHAN,707,392
390322,RAJASTHAN,708,538
390322,RAJASTHAN,709,95
390322,RAJASTHAN,710,530
390322,RAJASTHAN,711,241
390322,RAJASTHAN,712,122
390322,RAJASTHAN,713,288
390322,RAJASTHAN,714,322
390322,RAJASTHAN,715,613
390322,RAJASTHAN,716,206
390322,RAJASTHAN,717,73
390322,RAJASTHAN,718,245
390322,RAJASTHAN,719,65
390322,RAJASTHAN,720,282
390322,RAJASTHAN,721,225
390322,RAJASTHAN,722,511
390322,RAJASTHAN,723,483
390322,RAJASTHAN,724,101
390322,RAJASTHAN,725,109
390322,RAJASTHAN,726,630
390322,RAJASTHAN,727,51
390322,RAJASTHAN,728,528
390322,RAJASTHAN,729,31
390322,RAJASTHAN,730,118
390322,RAJASTHAN,731,25
390322,RAJASTHAN,732,339
390322,RAJASTHAN,733,291
390322,RAJASTHAN,734,185
390322,RAJASTHAN,735,95
390322,RAJASTHAN,736,343
390322,RAJASTHAN,737,90
390322,RAJASTHAN,738,101
390322,RAJASTHAN,739,190
390322,RAJASTHAN,740,557
390322,RAJASTHAN,741,379
390322,RAJASTHAN,742,332
390322,RAJASTHAN,743,164
390322,RAJASTHAN,744,339
390322,RAJASTHAN,745,215
390322,RAJASTHAN,746,48
390322,RAJASTHAN,747,183
390322,RAJASTHAN,748,150
390322,RAJASTHAN,749,212
390322,RAJASTHAN,750,46
390322,RAJASTHAN,751,625
390322,RAJASTHAN,752,109
390322,RAJASTHAN,753,646
390322,RAJASTHAN,754,193
390322,RAJASTHAN,755,49
390322,RAJASTHAN,756,10
390322,RAJASTHAN,757,343
390322,RAJASTHAN,758,271
390322,RAJASTHAN,759,169
390322,RAJASTHAN,760,193
390322,RAJASTHAN,761,474
390322,RAJASTHAN,762,375
390322,RAJASTHAN,763,135
390322,RAJASTHAN,764,700
390322,RAJASTHAN,765,326
390322,RAJASTHAN,766,347
390322,RAJASTHAN,767,117
390322,RAJASTHAN,768,225
390322,RAJASTHAN,769,154
390322,RAJASTHAN,770,571
390322,RAJASTHAN,771,449
390322,RAJASTHAN,772,576
390322,RAJASTHAN,773,124
390322,RAJASTHAN,774,535
390322,RAJASTHAN,775,569
390322,RAJASTHAN,776,504
390322,RAJASTHAN,777,558
390322,RAJASTHAN,778,602
390322,RAJASTHAN,779,243
390322,RAJASTHAN,780,115
390322,RAJASTHAN,781,189
390322,RAJASTHAN,782,280
390322,RAJASTHAN,783,305
390322,RAJASTHAN,784,108
390322,RAJASTHAN,785,158
390322,RAJASTHAN,786,49
390322,RAJASTHAN,787,18
390322,RAJASTHAN,788,382
390322,RAJASTHAN,789,187
390322,RAJASTHAN,790,62
390322,RAJASTHAN,791,646
390322,RAJASTHAN,792,132
390322,RAJASTHAN,793,558
390322,RAJASTHAN,794,101
390322,RAJASTHAN,795,307
390322,RAJASTHAN,796,517
390322,RAJASTHAN,797,202
390322,RAJASTHAN,798,112
390322,RAJASTHAN,799,142
390322,RAJASTHAN,800,518
390322,RAJASTHAN,801,276
390322,RAJASTHAN,802,358
390322,RAJASTHAN,803,310
390322,RAJASTHAN,804,387
390322,RAJASTHAN,805,74
390322,RAJASTHAN,806,601
390322,RAJASTHAN,807,480
390322,RAJASTHAN,808,110
390322,RAJASTHAN,809,357
390322,RAJASTHAN,810,611
390322,RAJASTHAN,811,468
390322,RAJASTHAN,812,156
390322,RAJASTHAN,813,220
390322,RAJASTHAN,814,379
390322,RAJASTHAN,815,355
390322,RAJASTHAN,816,50
