Center Number,State Name,Srl No,Marks
390320,RAJASTHAN,1,125
390320,RAJASTHAN,2,675
390320,RAJASTHAN,3,291
390320,RAJASTHAN,4,636
390320,RAJASTHAN,5,578
390320,RAJASTHAN,6,690
390320,RAJASTHAN,7,556
390320,RAJASTHAN,8,657
390320,RAJASTHAN,9,174
390320,RAJASTHAN,10,334
390320,RAJASTHAN,11,60
390320,RAJASTHAN,12,69
390320,RAJASTHAN,13,658
390320,RAJASTHAN,14,80
390320,RAJASTHAN,15,527
390320,RAJASTHAN,16,137
390320,RAJASTHAN,17,175
390320,RAJASTHAN,18,343
390320,RAJASTHAN,19,7
390320,RAJASTHAN,20,400
390320,RAJASTHAN,21,444
390320,RAJASTHAN,22,35
390320,RAJASTHAN,23,324
390320,RAJASTHAN,24,555
390320,RAJASTHAN,25,159
390320,RAJASTHAN,26,522
390320,RAJASTHAN,27,73
390320,RAJASTHAN,28,306
390320,RAJASTHAN,29,141
390320,RAJASTHAN,30,609
390320,RAJASTHAN,31,162
390320,RAJASTHAN,32,644
390320,RAJASTHAN,33,170
390320,RAJASTHAN,34,468
390320,RAJASTHAN,35,221
390320,RAJASTHAN,36,197
390320,RAJASTHAN,37,233
390320,RAJASTHAN,38,673
390320,RAJASTHAN,39,514
390320,RAJASTHAN,40,126
390320,RAJASTHAN,41,297
390320,RAJASTHAN,42,72
390320,RAJASTHAN,43,581
390320,RAJASTHAN,44,228
390320,RAJASTHAN,45,43
390320,RAJASTHAN,46,243
390320,RAJASTHAN,47,307
390320,RAJASTHAN,48,479
390320,RAJASTHAN,49,334
390320,RAJASTHAN,50,437
390320,RAJASTHAN,51,542
390320,RAJASTHAN,52,204
390320,RAJASTHAN,53,229
390320,RAJASTHAN,54,129
390320,RAJASTHAN,55,109
390320,RAJASTHAN,56,92
390320,RAJASTHAN,57,570
390320,RAJASTHAN,58,183
390320,RAJASTHAN,59,207
390320,RAJASTHAN,60,20
390320,RAJASTHAN,61,199
390320,RAJASTHAN,62,285
390320,RAJASTHAN,63,676
390320,RAJASTHAN,64,408
390320,RAJASTHAN,65,150
390320,RAJASTHAN,66,22
390320,RAJASTHAN,67,102
390320,RAJASTHAN,68,639
390320,RAJASTHAN,69,527
390320,RAJASTHAN,70,241
390320,RAJASTHAN,71,200
390320,RAJASTHAN,72,139
390320,RAJASTHAN,73,437
390320,RAJASTHAN,74,289
390320,RAJASTHAN,75,229
390320,RAJASTHAN,76,357
390320,RAJASTHAN,77,358
390320,RAJASTHAN,78,96
390320,RAJASTHAN,79,121
390320,RAJASTHAN,80,151
390320,RAJASTHAN,81,79
390320,RAJASTHAN,82,335
390320,RAJASTHAN,83,501
390320,RAJASTHAN,84,66
390320,RAJASTHAN,85,262
390320,RAJASTHAN,86,292
390320,RAJASTHAN,87,253
390320,RAJASTHAN,88,55
390320,RAJASTHAN,89,198
390320,RAJASTHAN,90,191
390320,RAJASTHAN,91,105
390320,RAJASTHAN,92,562
390320,RAJASTHAN,93,135
390320,RAJASTHAN,94,125
390320,RAJASTHAN,95,411
390320,RAJASTHAN,96,196
390320,RAJASTHAN,97,0
390320,RAJASTHAN,98,106
390320,RAJASTHAN,99,421
390320,RAJASTHAN,100,224
390320,RAJASTHAN,101,386
390320,RAJASTHAN,102,129
390320,RAJASTHAN,103,234
390320,RAJASTHAN,104,51
390320,RAJASTHAN,105,115
390320,RAJASTHAN,106,374
390320,RAJASTHAN,107,402
390320,RAJASTHAN,108,249
390320,RAJASTHAN,109,631
390320,RAJASTHAN,110,103
390320,RAJASTHAN,111,94
390320,RAJASTHAN,112,112
390320,RAJASTHAN,113,230
390320,RAJASTHAN,114,160
390320,RAJASTHAN,115,678
390320,RAJASTHAN,116,95
390320,RAJASTHAN,117,115
390320,RAJASTHAN,118,395
390320,RAJASTHAN,119,258
390320,RAJASTHAN,120,152
390320,RAJASTHAN,121,610
390320,RAJASTHAN,122,149
390320,RAJASTHAN,123,512
390320,RAJASTHAN,124,268
390320,RAJASTHAN,125,85
390320,RAJASTHAN,126,47
390320,RAJASTHAN,127,146
390320,RAJASTHAN,128,163
390320,RAJASTHAN,129,671
390320,RAJASTHAN,130,317
390320,RAJASTHAN,131,328
390320,RAJASTHAN,132,128
390320,RAJASTHAN,133,258
390320,RAJASTHAN,134,65
390320,RAJASTHAN,135,268
390320,RAJASTHAN,136,335
390320,RAJASTHAN,137,504
390320,RAJASTHAN,138,359
390320,RAJASTHAN,139,34
390320,RAJASTHAN,140,188
390320,RAJASTHAN,141,304
390320,RAJASTHAN,142,53
390320,RAJASTHAN,143,669
390320,RAJASTHAN,144,162
390320,RAJASTHAN,145,588
390320,RAJASTHAN,146,429
390320,RAJASTHAN,147,73
390320,RAJASTHAN,148,627
390320,RAJASTHAN,149,45
390320,RAJASTHAN,150,275
390320,RAJASTHAN,151,122
390320,RAJASTHAN,152,164
390320,RAJASTHAN,153,296
390320,RAJASTHAN,154,86
390320,RAJASTHAN,155,475
390320,RAJASTHAN,156,132
390320,RAJASTHAN,157,138
390320,RAJASTHAN,158,432
390320,RAJASTHAN,159,435
390320,RAJASTHAN,160,170
390320,RAJASTHAN,161,382
390320,RAJASTHAN,162,290
390320,RAJASTHAN,163,176
390320,RAJASTHAN,164,96
390320,RAJASTHAN,165,116
390320,RAJASTHAN,166,237
390320,RAJASTHAN,167,398
390320,RAJASTHAN,168,168
390320,RAJASTHAN,169,557
390320,RAJASTHAN,170,68
390320,RAJASTHAN,171,62
390320,RAJASTHAN,172,94
390320,RAJASTHAN,173,490
390320,RAJASTHAN,174,492
390320,RAJASTHAN,175,217
390320,RAJASTHAN,176,289
390320,RAJASTHAN,177,407
390320,RAJASTHAN,178,279
390320,RAJASTHAN,179,298
390320,RAJASTHAN,180,5
390320,RAJASTHAN,181,131
390320,RAJASTHAN,182,375
390320,RAJASTHAN,183,300
390320,RAJASTHAN,184,267
390320,RAJASTHAN,185,131
390320,RAJASTHAN,186,678
390320,RAJASTHAN,187,302
390320,RAJASTHAN,188,95
390320,RAJASTHAN,189,240
390320,RAJASTHAN,190,62
390320,RAJASTHAN,191,639
390320,RAJASTHAN,192,355
390320,RAJASTHAN,193,653
390320,RAJASTHAN,194,219
390320,RAJASTHAN,195,355
390320,RAJASTHAN,196,625
390320,RAJASTHAN,197,427
390320,RAJASTHAN,198,165
390320,RAJASTHAN,199,108
390320,RAJASTHAN,200,274
390320,RAJASTHAN,201,103
390320,RAJASTHAN,202,252
390320,RAJASTHAN,203,155
390320,RAJASTHAN,204,360
390320,RAJASTHAN,205,261
390320,RAJASTHAN,206,70
390320,RAJASTHAN,207,635
390320,RAJASTHAN,208,107
390320,RAJASTHAN,209,290
390320,RAJASTHAN,210,246
390320,RAJASTHAN,211,338
390320,RAJASTHAN,212,453
390320,RAJASTHAN,213,450
390320,RAJASTHAN,214,191
390320,RAJASTHAN,215,371
390320,RAJASTHAN,216,587
390320,RAJASTHAN,217,28
390320,RAJASTHAN,218,162
390320,RAJASTHAN,219,230
390320,RAJASTHAN,220,55
390320,RAJASTHAN,221,50
390320,RAJASTHAN,222,189
390320,RAJASTHAN,223,552
390320,RAJASTHAN,224,210
390320,RAJASTHAN,225,262
390320,RAJASTHAN,226,444
390320,RAJASTHAN,227,208
390320,RAJASTHAN,228,143
390320,RAJASTHAN,229,416
390320,RAJASTHAN,230,94
390320,RAJASTHAN,231,388
390320,RAJASTHAN,232,447
390320,RAJASTHAN,233,175
390320,RAJASTHAN,234,187
390320,RAJASTHAN,235,109
390320,RAJASTHAN,236,80
390320,RAJASTHAN,237,89
390320,RAJASTHAN,238,436
390320,RAJASTHAN,239,248
390320,RAJASTHAN,240,67
390320,RAJASTHAN,241,628
390320,RAJASTHAN,242,239
390320,RAJASTHAN,243,22
390320,RAJASTHAN,244,70
390320,RAJASTHAN,245,650
390320,RAJASTHAN,246,126
390320,RAJASTHAN,247,130
390320,RAJASTHAN,248,86
390320,RAJASTHAN,249,662
390320,RAJASTHAN,250,207
390320,RAJASTHAN,251,131
390320,RAJASTHAN,252,635
390320,RAJASTHAN,253,272
390320,RAJASTHAN,254,358
390320,RAJASTHAN,255,568
390320,RAJASTHAN,256,415
390320,RAJASTHAN,257,404
390320,RAJASTHAN,258,499
390320,RAJASTHAN,259,110
390320,RAJASTHAN,260,120
390320,RAJASTHAN,261,193
390320,RAJASTHAN,262,45
390320,RAJASTHAN,263,171
390320,RAJASTHAN,264,256
390320,RAJASTHAN,265,60
390320,RAJASTHAN,266,47
390320,RAJASTHAN,267,328
390320,RAJASTHAN,268,305
390320,RAJASTHAN,269,175
390320,RAJASTHAN,270,314
390320,RAJASTHAN,271,106
390320,RAJASTHAN,272,133
390320,RAJASTHAN,273,165
390320,RAJASTHAN,274,109
390320,RAJASTHAN,275,553
390320,RAJASTHAN,276,126
390320,RAJASTHAN,277,267
390320,RAJASTHAN,278,563
390320,RAJASTHAN,279,101
390320,RAJASTHAN,280,276
390320,RAJASTHAN,281,267
390320,RAJASTHAN,282,157
390320,RAJASTHAN,283,120
390320,RAJASTHAN,284,382
390320,RAJASTHAN,285,172
390320,RAJASTHAN,286,174
390320,RAJASTHAN,287,566
390320,RAJASTHAN,288,303
390320,RAJASTHAN,289,416
390320,RAJASTHAN,290,95
390320,RAJASTHAN,291,421
390320,RAJASTHAN,292,203
390320,RAJASTHAN,293,61
390320,RAJASTHAN,294,70
390320,RAJASTHAN,295,185
390320,RAJASTHAN,296,411
390320,RAJASTHAN,297,184
390320,RAJASTHAN,298,154
390320,RAJASTHAN,299,604
390320,RAJASTHAN,300,126
390320,RAJASTHAN,301,179
390320,RAJASTHAN,302,462
390320,RAJASTHAN,303,164
390320,RAJASTHAN,304,331
390320,RAJASTHAN,305,127
390320,RAJASTHAN,306,425
390320,RAJASTHAN,307,273
390320,RAJASTHAN,308,373
390320,RAJASTHAN,309,106
390320,RAJASTHAN,310,270
390320,RAJASTHAN,311,163
390320,RAJASTHAN,312,586
390320,RAJASTHAN,313,272
390320,RAJASTHAN,314,546
390320,RAJASTHAN,315,40
390320,RAJASTHAN,316,89
390320,RAJASTHAN,317,123
390320,RAJASTHAN,318,584
390320,RAJASTHAN,319,48
390320,RAJASTHAN,320,410
390320,RAJASTHAN,321,629
390320,RAJASTHAN,322,395
390320,RAJASTHAN,323,14
390320,RAJASTHAN,324,397
390320,RAJASTHAN,325,162
390320,RAJASTHAN,326,555
390320,RAJASTHAN,327,485
390320,RAJASTHAN,328,59
390320,RAJASTHAN,329,53
390320,RAJASTHAN,330,510
390320,RAJASTHAN,331,194
390320,RAJASTHAN,332,293
390320,RAJASTHAN,333,128
390320,RAJASTHAN,334,152
390320,RAJASTHAN,335,115
390320,RAJASTHAN,336,51
390320,RAJASTHAN,337,515
390320,RAJASTHAN,338,151
390320,RAJASTHAN,339,120
390320,RAJASTHAN,340,266
390320,RAJASTHAN,341,179
390320,RAJASTHAN,342,49
390320,RAJASTHAN,343,221
390320,RAJASTHAN,344,47
390320,RAJASTHAN,345,128
390320,RAJASTHAN,346,457
390320,RAJASTHAN,347,249
390320,RAJASTHAN,348,49
390320,RAJASTHAN,349,68
390320,RAJASTHAN,350,93
390320,RAJASTHAN,351,125
390320,RAJASTHAN,352,577
390320,RAJASTHAN,353,240
390320,RAJASTHAN,354,66
390320,RAJASTHAN,355,179
390320,RAJASTHAN,356,298
390320,RAJASTHAN,357,513
390320,RAJASTHAN,358,297
390320,RAJASTHAN,359,85
390320,RAJASTHAN,360,221
390320,RAJASTHAN,361,260
390320,RAJASTHAN,362,277
390320,RAJASTHAN,363,198
390320,RAJASTHAN,364,146
390320,RAJASTHAN,365,349
390320,RAJASTHAN,366,606
390320,RAJASTHAN,367,181
390320,RAJASTHAN,368,269
390320,RAJASTHAN,369,201
390320,RAJASTHAN,370,577
390320,RAJASTHAN,371,673
390320,RAJASTHAN,372,23
390320,RAJASTHAN,373,397
390320,RAJASTHAN,374,572
390320,RAJASTHAN,375,227
390320,RAJASTHAN,376,183
390320,RAJASTHAN,377,600
390320,RAJASTHAN,378,439
390320,RAJASTHAN,379,110
390320,RAJASTHAN,380,586
390320,RAJASTHAN,381,51
390320,RAJASTHAN,382,402
390320,RAJASTHAN,383,142
390320,RAJASTHAN,384,281
390320,RAJASTHAN,385,586
390320,RAJASTHAN,386,503
390320,RAJASTHAN,387,18
390320,RAJASTHAN,388,118
390320,RAJASTHAN,389,371
390320,RAJASTHAN,390,330
390320,RAJASTHAN,391,116
390320,RAJASTHAN,392,95
390320,RAJASTHAN,393,72
390320,RAJASTHAN,394,112
390320,RAJASTHAN,395,310
390320,RAJASTHAN,396,103
390320,RAJASTHAN,397,304
390320,RAJASTHAN,398,570
390320,RAJASTHAN,399,65
390320,RAJASTHAN,400,487
390320,RAJASTHAN,401,283
390320,RAJASTHAN,402,199
390320,RAJASTHAN,403,628
390320,RAJASTHAN,404,524
390320,RAJASTHAN,405,243
390320,RAJASTHAN,406,125
390320,RAJASTHAN,407,136
390320,RAJASTHAN,408,261
390320,RAJASTHAN,409,208
390320,RAJASTHAN,410,30
390320,RAJASTHAN,411,232
390320,RAJASTHAN,412,329
390320,RAJASTHAN,413,335
390320,RAJASTHAN,414,218
390320,RAJASTHAN,415,288
390320,RAJASTHAN,416,276
390320,RAJASTHAN,417,93
390320,RAJASTHAN,418,273
390320,RAJASTHAN,419,118
390320,RAJASTHAN,420,314
390320,RAJASTHAN,421,130
390320,RAJASTHAN,422,128
390320,RAJASTHAN,423,239
390320,RAJASTHAN,424,118
390320,RAJASTHAN,425,358
390320,RAJASTHAN,426,131
390320,RAJASTHAN,427,340
390320,RAJASTHAN,428,192
390320,RAJASTHAN,429,664
390320,RAJASTHAN,430,373
390320,RAJASTHAN,431,10
390320,RAJASTHAN,432,370
390320,RAJASTHAN,433,170
390320,RAJASTHAN,434,580
390320,RAJASTHAN,435,315
390320,RAJASTHAN,436,95
390320,RAJASTHAN,437,158
390320,RAJASTHAN,438,429
390320,RAJASTHAN,439,424
390320,RAJASTHAN,440,460
390320,RAJASTHAN,441,349
390320,RAJASTHAN,442,649
390320,RAJASTHAN,443,131
390320,RAJASTHAN,444,121
390320,RAJASTHAN,445,123
390320,RAJASTHAN,446,93
390320,RAJASTHAN,447,326
390320,RAJASTHAN,448,148
390320,RAJASTHAN,449,65
390320,RAJASTHAN,450,380
390320,RAJASTHAN,451,152
390320,RAJASTHAN,452,192
390320,RAJASTHAN,453,622
390320,RAJASTHAN,454,199
390320,RAJASTHAN,455,106
390320,RAJASTHAN,456,162
390320,RAJASTHAN,457,536
390320,RAJASTHAN,458,118
390320,RAJASTHAN,459,81
390320,RAJASTHAN,460,9
390320,RAJASTHAN,461,135
390320,RAJASTHAN,462,76
390320,RAJASTHAN,463,133
390320,RAJASTHAN,464,310
390320,RAJASTHAN,465,625
390320,RAJASTHAN,466,466
390320,RAJASTHAN,467,103
390320,RAJASTHAN,468,401
390320,RAJASTHAN,469,154
390320,RAJASTHAN,470,125
390320,RAJASTHAN,471,273
390320,RAJASTHAN,472,646
390320,RAJASTHAN,473,503
390320,RAJASTHAN,474,470
390320,RAJASTHAN,475,67
390320,RAJASTHAN,476,174
390320,RAJASTHAN,477,460
390320,RAJASTHAN,478,688
390320,RAJASTHAN,479,130
390320,RAJASTHAN,480,673
390320,RAJASTHAN,481,134
390320,RAJASTHAN,482,559
390320,RAJASTHAN,483,104
390320,RAJASTHAN,484,237
390320,RAJASTHAN,485,194
390320,RAJASTHAN,486,680
390320,RAJASTHAN,487,185
390320,RAJASTHAN,488,556
390320,RAJASTHAN,489,134
390320,RAJASTHAN,490,86
390320,RAJASTHAN,491,41
390320,RAJASTHAN,492,326
390320,RAJASTHAN,493,334
390320,RAJASTHAN,494,52
390320,RAJASTHAN,495,625
390320,RAJASTHAN,496,595
390320,RAJASTHAN,497,337
390320,RAJASTHAN,498,100
390320,RAJASTHAN,499,179
390320,RAJASTHAN,500,145
390320,RAJASTHAN,501,22
390320,RAJASTHAN,502,84
390320,RAJASTHAN,503,402
390320,RAJASTHAN,504,123
390320,RAJASTHAN,505,374
390320,RAJASTHAN,506,641
390320,RAJASTHAN,507,208
390320,RAJASTHAN,508,591
390320,RAJASTHAN,509,638
390320,RAJASTHAN,510,668
390320,RAJASTHAN,511,655
390320,RAJASTHAN,512,110
390320,RAJASTHAN,513,337
390320,RAJASTHAN,514,47
390320,RAJASTHAN,515,460
390320,RAJASTHAN,516,89
390320,RAJASTHAN,517,78
390320,RAJASTHAN,518,281
390320,RAJASTHAN,519,335
390320,RAJASTHAN,520,194
390320,RAJASTHAN,521,304
390320,RAJASTHAN,522,548
390320,RAJASTHAN,523,321
390320,RAJASTHAN,524,103
390320,RAJASTHAN,525,15
390320,RAJASTHAN,526,225
390320,RAJASTHAN,527,661
390320,RAJASTHAN,528,267
390320,RAJASTHAN,529,271
390320,RAJASTHAN,530,57
390320,RAJASTHAN,531,220
390320,RAJASTHAN,532,394
390320,RAJASTHAN,533,176
390320,RAJASTHAN,534,147
390320,RAJASTHAN,535,651
390320,RAJASTHAN,536,127
390320,RAJASTHAN,537,533
390320,RAJASTHAN,538,321
390320,RAJASTHAN,539,141
390320,RAJASTHAN,540,640
390320,RAJASTHAN,541,187
390320,RAJASTHAN,542,592
390320,RAJASTHAN,543,236
390320,RAJASTHAN,544,164
390320,RAJASTHAN,545,463
390320,RAJASTHAN,546,63
390320,RAJASTHAN,547,16
390320,RAJASTHAN,548,182
390320,RAJASTHAN,549,60
390320,RAJASTHAN,550,125
390320,RAJASTHAN,551,696
390320,RAJASTHAN,552,125
390320,RAJASTHAN,553,106
390320,RAJASTHAN,554,204
390320,RAJASTHAN,555,668
390320,RAJASTHAN,556,174
390320,RAJASTHAN,557,155
390320,RAJASTHAN,558,151
390320,RAJASTHAN,559,194
390320,RAJASTHAN,560,47
390320,RAJASTHAN,561,301
390320,RAJASTHAN,562,62
390320,RAJASTHAN,563,420
390320,RAJASTHAN,564,188
390320,RAJASTHAN,565,590
390320,RAJASTHAN,566,206
390320,RAJASTHAN,567,147
390320,RAJASTHAN,568,650
390320,RAJASTHAN,569,342
390320,RAJASTHAN,570,171
390320,RAJASTHAN,571,301
390320,RAJASTHAN,572,592
390320,RAJASTHAN,573,430
390320,RAJASTHAN,574,190
390320,RAJASTHAN,575,266
390320,RAJASTHAN,576,309
390320,RAJASTHAN,577,680
390320,RAJASTHAN,578,305
390320,RAJASTHAN,579,51
390320,RAJASTHAN,580,181
390320,RAJASTHAN,581,163
390320,RAJASTHAN,582,269
390320,RAJASTHAN,583,195
390320,RAJASTHAN,584,248
390320,RAJASTHAN,585,230
390320,RAJASTHAN,586,132
390320,RAJASTHAN,587,259
390320,RAJASTHAN,588,103
390320,RAJASTHAN,589,681
390320,RAJASTHAN,590,247
390320,RAJASTHAN,591,587
390320,RAJASTHAN,592,353
390320,RAJASTHAN,593,339
390320,RAJASTHAN,594,346
390320,RAJASTHAN,595,73
390320,RAJASTHAN,596,125
390320,RAJASTHAN,597,76
390320,RAJASTHAN,598,87
390320,RAJASTHAN,599,386
390320,RAJASTHAN,600,463
390320,RAJASTHAN,601,593
390320,RAJASTHAN,602,629
390320,RAJASTHAN,603,685
390320,RAJASTHAN,604,254
390320,RAJASTHAN,605,290
390320,RAJASTHAN,606,681
390320,RAJASTHAN,607,296
390320,RAJASTHAN,608,114
390320,RAJASTHAN,609,690
390320,RAJASTHAN,610,522
390320,RAJASTHAN,611,297
390320,RAJASTHAN,612,430
390320,RAJASTHAN,613,6
390320,RAJASTHAN,614,288
390320,RAJASTHAN,615,166
390320,RAJASTHAN,616,86
390320,RAJASTHAN,617,220
390320,RAJASTHAN,618,367
390320,RAJASTHAN,619,394
390320,RAJASTHAN,620,85
390320,RAJASTHAN,621,95
390320,RAJASTHAN,622,471
390320,RAJASTHAN,623,272
390320,RAJASTHAN,624,212
390320,RAJASTHAN,625,621
390320,RAJASTHAN,626,389
390320,RAJASTHAN,627,96
390320,RAJASTHAN,628,102
390320,RAJASTHAN,629,65
390320,RAJASTHAN,630,184
390320,RAJASTHAN,631,71
390320,RAJASTHAN,632,73
390320,RAJASTHAN,633,149
390320,RAJASTHAN,634,459
390320,RAJASTHAN,635,125
390320,RAJASTHAN,636,588
390320,RAJASTHAN,637,335
390320,RAJASTHAN,638,234
390320,RAJASTHAN,639,68
390320,RAJASTHAN,640,146
390320,RAJASTHAN,641,198
390320,RAJASTHAN,642,92
390320,RAJASTHAN,643,214
390320,RAJASTHAN,644,23
390320,RAJASTHAN,645,141
390320,RAJASTHAN,646,433
390320,RAJASTHAN,647,442
390320,RAJASTHAN,648,122
390320,RAJASTHAN,649,293
390320,RAJASTHAN,650,630
390320,RAJASTHAN,651,65
390320,RAJASTHAN,652,524
390320,RAJASTHAN,653,229
390320,RAJASTHAN,654,469
390320,RAJASTHAN,655,191
390320,RAJASTHAN,656,207
390320,RAJASTHAN,657,256
390320,RAJASTHAN,658,673
390320,RAJASTHAN,659,134
390320,RAJASTHAN,660,278
390320,RAJASTHAN,661,213
390320,RAJASTHAN,662,213
390320,RAJASTHAN,663,240
390320,RAJASTHAN,664,120
390320,RAJASTHAN,665,50
390320,RAJASTHAN,666,223
390320,RAJASTHAN,667,143
390320,RAJASTHAN,668,276
390320,RAJASTHAN,669,119
390320,RAJASTHAN,670,118
390320,RAJASTHAN,671,228
390320,RAJASTHAN,672,565
390320,RAJASTHAN,673,200
390320,RAJASTHAN,674,586
390320,RAJASTHAN,675,115
390320,RAJASTHAN,676,281
390320,RAJASTHAN,677,453
390320,RAJASTHAN,678,501
390320,RAJASTHAN,679,188
390320,RAJASTHAN,680,150
390320,RAJASTHAN,681,72
390320,RAJASTHAN,682,509
390320,RAJASTHAN,683,267
390320,RAJASTHAN,684,167
390320,RAJASTHAN,685,364
390320,RAJASTHAN,686,617
390320,RAJASTHAN,687,125
390320,RAJASTHAN,688,46
390320,RAJASTHAN,689,172
390320,RAJASTHAN,690,272
390320,RAJASTHAN,691,129
390320,RAJASTHAN,692,184
390320,RAJASTHAN,693,149
390320,RAJASTHAN,694,129
390320,RAJASTHAN,695,360
390320,RAJASTHAN,696,123
390320,RAJASTHAN,697,142
390320,RAJASTHAN,698,427
390320,RAJASTHAN,699,445
390320,RAJASTHAN,700,196
390320,RAJASTHAN,701,56
390320,RAJASTHAN,702,77
390320,RAJASTHAN,703,497
390320,RAJASTHAN,704,206
390320,RAJASTHAN,705,233
390320,RAJASTHAN,706,30
390320,RAJASTHAN,707,490
390320,RAJASTHAN,708,573
390320,RAJASTHAN,709,90
390320,RAJASTHAN,710,256
390320,RAJASTHAN,711,505
390320,RAJASTHAN,712,141
390320,RAJASTHAN,713,610
390320,RAJASTHAN,714,144
390320,RAJASTHAN,715,100
390320,RAJASTHAN,716,66
390320,RAJASTHAN,717,158
390320,RAJASTHAN,718,126
390320,RAJASTHAN,719,198
390320,RAJASTHAN,720,519
390320,RAJASTHAN,721,295
390320,RAJASTHAN,722,69
390320,RAJASTHAN,723,218
390320,RAJASTHAN,724,446
390320,RAJASTHAN,725,115
390320,RAJASTHAN,726,67
390320,RAJASTHAN,727,272
390320,RAJASTHAN,728,45
390320,RAJASTHAN,729,182
390320,RAJASTHAN,730,55
390320,RAJASTHAN,731,330
390320,RAJASTHAN,732,201
390320,RAJASTHAN,733,470
390320,RAJASTHAN,734,138
390320,RAJASTHAN,735,421
390320,RAJASTHAN,736,331
390320,RAJASTHAN,737,135
390320,RAJASTHAN,738,150
390320,RAJASTHAN,739,344
390320,RAJASTHAN,740,332
390320,RAJASTHAN,741,438
390320,RAJASTHAN,742,235
390320,RAJASTHAN,743,293
390320,RAJASTHAN,744,95
390320,RAJASTHAN,745,51
390320,RAJASTHAN,746,232
390320,RAJASTHAN,747,617
390320,RAJASTHAN,748,116
390320,RAJASTHAN,749,472
390320,RAJASTHAN,750,374
390320,RAJASTHAN,751,598
390320,RAJASTHAN,752,162
390320,RAJASTHAN,753,203
390320,RAJASTHAN,754,600
390320,RAJASTHAN,755,303
390320,RAJASTHAN,756,68
390320,RAJASTHAN,757,288
390320,RAJASTHAN,758,695
390320,RAJASTHAN,759,94
390320,RAJASTHAN,760,148
390320,RAJASTHAN,761,601
390320,RAJASTHAN,762,417
390320,RAJASTHAN,763,220
390320,RAJASTHAN,764,355
390320,RAJASTHAN,765,314
390320,RAJASTHAN,766,170
390320,RAJASTHAN,767,614
390320,RAJASTHAN,768,106
390320,RAJASTHAN,769,71
390320,RAJASTHAN,770,164
390320,RAJASTHAN,771,566
390320,RAJASTHAN,772,33
390320,RAJASTHAN,773,353
390320,RAJASTHAN,774,647
390320,RAJASTHAN,775,103
390320,RAJASTHAN,1,777
390320,RAJASTHAN,382,778
390320,RAJASTHAN,59,779
390320,RAJASTHAN,416,780
390320,RAJASTHAN,781,685
390320,RAJASTHAN,782,407
390320,RAJASTHAN,783,378
390320,RAJASTHAN,784,529
390320,RAJASTHAN,785,197
390320,RAJASTHAN,786,219
390320,RAJASTHAN,787,434
390320,RAJASTHAN,788,40
390320,RAJASTHAN,789,137
390320,RAJASTHAN,790,130
390320,RAJASTHAN,791,116
390320,RAJASTHAN,792,116
390320,RAJASTHAN,793,534
390320,RAJASTHAN,794,523
390320,RAJASTHAN,795,60
390320,RAJASTHAN,796,16
390320,RAJASTHAN,797,273
390320,RAJASTHAN,798,715
390320,RAJASTHAN,799,413
390320,RAJASTHAN,800,240
390320,RAJASTHAN,801,157
390320,RAJASTHAN,802,206
390320,RAJASTHAN,803,379
390320,RAJASTHAN,804,196
390320,RAJASTHAN,805,523
390320,RAJASTHAN,806,277
390320,RAJASTHAN,807,410
390320,RAJASTHAN,808,114
390320,RAJASTHAN,809,212
390320,RAJASTHAN,810,124
390320,RAJASTHAN,811,531
390320,RAJASTHAN,812,57
390320,RAJASTHAN,813,87
390320,RAJASTHAN,814,112
390320,RAJASTHAN,815,121
390320,RAJASTHAN,816,425
390320,RAJASTHAN,817,88
390320,RAJASTHAN,818,650
390320,RAJASTHAN,819,459
390320,RAJASTHAN,820,69
390320,RAJASTHAN,821,60
390320,RAJASTHAN,822,73
390320,RAJASTHAN,823,449
390320,RAJASTHAN,824,307
390320,RAJASTHAN,825,251
390320,RAJASTHAN,826,125
390320,RAJASTHAN,827,279
390320,RAJASTHAN,828,53
390320,RAJASTHAN,829,112
390320,RAJASTHAN,830,233
390320,RAJASTHAN,831,243
390320,RAJASTHAN,832,87
390320,RAJASTHAN,833,427
390320,RAJASTHAN,834,35
390320,RAJASTHAN,835,124
390320,RAJASTHAN,836,153
390320,RAJASTHAN,837,184
390320,RAJASTHAN,838,642
390320,RAJASTHAN,839,262
390320,RAJASTHAN,840,233
390320,RAJASTHAN,841,288
390320,RAJASTHAN,842,222
390320,RAJASTHAN,843,55
390320,RAJASTHAN,844,353
390320,RAJASTHAN,845,321
390320,RAJASTHAN,846,440
390320,RAJASTHAN,847,250
390320,RAJASTHAN,848,700
390320,RAJASTHAN,849,27
390320,RAJASTHAN,850,35
390320,RAJASTHAN,851,459
390320,RAJASTHAN,852,268
390320,RAJASTHAN,853,55
390320,RAJASTHAN,854,343
390320,RAJASTHAN,855,484
390320,RAJASTHAN,856,137
390320,RAJASTHAN,857,119
390320,RAJASTHAN,858,145
390320,RAJASTHAN,859,155
390320,RAJASTHAN,860,352
390320,RAJASTHAN,861,424
390320,RAJASTHAN,862,480
390320,RAJASTHAN,863,324
390320,RAJASTHAN,864,321
390320,RAJASTHAN,865,99
390320,RAJASTHAN,866,47
390320,RAJASTHAN,867,367
390320,RAJASTHAN,868,188
390320,RAJASTHAN,869,212
390320,RAJASTHAN,870,586
390320,RAJASTHAN,871,541
390320,RAJASTHAN,872,483
390320,RAJASTHAN,873,384
390320,RAJASTHAN,874,246
390320,RAJASTHAN,875,225
390320,RAJASTHAN,876,409
390320,RAJASTHAN,877,188
390320,RAJASTHAN,878,69
390320,RAJASTHAN,879,560
390320,RAJASTHAN,880,572
390320,RAJASTHAN,881,226
390320,RAJASTHAN,882,61
390320,RAJASTHAN,883,63
390320,RAJASTHAN,884,97
390320,RAJASTHAN,885,213
390320,RAJASTHAN,886,615
390320,RAJASTHAN,887,186
390320,RAJASTHAN,888,353
390320,RAJASTHAN,889,167
