Center Number,State Name,Srl No,Marks
390531,RAJASTHAN,1,400
390531,RAJASTHAN,2,565
390531,RAJASTHAN,3,54
390531,RAJASTHAN,4,217
390531,RAJASTHAN,5,158
390531,RAJASTHAN,6,429
390531,RAJASTHAN,7,119
390531,RAJASTHAN,8,167
390531,RAJASTHAN,9,86
390531,RAJASTHAN,10,230
390531,RAJASTHAN,11,313
390531,RAJASTHAN,12,360
390531,RAJASTHAN,13,183
390531,RAJASTHAN,14,448
390531,RAJASTHAN,15,663
390531,RAJASTHAN,16,274
390531,RAJASTHAN,17,391
390531,RAJASTHAN,18,188
390531,RAJASTHAN,19,197
390531,RAJASTHAN,20,450
390531,RAJASTHAN,21,443
390531,RAJASTHAN,22,348
390531,RAJASTHAN,23,465
390531,RAJASTHAN,24,276
390531,RAJASTHAN,25,291
390531,RAJASTHAN,26,214
390531,RAJASTHAN,27,578
390531,RAJASTHAN,28,544
390531,RAJASTHAN,29,315
390531,RAJASTHAN,30,147
390531,RAJASTHAN,31,158
390531,RAJASTHAN,32,89
390531,RAJASTHAN,33,414
390531,RAJASTHAN,34,685
390531,RAJASTHAN,35,653
390531,RAJASTHAN,36,279
390531,RAJASTHAN,37,320
390531,RAJASTHAN,38,101
390531,RAJASTHAN,39,183
390531,RAJASTHAN,40,482
390531,RAJASTHAN,41,636
390531,RAJASTHAN,42,220
390531,RAJASTHAN,43,361
390531,RAJASTHAN,44,394
390531,RAJASTHAN,45,288
390531,RAJASTHAN,46,480
390531,RAJASTHAN,47,264
390531,RAJASTHAN,48,203
390531,RAJASTHAN,49,62
390531,RAJASTHAN,50,114
390531,RAJASTHAN,51,443
390531,RAJASTHAN,52,88
390531,RAJASTHAN,53,658
390531,RAJASTHAN,54,137
390531,RAJASTHAN,55,21
390531,RAJASTHAN,56,72
390531,RAJASTHAN,57,661
390531,RAJASTHAN,58,476
390531,RAJASTHAN,59,95
390531,RAJASTHAN,60,562
390531,RAJASTHAN,61,304
390531,RAJASTHAN,62,106
390531,RAJASTHAN,63,305
390531,RAJASTHAN,64,479
390531,RAJASTHAN,65,283
390531,RAJASTHAN,66,157
390531,RAJASTHAN,67,328
390531,RAJASTHAN,68,155
390531,RAJASTHAN,69,676
390531,RAJASTHAN,70,111
390531,RAJASTHAN,71,171
390531,RAJASTHAN,72,627
390531,RAJASTHAN,73,675
390531,RAJASTHAN,74,120
390531,RAJASTHAN,75,248
390531,RAJASTHAN,76,375
390531,RAJASTHAN,77,325
390531,RAJASTHAN,78,575
390531,RAJASTHAN,79,149
390531,RAJASTHAN,80,486
390531,RAJASTHAN,81,350
390531,RAJASTHAN,82,245
390531,RAJASTHAN,83,210
390531,RAJASTHAN,84,445
390531,RAJASTHAN,85,147
390531,RAJASTHAN,86,309
390531,RAJASTHAN,87,242
390531,RAJASTHAN,88,590
390531,RAJASTHAN,89,475
390531,RAJASTHAN,90,453
390531,RAJASTHAN,91,519
390531,RAJASTHAN,92,76
390531,RAJASTHAN,93,351
390531,RAJASTHAN,94,188
390531,RAJASTHAN,95,255
390531,RAJASTHAN,96,592
390531,RAJASTHAN,97,505
390531,RAJASTHAN,98,380
390531,RAJASTHAN,99,38
390531,RAJASTHAN,100,446
390531,RAJASTHAN,101,510
390531,RAJASTHAN,102,109
390531,RAJASTHAN,103,297
390531,RAJASTHAN,104,428
390531,RAJASTHAN,105,283
390531,RAJASTHAN,106,293
390531,RAJASTHAN,107,112
390531,RAJASTHAN,108,245
390531,RAJASTHAN,109,180
390531,RAJASTHAN,110,126
390531,RAJASTHAN,111,93
390531,RAJASTHAN,112,122
390531,RAJASTHAN,113,101
390531,RAJASTHAN,114,92
390531,RAJASTHAN,115,151
390531,RAJASTHAN,116,443
390531,RAJASTHAN,117,642
390531,RAJASTHAN,118,341
390531,RAJASTHAN,119,94
390531,RAJASTHAN,120,286
390531,RAJASTHAN,121,594
390531,RAJASTHAN,122,370
390531,RAJASTHAN,123,444
390531,RAJASTHAN,124,95
390531,RAJASTHAN,125,90
390531,RAJASTHAN,126,233
390531,RAJASTHAN,127,525
390531,RAJASTHAN,128,103
390531,RAJASTHAN,129,88
390531,RAJASTHAN,130,237
390531,RAJASTHAN,131,138
390531,RAJASTHAN,132,289
390531,RAJASTHAN,133,529
390531,RAJASTHAN,134,72
390531,RAJASTHAN,135,243
390531,RAJASTHAN,136,295
390531,RAJASTHAN,137,42
390531,RAJASTHAN,138,497
390531,RAJASTHAN,139,547
390531,RAJASTHAN,140,443
390531,RAJASTHAN,141,442
390531,RAJASTHAN,142,143
390531,RAJASTHAN,143,491
390531,RAJASTHAN,144,224
390531,RAJASTHAN,145,34
390531,RAJASTHAN,146,144
390531,RAJASTHAN,147,159
390531,RAJASTHAN,148,70
390531,RAJASTHAN,149,421
390531,RAJASTHAN,150,414
390531,RAJASTHAN,151,286
390531,RAJASTHAN,152,467
390531,RAJASTHAN,153,443
390531,RAJASTHAN,154,477
390531,RAJASTHAN,155,196
390531,RAJASTHAN,156,317
390531,RAJASTHAN,157,165
390531,RAJASTHAN,158,172
390531,RAJASTHAN,159,62
390531,RAJASTHAN,160,504
390531,RAJASTHAN,161,644
390531,RAJASTHAN,162,75
390531,RAJASTHAN,163,677
390531,RAJASTHAN,164,499
390531,RAJASTHAN,165,435
390531,RAJASTHAN,166,597
390531,RAJASTHAN,167,624
390531,RAJASTHAN,168,221
390531,RAJASTHAN,169,104
390531,RAJASTHAN,170,513
390531,RAJASTHAN,171,119
390531,RAJASTHAN,172,98
390531,RAJASTHAN,173,232
390531,RAJASTHAN,174,425
390531,RAJASTHAN,175,344
390531,RAJASTHAN,176,377
390531,RAJASTHAN,177,482
390531,RAJASTHAN,178,255
390531,RAJASTHAN,179,244
390531,RAJASTHAN,180,250
390531,RAJASTHAN,181,432
390531,RAJASTHAN,182,245
390531,RAJASTHAN,183,602
390531,RAJASTHAN,184,324
390531,RAJASTHAN,185,130
390531,RAJASTHAN,186,635
390531,RAJASTHAN,187,432
390531,RAJASTHAN,188,55
390531,RAJASTHAN,189,190
390531,RAJASTHAN,190,597
390531,RAJASTHAN,191,329
390531,RAJASTHAN,192,400
390531,RAJASTHAN,193,195
390531,RAJASTHAN,194,388
390531,RAJASTHAN,195,137
390531,RAJASTHAN,196,180
390531,RAJASTHAN,197,63
390531,RAJASTHAN,198,695
390531,RAJASTHAN,199,32
390531,RAJASTHAN,200,578
390531,RAJASTHAN,201,667
390531,RAJASTHAN,202,242
390531,RAJASTHAN,203,379
390531,RAJASTHAN,204,626
390531,RAJASTHAN,205,616
390531,RAJASTHAN,206,111
390531,RAJASTHAN,207,328
390531,RAJASTHAN,208,80
390531,RAJASTHAN,209,279
390531,RAJASTHAN,210,576
390531,RAJASTHAN,211,282
390531,RAJASTHAN,212,490
390531,RAJASTHAN,213,172
390531,RAJASTHAN,214,54
390531,RAJASTHAN,215,243
390531,RAJASTHAN,216,416
390531,RAJASTHAN,217,229
390531,RAJASTHAN,218,622
390531,RAJASTHAN,219,161
390531,RAJASTHAN,220,121
390531,RAJASTHAN,221,261
390531,RAJASTHAN,222,196
390531,RAJASTHAN,223,181
390531,RAJASTHAN,224,239
390531,RAJASTHAN,225,213
390531,RAJASTHAN,226,293
390531,RAJASTHAN,227,115
390531,RAJASTHAN,228,264
390531,RAJASTHAN,229,493
390531,RAJASTHAN,230,648
390531,RAJASTHAN,231,139
390531,RAJASTHAN,232,217
390531,RAJASTHAN,233,471
390531,RAJASTHAN,234,301
390531,RAJASTHAN,235,421
390531,RAJASTHAN,236,601
390531,RAJASTHAN,237,281
390531,RAJASTHAN,238,117
390531,RAJASTHAN,239,620
390531,RAJASTHAN,240,113
390531,RAJASTHAN,241,154
390531,RAJASTHAN,242,192
390531,RAJASTHAN,243,133
390531,RAJASTHAN,244,493
390531,RAJASTHAN,245,366
390531,RAJASTHAN,246,308
390531,RAJASTHAN,247,433
390531,RAJASTHAN,248,266
390531,RAJASTHAN,249,333
390531,RAJASTHAN,250,125
390531,RAJASTHAN,251,227
390531,RAJASTHAN,252,352
390531,RAJASTHAN,253,489
390531,RAJASTHAN,254,342
390531,RAJASTHAN,255,133
390531,RAJASTHAN,256,315
390531,RAJASTHAN,257,281
390531,RAJASTHAN,258,141
390531,RAJASTHAN,259,445
390531,RAJASTHAN,260,63
390531,RAJASTHAN,261,109
390531,RAJASTHAN,262,327
390531,RAJASTHAN,263,444
390531,RAJASTHAN,264,576
390531,RAJASTHAN,265,285
390531,RAJASTHAN,266,236
390531,RAJASTHAN,267,626
390531,RAJASTHAN,268,222
390531,RAJASTHAN,269,534
390531,RAJASTHAN,270,111
390531,RAJASTHAN,271,408
390531,RAJASTHAN,272,50
390531,RAJASTHAN,273,103
390531,RAJASTHAN,274,160
390531,RAJASTHAN,275,512
390531,RAJASTHAN,276,32
390531,RAJASTHAN,277,232
390531,RAJASTHAN,278,71
390531,RAJASTHAN,279,154
390531,RAJASTHAN,280,166
390531,RAJASTHAN,281,74
390531,RAJASTHAN,282,295
390531,RAJASTHAN,283,119
390531,RAJASTHAN,284,399
390531,RAJASTHAN,285,310
390531,RAJASTHAN,286,352
390531,RAJASTHAN,287,228
390531,RAJASTHAN,288,139
390531,RAJASTHAN,289,551
390531,RAJASTHAN,290,414
390531,RAJASTHAN,291,509
390531,RAJASTHAN,292,429
390531,RAJASTHAN,293,413
390531,RAJASTHAN,294,622
390531,RAJASTHAN,295,567
390531,RAJASTHAN,296,629
390531,RAJASTHAN,297,372
390531,RAJASTHAN,298,254
390531,RAJASTHAN,299,148
390531,RAJASTHAN,300,34
390531,RAJASTHAN,301,177
390531,RAJASTHAN,302,243
390531,RAJASTHAN,303,632
390531,RAJASTHAN,304,359
390531,RAJASTHAN,305,166
390531,RAJASTHAN,306,179
390531,RAJASTHAN,307,378
390531,RAJASTHAN,308,364
390531,RAJASTHAN,309,340
390531,RAJASTHAN,310,150
390531,RAJASTHAN,311,250
390531,RAJASTHAN,312,501
390531,RAJASTHAN,313,189
390531,RAJASTHAN,314,451
390531,RAJASTHAN,315,297
390531,RAJASTHAN,316,409
390531,RAJASTHAN,317,290
390531,RAJASTHAN,318,146
390531,RAJASTHAN,319,556
390531,RAJASTHAN,320,200
390531,RAJASTHAN,321,161
390531,RAJASTHAN,322,211
390531,RAJASTHAN,323,88
390531,RAJASTHAN,324,589
390531,RAJASTHAN,325,522
390531,RAJASTHAN,326,179
390531,RAJASTHAN,327,465
390531,RAJASTHAN,328,154
390531,RAJASTHAN,329,243
390531,RAJASTHAN,330,530
390531,RAJASTHAN,331,120
390531,RAJASTHAN,332,417
390531,RAJASTHAN,333,183
390531,RAJASTHAN,334,116
390531,RAJASTHAN,335,196
390531,RAJASTHAN,336,69
390531,RAJASTHAN,337,492
390531,RAJASTHAN,338,450
390531,RAJASTHAN,339,74
390531,RAJASTHAN,340,332
390531,RAJASTHAN,341,46
390531,RAJASTHAN,342,116
390531,RAJASTHAN,343,399
390531,RAJASTHAN,344,40
390531,RAJASTHAN,345,422
390531,RAJASTHAN,346,558
390531,RAJASTHAN,347,216
390531,RAJASTHAN,348,298
390531,RAJASTHAN,349,380
390531,RAJASTHAN,350,228
390531,RAJASTHAN,351,53
390531,RAJASTHAN,352,256
390531,RAJASTHAN,353,527
390531,RAJASTHAN,354,161
390531,RAJASTHAN,355,608
390531,RAJASTHAN,356,532
390531,RAJASTHAN,357,642
390531,RAJASTHAN,358,382
390531,RAJASTHAN,359,372
390531,RAJASTHAN,360,430
390531,RAJASTHAN,361,222
390531,RAJASTHAN,362,372
390531,RAJASTHAN,363,589
390531,RAJASTHAN,364,644
390531,RAJASTHAN,365,108
390531,RAJASTHAN,366,453
390531,RAJASTHAN,367,16
390531,RAJASTHAN,368,150
390531,RAJASTHAN,369,98
390531,RAJASTHAN,370,437
390531,RAJASTHAN,371,211
390531,RAJASTHAN,372,213
390531,RAJASTHAN,373,199
390531,RAJASTHAN,374,534
390531,RAJASTHAN,375,139
390531,RAJASTHAN,376,658
390531,RAJASTHAN,377,191
390531,RAJASTHAN,378,120
390531,RAJASTHAN,379,403
390531,RAJASTHAN,380,643
390531,RAJASTHAN,381,400
390531,RAJASTHAN,382,308
390531,RAJASTHAN,383,273
390531,RAJASTHAN,384,120
390531,RAJASTHAN,385,326
390531,RAJASTHAN,386,239
390531,RAJASTHAN,387,396
390531,RAJASTHAN,388,369
390531,RAJASTHAN,389,649
390531,RAJASTHAN,390,57
390531,RAJASTHAN,391,400
390531,RAJASTHAN,392,286
390531,RAJASTHAN,393,386
390531,RAJASTHAN,394,193
390531,RAJASTHAN,395,659
390531,RAJASTHAN,396,137
390531,RAJASTHAN,397,63
390531,RAJASTHAN,398,553
390531,RAJASTHAN,399,630
390531,RAJASTHAN,400,161
390531,RAJASTHAN,401,574
390531,RAJASTHAN,402,389
390531,RAJASTHAN,403,116
390531,RAJASTHAN,404,378
390531,RAJASTHAN,405,327
390531,RAJASTHAN,406,161
390531,RAJASTHAN,407,231
390531,RAJASTHAN,408,529
390531,RAJASTHAN,409,553
390531,RAJASTHAN,410,457
390531,RAJASTHAN,411,153
390531,RAJASTHAN,412,573
390531,RAJASTHAN,413,151
390531,RAJASTHAN,414,155
390531,RAJASTHAN,415,167
390531,RAJASTHAN,416,458
390531,RAJASTHAN,417,562
390531,RAJASTHAN,418,687
390531,RAJASTHAN,419,584
390531,RAJASTHAN,420,47
390531,RAJASTHAN,421,413
390531,RAJASTHAN,422,134
390531,RAJASTHAN,423,614
390531,RAJASTHAN,424,356
390531,RAJASTHAN,425,164
390531,RAJASTHAN,426,63
390531,RAJASTHAN,427,600
390531,RAJASTHAN,428,584
390531,RAJASTHAN,429,171
390531,RAJASTHAN,430,113
390531,RAJASTHAN,431,126
390531,RAJASTHAN,432,368
390531,RAJASTHAN,433,389
390531,RAJASTHAN,434,633
390531,RAJASTHAN,435,437
390531,RAJASTHAN,436,456
390531,RAJASTHAN,437,496
390531,RAJASTHAN,438,643
390531,RAJASTHAN,439,140
390531,RAJASTHAN,440,512
390531,RAJASTHAN,441,81
390531,RAJASTHAN,442,135
390531,RAJASTHAN,443,221
390531,RAJASTHAN,444,175
390531,RAJASTHAN,445,115
390531,RAJASTHAN,446,167
390531,RAJASTHAN,447,115
390531,RAJASTHAN,448,95
390531,RAJASTHAN,449,438
390531,RAJASTHAN,450,434
390531,RAJASTHAN,451,151
390531,RAJASTHAN,452,189
390531,RAJASTHAN,453,509
390531,RAJASTHAN,454,234
390531,RAJASTHAN,455,84
390531,RAJASTHAN,456,113
390531,RAJASTHAN,457,548
390531,RAJASTHAN,458,209
390531,RAJASTHAN,459,220
390531,RAJASTHAN,460,129
390531,RAJASTHAN,461,261
390531,RAJASTHAN,462,188
390531,RAJASTHAN,463,675
390531,RAJASTHAN,464,132
390531,RAJASTHAN,465,124
390531,RAJASTHAN,466,283
390531,RAJASTHAN,467,39
390531,RAJASTHAN,468,136
390531,RAJASTHAN,469,141
390531,RAJASTHAN,470,138
390531,RAJASTHAN,471,71
390531,RAJASTHAN,472,211
390531,RAJASTHAN,473,156
390531,RAJASTHAN,474,511
390531,RAJASTHAN,475,628
