Center Number,State Name,Srl No,Marks
390533,RAJASTHAN,1,395
390533,RAJASTHAN,2,386
390533,RAJASTHAN,3,193
390533,RAJASTHAN,4,682
390533,RAJASTHAN,5,241
390533,RAJASTHAN,6,317
390533,RAJASTHAN,7,43
390533,RAJASTHAN,8,259
390533,RAJASTHAN,9,191
390533,RAJASTHAN,10,598
390533,RAJASTHAN,11,165
390533,RAJASTHAN,12,175
390533,RAJASTHAN,13,102
390533,RAJASTHAN,14,54
390533,RAJASTHAN,15,118
390533,RAJASTHAN,16,272
390533,RAJASTHAN,17,560
390533,RAJASTHAN,18,239
390533,RAJASTHAN,19,213
390533,RAJASTHAN,20,513
390533,RAJASTHAN,21,176
390533,RAJASTHAN,22,604
390533,RAJASTHAN,23,86
390533,RAJASTHAN,24,651
390533,RAJASTHAN,25,174
390533,RAJASTHAN,26,155
390533,RAJASTHAN,27,291
390533,RAJASTHAN,28,121
390533,RAJASTHAN,29,475
390533,RAJASTHAN,30,194
390533,RAJASTHAN,31,172
390533,RAJASTHAN,32,193
390533,RAJASTHAN,33,147
390533,RAJASTHAN,34,461
390533,RAJASTHAN,35,400
390533,RAJASTHAN,36,650
390533,RAJASTHAN,37,164
390533,RAJASTHAN,38,346
390533,RAJASTHAN,39,497
390533,RAJASTHAN,40,250
390533,RAJASTHAN,41,252
390533,RAJASTHAN,42,585
390533,RAJASTHAN,43,522
390533,RAJASTHAN,44,481
390533,RAJASTHAN,45,25
390533,RAJASTHAN,46,326
390533,RAJASTHAN,47,121
390533,RAJASTHAN,48,351
390533,RAJASTHAN,49,159
390533,RAJASTHAN,50,413
390533,RAJASTHAN,51,482
390533,RAJASTHAN,52,208
390533,RAJASTHAN,53,580
390533,RAJASTHAN,54,421
390533,RAJASTHAN,55,620
390533,RAJASTHAN,56,147
390533,RAJASTHAN,57,127
390533,RAJASTHAN,58,548
390533,RAJASTHAN,59,491
390533,RAJASTHAN,60,228
390533,RAJASTHAN,61,523
390533,RAJASTHAN,62,576
390533,RAJASTHAN,63,102
390533,RAJASTHAN,64,105
390533,RAJASTHAN,65,210
390533,RAJASTHAN,66,124
390533,RAJASTHAN,67,237
390533,RAJASTHAN,68,86
390533,RAJASTHAN,69,694
390533,RAJASTHAN,70,139
390533,RAJASTHAN,71,472
390533,RAJASTHAN,72,257
390533,RAJASTHAN,73,264
390533,RAJASTHAN,74,397
390533,RAJASTHAN,75,331
390533,RAJASTHAN,76,227
390533,RAJASTHAN,77,148
390533,RAJASTHAN,78,242
390533,RAJASTHAN,79,260
390533,RAJASTHAN,80,68
390533,RAJASTHAN,81,495
390533,RAJASTHAN,82,388
390533,RAJASTHAN,83,559
390533,RAJASTHAN,84,180
390533,RAJASTHAN,85,38
390533,RAJASTHAN,86,178
390533,RAJASTHAN,87,156
390533,RAJASTHAN,88,61
390533,RAJASTHAN,89,113
390533,RAJASTHAN,90,428
390533,RAJASTHAN,91,139
390533,RAJASTHAN,92,447
390533,RAJASTHAN,93,135
390533,RAJASTHAN,94,211
390533,RAJASTHAN,95,434
390533,RAJASTHAN,96,75
390533,RAJASTHAN,97,632
390533,RAJASTHAN,98,116
390533,RAJASTHAN,99,330
390533,RAJASTHAN,100,66
390533,RAJASTHAN,101,157
390533,RAJASTHAN,102,150
390533,RAJASTHAN,103,161
390533,RAJASTHAN,104,249
390533,RAJASTHAN,105,109
390533,RAJASTHAN,106,619
390533,RAJASTHAN,107,178
390533,RAJASTHAN,108,419
390533,RAJASTHAN,109,25
390533,RAJASTHAN,110,72
390533,RAJASTHAN,111,336
390533,RAJASTHAN,112,108
390533,RAJASTHAN,113,257
390533,RAJASTHAN,114,409
390533,RAJASTHAN,115,508
390533,RAJASTHAN,116,652
390533,RAJASTHAN,117,444
390533,RAJASTHAN,118,190
390533,RAJASTHAN,119,123
390533,RAJASTHAN,120,564
390533,RAJASTHAN,121,578
390533,RAJASTHAN,122,613
390533,RAJASTHAN,123,612
390533,RAJASTHAN,124,85
390533,RAJASTHAN,125,437
390533,RAJASTHAN,126,50
390533,RAJASTHAN,127,273
390533,RAJASTHAN,128,430
390533,RAJASTHAN,129,628
390533,RAJASTHAN,130,264
390533,RAJASTHAN,131,665
390533,RAJASTHAN,132,382
390533,RAJASTHAN,133,33
390533,RAJASTHAN,134,158
390533,RAJASTHAN,135,440
390533,RAJASTHAN,136,330
390533,RAJASTHAN,137,111
390533,RAJASTHAN,138,40
390533,RAJASTHAN,139,298
390533,RAJASTHAN,140,463
390533,RAJASTHAN,141,42
390533,RAJASTHAN,142,643
390533,RAJASTHAN,143,247
390533,RAJASTHAN,144,448
390533,RAJASTHAN,145,134
390533,RAJASTHAN,146,683
390533,RAJASTHAN,147,333
390533,RAJASTHAN,148,444
390533,RAJASTHAN,149,276
390533,RAJASTHAN,150,681
390533,RAJASTHAN,151,165
390533,RAJASTHAN,152,269
390533,RAJASTHAN,153,490
390533,RAJASTHAN,154,159
390533,RAJASTHAN,155,221
390533,RAJASTHAN,156,118
390533,RAJASTHAN,157,88
390533,RAJASTHAN,158,262
390533,RAJASTHAN,159,168
390533,RAJASTHAN,160,550
390533,RAJASTHAN,161,450
390533,RAJASTHAN,162,27
390533,RAJASTHAN,163,32
390533,RAJASTHAN,164,545
390533,RAJASTHAN,165,74
390533,RAJASTHAN,166,343
390533,RAJASTHAN,167,160
390533,RAJASTHAN,168,425
390533,RAJASTHAN,169,270
390533,RAJASTHAN,170,423
390533,RAJASTHAN,171,446
390533,RAJASTHAN,172,207
390533,RAJASTHAN,173,544
390533,RAJASTHAN,174,459
390533,RAJASTHAN,175,115
390533,RAJASTHAN,176,225
390533,RAJASTHAN,177,578
390533,RAJASTHAN,178,329
390533,RAJASTHAN,179,198
390533,RAJASTHAN,180,667
390533,RAJASTHAN,181,348
390533,RAJASTHAN,182,451
390533,RAJASTHAN,183,111
390533,RAJASTHAN,184,345
390533,RAJASTHAN,185,150
390533,RAJASTHAN,186,162
390533,RAJASTHAN,187,117
390533,RAJASTHAN,188,395
390533,RAJASTHAN,189,292
390533,RAJASTHAN,190,128
390533,RAJASTHAN,191,188
390533,RAJASTHAN,192,169
390533,RAJASTHAN,193,250
390533,RAJASTHAN,194,338
390533,RAJASTHAN,195,401
390533,RAJASTHAN,196,235
390533,RAJASTHAN,197,452
390533,RAJASTHAN,198,576
390533,RAJASTHAN,199,631
390533,RAJASTHAN,200,459
390533,RAJASTHAN,201,169
390533,RAJASTHAN,202,199
390533,RAJASTHAN,203,358
390533,RAJASTHAN,204,710
390533,RAJASTHAN,205,92
390533,RAJASTHAN,206,348
390533,RAJASTHAN,207,425
390533,RAJASTHAN,208,186
390533,RAJASTHAN,209,519
390533,RAJASTHAN,210,595
390533,RAJASTHAN,211,91
390533,RAJASTHAN,212,192
390533,RAJASTHAN,213,289
390533,RAJASTHAN,214,433
390533,RAJASTHAN,215,100
390533,RAJASTHAN,216,564
390533,RAJASTHAN,217,95
390533,RAJASTHAN,218,532
390533,RAJASTHAN,219,383
390533,RAJASTHAN,220,512
390533,RAJASTHAN,221,189
390533,RAJASTHAN,222,179
390533,RAJASTHAN,223,53
390533,RAJASTHAN,224,476
390533,RAJASTHAN,225,448
390533,RAJASTHAN,226,245
390533,RAJASTHAN,227,129
390533,RAJASTHAN,228,438
390533,RAJASTHAN,229,149
390533,RAJASTHAN,230,356
390533,RAJASTHAN,231,126
390533,RAJASTHAN,232,432
390533,RAJASTHAN,233,650
390533,RAJASTHAN,234,223
390533,RAJASTHAN,235,290
390533,RAJASTHAN,236,517
390533,RAJASTHAN,237,311
390533,RAJASTHAN,238,398
390533,RAJASTHAN,239,195
390533,RAJASTHAN,240,239
390533,RAJASTHAN,241,340
390533,RAJASTHAN,242,248
390533,RAJASTHAN,243,587
390533,RAJASTHAN,244,563
390533,RAJASTHAN,245,348
390533,RAJASTHAN,246,288
390533,RAJASTHAN,247,15
390533,RAJASTHAN,248,64
390533,RAJASTHAN,249,201
390533,RAJASTHAN,250,230
390533,RAJASTHAN,251,630
390533,RAJASTHAN,252,557
390533,RAJASTHAN,253,105
390533,RAJASTHAN,254,249
390533,RAJASTHAN,255,516
390533,RAJASTHAN,256,143
390533,RAJASTHAN,257,65
390533,RAJASTHAN,258,269
390533,RAJASTHAN,259,358
390533,RAJASTHAN,260,245
390533,RAJASTHAN,261,389
390533,RAJASTHAN,262,319
390533,RAJASTHAN,263,177
390533,RAJASTHAN,264,349
390533,RAJASTHAN,265,627
390533,RAJASTHAN,266,264
390533,RAJASTHAN,267,157
390533,RAJASTHAN,268,312
390533,RAJASTHAN,269,491
390533,RAJASTHAN,270,644
390533,RAJASTHAN,271,179
390533,RAJASTHAN,272,491
390533,RAJASTHAN,273,483
390533,RAJASTHAN,274,265
390533,RAJASTHAN,275,690
390533,RAJASTHAN,276,621
390533,RAJASTHAN,277,388
390533,RAJASTHAN,278,382
390533,RAJASTHAN,279,267
390533,RAJASTHAN,280,187
390533,RAJASTHAN,281,86
390533,RAJASTHAN,282,320
390533,RAJASTHAN,283,400
390533,RAJASTHAN,284,116
390533,RAJASTHAN,285,446
390533,RAJASTHAN,286,108
390533,RAJASTHAN,287,149
390533,RAJASTHAN,288,612
390533,RAJASTHAN,289,605
390533,RAJASTHAN,290,601
390533,RAJASTHAN,291,270
390533,RAJASTHAN,292,145
390533,RAJASTHAN,293,551
390533,RAJASTHAN,294,628
390533,RAJASTHAN,295,405
390533,RAJASTHAN,296,257
390533,RAJASTHAN,297,57
390533,RAJASTHAN,298,596
390533,RAJASTHAN,299,519
390533,RAJASTHAN,300,256
390533,RAJASTHAN,301,317
390533,RAJASTHAN,302,50
390533,RAJASTHAN,303,520
390533,RAJASTHAN,304,632
390533,RAJASTHAN,305,456
390533,RAJASTHAN,306,120
390533,RAJASTHAN,307,222
390533,RAJASTHAN,308,609
390533,RAJASTHAN,309,301
390533,RAJASTHAN,310,368
390533,RAJASTHAN,311,115
390533,RAJASTHAN,312,515
390533,RAJASTHAN,313,182
390533,RAJASTHAN,314,84
390533,RAJASTHAN,315,269
390533,RAJASTHAN,316,209
390533,RAJASTHAN,317,188
390533,RAJASTHAN,318,376
390533,RAJASTHAN,319,243
390533,RAJASTHAN,320,377
390533,RAJASTHAN,321,241
390533,RAJASTHAN,322,642
390533,RAJASTHAN,323,566
390533,RAJASTHAN,324,205
390533,RAJASTHAN,325,177
390533,RAJASTHAN,326,370
390533,RAJASTHAN,327,550
390533,RAJASTHAN,328,397
390533,RAJASTHAN,329,200
390533,RAJASTHAN,330,294
390533,RAJASTHAN,331,353
390533,RAJASTHAN,332,421
390533,RAJASTHAN,333,519
390533,RAJASTHAN,334,507
390533,RAJASTHAN,335,641
390533,RAJASTHAN,336,552
390533,RAJASTHAN,337,131
390533,RAJASTHAN,338,649
390533,RAJASTHAN,339,338
390533,RAJASTHAN,340,532
390533,RAJASTHAN,341,625
390533,RAJASTHAN,342,458
390533,RAJASTHAN,343,91
390533,RAJASTHAN,344,195
390533,RAJASTHAN,345,79
390533,RAJASTHAN,346,230
390533,RAJASTHAN,347,342
390533,RAJASTHAN,348,102
390533,RAJASTHAN,349,643
390533,RAJASTHAN,350,69
390533,RAJASTHAN,351,250
390533,RAJASTHAN,352,636
390533,RAJASTHAN,353,286
390533,RAJASTHAN,354,245
390533,RAJASTHAN,355,190
390533,RAJASTHAN,356,158
390533,RAJASTHAN,357,473
390533,RAJASTHAN,358,242
390533,RAJASTHAN,359,448
390533,RAJASTHAN,360,576
390533,RAJASTHAN,361,215
390533,RAJASTHAN,362,661
390533,RAJASTHAN,363,586
390533,RAJASTHAN,364,99
390533,RAJASTHAN,365,191
390533,RAJASTHAN,366,663
390533,RAJASTHAN,367,436
390533,RAJASTHAN,368,338
390533,RAJASTHAN,369,606
390533,RAJASTHAN,370,464
390533,RAJASTHAN,371,436
390533,RAJASTHAN,372,109
390533,RAJASTHAN,373,160
390533,RAJASTHAN,374,163
390533,RAJASTHAN,375,633
390533,RAJASTHAN,376,175
390533,RAJASTHAN,377,207
390533,RAJASTHAN,378,349
390533,RAJASTHAN,379,185
390533,RAJASTHAN,380,308
390533,RAJASTHAN,381,136
390533,RAJASTHAN,382,260
390533,RAJASTHAN,383,271
390533,RAJASTHAN,384,246
390533,RAJASTHAN,385,180
390533,RAJASTHAN,386,554
390533,RAJASTHAN,387,657
390533,RAJASTHAN,388,318
390533,RAJASTHAN,389,62
390533,RAJASTHAN,390,257
390533,RAJASTHAN,391,594
390533,RAJASTHAN,392,112
390533,RAJASTHAN,393,116
390533,RAJASTHAN,394,497
390533,RAJASTHAN,395,359
390533,RAJASTHAN,396,287
390533,RAJASTHAN,397,448
390533,RAJASTHAN,398,239
390533,RAJASTHAN,399,685
390533,RAJASTHAN,400,546
390533,RAJASTHAN,401,670
390533,RAJASTHAN,402,265
390533,RAJASTHAN,403,348
390533,RAJASTHAN,404,177
390533,RAJASTHAN,405,86
390533,RAJASTHAN,406,701
390533,RAJASTHAN,407,667
390533,RAJASTHAN,408,528
390533,RAJASTHAN,409,488
390533,RAJASTHAN,410,122
390533,RAJASTHAN,411,597
390533,RAJASTHAN,412,316
390533,RAJASTHAN,413,219
390533,RAJASTHAN,414,78
390533,RAJASTHAN,415,608
390533,RAJASTHAN,416,83
390533,RAJASTHAN,417,172
390533,RAJASTHAN,418,358
390533,RAJASTHAN,419,147
390533,RAJASTHAN,420,435
390533,RAJASTHAN,421,132
390533,RAJASTHAN,422,410
390533,RAJASTHAN,423,398
390533,RAJASTHAN,424,486
390533,RAJASTHAN,425,165
390533,RAJASTHAN,426,323
390533,RAJASTHAN,427,434
390533,RAJASTHAN,428,661
390533,RAJASTHAN,429,627
390533,RAJASTHAN,430,330
390533,RAJASTHAN,431,443
390533,RAJASTHAN,432,70
390533,RAJASTHAN,433,295
390533,RAJASTHAN,434,666
390533,RAJASTHAN,435,89
390533,RAJASTHAN,436,184
390533,RAJASTHAN,437,129
390533,RAJASTHAN,438,256
390533,RAJASTHAN,439,317
390533,RAJASTHAN,440,86
390533,RAJASTHAN,441,351
390533,RAJASTHAN,442,246
390533,RAJASTHAN,443,321
390533,RAJASTHAN,444,486
390533,RAJASTHAN,445,509
390533,RAJASTHAN,446,172
390533,RAJASTHAN,447,270
390533,RAJASTHAN,448,169
390533,RAJASTHAN,449,524
390533,RAJASTHAN,450,579
390533,RAJASTHAN,451,332
390533,RAJASTHAN,452,127
390533,RAJASTHAN,453,291
390533,RAJASTHAN,454,143
390533,RAJASTHAN,455,219
390533,RAJASTHAN,456,184
390533,RAJASTHAN,457,365
390533,RAJASTHAN,458,115
390533,RAJASTHAN,459,526
390533,RAJASTHAN,460,583
390533,RAJASTHAN,461,216
390533,RAJASTHAN,462,666
390533,RAJASTHAN,463,672
390533,RAJASTHAN,464,123
390533,RAJASTHAN,465,614
390533,RAJASTHAN,466,611
390533,RAJASTHAN,467,250
390533,RAJASTHAN,468,170
390533,RAJASTHAN,469,651
390533,RAJASTHAN,470,152
390533,RAJASTHAN,471,94
390533,RAJASTHAN,472,583
390533,RAJASTHAN,473,99
390533,RAJASTHAN,474,292
390533,RAJASTHAN,475,206
390533,RAJASTHAN,476,167
