Center Number,State Name,Srl No,Marks
390524,RAJASTHAN,1,254
390524,RAJASTHAN,2,304
390524,RAJASTHAN,3,126
390524,RAJASTHAN,4,562
390524,RAJASTHAN,5,133
390524,RAJASTHAN,6,204
390524,RAJASTHAN,7,385
390524,RAJASTHAN,8,240
390524,RAJASTHAN,9,82
390524,RAJASTHAN,10,287
390524,RAJASTHAN,11,209
390524,RAJASTHAN,12,552
390524,RAJASTHAN,13,335
390524,RAJASTHAN,14,372
390524,RAJASTHAN,15,412
390524,RAJASTHAN,16,235
390524,RAJASTHAN,17,645
390524,RAJASTHAN,18,577
390524,RAJASTHAN,19,308
390524,RAJASTHAN,20,121
390524,RAJASTHAN,21,170
390524,RAJASTHAN,22,148
390524,RAJASTHAN,23,269
390524,RAJASTHAN,24,276
390524,RAJASTHAN,25,153
390524,RAJASTHAN,26,79
390524,RAJASTHAN,27,529
390524,RAJASTHAN,28,578
390524,RAJASTHAN,29,394
390524,RAJASTHAN,30,184
390524,RAJASTHAN,31,183
390524,RAJASTHAN,32,651
390524,RAJASTHAN,33,254
390524,RAJASTHAN,34,233
390524,RAJASTHAN,35,652
390524,RAJASTHAN,36,632
390524,RAJASTHAN,37,251
390524,RAJASTHAN,38,462
390524,RAJASTHAN,39,306
390524,RAJASTHAN,40,229
390524,RAJASTHAN,41,107
390524,RAJASTHAN,42,319
390524,RAJASTHAN,43,124
390524,RAJASTHAN,44,80
390524,RAJASTHAN,45,294
390524,RAJASTHAN,46,96
390524,RAJASTHAN,47,79
390524,RAJASTHAN,48,181
390524,RAJASTHAN,49,609
390524,RAJASTHAN,50,224
390524,RAJASTHAN,51,264
390524,RAJASTHAN,52,601
390524,RAJASTHAN,53,259
390524,RAJASTHAN,54,551
390524,RAJASTHAN,55,145
390524,RAJASTHAN,56,427
390524,RAJASTHAN,57,515
390524,RAJASTHAN,58,108
390524,RAJASTHAN,59,369
390524,RAJASTHAN,60,185
390524,RAJASTHAN,61,226
390524,RAJASTHAN,62,573
390524,RAJASTHAN,63,346
390524,RAJASTHAN,64,240
390524,RAJASTHAN,65,603
390524,RAJASTHAN,66,43
390524,RAJASTHAN,67,61
390524,RAJASTHAN,68,85
390524,RAJASTHAN,69,140
390524,RAJASTHAN,70,445
390524,RAJASTHAN,71,70
390524,RAJASTHAN,72,181
390524,RAJASTHAN,73,313
390524,RAJASTHAN,74,112
390524,RAJASTHAN,75,205
390524,RAJASTHAN,76,553
390524,RAJASTHAN,77,504
390524,RAJASTHAN,78,705
390524,RAJASTHAN,79,213
390524,RAJASTHAN,80,662
390524,RAJASTHAN,81,270
390524,RAJASTHAN,82,62
390524,RAJASTHAN,83,372
390524,RAJASTHAN,84,600
390524,RAJASTHAN,85,563
390524,RAJASTHAN,86,339
390524,RAJASTHAN,87,254
390524,RAJASTHAN,88,636
390524,RAJASTHAN,89,645
390524,RAJASTHAN,90,143
390524,RAJASTHAN,91,320
390524,RAJASTHAN,92,168
390524,RAJASTHAN,93,69
390524,RAJASTHAN,94,195
390524,RAJASTHAN,95,312
390524,RAJASTHAN,96,115
390524,RAJASTHAN,97,178
390524,RAJASTHAN,98,110
390524,RAJASTHAN,99,187
390524,RAJASTHAN,100,324
390524,RAJASTHAN,101,211
390524,RAJASTHAN,102,496
390524,RAJASTHAN,103,328
390524,RAJASTHAN,104,167
390524,RAJASTHAN,105,660
390524,RAJASTHAN,106,57
390524,RAJASTHAN,107,351
390524,RAJASTHAN,108,373
390524,RAJASTHAN,109,636
390524,RAJASTHAN,110,147
390524,RAJASTHAN,111,14
390524,RAJASTHAN,112,296
390524,RAJASTHAN,113,277
390524,RAJASTHAN,114,364
390524,RAJASTHAN,115,139
390524,RAJASTHAN,116,400
390524,RAJASTHAN,117,384
390524,RAJASTHAN,118,488
390524,RAJASTHAN,119,82
390524,RAJASTHAN,120,293
390524,RAJASTHAN,121,309
390524,RAJASTHAN,122,358
390524,RAJASTHAN,123,430
390524,RAJASTHAN,124,661
390524,RAJASTHAN,125,589
390524,RAJASTHAN,126,399
390524,RAJASTHAN,127,239
390524,RAJASTHAN,128,160
390524,RAJASTHAN,129,442
390524,RAJASTHAN,130,202
390524,RAJASTHAN,131,224
390524,RAJASTHAN,132,382
390524,RAJASTHAN,133,135
390524,RAJASTHAN,134,561
390524,RAJASTHAN,135,266
390524,RAJASTHAN,136,265
390524,RAJASTHAN,137,93
390524,RAJASTHAN,138,123
390524,RAJASTHAN,139,657
390524,RAJASTHAN,140,241
390524,RAJASTHAN,141,115
390524,RAJASTHAN,142,347
390524,RAJASTHAN,143,174
390524,RAJASTHAN,144,449
390524,RAJASTHAN,145,656
390524,RAJASTHAN,146,284
390524,RAJASTHAN,147,620
390524,RAJASTHAN,148,343
390524,RAJASTHAN,149,505
390524,RAJASTHAN,150,638
390524,RAJASTHAN,151,460
390524,RAJASTHAN,152,312
390524,RAJASTHAN,153,20
390524,RAJASTHAN,154,198
390524,RAJASTHAN,155,529
390524,RAJASTHAN,156,230
390524,RAJASTHAN,157,193
390524,RAJASTHAN,158,488
390524,RAJASTHAN,159,621
390524,RAJASTHAN,160,486
390524,RAJASTHAN,161,364
390524,RAJASTHAN,162,398
390524,RAJASTHAN,163,105
390524,RAJASTHAN,164,490
390524,RAJASTHAN,165,225
390524,RAJASTHAN,166,243
390524,RAJASTHAN,167,39
390524,RAJASTHAN,168,227
390524,RAJASTHAN,169,273
390524,RAJASTHAN,170,193
390524,RAJASTHAN,171,124
390524,RAJASTHAN,172,61
390524,RAJASTHAN,173,352
390524,RAJASTHAN,174,75
390524,RAJASTHAN,175,398
390524,RAJASTHAN,176,254
390524,RAJASTHAN,177,334
390524,RAJASTHAN,178,447
390524,RAJASTHAN,179,128
390524,RAJASTHAN,180,169
390524,RAJASTHAN,181,306
390524,RAJASTHAN,182,41
390524,RAJASTHAN,183,233
390524,RAJASTHAN,184,533
390524,RAJASTHAN,185,380
390524,RAJASTHAN,186,493
390524,RAJASTHAN,187,429
390524,RAJASTHAN,188,112
390524,RAJASTHAN,189,669
390524,RAJASTHAN,190,67
390524,RAJASTHAN,191,594
390524,RAJASTHAN,192,130
390524,RAJASTHAN,193,205
390524,RAJASTHAN,194,77
390524,RAJASTHAN,195,565
390524,RAJASTHAN,196,705
390524,RAJASTHAN,197,272
390524,RAJASTHAN,198,670
390524,RAJASTHAN,199,210
390524,RAJASTHAN,200,366
390524,RAJASTHAN,201,98
390524,RAJASTHAN,202,557
390524,RAJASTHAN,203,627
390524,RAJASTHAN,204,598
390524,RAJASTHAN,205,212
390524,RAJASTHAN,206,218
390524,RAJASTHAN,207,38
390524,RAJASTHAN,208,113
390524,RAJASTHAN,209,46
390524,RAJASTHAN,210,667
390524,RAJASTHAN,211,569
390524,RAJASTHAN,212,18
390524,RAJASTHAN,213,304
390524,RAJASTHAN,214,638
390524,RAJASTHAN,215,396
390524,RAJASTHAN,216,71
390524,RAJASTHAN,217,651
390524,RAJASTHAN,218,210
390524,RAJASTHAN,219,68
390524,RAJASTHAN,220,353
390524,RAJASTHAN,221,127
390524,RAJASTHAN,222,67
390524,RAJASTHAN,223,109
390524,RAJASTHAN,224,202
390524,RAJASTHAN,225,176
390524,RAJASTHAN,226,65
390524,RAJASTHAN,227,542
390524,RAJASTHAN,228,403
390524,RAJASTHAN,229,155
390524,RAJASTHAN,230,566
390524,RAJASTHAN,231,109
390524,RAJASTHAN,232,419
390524,RAJASTHAN,233,132
390524,RAJASTHAN,234,569
390524,RAJASTHAN,235,179
390524,RAJASTHAN,236,147
390524,RAJASTHAN,237,253
390524,RAJASTHAN,238,702
390524,RAJASTHAN,239,539
390524,RAJASTHAN,240,289
390524,RAJASTHAN,241,209
390524,RAJASTHAN,242,444
390524,RAJASTHAN,243,200
390524,RAJASTHAN,244,62
390524,RAJASTHAN,245,157
390524,RAJASTHAN,246,469
390524,RAJASTHAN,247,235
390524,RAJASTHAN,248,382
390524,RAJASTHAN,249,380
390524,RAJASTHAN,250,217
390524,RAJASTHAN,251,131
390524,RAJASTHAN,252,620
390524,RAJASTHAN,253,286
390524,RAJASTHAN,254,443
390524,RAJASTHAN,255,119
390524,RAJASTHAN,256,658
390524,RAJASTHAN,257,407
390524,RAJASTHAN,258,554
390524,RAJASTHAN,259,658
390524,RAJASTHAN,260,258
390524,RAJASTHAN,261,670
390524,RAJASTHAN,262,119
390524,RAJASTHAN,263,611
390524,RAJASTHAN,264,93
390524,RAJASTHAN,265,200
390524,RAJASTHAN,266,293
390524,RAJASTHAN,267,191
390524,RAJASTHAN,268,180
390524,RAJASTHAN,269,433
390524,RAJASTHAN,270,313
390524,RAJASTHAN,271,229
390524,RAJASTHAN,272,235
390524,RAJASTHAN,273,672
390524,RAJASTHAN,274,473
390524,RAJASTHAN,275,280
390524,RAJASTHAN,276,263
390524,RAJASTHAN,277,333
390524,RAJASTHAN,278,180
390524,RAJASTHAN,279,200
390524,RAJASTHAN,280,164
390524,RAJASTHAN,281,384
390524,RAJASTHAN,282,76
390524,RAJASTHAN,283,75
390524,RAJASTHAN,284,428
390524,RAJASTHAN,285,189
390524,RAJASTHAN,286,66
390524,RAJASTHAN,287,169
390524,RAJASTHAN,288,136
390524,RAJASTHAN,289,368
390524,RAJASTHAN,290,370
390524,RAJASTHAN,291,266
390524,RAJASTHAN,292,167
390524,RAJASTHAN,293,111
390524,RAJASTHAN,294,254
390524,RAJASTHAN,295,567
390524,RAJASTHAN,296,174
390524,RAJASTHAN,297,622
390524,RAJASTHAN,298,85
390524,RAJASTHAN,299,521
390524,RAJASTHAN,300,95
390524,RAJASTHAN,301,471
390524,RAJASTHAN,302,208
390524,RAJASTHAN,303,408
390524,RAJASTHAN,304,137
390524,RAJASTHAN,305,344
390524,RAJASTHAN,306,364
390524,RAJASTHAN,307,261
390524,RAJASTHAN,308,347
390524,RAJASTHAN,309,614
390524,RAJASTHAN,310,425
390524,RAJASTHAN,311,74
390524,RAJASTHAN,312,484
390524,RAJASTHAN,313,132
390524,RAJASTHAN,314,652
390524,RAJASTHAN,315,161
390524,RAJASTHAN,316,175
390524,RAJASTHAN,317,212
390524,RAJASTHAN,318,408
390524,RAJASTHAN,319,638
390524,RAJASTHAN,320,644
390524,RAJASTHAN,321,415
390524,RAJASTHAN,322,422
390524,RAJASTHAN,323,199
390524,RAJASTHAN,324,690
390524,RAJASTHAN,325,522
390524,RAJASTHAN,326,71
390524,RAJASTHAN,327,613
390524,RAJASTHAN,328,275
390524,RAJASTHAN,329,152
390524,RAJASTHAN,330,538
390524,RAJASTHAN,331,445
390524,RAJASTHAN,332,46
390524,RAJASTHAN,333,187
390524,RAJASTHAN,334,147
390524,RAJASTHAN,335,532
390524,RAJASTHAN,336,547
390524,RAJASTHAN,337,339
390524,RAJASTHAN,338,185
390524,RAJASTHAN,339,255
390524,RAJASTHAN,340,225
390524,RAJASTHAN,341,321
390524,RAJASTHAN,342,285
390524,RAJASTHAN,343,405
390524,RAJASTHAN,344,470
390524,RAJASTHAN,345,477
390524,RAJASTHAN,346,556
390524,RAJASTHAN,347,346
390524,RAJASTHAN,348,600
390524,RAJASTHAN,349,546
390524,RAJASTHAN,350,100
390524,RAJASTHAN,351,272
390524,RAJASTHAN,352,69
390524,RAJASTHAN,353,379
390524,RAJASTHAN,354,369
390524,RAJASTHAN,355,178
390524,RAJASTHAN,356,203
390524,RAJASTHAN,357,152
390524,RAJASTHAN,358,537
390524,RAJASTHAN,359,475
390524,RAJASTHAN,360,66
390524,RAJASTHAN,361,325
390524,RAJASTHAN,362,286
390524,RAJASTHAN,363,272
390524,RAJASTHAN,364,283
390524,RAJASTHAN,365,557
390524,RAJASTHAN,366,113
390524,RAJASTHAN,367,105
390524,RAJASTHAN,368,364
390524,RAJASTHAN,369,579
390524,RAJASTHAN,370,270
390524,RAJASTHAN,371,463
390524,RAJASTHAN,372,273
390524,RAJASTHAN,373,336
390524,RAJASTHAN,374,77
390524,RAJASTHAN,375,91
390524,RAJASTHAN,376,327
390524,RAJASTHAN,377,52
390524,RAJASTHAN,378,168
390524,RAJASTHAN,379,566
390524,RAJASTHAN,380,306
390524,RAJASTHAN,381,224
390524,RAJASTHAN,382,101
390524,RAJASTHAN,383,355
390524,RAJASTHAN,384,37
390524,RAJASTHAN,385,406
390524,RAJASTHAN,386,155
390524,RAJASTHAN,387,214
390524,RAJASTHAN,388,141
390524,RAJASTHAN,389,267
390524,RAJASTHAN,390,235
390524,RAJASTHAN,391,130
390524,RAJASTHAN,392,610
390524,RAJASTHAN,393,646
390524,RAJASTHAN,394,335
390524,RAJASTHAN,395,144
390524,RAJASTHAN,396,103
390524,RAJASTHAN,397,602
390524,RAJASTHAN,398,204
390524,RAJASTHAN,399,424
390524,RAJASTHAN,400,188
390524,RAJASTHAN,401,104
390524,RAJASTHAN,402,248
390524,RAJASTHAN,403,660
390524,RAJASTHAN,404,97
390524,RAJASTHAN,405,367
390524,RAJASTHAN,406,181
390524,RAJASTHAN,407,317
390524,RAJASTHAN,408,573
390524,RAJASTHAN,409,348
390524,RAJASTHAN,410,585
390524,RAJASTHAN,411,51
390524,RAJASTHAN,412,333
390524,RAJASTHAN,413,472
390524,RAJASTHAN,414,692
390524,RAJASTHAN,415,323
390524,RAJASTHAN,416,40
390524,RAJASTHAN,417,463
390524,RAJASTHAN,418,177
390524,RAJASTHAN,419,73
390524,RAJASTHAN,420,266
390524,RAJASTHAN,421,28
390524,RAJASTHAN,422,592
390524,RAJASTHAN,423,390
390524,RAJASTHAN,424,243
390524,RAJASTHAN,425,338
390524,RAJASTHAN,426,329
390524,RAJASTHAN,427,161
390524,RAJASTHAN,428,481
390524,RAJASTHAN,429,407
390524,RAJASTHAN,430,572
390524,RAJASTHAN,431,403
390524,RAJASTHAN,432,367
390524,RAJASTHAN,433,450
390524,RAJASTHAN,434,583
390524,RAJASTHAN,435,102
390524,RAJASTHAN,436,181
390524,RAJASTHAN,437,96
390524,RAJASTHAN,438,79
390524,RAJASTHAN,439,417
390524,RAJASTHAN,440,165
390524,RAJASTHAN,441,687
390524,RAJASTHAN,442,290
390524,RAJASTHAN,443,147
390524,RAJASTHAN,444,184
390524,RAJASTHAN,445,639
390524,RAJASTHAN,446,147
390524,RAJASTHAN,447,59
390524,RAJASTHAN,448,516
390524,RAJASTHAN,449,518
390524,RAJASTHAN,450,326
390524,RAJASTHAN,451,197
390524,RAJASTHAN,452,358
390524,RAJASTHAN,453,361
390524,RAJASTHAN,454,81
390524,RAJASTHAN,455,60
390524,RAJASTHAN,456,170
390524,RAJASTHAN,457,53
390524,RAJASTHAN,458,332
390524,RAJASTHAN,459,552
390524,RAJASTHAN,460,101
390524,RAJASTHAN,461,356
390524,RAJASTHAN,462,247
390524,RAJASTHAN,463,193
390524,RAJASTHAN,464,349
390524,RAJASTHAN,465,411
390524,RAJASTHAN,466,515
390524,RAJASTHAN,467,254
390524,RAJASTHAN,468,556
390524,RAJASTHAN,469,604
390524,RAJASTHAN,470,64
390524,RAJASTHAN,471,186
390524,RAJASTHAN,472,131
390524,RAJASTHAN,473,350
390524,RAJASTHAN,474,57
390524,RAJASTHAN,475,321
