Center Number,State Name,Srl No,Marks
390903,RAJASTHAN,1,56
390903,RAJASTHAN,2,337
390903,RAJASTHAN,3,85
390903,RAJASTHAN,4,50
390903,RAJASTHAN,5,237
390903,RAJASTHAN,6,109
390903,RAJASTHAN,7,209
390903,RAJASTHAN,8,153
390903,RAJASTHAN,9,41
390903,RAJASTHAN,10,73
390903,RAJASTHAN,11,638
390903,RAJASTHAN,12,522
390903,RAJASTHAN,13,288
390903,RAJASTHAN,14,206
390903,RAJASTHAN,15,259
390903,RAJASTHAN,16,228
390903,RAJASTHAN,17,223
390903,RAJASTHAN,18,249
390903,RAJASTHAN,19,504
390903,RAJASTHAN,20,194
390903,RAJASTHAN,21,38
390903,RAJASTHAN,22,151
390903,RAJASTHAN,23,192
390903,RAJASTHAN,24,600
390903,RAJASTHAN,25,112
390903,RAJASTHAN,26,292
390903,RAJASTHAN,27,55
390903,RAJASTHAN,28,486
390903,RAJASTHAN,29,367
390903,RAJASTHAN,30,621
390903,RAJASTHAN,31,95
390903,RAJASTHAN,32,111
390903,RAJASTHAN,33,325
390903,RAJASTHAN,34,194
390903,RAJASTHAN,35,290
390903,RAJASTHAN,36,89
390903,RAJASTHAN,37,47
390903,RAJASTHAN,38,611
390903,RAJASTHAN,39,288
390903,RAJASTHAN,40,19
390903,RAJASTHAN,41,227
390903,RAJASTHAN,42,416
390903,RAJASTHAN,43,349
390903,RAJASTHAN,44,117
390903,RAJASTHAN,45,159
390903,RAJASTHAN,46,445
390903,RAJASTHAN,47,127
390903,RAJASTHAN,48,89
390903,RAJASTHAN,49,50
390903,RAJASTHAN,50,102
390903,RAJASTHAN,51,124
390903,RAJASTHAN,52,315
390903,RAJASTHAN,53,496
390903,RAJASTHAN,54,156
390903,RAJASTHAN,55,505
390903,RAJASTHAN,56,190
390903,RAJASTHAN,57,45
390903,RAJASTHAN,58,69
390903,RAJASTHAN,59,435
390903,RAJASTHAN,60,289
390903,RAJASTHAN,61,81
390903,RAJASTHAN,62,320
390903,RAJASTHAN,63,144
390903,RAJASTHAN,64,162
390903,RAJASTHAN,65,340
390903,RAJASTHAN,66,302
390903,RAJASTHAN,67,356
390903,RAJASTHAN,68,539
390903,RAJASTHAN,69,106
390903,RAJASTHAN,70,231
390903,RAJASTHAN,71,168
390903,RAJASTHAN,72,167
390903,RAJASTHAN,73,540
390903,RAJASTHAN,74,128
390903,RAJASTHAN,75,144
390903,RAJASTHAN,76,259
390903,RAJASTHAN,77,148
390903,RAJASTHAN,78,446
390903,RAJASTHAN,79,81
390903,RAJASTHAN,80,257
390903,RAJASTHAN,81,293
390903,RAJASTHAN,82,660
390903,RAJASTHAN,83,175
390903,RAJASTHAN,84,92
390903,RAJASTHAN,85,203
390903,RAJASTHAN,86,58
390903,RAJASTHAN,87,15
390903,RAJASTHAN,88,519
390903,RAJASTHAN,89,385
390903,RAJASTHAN,90,106
390903,RAJASTHAN,91,226
390903,RAJASTHAN,92,245
390903,RAJASTHAN,93,448
390903,RAJASTHAN,94,333
390903,RAJASTHAN,95,170
390903,RAJASTHAN,96,139
390903,RAJASTHAN,97,106
390903,RAJASTHAN,98,182
390903,RAJASTHAN,99,84
390903,RAJASTHAN,100,495
390903,RAJASTHAN,101,277
390903,RAJASTHAN,102,135
390903,RAJASTHAN,103,591
390903,RAJASTHAN,104,83
390903,RAJASTHAN,105,66
390903,RAJASTHAN,106,34
390903,RAJASTHAN,107,566
390903,RAJASTHAN,108,94
390903,RAJASTHAN,109,421
390903,RAJASTHAN,110,78
390903,RAJASTHAN,111,467
390903,RAJASTHAN,112,317
390903,RAJASTHAN,113,296
390903,RAJASTHAN,114,330
390903,RAJASTHAN,115,356
390903,RAJASTHAN,116,78
390903,RAJASTHAN,117,91
390903,RAJASTHAN,118,284
390903,RAJASTHAN,119,242
390903,RAJASTHAN,120,458
390903,RAJASTHAN,121,234
390903,RAJASTHAN,122,76
390903,RAJASTHAN,123,297
390903,RAJASTHAN,124,99
390903,RAJASTHAN,125,415
390903,RAJASTHAN,126,336
390903,RAJASTHAN,127,86
390903,RAJASTHAN,128,104
390903,RAJASTHAN,129,347
390903,RAJASTHAN,130,139
390903,RAJASTHAN,131,413
390903,RAJASTHAN,132,100
390903,RAJASTHAN,133,640
390903,RAJASTHAN,134,168
390903,RAJASTHAN,135,165
390903,RAJASTHAN,136,78
390903,RAJASTHAN,137,407
390903,RAJASTHAN,138,58
390903,RAJASTHAN,139,331
390903,RAJASTHAN,140,246
390903,RAJASTHAN,141,240
390903,RAJASTHAN,142,28
390903,RAJASTHAN,143,325
390903,RAJASTHAN,144,139
390903,RAJASTHAN,145,264
390903,RAJASTHAN,146,224
390903,RAJASTHAN,147,18
390903,RAJASTHAN,148,141
390903,RAJASTHAN,149,404
390903,RAJASTHAN,150,139
390903,RAJASTHAN,151,329
390903,RAJASTHAN,152,111
390903,RAJASTHAN,153,131
390903,RAJASTHAN,154,112
390903,RAJASTHAN,155,136
390903,RAJASTHAN,156,155
390903,RAJASTHAN,157,190
390903,RAJASTHAN,158,52
390903,RAJASTHAN,159,65
390903,RAJASTHAN,160,111
390903,RAJASTHAN,161,596
390903,RAJASTHAN,162,484
390903,RAJASTHAN,163,356
390903,RAJASTHAN,164,194
390903,RAJASTHAN,165,227
390903,RAJASTHAN,166,185
390903,RAJASTHAN,167,276
390903,RAJASTHAN,168,9
390903,RAJASTHAN,169,113
390903,RAJASTHAN,170,33
390903,RAJASTHAN,171,65
390903,RAJASTHAN,172,331
390903,RAJASTHAN,173,153
390903,RAJASTHAN,174,122
390903,RAJASTHAN,175,146
390903,RAJASTHAN,176,331
390903,RAJASTHAN,177,47
390903,RAJASTHAN,178,135
390903,RAJASTHAN,179,240
390903,RAJASTHAN,180,89
390903,RAJASTHAN,181,479
390903,RAJASTHAN,182,203
390903,RAJASTHAN,183,42
390903,RAJASTHAN,184,272
390903,RAJASTHAN,185,469
390903,RAJASTHAN,186,262
390903,RAJASTHAN,187,140
390903,RAJASTHAN,188,129
390903,RAJASTHAN,189,93
390903,RAJASTHAN,190,83
390903,RAJASTHAN,191,99
390903,RAJASTHAN,192,626
390903,RAJASTHAN,193,17
390903,RAJASTHAN,194,576
390903,RAJASTHAN,195,286
390903,RAJASTHAN,196,286
390903,RAJASTHAN,197,433
390903,RAJASTHAN,198,58
390903,RAJASTHAN,199,244
390903,RAJASTHAN,200,122
390903,RAJASTHAN,201,119
390903,RAJASTHAN,202,115
390903,RAJASTHAN,203,90
390903,RAJASTHAN,204,152
390903,RAJASTHAN,205,80
390903,RAJASTHAN,206,73
390903,RAJASTHAN,207,308
390903,RAJASTHAN,208,523
390903,RAJASTHAN,209,383
390903,RAJASTHAN,210,204
390903,RAJASTHAN,211,52
390903,RAJASTHAN,212,163
390903,RAJASTHAN,213,135
390903,RAJASTHAN,214,124
390903,RAJASTHAN,215,67
390903,RAJASTHAN,216,202
390903,RAJASTHAN,217,103
390903,RAJASTHAN,218,97
390903,RAJASTHAN,219,103
390903,RAJASTHAN,220,138
390903,RAJASTHAN,221,75
390903,RAJASTHAN,222,67
390903,RAJASTHAN,223,209
390903,RAJASTHAN,224,104
390903,RAJASTHAN,225,526
390903,RAJASTHAN,226,108
390903,RAJASTHAN,227,290
390903,RAJASTHAN,228,20
390903,RAJASTHAN,229,659
390903,RAJASTHAN,230,30
390903,RAJASTHAN,231,178
390903,RAJASTHAN,232,103
390903,RAJASTHAN,233,342
390903,RAJASTHAN,234,281
390903,RAJASTHAN,235,675
390903,RAJASTHAN,236,56
390903,RAJASTHAN,237,85
390903,RAJASTHAN,238,472
390903,RAJASTHAN,239,169
390903,RAJASTHAN,240,149
390903,RAJASTHAN,241,161
390903,RAJASTHAN,242,83
390903,RAJASTHAN,243,36
390903,RAJASTHAN,244,115
390903,RAJASTHAN,245,89
390903,RAJASTHAN,246,344
390903,RAJASTHAN,247,54
390903,RAJASTHAN,248,120
390903,RAJASTHAN,249,7
390903,RAJASTHAN,250,93
390903,RAJASTHAN,251,578
390903,RAJASTHAN,252,239
390903,RAJASTHAN,253,335
390903,RAJASTHAN,254,155
390903,RAJASTHAN,255,177
390903,RAJASTHAN,256,73
390903,RAJASTHAN,257,180
390903,RAJASTHAN,258,54
390903,RAJASTHAN,259,641
390903,RAJASTHAN,260,48
390903,RAJASTHAN,261,423
390903,RAJASTHAN,262,95
390903,RAJASTHAN,263,49
390903,RAJASTHAN,264,85
390903,RAJASTHAN,265,311
390903,RAJASTHAN,266,219
390903,RAJASTHAN,267,181
390903,RAJASTHAN,268,296
390903,RAJASTHAN,269,327
390903,RAJASTHAN,270,37
390903,RAJASTHAN,271,125
390903,RAJASTHAN,272,273
390903,RAJASTHAN,273,272
390903,RAJASTHAN,274,330
390903,RAJASTHAN,275,193
390903,RAJASTHAN,276,128
390903,RAJASTHAN,277,126
390903,RAJASTHAN,278,204
390903,RAJASTHAN,279,90
390903,RAJASTHAN,280,10
390903,RAJASTHAN,281,72
390903,RAJASTHAN,282,98
390903,RAJASTHAN,283,117
390903,RAJASTHAN,284,544
390903,RAJASTHAN,285,109
390903,RAJASTHAN,286,215
390903,RAJASTHAN,287,228
390903,RAJASTHAN,288,670
390903,RAJASTHAN,289,344
390903,RAJASTHAN,290,80
390903,RAJASTHAN,291,133
390903,RAJASTHAN,292,257
390903,RAJASTHAN,293,102
390903,RAJASTHAN,294,251
390903,RAJASTHAN,295,367
390903,RAJASTHAN,296,69
390903,RAJASTHAN,297,145
390903,RAJASTHAN,298,138
390903,RAJASTHAN,299,374
390903,RAJASTHAN,300,516
390903,RAJASTHAN,301,127
390903,RAJASTHAN,302,142
390903,RAJASTHAN,303,168
390903,RAJASTHAN,304,387
390903,RAJASTHAN,305,75
390903,RAJASTHAN,306,183
390903,RAJASTHAN,307,521
390903,RAJASTHAN,308,10
390903,RAJASTHAN,309,475
390903,RAJASTHAN,310,162
390903,RAJASTHAN,311,115
390903,RAJASTHAN,312,119
390903,RAJASTHAN,313,306
390903,RAJASTHAN,314,152
390903,RAJASTHAN,315,147
390903,RAJASTHAN,316,185
390903,RAJASTHAN,317,159
390903,RAJASTHAN,318,187
390903,RAJASTHAN,319,127
390903,RAJASTHAN,320,407
390903,RAJASTHAN,321,271
390903,RAJASTHAN,322,286
390903,RAJASTHAN,323,186
390903,RAJASTHAN,324,21
390903,RAJASTHAN,325,410
390903,RAJASTHAN,326,61
390903,RAJASTHAN,327,157
390903,RAJASTHAN,328,43
390903,RAJASTHAN,329,258
390903,RAJASTHAN,330,597
390903,RAJASTHAN,331,162
390903,RAJASTHAN,332,111
390903,RAJASTHAN,333,91
390903,RAJASTHAN,334,253
390903,RAJASTHAN,335,85
390903,RAJASTHAN,336,117
390903,RAJASTHAN,337,253
390903,RAJASTHAN,338,215
390903,RAJASTHAN,339,244
390903,RAJASTHAN,340,191
390903,RAJASTHAN,341,569
390903,RAJASTHAN,342,112
390903,RAJASTHAN,343,154
390903,RAJASTHAN,344,584
390903,RAJASTHAN,345,90
390903,RAJASTHAN,346,69
390903,RAJASTHAN,347,681
390903,RAJASTHAN,348,173
390903,RAJASTHAN,349,119
390903,RAJASTHAN,350,80
390903,RAJASTHAN,351,70
