Center Number,State Name,Srl No,Marks
390902,RAJASTHAN,1,47
390902,RAJASTHAN,2,106
390902,RAJASTHAN,3,166
390902,RAJASTHAN,4,215
390902,RAJASTHAN,5,62
390902,RAJASTHAN,6,69
390902,RAJASTHAN,7,34
390902,RAJASTHAN,8,79
390902,RAJASTHAN,9,35
390902,RAJASTHAN,10,242
390902,RAJASTHAN,11,49
390902,RAJASTHAN,12,511
390902,RAJASTHAN,13,390
390902,RAJASTHAN,14,275
390902,RAJASTHAN,15,483
390902,RAJASTHAN,16,314
390902,RAJASTHAN,17,233
390902,RAJASTHAN,18,110
390902,RAJASTHAN,19,630
390902,RAJASTHAN,20,282
390902,RAJASTHAN,21,290
390902,RAJASTHAN,22,333
390902,RAJASTHAN,23,321
390902,RAJASTHAN,24,191
390902,RAJASTHAN,25,30
390902,RAJASTHAN,26,605
390902,RAJASTHAN,27,238
390902,RAJASTHAN,28,65
390902,RAJASTHAN,29,280
390902,RAJASTHAN,30,157
390902,RAJASTHAN,31,70
390902,RAJASTHAN,32,155
390902,RAJASTHAN,33,32
390902,RAJASTHAN,34,24
390902,RAJASTHAN,35,349
390902,RAJASTHAN,36,166
390902,RAJASTHAN,37,152
390902,RAJASTHAN,38,505
390902,RAJASTHAN,39,115
390902,RAJASTHAN,40,51
390902,RAJASTHAN,41,250
390902,RAJASTHAN,42,143
390902,RAJASTHAN,43,147
390902,RAJASTHAN,44,217
390902,RAJASTHAN,45,90
390902,RAJASTHAN,46,121
390902,RAJASTHAN,47,245
390902,RAJASTHAN,48,270
390902,RAJASTHAN,49,418
390902,RAJASTHAN,50,141
390902,RAJASTHAN,51,294
390902,RAJASTHAN,52,468
390902,RAJASTHAN,53,630
390902,RAJASTHAN,54,471
390902,RAJASTHAN,55,127
390902,RAJASTHAN,56,645
390902,RAJASTHAN,57,150
390902,RAJASTHAN,58,630
390902,RAJASTHAN,59,79
390902,RAJASTHAN,60,319
390902,RAJASTHAN,61,484
390902,RAJASTHAN,62,344
390902,RAJASTHAN,63,150
390902,RAJASTHAN,64,306
390902,RAJASTHAN,65,75
390902,RAJASTHAN,66,96
390902,RAJASTHAN,67,595
390902,RAJASTHAN,68,439
390902,RAJASTHAN,69,547
390902,RAJASTHAN,70,145
390902,RAJASTHAN,71,61
390902,RAJASTHAN,72,124
390902,RAJASTHAN,73,223
390902,RAJASTHAN,74,609
390902,RAJASTHAN,75,165
390902,RAJASTHAN,76,125
390902,RAJASTHAN,77,595
390902,RAJASTHAN,78,112
390902,RAJASTHAN,79,574
390902,RAJASTHAN,80,141
390902,RAJASTHAN,81,333
390902,RAJASTHAN,82,163
390902,RAJASTHAN,83,401
390902,RAJASTHAN,84,265
390902,RAJASTHAN,85,268
390902,RAJASTHAN,86,451
390902,RAJASTHAN,87,112
390902,RAJASTHAN,88,101
390902,RAJASTHAN,89,125
390902,RAJASTHAN,90,214
390902,RAJASTHAN,91,39
390902,RAJASTHAN,92,117
390902,RAJASTHAN,93,152
390902,RAJASTHAN,94,652
390902,RAJASTHAN,95,514
390902,RAJASTHAN,96,177
390902,RAJASTHAN,97,272
390902,RAJASTHAN,98,160
390902,RAJASTHAN,99,277
390902,RAJASTHAN,100,185
390902,RAJASTHAN,101,285
390902,RAJASTHAN,102,415
390902,RAJASTHAN,103,33
390902,RAJASTHAN,104,255
390902,RAJASTHAN,105,95
390902,RAJASTHAN,106,31
390902,RAJASTHAN,107,384
390902,RAJASTHAN,108,45
390902,RAJASTHAN,109,248
390902,RAJASTHAN,110,136
390902,RAJASTHAN,111,511
390902,RAJASTHAN,112,315
390902,RAJASTHAN,113,55
390902,RAJASTHAN,114,633
390902,RAJASTHAN,115,182
390902,RAJASTHAN,116,255
390902,RAJASTHAN,117,466
390902,RAJASTHAN,118,54
390902,RAJASTHAN,119,597
390902,RAJASTHAN,120,94
390902,RAJASTHAN,121,94
390902,RAJASTHAN,122,224
390902,RAJASTHAN,123,644
390902,RAJASTHAN,124,267
390902,RAJASTHAN,125,184
390902,RAJASTHAN,126,289
390902,RAJASTHAN,127,69
390902,RAJASTHAN,128,608
390902,RAJASTHAN,129,142
390902,RAJASTHAN,130,57
390902,RAJASTHAN,131,83
390902,RAJASTHAN,132,166
390902,RAJASTHAN,133,221
390902,RAJASTHAN,134,66
390902,RAJASTHAN,135,252
390902,RAJASTHAN,136,454
390902,RAJASTHAN,137,292
390902,RAJASTHAN,138,80
390902,RAJASTHAN,139,370
390902,RAJASTHAN,140,127
390902,RAJASTHAN,141,122
390902,RAJASTHAN,142,58
390902,RAJASTHAN,143,65
390902,RAJASTHAN,144,250
390902,RAJASTHAN,145,407
390902,RAJASTHAN,146,62
390902,RAJASTHAN,147,620
390902,RAJASTHAN,148,159
390902,RAJASTHAN,149,568
390902,RAJASTHAN,150,222
390902,RAJASTHAN,151,535
390902,RAJASTHAN,152,115
390902,RAJASTHAN,153,473
390902,RAJASTHAN,154,46
390902,RAJASTHAN,155,180
390902,RAJASTHAN,156,73
390902,RAJASTHAN,157,208
390902,RAJASTHAN,158,53
390902,RAJASTHAN,159,378
390902,RAJASTHAN,160,110
390902,RAJASTHAN,161,631
390902,RAJASTHAN,162,165
390902,RAJASTHAN,163,372
390902,RAJASTHAN,164,515
390902,RAJASTHAN,165,551
390902,RAJASTHAN,166,356
390902,RAJASTHAN,167,99
390902,RAJASTHAN,168,255
390902,RAJASTHAN,169,74
390902,RAJASTHAN,170,245
390902,RAJASTHAN,171,163
390902,RAJASTHAN,172,452
390902,RAJASTHAN,173,180
390902,RAJASTHAN,174,395
390902,RAJASTHAN,175,188
390902,RAJASTHAN,176,188
390902,RAJASTHAN,177,116
390902,RAJASTHAN,178,90
390902,RAJASTHAN,179,140
390902,RAJASTHAN,180,452
390902,RAJASTHAN,181,281
390902,RAJASTHAN,182,266
390902,RAJASTHAN,183,695
390902,RAJASTHAN,184,620
390902,RAJASTHAN,185,141
390902,RAJASTHAN,186,306
390902,RAJASTHAN,187,168
390902,RAJASTHAN,188,246
390902,RAJASTHAN,189,411
390902,RAJASTHAN,190,61
390902,RAJASTHAN,191,135
390902,RAJASTHAN,192,478
390902,RAJASTHAN,193,76
390902,RAJASTHAN,194,20
390902,RAJASTHAN,195,290
390902,RAJASTHAN,196,4
390902,RAJASTHAN,197,214
390902,RAJASTHAN,198,199
390902,RAJASTHAN,199,76
390902,RAJASTHAN,200,142
390902,RAJASTHAN,201,204
390902,RAJASTHAN,202,64
390902,RAJASTHAN,203,184
390902,RAJASTHAN,204,140
390902,RAJASTHAN,205,120
390902,RAJASTHAN,206,70
390902,RAJASTHAN,207,176
390902,RAJASTHAN,208,291
390902,RAJASTHAN,209,95
390902,RAJASTHAN,210,30
390902,RAJASTHAN,211,231
390902,RAJASTHAN,212,214
390902,RAJASTHAN,213,135
390902,RAJASTHAN,214,49
390902,RAJASTHAN,215,181
390902,RAJASTHAN,216,142
390902,RAJASTHAN,217,375
390902,RAJASTHAN,218,191
390902,RAJASTHAN,219,475
390902,RAJASTHAN,220,400
390902,RAJASTHAN,221,355
390902,RAJASTHAN,222,555
390902,RAJASTHAN,223,87
390902,RAJASTHAN,224,86
390902,RAJASTHAN,225,542
390902,RAJASTHAN,226,8
390902,RAJASTHAN,227,105
390902,RAJASTHAN,228,266
390902,RAJASTHAN,229,530
390902,RAJASTHAN,230,426
390902,RAJASTHAN,231,61
390902,RAJASTHAN,232,137
390902,RAJASTHAN,233,595
390902,RAJASTHAN,234,86
390902,RAJASTHAN,235,498
390902,RAJASTHAN,236,82
390902,RAJASTHAN,237,108
390902,RAJASTHAN,238,107
390902,RAJASTHAN,239,311
390902,RAJASTHAN,240,32
390902,RAJASTHAN,241,98
390902,RAJASTHAN,242,80
390902,RAJASTHAN,243,539
390902,RAJASTHAN,244,517
390902,RAJASTHAN,245,121
390902,RAJASTHAN,246,177
390902,RAJASTHAN,247,274
390902,RAJASTHAN,248,433
390902,RAJASTHAN,249,75
390902,RAJASTHAN,250,548
390902,RAJASTHAN,251,94
390902,RAJASTHAN,252,96
390902,RAJASTHAN,253,183
390902,RAJASTHAN,254,203
390902,RAJASTHAN,255,149
390902,RAJASTHAN,256,497
390902,RAJASTHAN,257,340
390902,RAJASTHAN,258,116
390902,RAJASTHAN,259,102
390902,RAJASTHAN,260,213
390902,RAJASTHAN,261,336
390902,RAJASTHAN,262,75
390902,RAJASTHAN,263,133
390902,RAJASTHAN,264,244
390902,RAJASTHAN,265,247
390902,RAJASTHAN,266,542
390902,RAJASTHAN,267,223
390902,RAJASTHAN,268,485
390902,RAJASTHAN,269,489
390902,RAJASTHAN,270,560
390902,RAJASTHAN,271,207
390902,RAJASTHAN,272,276
390902,RAJASTHAN,273,331
390902,RAJASTHAN,274,545
390902,RAJASTHAN,275,202
390902,RAJASTHAN,276,110
390902,RAJASTHAN,277,98
390902,RAJASTHAN,278,593
390902,RAJASTHAN,279,169
390902,RAJASTHAN,280,245
390902,RAJASTHAN,281,600
390902,RAJASTHAN,282,22
390902,RAJASTHAN,283,245
390902,RAJASTHAN,284,145
390902,RAJASTHAN,285,21
390902,RAJASTHAN,286,100
390902,RAJASTHAN,287,564
390902,RAJASTHAN,288,178
390902,RAJASTHAN,289,399
390902,RAJASTHAN,290,171
390902,RAJASTHAN,291,81
390902,RAJASTHAN,292,134
390902,RAJASTHAN,293,54
390902,RAJASTHAN,294,436
390902,RAJASTHAN,295,123
390902,RAJASTHAN,296,28
390902,RAJASTHAN,297,55
390902,RAJASTHAN,298,80
390902,RAJASTHAN,299,209
390902,RAJASTHAN,300,87
390902,RAJASTHAN,301,580
390902,RAJASTHAN,302,200
390902,RAJASTHAN,303,272
390902,RAJASTHAN,304,391
390902,RAJASTHAN,305,627
390902,RAJASTHAN,306,195
390902,RAJASTHAN,307,630
390902,RAJASTHAN,308,187
390902,RAJASTHAN,309,443
390902,RAJASTHAN,310,197
390902,RAJASTHAN,311,550
390902,RAJASTHAN,312,275
390902,RAJASTHAN,313,180
390902,RAJASTHAN,314,237
390902,RAJASTHAN,315,416
390902,RAJASTHAN,316,286
390902,RAJASTHAN,317,162
390902,RAJASTHAN,318,122
390902,RAJASTHAN,319,155
390902,RAJASTHAN,320,145
390902,RAJASTHAN,321,396
390902,RAJASTHAN,322,287
390902,RAJASTHAN,323,34
390902,RAJASTHAN,324,86
390902,RAJASTHAN,325,58
390902,RAJASTHAN,326,113
390902,RAJASTHAN,327,204
390902,RAJASTHAN,328,73
390902,RAJASTHAN,329,146
390902,RAJASTHAN,330,162
390902,RAJASTHAN,331,132
390902,RAJASTHAN,332,302
390902,RAJASTHAN,333,226
390902,RAJASTHAN,334,290
390902,RAJASTHAN,335,487
390902,RAJASTHAN,336,551
390902,RAJASTHAN,337,75
390902,RAJASTHAN,338,164
390902,RAJASTHAN,339,120
390902,RAJASTHAN,340,585
390902,RAJASTHAN,341,70
390902,RAJASTHAN,342,137
390902,RAJASTHAN,343,85
390902,RAJASTHAN,344,553
390902,RAJASTHAN,345,171
390902,RAJASTHAN,346,176
390902,RAJASTHAN,347,445
390902,RAJASTHAN,348,153
390902,RAJASTHAN,349,75
390902,RAJASTHAN,350,77
390902,RAJASTHAN,351,139
390902,RAJASTHAN,352,227
390902,RAJASTHAN,353,364
390902,RAJASTHAN,354,467
390902,RAJASTHAN,355,115
390902,RAJASTHAN,356,133
390902,RAJASTHAN,357,169
390902,RAJASTHAN,358,501
390902,RAJASTHAN,359,267
390902,RAJASTHAN,360,77
390902,RAJASTHAN,361,20
390902,RAJASTHAN,362,438
390902,RAJASTHAN,363,253
390902,RAJASTHAN,364,490
390902,RAJASTHAN,365,82
390902,RAJASTHAN,366,104
390902,RAJASTHAN,367,180
390902,RAJASTHAN,368,104
390902,RAJASTHAN,369,363
390902,RAJASTHAN,370,372
390902,RAJASTHAN,371,46
390902,RAJASTHAN,372,326
390902,RAJASTHAN,373,151
390902,RAJASTHAN,374,94
390902,RAJASTHAN,375,395
390902,RAJASTHAN,376,301
390902,RAJASTHAN,377,358
390902,RAJASTHAN,378,45
390902,RAJASTHAN,379,86
390902,RAJASTHAN,380,94
390902,RAJASTHAN,381,104
390902,RAJASTHAN,382,158
390902,RAJASTHAN,383,41
390902,RAJASTHAN,384,158
390902,RAJASTHAN,385,130
390902,RAJASTHAN,386,604
390902,RAJASTHAN,387,171
390902,RAJASTHAN,388,77
390902,RAJASTHAN,389,505
390902,RAJASTHAN,390,200
390902,RAJASTHAN,391,36
390902,RAJASTHAN,392,88
390902,RAJASTHAN,393,138
390902,RAJASTHAN,394,237
390902,RAJASTHAN,395,55
390902,RAJASTHAN,396,59
390902,RAJASTHAN,397,257
390902,RAJASTHAN,398,33
390902,RAJASTHAN,399,451
390902,RAJASTHAN,400,449
390902,RAJASTHAN,401,279
390902,RAJASTHAN,402,210
390902,RAJASTHAN,403,461
390902,RAJASTHAN,404,194
390902,RAJASTHAN,405,73
390902,RAJASTHAN,406,208
390902,RAJASTHAN,407,205
390902,RAJASTHAN,408,367
390902,RAJASTHAN,409,241
390902,RAJASTHAN,410,42
390902,RAJASTHAN,411,28
390902,RAJASTHAN,412,201
390902,RAJASTHAN,413,35
390902,RAJASTHAN,414,571
390902,RAJASTHAN,415,257
390902,RAJASTHAN,416,307
390902,RAJASTHAN,417,645
390902,RAJASTHAN,418,55
390902,RAJASTHAN,419,255
390902,RAJASTHAN,420,65
390902,RAJASTHAN,421,204
390902,RAJASTHAN,422,353
390902,RAJASTHAN,423,543
390902,RAJASTHAN,424,79
390902,RAJASTHAN,425,189
390902,RAJASTHAN,426,183
