Center Number,State Name,Srl No,Marks
391002,RAJASTHAN,1,529
391002,RAJASTHAN,2,46
391002,RAJASTHAN,3,518
391002,RAJASTHAN,4,625
391002,RAJASTHAN,5,353
391002,RAJASTHAN,6,636
391002,RAJASTHAN,7,170
391002,RAJASTHAN,8,203
391002,RAJASTHAN,9,222
391002,RAJASTHAN,10,487
391002,RAJASTHAN,11,15
391002,RAJASTHAN,12,227
391002,RAJASTHAN,13,76
391002,RAJASTHAN,14,541
391002,RAJASTHAN,15,303
391002,RAJASTHAN,16,317
391002,RAJASTHAN,17,481
391002,RAJASTHAN,18,73
391002,RAJASTHAN,19,519
391002,RAJASTHAN,20,355
391002,RAJASTHAN,21,403
391002,RAJASTHAN,22,357
391002,RAJASTHAN,23,61
391002,RAJASTHAN,24,96
391002,RAJASTHAN,25,142
391002,RAJASTHAN,26,402
391002,RAJASTHAN,27,81
391002,RAJASTHAN,28,134
391002,RAJASTHAN,29,392
391002,RAJASTHAN,30,292
391002,RAJASTHAN,31,181
391002,RAJASTHAN,32,102
391002,RAJASTHAN,33,458
391002,RAJASTHAN,34,95
391002,RAJASTHAN,35,73
391002,RAJASTHAN,36,44
391002,RAJASTHAN,37,107
391002,RAJASTHAN,38,287
391002,RAJASTHAN,39,559
391002,RAJASTHAN,40,700
391002,RAJASTHAN,41,85
391002,RAJASTHAN,42,182
391002,RAJASTHAN,43,253
391002,RAJASTHAN,44,85
391002,RAJASTHAN,45,620
391002,RAJASTHAN,46,297
391002,RAJASTHAN,47,134
391002,RAJASTHAN,48,571
391002,RAJASTHAN,49,70
391002,RAJASTHAN,50,52
391002,RAJASTHAN,51,52
391002,RAJASTHAN,52,132
391002,RAJASTHAN,53,359
391002,RAJASTHAN,54,519
391002,RAJASTHAN,55,484
391002,RAJASTHAN,56,412
391002,RAJASTHAN,57,234
391002,RAJASTHAN,58,576
391002,RAJASTHAN,59,273
391002,RAJASTHAN,60,270
391002,RAJASTHAN,61,349
391002,RAJASTHAN,62,11
391002,RAJASTHAN,63,295
391002,RAJASTHAN,64,57
391002,RAJASTHAN,65,101
391002,RAJASTHAN,66,43
391002,RAJASTHAN,67,68
391002,RAJASTHAN,68,485
391002,RAJASTHAN,69,434
391002,RAJASTHAN,70,459
391002,RAJASTHAN,71,278
391002,RAJASTHAN,72,513
391002,RAJASTHAN,73,137
391002,RAJASTHAN,74,263
391002,RAJASTHAN,75,100
391002,RAJASTHAN,76,118
391002,RAJASTHAN,77,572
391002,RAJASTHAN,78,444
391002,RAJASTHAN,79,409
391002,RAJASTHAN,80,111
391002,RAJASTHAN,81,130
391002,RAJASTHAN,82,164
391002,RAJASTHAN,83,4
391002,RAJASTHAN,84,449
391002,RAJASTHAN,85,203
391002,RAJASTHAN,86,81
391002,RAJASTHAN,87,85
391002,RAJASTHAN,88,55
391002,RAJASTHAN,89,279
391002,RAJASTHAN,90,127
391002,RAJASTHAN,91,351
391002,RAJASTHAN,92,296
391002,RAJASTHAN,93,145
391002,RAJASTHAN,94,523
391002,RAJASTHAN,95,181
391002,RAJASTHAN,96,297
391002,RAJASTHAN,97,645
391002,RAJASTHAN,98,274
391002,RAJASTHAN,99,159
391002,RAJASTHAN,100,390
391002,RAJASTHAN,101,363
391002,RAJASTHAN,102,302
391002,RAJASTHAN,103,286
391002,RAJASTHAN,104,55
391002,RAJASTHAN,105,101
391002,RAJASTHAN,106,584
391002,RAJASTHAN,107,137
391002,RAJASTHAN,108,13
391002,RAJASTHAN,109,225
391002,RAJASTHAN,110,624
391002,RAJASTHAN,111,331
391002,RAJASTHAN,112,63
391002,RAJASTHAN,113,71
391002,RAJASTHAN,114,334
391002,RAJASTHAN,115,175
391002,RAJASTHAN,116,139
391002,RAJASTHAN,117,228
391002,RAJASTHAN,118,261
391002,RAJASTHAN,119,135
391002,RAJASTHAN,120,268
391002,RAJASTHAN,121,661
391002,RAJASTHAN,122,150
391002,RAJASTHAN,123,576
391002,RAJASTHAN,124,531
391002,RAJASTHAN,125,45
391002,RAJASTHAN,126,481
391002,RAJASTHAN,127,605
391002,RAJASTHAN,128,243
391002,RAJASTHAN,129,470
391002,RAJASTHAN,130,296
391002,RAJASTHAN,131,38
391002,RAJASTHAN,132,163
391002,RAJASTHAN,133,154
391002,RAJASTHAN,134,204
391002,RAJASTHAN,135,115
391002,RAJASTHAN,136,225
391002,RAJASTHAN,137,39
391002,RAJASTHAN,138,230
391002,RAJASTHAN,139,30
391002,RAJASTHAN,140,119
391002,RAJASTHAN,141,156
391002,RAJASTHAN,142,293
391002,RAJASTHAN,143,271
391002,RAJASTHAN,144,208
391002,RAJASTHAN,145,116
391002,RAJASTHAN,146,159
391002,RAJASTHAN,147,370
391002,RAJASTHAN,148,184
391002,RAJASTHAN,149,181
391002,RAJASTHAN,150,210
391002,RAJASTHAN,151,272
391002,RAJASTHAN,152,318
391002,RAJASTHAN,153,87
391002,RAJASTHAN,154,79
391002,RAJASTHAN,155,637
391002,RAJASTHAN,156,45
391002,RAJASTHAN,157,220
391002,RAJASTHAN,158,38
391002,RAJASTHAN,159,329
391002,RAJASTHAN,160,621
391002,RAJASTHAN,161,632
391002,RAJASTHAN,162,645
391002,RAJASTHAN,163,527
391002,RAJASTHAN,164,547
391002,RAJASTHAN,165,108
391002,RAJASTHAN,166,237
391002,RAJASTHAN,167,191
391002,RAJASTHAN,168,429
391002,RAJASTHAN,169,613
391002,RAJASTHAN,170,92
391002,RAJASTHAN,171,642
391002,RAJASTHAN,172,27
391002,RAJASTHAN,173,148
391002,RAJASTHAN,174,498
391002,RAJASTHAN,175,76
391002,RAJASTHAN,176,239
391002,RAJASTHAN,177,193
391002,RAJASTHAN,178,490
391002,RAJASTHAN,179,220
391002,RAJASTHAN,180,237
391002,RAJASTHAN,181,317
391002,RAJASTHAN,182,56
391002,RAJASTHAN,183,50
391002,RAJASTHAN,184,167
391002,RAJASTHAN,185,136
391002,RAJASTHAN,186,462
391002,RAJASTHAN,187,515
391002,RAJASTHAN,188,30
391002,RAJASTHAN,189,106
391002,RAJASTHAN,190,233
391002,RAJASTHAN,191,120
391002,RAJASTHAN,192,341
391002,RAJASTHAN,193,438
391002,RAJASTHAN,194,49
391002,RAJASTHAN,195,372
391002,RAJASTHAN,196,55
391002,RAJASTHAN,197,324
391002,RAJASTHAN,198,177
391002,RAJASTHAN,199,120
391002,RAJASTHAN,200,64
391002,RAJASTHAN,201,17
391002,RAJASTHAN,202,122
391002,RAJASTHAN,203,238
391002,RAJASTHAN,204,350
391002,RAJASTHAN,205,298
391002,RAJASTHAN,206,472
391002,RAJASTHAN,207,27
391002,RAJASTHAN,208,285
391002,RAJASTHAN,209,348
391002,RAJASTHAN,210,668
391002,RAJASTHAN,211,126
391002,RAJASTHAN,212,236
391002,RAJASTHAN,213,265
391002,RAJASTHAN,214,165
391002,RAJASTHAN,215,266
391002,RAJASTHAN,216,95
391002,RAJASTHAN,217,271
391002,RAJASTHAN,218,171
391002,RAJASTHAN,219,294
391002,RAJASTHAN,220,61
391002,RAJASTHAN,221,31
391002,RAJASTHAN,222,275
391002,RAJASTHAN,223,275
391002,RAJASTHAN,224,29
391002,RAJASTHAN,225,160
391002,RAJASTHAN,226,559
391002,RAJASTHAN,227,217
391002,RAJASTHAN,228,129
391002,RAJASTHAN,229,395
391002,RAJASTHAN,230,431
391002,RAJASTHAN,231,483
391002,RAJASTHAN,232,162
391002,RAJASTHAN,233,94
391002,RAJASTHAN,234,413
391002,RAJASTHAN,235,115
391002,RAJASTHAN,236,645
391002,RAJASTHAN,237,105
391002,RAJASTHAN,238,572
391002,RAJASTHAN,239,385
391002,RAJASTHAN,240,95
391002,RAJASTHAN,241,123
391002,RAJASTHAN,242,146
391002,RAJASTHAN,243,250
391002,RAJASTHAN,244,90
391002,RAJASTHAN,245,416
391002,RAJASTHAN,246,206
391002,RAJASTHAN,247,376
391002,RAJASTHAN,248,261
391002,RAJASTHAN,249,368
391002,RAJASTHAN,250,345
391002,RAJASTHAN,251,82
391002,RAJASTHAN,252,135
391002,RAJASTHAN,253,173
391002,RAJASTHAN,254,553
391002,RAJASTHAN,255,44
391002,RAJASTHAN,256,502
391002,RAJASTHAN,257,219
391002,RAJASTHAN,258,191
391002,RAJASTHAN,259,353
391002,RAJASTHAN,260,131
391002,RAJASTHAN,261,98
391002,RAJASTHAN,262,589
391002,RAJASTHAN,263,487
391002,RAJASTHAN,264,149
391002,RAJASTHAN,265,57
391002,RAJASTHAN,266,286
391002,RAJASTHAN,267,467
391002,RAJASTHAN,268,116
391002,RAJASTHAN,269,276
391002,RAJASTHAN,270,50
391002,RAJASTHAN,271,62
391002,RAJASTHAN,272,169
391002,RAJASTHAN,273,221
391002,RAJASTHAN,274,151
391002,RAJASTHAN,275,611
391002,RAJASTHAN,276,546
391002,RAJASTHAN,277,97
391002,RAJASTHAN,278,601
391002,RAJASTHAN,279,122
391002,RAJASTHAN,280,313
391002,RAJASTHAN,281,108
391002,RAJASTHAN,282,422
391002,RAJASTHAN,283,477
391002,RAJASTHAN,284,484
391002,RAJASTHAN,285,114
391002,RAJASTHAN,286,236
391002,RAJASTHAN,287,580
391002,RAJASTHAN,288,354
391002,RAJASTHAN,289,53
391002,RAJASTHAN,290,133
391002,RAJASTHAN,291,359
391002,RAJASTHAN,292,512
391002,RAJASTHAN,293,38
391002,RAJASTHAN,294,86
391002,RAJASTHAN,295,47
391002,RAJASTHAN,296,194
391002,RAJASTHAN,297,95
391002,RAJASTHAN,298,154
391002,RAJASTHAN,299,580
391002,RAJASTHAN,300,121
391002,RAJASTHAN,301,526
391002,RAJASTHAN,302,512
391002,RAJASTHAN,303,399
391002,RAJASTHAN,304,215
391002,RAJASTHAN,305,675
391002,RAJASTHAN,306,569
391002,RAJASTHAN,307,76
391002,RAJASTHAN,308,81
391002,RAJASTHAN,309,200
391002,RAJASTHAN,310,89
391002,RAJASTHAN,311,600
391002,RAJASTHAN,312,498
391002,RAJASTHAN,313,39
391002,RAJASTHAN,314,278
391002,RAJASTHAN,315,128
391002,RAJASTHAN,316,642
391002,RAJASTHAN,317,426
391002,RAJASTHAN,318,117
391002,RAJASTHAN,319,238
391002,RAJASTHAN,320,52
391002,RAJASTHAN,321,293
391002,RAJASTHAN,322,58
391002,RAJASTHAN,323,120
391002,RAJASTHAN,324,74
391002,RAJASTHAN,325,136
391002,RAJASTHAN,326,207
391002,RAJASTHAN,327,251
391002,RAJASTHAN,328,590
391002,RAJASTHAN,329,130
391002,RAJASTHAN,330,155
391002,RAJASTHAN,331,441
391002,RAJASTHAN,332,198
391002,RAJASTHAN,333,93
391002,RAJASTHAN,334,440
391002,RAJASTHAN,335,351
391002,RAJASTHAN,336,666
391002,RAJASTHAN,337,250
391002,RAJASTHAN,338,670
391002,RAJASTHAN,339,78
391002,RAJASTHAN,340,363
391002,RAJASTHAN,341,656
391002,RAJASTHAN,342,42
391002,RAJASTHAN,343,104
391002,RAJASTHAN,344,61
391002,RAJASTHAN,345,133
391002,RAJASTHAN,346,278
391002,RAJASTHAN,347,563
391002,RAJASTHAN,348,123
391002,RAJASTHAN,349,109
391002,RAJASTHAN,350,72
391002,RAJASTHAN,351,210
391002,RAJASTHAN,352,47
391002,RAJASTHAN,353,263
391002,RAJASTHAN,354,380
391002,RAJASTHAN,355,8
391002,RAJASTHAN,356,542
391002,RAJASTHAN,357,92
391002,RAJASTHAN,358,384
391002,RAJASTHAN,359,118
391002,RAJASTHAN,360,129
391002,RAJASTHAN,361,65
391002,RAJASTHAN,362,106
391002,RAJASTHAN,363,193
391002,RAJASTHAN,364,677
391002,RAJASTHAN,365,91
391002,RAJASTHAN,366,577
391002,RAJASTHAN,367,99
391002,RAJASTHAN,368,557
391002,RAJASTHAN,369,383
391002,RAJASTHAN,370,405
391002,RAJASTHAN,371,358
391002,RAJASTHAN,372,604
391002,RAJASTHAN,373,330
391002,RAJASTHAN,374,38
391002,RAJASTHAN,375,601
391002,RAJASTHAN,376,323
391002,RAJASTHAN,377,93
391002,RAJASTHAN,378,68
391002,RAJASTHAN,379,106
391002,RAJASTHAN,380,65
391002,RAJASTHAN,381,33
391002,RAJASTHAN,382,16
391002,RAJASTHAN,383,594
391002,RAJASTHAN,384,265
391002,RAJASTHAN,385,80
391002,RAJASTHAN,386,74
391002,RAJASTHAN,387,647
391002,RAJASTHAN,388,185
391002,RAJASTHAN,389,32
391002,RAJASTHAN,390,331
391002,RAJASTHAN,391,140
391002,RAJASTHAN,392,88
391002,RAJASTHAN,393,73
391002,RAJASTHAN,394,128
391002,RAJASTHAN,395,85
391002,RAJASTHAN,396,108
391002,RAJASTHAN,397,167
391002,RAJASTHAN,398,165
391002,RAJASTHAN,399,286
391002,RAJASTHAN,400,488
391002,RAJASTHAN,401,134
391002,RAJASTHAN,402,224
391002,RAJASTHAN,403,384
391002,RAJASTHAN,404,232
391002,RAJASTHAN,405,159
391002,RAJASTHAN,406,70
391002,RAJASTHAN,407,71
391002,RAJASTHAN,408,228
391002,RAJASTHAN,409,690
391002,RAJASTHAN,410,615
391002,RAJASTHAN,411,92
391002,RAJASTHAN,412,151
391002,RAJASTHAN,413,210
391002,RAJASTHAN,414,332
391002,RAJASTHAN,415,135
391002,RAJASTHAN,416,269
391002,RAJASTHAN,417,137
391002,RAJASTHAN,418,152
391002,RAJASTHAN,419,707
391002,RAJASTHAN,420,183
391002,RAJASTHAN,421,113
391002,RAJASTHAN,422,93
391002,RAJASTHAN,423,121
391002,RAJASTHAN,424,111
391002,RAJASTHAN,425,586
391002,RAJASTHAN,426,197
391002,RAJASTHAN,427,73
391002,RAJASTHAN,428,211
391002,RAJASTHAN,429,103
391002,RAJASTHAN,430,19
391002,RAJASTHAN,431,80
391002,RAJASTHAN,432,539
391002,RAJASTHAN,433,429
391002,RAJASTHAN,434,129
391002,RAJASTHAN,435,542
391002,RAJASTHAN,436,415
391002,RAJASTHAN,437,237
391002,RAJASTHAN,438,341
391002,RAJASTHAN,439,61
391002,RAJASTHAN,440,158
391002,RAJASTHAN,441,64
391002,RAJASTHAN,442,160
391002,RAJASTHAN,443,165
