Center Number,State Name,Srl No,Marks
391405,RAJASTHAN,1,341
391405,RAJASTHAN,2,237
391405,RAJASTHAN,3,158
391405,RAJASTHAN,4,20
391405,RAJASTHAN,5,183
391405,RAJASTHAN,6,65
391405,RAJASTHAN,7,199
391405,RAJASTHAN,8,532
391405,RAJASTHAN,9,207
391405,RAJASTHAN,10,146
391405,RAJASTHAN,11,184
391405,RAJASTHAN,12,65
391405,RAJASTHAN,13,342
391405,RAJASTHAN,14,231
391405,RAJASTHAN,15,164
391405,RAJASTHAN,16,166
391405,RAJASTHAN,17,460
391405,RAJASTHAN,18,205
391405,RAJASTHAN,19,45
391405,RAJASTHAN,20,34
391405,RAJASTHAN,21,81
391405,RAJASTHAN,22,477
391405,RAJASTHAN,23,160
391405,RAJASTHAN,24,529
391405,RAJASTHAN,25,77
391405,RAJASTHAN,26,383
391405,RAJASTHAN,27,268
391405,RAJASTHAN,28,453
391405,RAJASTHAN,29,559
391405,RAJASTHAN,30,65
391405,RAJASTHAN,31,103
391405,RAJASTHAN,32,647
391405,RAJASTHAN,33,586
391405,RAJASTHAN,34,276
391405,RAJASTHAN,35,150
391405,RAJASTHAN,36,409
391405,RAJASTHAN,37,651
391405,RAJASTHAN,38,155
391405,RAJASTHAN,39,78
391405,RAJASTHAN,40,492
391405,RAJASTHAN,41,255
391405,RAJASTHAN,42,107
391405,RAJASTHAN,43,66
391405,RAJASTHAN,44,405
391405,RAJASTHAN,45,115
391405,RAJASTHAN,46,62
391405,RAJASTHAN,47,57
391405,RAJASTHAN,48,188
391405,RAJASTHAN,49,113
391405,RAJASTHAN,50,194
391405,RAJASTHAN,51,116
391405,RAJASTHAN,52,274
391405,RAJASTHAN,53,173
391405,RAJASTHAN,54,560
391405,RAJASTHAN,55,75
391405,RAJASTHAN,56,131
391405,RAJASTHAN,57,67
391405,RAJASTHAN,58,47
391405,RAJASTHAN,59,246
391405,RAJASTHAN,60,564
391405,RAJASTHAN,61,292
391405,RAJASTHAN,62,125
391405,RAJASTHAN,63,425
391405,RAJASTHAN,64,110
391405,RAJASTHAN,65,141
391405,RAJASTHAN,66,207
391405,RAJASTHAN,67,91
391405,RAJASTHAN,68,440
391405,RAJASTHAN,69,544
391405,RAJASTHAN,70,314
391405,RAJASTHAN,71,296
391405,RAJASTHAN,72,120
391405,RAJASTHAN,73,70
391405,RAJASTHAN,74,92
391405,RAJASTHAN,75,564
391405,RAJASTHAN,76,326
391405,RAJASTHAN,77,123
391405,RAJASTHAN,78,294
391405,RAJASTHAN,79,527
391405,RAJASTHAN,80,300
391405,RAJASTHAN,81,359
391405,RAJASTHAN,82,265
391405,RAJASTHAN,83,76
391405,RAJASTHAN,84,50
391405,RAJASTHAN,85,224
391405,RAJASTHAN,86,295
391405,RAJASTHAN,87,127
391405,RAJASTHAN,88,633
391405,RAJASTHAN,89,181
391405,RAJASTHAN,90,498
391405,RAJASTHAN,91,344
391405,RAJASTHAN,92,150
391405,RAJASTHAN,93,245
391405,RAJASTHAN,94,20
391405,RAJASTHAN,95,223
391405,RAJASTHAN,96,181
391405,RAJASTHAN,97,74
391405,RAJASTHAN,98,396
391405,RAJASTHAN,99,57
391405,RAJASTHAN,100,155
391405,RAJASTHAN,101,164
391405,RAJASTHAN,102,169
391405,RAJASTHAN,103,144
391405,RAJASTHAN,104,231
391405,RAJASTHAN,105,465
391405,RAJASTHAN,106,55
391405,RAJASTHAN,107,116
391405,RAJASTHAN,108,4
391405,RAJASTHAN,109,349
391405,RAJASTHAN,110,137
391405,RAJASTHAN,111,514
391405,RAJASTHAN,112,496
391405,RAJASTHAN,113,399
391405,RAJASTHAN,114,661
391405,RAJASTHAN,115,45
391405,RAJASTHAN,116,351
391405,RAJASTHAN,117,78
391405,RAJASTHAN,118,273
391405,RAJASTHAN,119,48
391405,RAJASTHAN,120,100
391405,RAJASTHAN,121,506
391405,RAJASTHAN,122,43
391405,RAJASTHAN,123,439
391405,RAJASTHAN,124,337
391405,RAJASTHAN,125,439
391405,RAJASTHAN,126,100
391405,RAJASTHAN,127,70
391405,RAJASTHAN,128,399
391405,RAJASTHAN,129,97
391405,RAJASTHAN,130,12
391405,RAJASTHAN,131,484
391405,RAJASTHAN,132,248
391405,RAJASTHAN,133,409
391405,RAJASTHAN,134,559
391405,RAJASTHAN,135,89
391405,RAJASTHAN,136,4
391405,RAJASTHAN,137,125
391405,RAJASTHAN,138,105
391405,RAJASTHAN,139,58
391405,RAJASTHAN,140,650
391405,RAJASTHAN,141,5
391405,RAJASTHAN,142,83
391405,RAJASTHAN,143,125
391405,RAJASTHAN,144,26
391405,RAJASTHAN,145,118
391405,RAJASTHAN,146,58
391405,RAJASTHAN,147,602
391405,RAJASTHAN,148,83
391405,RAJASTHAN,149,455
391405,RAJASTHAN,150,564
391405,RAJASTHAN,151,90
391405,RAJASTHAN,152,586
391405,RAJASTHAN,153,50
391405,RAJASTHAN,154,526
391405,RAJASTHAN,155,175
391405,RAJASTHAN,156,487
391405,RAJASTHAN,157,68
391405,RAJASTHAN,158,296
391405,RAJASTHAN,159,85
391405,RAJASTHAN,160,488
391405,RAJASTHAN,161,92
391405,RAJASTHAN,162,7
391405,RAJASTHAN,163,286
391405,RAJASTHAN,164,52
391405,RAJASTHAN,165,462
391405,RAJASTHAN,166,277
391405,RAJASTHAN,167,149
391405,RAJASTHAN,168,221
391405,RAJASTHAN,169,118
391405,RAJASTHAN,170,217
391405,RAJASTHAN,171,162
391405,RAJASTHAN,172,82
391405,RAJASTHAN,173,55
391405,RAJASTHAN,174,118
391405,RAJASTHAN,175,54
391405,RAJASTHAN,176,340
391405,RAJASTHAN,177,638
391405,RAJASTHAN,178,41
391405,RAJASTHAN,179,309
391405,RAJASTHAN,180,216
391405,RAJASTHAN,181,115
391405,RAJASTHAN,182,373
391405,RAJASTHAN,183,120
391405,RAJASTHAN,184,81
391405,RAJASTHAN,185,441
391405,RAJASTHAN,186,233
391405,RAJASTHAN,187,182
391405,RAJASTHAN,188,493
391405,RAJASTHAN,189,78
391405,RAJASTHAN,190,60
391405,RAJASTHAN,191,557
391405,RAJASTHAN,192,60
391405,RAJASTHAN,193,61
391405,RAJASTHAN,194,574
391405,RAJASTHAN,195,283
391405,RAJASTHAN,196,128
391405,RAJASTHAN,197,117
391405,RAJASTHAN,198,197
391405,RAJASTHAN,199,180
391405,RAJASTHAN,200,238
391405,RAJASTHAN,201,296
391405,RAJASTHAN,202,240
391405,RAJASTHAN,203,60
391405,RAJASTHAN,204,241
391405,RAJASTHAN,205,36
391405,RAJASTHAN,206,244
391405,RAJASTHAN,207,110
391405,RAJASTHAN,208,49
391405,RAJASTHAN,209,123
391405,RAJASTHAN,210,140
391405,RAJASTHAN,211,228
391405,RAJASTHAN,212,242
391405,RAJASTHAN,213,219
391405,RAJASTHAN,214,358
391405,RAJASTHAN,215,103
391405,RAJASTHAN,216,66
391405,RAJASTHAN,217,176
391405,RAJASTHAN,218,149
391405,RAJASTHAN,219,533
391405,RAJASTHAN,220,103
391405,RAJASTHAN,221,190
391405,RAJASTHAN,222,162
391405,RAJASTHAN,223,277
391405,RAJASTHAN,224,445
391405,RAJASTHAN,225,149
391405,RAJASTHAN,226,129
391405,RAJASTHAN,227,640
391405,RAJASTHAN,228,528
391405,RAJASTHAN,229,351
391405,RAJASTHAN,230,262
391405,RAJASTHAN,231,127
391405,RAJASTHAN,232,61
391405,RAJASTHAN,233,259
391405,RAJASTHAN,234,465
391405,RAJASTHAN,235,150
391405,RAJASTHAN,236,350
391405,RAJASTHAN,237,454
391405,RAJASTHAN,238,165
391405,RAJASTHAN,239,44
391405,RAJASTHAN,240,109
391405,RAJASTHAN,241,367
391405,RAJASTHAN,242,361
391405,RAJASTHAN,243,74
391405,RAJASTHAN,244,374
391405,RAJASTHAN,245,296
391405,RAJASTHAN,246,267
391405,RAJASTHAN,247,103
391405,RAJASTHAN,248,110
391405,RAJASTHAN,249,122
391405,RAJASTHAN,250,159
391405,RAJASTHAN,251,211
391405,RAJASTHAN,252,190
391405,RAJASTHAN,253,65
391405,RAJASTHAN,254,325
391405,RAJASTHAN,255,67
391405,RAJASTHAN,256,133
391405,RAJASTHAN,257,361
391405,RAJASTHAN,258,65
391405,RAJASTHAN,259,168
391405,RAJASTHAN,260,201
391405,RAJASTHAN,261,617
391405,RAJASTHAN,262,225
391405,RAJASTHAN,263,103
391405,RAJASTHAN,264,70
391405,RAJASTHAN,265,354
391405,RAJASTHAN,266,288
391405,RAJASTHAN,267,75
391405,RAJASTHAN,268,170
391405,RAJASTHAN,269,550
391405,RAJASTHAN,270,354
391405,RAJASTHAN,271,151
391405,RAJASTHAN,272,113
391405,RAJASTHAN,273,136
391405,RAJASTHAN,274,222
391405,RAJASTHAN,275,348
391405,RAJASTHAN,276,95
391405,RAJASTHAN,277,153
391405,RAJASTHAN,278,143
391405,RAJASTHAN,279,61
391405,RAJASTHAN,280,49
391405,RAJASTHAN,281,110
391405,RAJASTHAN,282,434
391405,RAJASTHAN,283,98
391405,RAJASTHAN,284,30
391405,RAJASTHAN,285,149
391405,RAJASTHAN,286,126
391405,RAJASTHAN,287,171
391405,RAJASTHAN,288,125
391405,RAJASTHAN,289,211
391405,RAJASTHAN,290,63
391405,RAJASTHAN,291,325
391405,RAJASTHAN,292,493
391405,RAJASTHAN,293,106
391405,RAJASTHAN,294,227
391405,RAJASTHAN,295,264
391405,RAJASTHAN,296,274
391405,RAJASTHAN,297,87
391405,RAJASTHAN,298,194
391405,RAJASTHAN,299,435
391405,RAJASTHAN,300,153
391405,RAJASTHAN,301,370
391405,RAJASTHAN,302,312
391405,RAJASTHAN,303,60
391405,RAJASTHAN,304,82
391405,RAJASTHAN,305,307
391405,RAJASTHAN,306,200
391405,RAJASTHAN,307,128
391405,RAJASTHAN,308,45
391405,RAJASTHAN,309,126
391405,RAJASTHAN,310,337
391405,RAJASTHAN,311,282
391405,RAJASTHAN,312,521
391405,RAJASTHAN,313,163
391405,RAJASTHAN,314,466
391405,RAJASTHAN,315,458
391405,RAJASTHAN,316,297
391405,RAJASTHAN,317,101
391405,RAJASTHAN,318,576
391405,RAJASTHAN,319,516
391405,RAJASTHAN,320,120
391405,RAJASTHAN,321,132
391405,RAJASTHAN,322,102
391405,RAJASTHAN,323,135
391405,RAJASTHAN,324,105
391405,RAJASTHAN,325,220
391405,RAJASTHAN,326,327
391405,RAJASTHAN,327,54
391405,RAJASTHAN,328,628
391405,RAJASTHAN,329,115
391405,RAJASTHAN,330,65
