Center Number,State Name,Srl No,Marks
391407,RAJASTHAN,1,37
391407,RAJASTHAN,2,206
391407,RAJASTHAN,3,309
391407,RAJASTHAN,4,467
391407,RAJASTHAN,5,136
391407,RAJASTHAN,6,124
391407,RAJASTHAN,7,350
391407,RAJASTHAN,8,56
391407,RAJASTHAN,9,194
391407,RAJASTHAN,10,477
391407,RAJASTHAN,11,342
391407,RAJASTHAN,12,288
391407,RAJASTHAN,13,131
391407,RAJASTHAN,14,344
391407,RAJASTHAN,15,62
391407,RAJASTHAN,16,176
391407,RAJASTHAN,17,101
391407,RAJASTHAN,18,108
391407,RAJASTHAN,19,224
391407,RAJASTHAN,20,217
391407,RAJASTHAN,21,98
391407,RAJASTHAN,22,265
391407,RAJASTHAN,23,291
391407,RAJASTHAN,24,81
391407,RAJASTHAN,25,113
391407,RAJASTHAN,26,106
391407,RAJASTHAN,27,333
391407,RAJASTHAN,28,194
391407,RAJASTHAN,29,182
391407,RAJASTHAN,30,325
391407,RAJASTHAN,31,111
391407,RAJASTHAN,32,77
391407,RAJASTHAN,33,121
391407,RAJASTHAN,34,25
391407,RAJASTHAN,35,223
391407,RAJASTHAN,36,209
391407,RAJASTHAN,37,345
391407,RAJASTHAN,38,250
391407,RAJASTHAN,39,99
391407,RAJASTHAN,40,650
391407,RAJASTHAN,41,230
391407,RAJASTHAN,42,58
391407,RAJASTHAN,43,203
391407,RAJASTHAN,44,115
391407,RAJASTHAN,45,118
391407,RAJASTHAN,46,489
391407,RAJASTHAN,47,205
391407,RAJASTHAN,48,35
391407,RAJASTHAN,49,220
391407,RAJASTHAN,50,182
391407,RAJASTHAN,51,211
391407,RAJASTHAN,52,291
391407,RAJASTHAN,53,328
391407,RAJASTHAN,54,53
391407,RAJASTHAN,55,293
391407,RAJASTHAN,56,335
391407,RAJASTHAN,57,225
391407,RAJASTHAN,58,46
391407,RAJASTHAN,59,90
391407,RAJASTHAN,60,198
391407,RAJASTHAN,61,166
391407,RAJASTHAN,62,16
391407,RAJASTHAN,63,86
391407,RAJASTHAN,64,468
391407,RAJASTHAN,65,102
391407,RAJASTHAN,66,80
391407,RAJASTHAN,67,369
391407,RAJASTHAN,68,206
391407,RAJASTHAN,69,102
391407,RAJASTHAN,70,58
391407,RAJASTHAN,71,150
391407,RAJASTHAN,72,150
391407,RAJASTHAN,73,580
391407,RAJASTHAN,74,95
391407,RAJASTHAN,75,397
391407,RAJASTHAN,76,3
391407,RAJASTHAN,77,65
391407,RAJASTHAN,78,98
391407,RAJASTHAN,79,305
391407,RAJASTHAN,80,379
391407,RAJASTHAN,81,113
391407,RAJASTHAN,82,172
391407,RAJASTHAN,83,86
391407,RAJASTHAN,84,76
391407,RAJASTHAN,85,461
391407,RAJASTHAN,86,48
391407,RAJASTHAN,87,68
391407,RAJASTHAN,88,481
391407,RAJASTHAN,89,200
391407,RAJASTHAN,90,105
391407,RAJASTHAN,91,615
391407,RAJASTHAN,92,64
391407,RAJASTHAN,93,62
391407,RAJASTHAN,94,236
391407,RAJASTHAN,95,291
391407,RAJASTHAN,96,29
391407,RAJASTHAN,97,405
391407,RAJASTHAN,98,349
391407,RAJASTHAN,99,40
391407,RAJASTHAN,100,142
391407,RAJASTHAN,101,145
391407,RAJASTHAN,102,550
391407,RAJASTHAN,103,502
391407,RAJASTHAN,104,454
391407,RAJASTHAN,105,308
391407,RAJASTHAN,106,80
391407,RAJASTHAN,107,327
391407,RAJASTHAN,108,372
391407,RAJASTHAN,109,83
391407,RAJASTHAN,110,148
391407,RAJASTHAN,111,103
391407,RAJASTHAN,112,291
391407,RAJASTHAN,113,420
391407,RAJASTHAN,114,279
391407,RAJASTHAN,115,213
391407,RAJASTHAN,116,581
391407,RAJASTHAN,117,230
391407,RAJASTHAN,118,109
391407,RAJASTHAN,119,135
391407,RAJASTHAN,120,204
391407,RAJASTHAN,121,51
391407,RAJASTHAN,122,252
391407,RAJASTHAN,123,117
391407,RAJASTHAN,124,64
391407,RAJASTHAN,125,165
391407,RAJASTHAN,126,72
391407,RAJASTHAN,127,289
391407,RAJASTHAN,128,243
391407,RAJASTHAN,129,55
391407,RAJASTHAN,130,118
391407,RAJASTHAN,131,427
391407,RAJASTHAN,132,288
391407,RAJASTHAN,133,275
391407,RAJASTHAN,134,163
391407,RAJASTHAN,135,225
391407,RAJASTHAN,136,13
391407,RAJASTHAN,137,587
391407,RAJASTHAN,138,226
391407,RAJASTHAN,139,99
391407,RAJASTHAN,140,25
391407,RAJASTHAN,141,130
391407,RAJASTHAN,142,185
391407,RAJASTHAN,143,40
391407,RAJASTHAN,144,61
391407,RAJASTHAN,145,151
391407,RAJASTHAN,146,189
391407,RAJASTHAN,147,222
391407,RAJASTHAN,148,243
391407,RAJASTHAN,149,620
391407,RAJASTHAN,150,118
391407,RAJASTHAN,151,125
391407,RAJASTHAN,152,560
391407,RAJASTHAN,153,88
391407,RAJASTHAN,154,74
391407,RAJASTHAN,155,75
391407,RAJASTHAN,156,364
391407,RAJASTHAN,157,158
391407,RAJASTHAN,158,621
391407,RAJASTHAN,159,277
391407,RAJASTHAN,160,316
391407,RAJASTHAN,161,110
391407,RAJASTHAN,162,351
391407,RAJASTHAN,163,198
391407,RAJASTHAN,164,513
391407,RAJASTHAN,165,171
391407,RAJASTHAN,166,164
391407,RAJASTHAN,167,34
391407,RAJASTHAN,168,175
391407,RAJASTHAN,169,590
391407,RAJASTHAN,170,101
391407,RAJASTHAN,171,493
391407,RAJASTHAN,172,289
391407,RAJASTHAN,173,101
391407,RAJASTHAN,174,297
391407,RAJASTHAN,175,335
391407,RAJASTHAN,176,40
391407,RAJASTHAN,177,266
391407,RAJASTHAN,178,364
391407,RAJASTHAN,179,90
391407,RAJASTHAN,180,450
391407,RAJASTHAN,181,530
391407,RAJASTHAN,182,196
391407,RAJASTHAN,183,203
391407,RAJASTHAN,184,56
391407,RAJASTHAN,185,182
391407,RAJASTHAN,186,41
391407,RAJASTHAN,187,48
391407,RAJASTHAN,188,98
391407,RAJASTHAN,189,210
391407,RAJASTHAN,190,89
391407,RAJASTHAN,191,164
391407,RAJASTHAN,192,211
391407,RAJASTHAN,193,185
391407,RAJASTHAN,194,140
391407,RAJASTHAN,195,145
391407,RAJASTHAN,196,421
391407,RAJASTHAN,197,559
391407,RAJASTHAN,198,523
391407,RAJASTHAN,199,513
391407,RAJASTHAN,200,178
391407,RAJASTHAN,201,87
391407,RAJASTHAN,202,461
391407,RAJASTHAN,203,90
391407,RAJASTHAN,204,64
391407,RAJASTHAN,205,123
391407,RAJASTHAN,206,286
391407,RAJASTHAN,207,262
391407,RAJASTHAN,208,220
391407,RAJASTHAN,209,88
391407,RAJASTHAN,210,548
391407,RAJASTHAN,211,264
391407,RAJASTHAN,212,82
391407,RAJASTHAN,213,81
391407,RAJASTHAN,214,344
391407,RAJASTHAN,215,70
391407,RAJASTHAN,216,124
391407,RAJASTHAN,217,190
391407,RAJASTHAN,218,79
391407,RAJASTHAN,219,68
391407,RAJASTHAN,220,75
391407,RAJASTHAN,221,170
391407,RAJASTHAN,222,60
391407,RAJASTHAN,223,528
391407,RAJASTHAN,224,120
391407,RAJASTHAN,225,80
391407,RAJASTHAN,226,77
391407,RAJASTHAN,227,31
391407,RAJASTHAN,228,110
391407,RAJASTHAN,229,356
391407,RAJASTHAN,230,108
391407,RAJASTHAN,231,80
391407,RAJASTHAN,232,94
391407,RAJASTHAN,233,74
391407,RAJASTHAN,234,53
391407,RAJASTHAN,235,176
391407,RAJASTHAN,236,680
391407,RAJASTHAN,237,210
391407,RAJASTHAN,238,56
391407,RAJASTHAN,239,269
391407,RAJASTHAN,240,45
391407,RAJASTHAN,241,80
391407,RAJASTHAN,242,26
391407,RAJASTHAN,243,103
391407,RAJASTHAN,244,93
391407,RAJASTHAN,245,49
391407,RAJASTHAN,246,87
391407,RAJASTHAN,247,46
391407,RAJASTHAN,248,15
391407,RAJASTHAN,249,523
391407,RAJASTHAN,250,337
391407,RAJASTHAN,251,129
391407,RAJASTHAN,252,85
391407,RAJASTHAN,253,135
391407,RAJASTHAN,254,99
391407,RAJASTHAN,255,40
391407,RAJASTHAN,256,158
391407,RAJASTHAN,257,527
391407,RAJASTHAN,258,117
391407,RAJASTHAN,259,103
391407,RAJASTHAN,260,116
391407,RAJASTHAN,261,158
391407,RAJASTHAN,262,149
391407,RAJASTHAN,263,175
391407,RAJASTHAN,264,126
391407,RAJASTHAN,265,69
391407,RAJASTHAN,266,523
391407,RAJASTHAN,267,71
391407,RAJASTHAN,268,203
391407,RAJASTHAN,269,96
391407,RAJASTHAN,270,319
391407,RAJASTHAN,271,102
391407,RAJASTHAN,272,96
391407,RAJASTHAN,273,212
391407,RAJASTHAN,274,92
391407,RAJASTHAN,275,222
391407,RAJASTHAN,276,275
391407,RAJASTHAN,277,47
391407,RAJASTHAN,278,50
391407,RAJASTHAN,279,71
391407,RAJASTHAN,280,401
391407,RAJASTHAN,281,122
391407,RAJASTHAN,282,134
391407,RAJASTHAN,283,85
391407,RAJASTHAN,284,438
391407,RAJASTHAN,285,60
391407,RAJASTHAN,286,268
391407,RAJASTHAN,287,314
391407,RAJASTHAN,288,0
391407,RAJASTHAN,289,22
391407,RAJASTHAN,290,312
391407,RAJASTHAN,291,70
391407,RAJASTHAN,292,123
391407,RAJASTHAN,293,159
391407,RAJASTHAN,294,125
391407,RAJASTHAN,295,270
391407,RAJASTHAN,296,351
391407,RAJASTHAN,297,490
391407,RAJASTHAN,298,11
391407,RAJASTHAN,299,76
391407,RAJASTHAN,300,337
391407,RAJASTHAN,301,160
391407,RAJASTHAN,302,100
391407,RAJASTHAN,303,312
391407,RAJASTHAN,304,456
391407,RAJASTHAN,305,151
391407,RAJASTHAN,306,376
391407,RAJASTHAN,307,86
391407,RAJASTHAN,308,135
391407,RAJASTHAN,309,167
391407,RAJASTHAN,310,219
391407,RAJASTHAN,311,105
391407,RAJASTHAN,312,332
391407,RAJASTHAN,313,587
391407,RAJASTHAN,314,414
391407,RAJASTHAN,315,337
391407,RAJASTHAN,316,247
391407,RAJASTHAN,317,156
391407,RAJASTHAN,318,55
391407,RAJASTHAN,319,77
391407,RAJASTHAN,320,142
391407,RAJASTHAN,321,535
391407,RAJASTHAN,322,119
391407,RAJASTHAN,323,192
391407,RAJASTHAN,324,240
391407,RAJASTHAN,325,68
391407,RAJASTHAN,326,77
391407,RAJASTHAN,327,113
391407,RAJASTHAN,328,111
391407,RAJASTHAN,329,79
391407,RAJASTHAN,330,277
391407,RAJASTHAN,331,418
391407,RAJASTHAN,332,246
391407,RAJASTHAN,333,191
391407,RAJASTHAN,334,245
391407,RAJASTHAN,335,107
391407,RAJASTHAN,336,631
391407,RAJASTHAN,337,401
391407,RAJASTHAN,338,370
391407,RAJASTHAN,339,407
391407,RAJASTHAN,340,277
391407,RAJASTHAN,341,18
391407,RAJASTHAN,342,81
391407,RAJASTHAN,343,125
391407,RAJASTHAN,344,222
391407,RAJASTHAN,345,258
391407,RAJASTHAN,346,135
391407,RAJASTHAN,347,256
391407,RAJASTHAN,348,115
391407,RAJASTHAN,349,495
391407,RAJASTHAN,350,171
391407,RAJASTHAN,351,180
391407,RAJASTHAN,352,547
391407,RAJASTHAN,353,140
391407,RAJASTHAN,354,395
391407,RAJASTHAN,355,67
391407,RAJASTHAN,356,13
391407,RAJASTHAN,357,51
391407,RAJASTHAN,358,79
391407,RAJASTHAN,359,555
391407,RAJASTHAN,360,110
391407,RAJASTHAN,361,89
391407,RAJASTHAN,362,5
391407,RAJASTHAN,363,171
391407,RAJASTHAN,364,93
391407,RAJASTHAN,365,74
391407,RAJASTHAN,366,343
391407,RAJASTHAN,367,105
391407,RAJASTHAN,368,84
391407,RAJASTHAN,369,496
391407,RAJASTHAN,370,272
391407,RAJASTHAN,371,189
391407,RAJASTHAN,372,114
391407,RAJASTHAN,373,58
391407,RAJASTHAN,374,124
391407,RAJASTHAN,375,178
391407,RAJASTHAN,376,576
391407,RAJASTHAN,377,129
391407,RAJASTHAN,378,645
391407,RAJASTHAN,379,103
391407,RAJASTHAN,380,526
391407,RAJASTHAN,381,511
391407,RAJASTHAN,382,101
391407,RAJASTHAN,383,333
391407,RAJASTHAN,384,373
391407,RAJASTHAN,385,200
391407,RAJASTHAN,386,29
391407,RAJASTHAN,9,388
391407,RAJASTHAN,167,389
391407,RAJASTHAN,328,390
391407,RAJASTHAN,391,320
391407,RAJASTHAN,392,541
391407,RAJASTHAN,393,225
391407,RAJASTHAN,394,103
391407,RAJASTHAN,395,53
391407,RAJASTHAN,396,81
391407,RAJASTHAN,397,92
391407,RAJASTHAN,398,272
391407,RAJASTHAN,399,67
391407,RAJASTHAN,400,344
391407,RAJASTHAN,401,387
391407,RAJASTHAN,402,399
391407,RAJASTHAN,403,270
391407,RAJASTHAN,404,42
391407,RAJASTHAN,405,198
391407,RAJASTHAN,406,592
391407,RAJASTHAN,407,595
391407,RAJASTHAN,408,119
391407,RAJASTHAN,409,351
391407,RAJASTHAN,410,350
391407,RAJASTHAN,411,8
391407,RAJASTHAN,412,165
391407,RAJASTHAN,413,523
391407,RAJASTHAN,414,429
391407,RAJASTHAN,415,43
391407,RAJASTHAN,416,355
391407,RAJASTHAN,417,152
391407,RAJASTHAN,418,21
391407,RAJASTHAN,419,80
391407,RAJASTHAN,420,123
391407,RAJASTHAN,421,284
391407,RAJASTHAN,422,305
391407,RAJASTHAN,423,133
391407,RAJASTHAN,424,401
391407,RAJASTHAN,425,205
391407,RAJASTHAN,426,41
391407,RAJASTHAN,427,47
391407,RAJASTHAN,428,141
391407,RAJASTHAN,429,167
391407,RAJASTHAN,430,102
391407,RAJASTHAN,431,90
391407,RAJASTHAN,432,273
391407,RAJASTHAN,433,115
391407,RAJASTHAN,434,147
391407,RAJASTHAN,435,88
391407,RAJASTHAN,436,136
391407,RAJASTHAN,437,512
391407,RAJASTHAN,438,121
391407,RAJASTHAN,439,90
391407,RAJASTHAN,440,605
391407,RAJASTHAN,441,90
391407,RAJASTHAN,442,183
391407,RAJASTHAN,443,64
391407,RAJASTHAN,444,284
391407,RAJASTHAN,445,320
391407,RAJASTHAN,446,85
391407,RAJASTHAN,447,573
391407,RAJASTHAN,448,66
391407,RAJASTHAN,449,429
391407,RAJASTHAN,450,46
391407,RAJASTHAN,451,248
391407,RAJASTHAN,452,85
391407,RAJASTHAN,453,35
391407,RAJASTHAN,454,48
391407,RAJASTHAN,455,55
391407,RAJASTHAN,456,4
391407,RAJASTHAN,457,200
391407,RAJASTHAN,458,53
391407,RAJASTHAN,459,587
391407,RAJASTHAN,460,179
391407,RAJASTHAN,461,55
391407,RAJASTHAN,462,67
391407,RAJASTHAN,463,212
391407,RAJASTHAN,464,114
391407,RAJASTHAN,465,337
391407,RAJASTHAN,466,121
391407,RAJASTHAN,467,160
391407,RAJASTHAN,468,161
391407,RAJASTHAN,469,160
391407,RAJASTHAN,470,36
391407,RAJASTHAN,471,295
391407,RAJASTHAN,472,319
391407,RAJASTHAN,473,90
391407,RAJASTHAN,474,618
391407,RAJASTHAN,475,651
391407,RAJASTHAN,476,92
391407,RAJASTHAN,477,104
391407,RAJASTHAN,478,76
391407,RAJASTHAN,479,132
391407,RAJASTHAN,480,381
391407,RAJASTHAN,481,557
391407,RAJASTHAN,482,176
391407,RAJASTHAN,483,342
391407,RAJASTHAN,484,293
391407,RAJASTHAN,485,209
391407,RAJASTHAN,486,48
391407,RAJASTHAN,487,677
391407,RAJASTHAN,488,135
391407,RAJASTHAN,489,106
391407,RAJASTHAN,490,115
391407,RAJASTHAN,491,251
391407,RAJASTHAN,492,158
391407,RAJASTHAN,493,61
391407,RAJASTHAN,494,272
391407,RAJASTHAN,495,263
391407,RAJASTHAN,496,228
391407,RAJASTHAN,497,169
391407,RAJASTHAN,498,210
391407,RAJASTHAN,499,49
391407,RAJASTHAN,500,47
391407,RAJASTHAN,501,512
391407,RAJASTHAN,502,205
391407,RAJASTHAN,503,383
391407,RAJASTHAN,504,358
391407,RAJASTHAN,505,53
391407,RAJASTHAN,506,147
391407,RAJASTHAN,507,347
391407,RAJASTHAN,508,390
391407,RAJASTHAN,29,510
391407,RAJASTHAN,511,96
391407,RAJASTHAN,512,10
391407,RAJASTHAN,513,150
391407,RAJASTHAN,514,202
391407,RAJASTHAN,515,90
391407,RAJASTHAN,516,92
391407,RAJASTHAN,517,140
391407,RAJASTHAN,518,322
391407,RAJASTHAN,519,198
391407,RAJASTHAN,520,156
391407,RAJASTHAN,521,64
391407,RAJASTHAN,522,313
391407,RAJASTHAN,523,579
391407,RAJASTHAN,524,154
391407,RAJASTHAN,525,463
391407,RAJASTHAN,526,219
391407,RAJASTHAN,527,383
391407,RAJASTHAN,528,186
391407,RAJASTHAN,529,499
391407,RAJASTHAN,530,641
391407,RAJASTHAN,531,416
391407,RAJASTHAN,532,359
391407,RAJASTHAN,533,280
391407,RAJASTHAN,534,93
391407,RAJASTHAN,535,67
391407,RAJASTHAN,536,326
391407,RAJASTHAN,537,168
391407,RAJASTHAN,538,108
391407,RAJASTHAN,539,88
391407,RAJASTHAN,540,64
391407,RAJASTHAN,541,514
391407,RAJASTHAN,542,481
391407,RAJASTHAN,543,68
391407,RAJASTHAN,544,24
391407,RAJASTHAN,545,291
391407,RAJASTHAN,546,260
391407,RAJASTHAN,547,544
391407,RAJASTHAN,548,90
391407,RAJASTHAN,549,244
391407,RAJASTHAN,550,366
391407,RAJASTHAN,551,454
391407,RAJASTHAN,552,276
391407,RAJASTHAN,553,42
391407,RAJASTHAN,554,400
391407,RAJASTHAN,555,145
391407,RAJASTHAN,556,221
391407,RAJASTHAN,557,235
391407,RAJASTHAN,558,176
391407,RAJASTHAN,559,172
391407,RAJASTHAN,560,85
391407,RAJASTHAN,561,95
391407,RAJASTHAN,562,45
391407,RAJASTHAN,563,103
391407,RAJASTHAN,564,158
391407,RAJASTHAN,565,189
391407,RAJASTHAN,566,276
391407,RAJASTHAN,567,136
391407,RAJASTHAN,568,211
391407,RAJASTHAN,569,509
391407,RAJASTHAN,570,213
391407,RAJASTHAN,571,78
391407,RAJASTHAN,572,56
391407,RAJASTHAN,573,423
391407,RAJASTHAN,574,214
391407,RAJASTHAN,575,84
391407,RAJASTHAN,576,198
391407,RAJASTHAN,577,83
391407,RAJASTHAN,578,376
391407,RAJASTHAN,579,246
391407,RAJASTHAN,580,284
391407,RAJASTHAN,581,64
391407,RAJASTHAN,582,25
391407,RAJASTHAN,583,480
391407,RAJASTHAN,584,362
391407,RAJASTHAN,585,147
391407,RAJASTHAN,586,254
391407,RAJASTHAN,587,75
391407,RAJASTHAN,588,370
391407,RAJASTHAN,589,255
391407,RAJASTHAN,590,202
391407,RAJASTHAN,591,214
391407,RAJASTHAN,592,644
391407,RAJASTHAN,593,177
391407,RAJASTHAN,594,244
391407,RAJASTHAN,595,481
391407,RAJASTHAN,596,165
391407,RAJASTHAN,597,164
391407,RAJASTHAN,598,437
391407,RAJASTHAN,599,167
391407,RAJASTHAN,600,594
391407,RAJASTHAN,601,405
391407,RAJASTHAN,602,81
391407,RAJASTHAN,603,595
391407,RAJASTHAN,604,447
391407,RAJASTHAN,605,50
391407,RAJASTHAN,606,50
391407,RAJASTHAN,607,110
391407,RAJASTHAN,608,253
391407,RAJASTHAN,609,161
391407,RAJASTHAN,610,468
391407,RAJASTHAN,611,508
391407,RAJASTHAN,612,251
391407,RAJASTHAN,613,514
391407,RAJASTHAN,614,245
391407,RAJASTHAN,615,95
391407,RAJASTHAN,616,69
391407,RAJASTHAN,617,263
391407,RAJASTHAN,618,248
391407,RAJASTHAN,619,177
391407,RAJASTHAN,620,100
391407,RAJASTHAN,621,147
391407,RAJASTHAN,622,312
391407,RAJASTHAN,623,266
391407,RAJASTHAN,624,65
391407,RAJASTHAN,625,216
391407,RAJASTHAN,626,394
391407,RAJASTHAN,627,69
391407,RAJASTHAN,628,260
391407,RAJASTHAN,629,655
391407,RAJASTHAN,630,496
391407,RAJASTHAN,631,80
391407,RAJASTHAN,632,412
391407,RAJASTHAN,633,335
391407,RAJASTHAN,634,176
391407,RAJASTHAN,635,372
391407,RAJASTHAN,636,429
391407,RAJASTHAN,637,63
391407,RAJASTHAN,638,75
391407,RAJASTHAN,639,86
391407,RAJASTHAN,640,93
391407,RAJASTHAN,641,50
391407,RAJASTHAN,642,622
391407,RAJASTHAN,5,644
391407,RAJASTHAN,313,645
391407,RAJASTHAN,280,646
391407,RAJASTHAN,143,647
391407,RAJASTHAN,526,648
391407,RAJASTHAN,331,649
391407,RAJASTHAN,145,650
391407,RAJASTHAN,253,651
391407,RAJASTHAN,51,652
391407,RAJASTHAN,128,653
391407,RAJASTHAN,191,654
391407,RAJASTHAN,245,655
391407,RAJASTHAN,49,656
391407,RAJASTHAN,234,657
391407,RAJASTHAN,444,658
391407,RAJASTHAN,484,659
391407,RAJASTHAN,341,660
391407,RAJASTHAN,661,186
391407,RAJASTHAN,662,208
391407,RAJASTHAN,663,23
391407,RAJASTHAN,664,442
391407,RAJASTHAN,665,69
391407,RAJASTHAN,666,40
391407,RAJASTHAN,667,85
391407,RAJASTHAN,668,99
391407,RAJASTHAN,669,407
391407,RAJASTHAN,670,359
391407,RAJASTHAN,671,228
391407,RAJASTHAN,672,258
391407,RAJASTHAN,673,147
391407,RAJASTHAN,674,443
391407,RAJASTHAN,675,297
391407,RAJASTHAN,676,378
391407,RAJASTHAN,677,144
391407,RAJASTHAN,678,343
391407,RAJASTHAN,679,228
391407,RAJASTHAN,680,215
391407,RAJASTHAN,681,336
391407,RAJASTHAN,682,345
391407,RAJASTHAN,683,69
391407,RAJASTHAN,684,43
391407,RAJASTHAN,685,103
391407,RAJASTHAN,686,142
391407,RAJASTHAN,687,440
391407,RAJASTHAN,688,180
391407,RAJASTHAN,689,26
391407,RAJASTHAN,690,156
391407,RAJASTHAN,691,136
391407,RAJASTHAN,692,130
391407,RAJASTHAN,693,64
391407,RAJASTHAN,694,46
391407,RAJASTHAN,695,33
391407,RAJASTHAN,696,40
391407,RAJASTHAN,697,237
391407,RAJASTHAN,698,97
391407,RAJASTHAN,699,189
391407,RAJASTHAN,700,201
391407,RAJASTHAN,701,175
391407,RAJASTHAN,702,504
391407,RAJASTHAN,703,127
391407,RAJASTHAN,704,4
391407,RAJASTHAN,705,138
391407,RAJASTHAN,706,95
391407,RAJASTHAN,707,61
391407,RAJASTHAN,708,342
391407,RAJASTHAN,709,448
391407,RAJASTHAN,710,68
391407,RAJASTHAN,711,375
391407,RAJASTHAN,712,81
391407,RAJASTHAN,713,112
391407,RAJASTHAN,714,94
391407,RAJASTHAN,715,231
391407,RAJASTHAN,716,115
391407,RAJASTHAN,717,87
391407,RAJASTHAN,718,218
391407,RAJASTHAN,719,39
391407,RAJASTHAN,720,70
391407,RAJASTHAN,721,443
391407,RAJASTHAN,722,511
391407,RAJASTHAN,723,384
391407,RAJASTHAN,724,140
391407,RAJASTHAN,725,128
391407,RAJASTHAN,726,102
391407,RAJASTHAN,727,94
391407,RAJASTHAN,728,110
391407,RAJASTHAN,729,152
391407,RAJASTHAN,730,656
391407,RAJASTHAN,731,171
391407,RAJASTHAN,732,53
391407,RAJASTHAN,733,73
391407,RAJASTHAN,734,206
391407,RAJASTHAN,735,63
391407,RAJASTHAN,736,624
391407,RAJASTHAN,737,61
391407,RAJASTHAN,738,178
391407,RAJASTHAN,739,162
391407,RAJASTHAN,740,645
391407,RAJASTHAN,741,415
391407,RAJASTHAN,742,642
391407,RAJASTHAN,743,26
391407,RAJASTHAN,744,26
391407,RAJASTHAN,745,229
391407,RAJASTHAN,746,104
391407,RAJASTHAN,747,162
391407,RAJASTHAN,748,84
391407,RAJASTHAN,749,279
391407,RAJASTHAN,750,321
391407,RAJASTHAN,751,288
391407,RAJASTHAN,752,125
391407,RAJASTHAN,753,339
391407,RAJASTHAN,754,150
391407,RAJASTHAN,755,124
391407,RAJASTHAN,756,115
391407,RAJASTHAN,757,307
391407,RAJASTHAN,758,158
391407,RAJASTHAN,759,108
391407,RAJASTHAN,760,112
391407,RAJASTHAN,761,164
391407,RAJASTHAN,762,83
391407,RAJASTHAN,763,79
391407,RAJASTHAN,764,515
391407,RAJASTHAN,765,151
391407,RAJASTHAN,766,316
391407,RAJASTHAN,767,379
391407,RAJASTHAN,768,225
391407,RAJASTHAN,769,673
391407,RAJASTHAN,770,127
391407,RAJASTHAN,771,298
391407,RAJASTHAN,772,507
391407,RAJASTHAN,773,93
391407,RAJASTHAN,774,236
391407,RAJASTHAN,775,86
391407,RAJASTHAN,776,75
391407,RAJASTHAN,777,143
391407,RAJASTHAN,778,93
391407,RAJASTHAN,779,117
391407,RAJASTHAN,780,151
391407,RAJASTHAN,781,445
391407,RAJASTHAN,782,35
391407,RAJASTHAN,783,81
391407,RAJASTHAN,784,85
391407,RAJASTHAN,785,198
391407,RAJASTHAN,786,488
391407,RAJASTHAN,787,82
391407,RAJASTHAN,788,310
391407,RAJASTHAN,789,131
391407,RAJASTHAN,790,97
391407,RAJASTHAN,791,602
391407,RAJASTHAN,792,347
391407,RAJASTHAN,793,220
391407,RAJASTHAN,794,74
391407,RAJASTHAN,795,489
391407,RAJASTHAN,796,129
391407,RAJASTHAN,797,124
391407,RAJASTHAN,798,133
391407,RAJASTHAN,799,155
391407,RAJASTHAN,800,101
391407,RAJASTHAN,801,86
391407,RAJASTHAN,802,53
391407,RAJASTHAN,803,368
391407,RAJASTHAN,804,506
391407,RAJASTHAN,805,251
391407,RAJASTHAN,806,506
391407,RAJASTHAN,807,514
391407,RAJASTHAN,808,91
391407,RAJASTHAN,809,271
391407,RAJASTHAN,810,373
391407,RAJASTHAN,811,100
391407,RAJASTHAN,812,263
391407,RAJASTHAN,813,442
391407,RAJASTHAN,814,110
391407,RAJASTHAN,815,210
391407,RAJASTHAN,816,310
391407,RAJASTHAN,817,537
391407,RAJASTHAN,818,359
391407,RAJASTHAN,819,370
391407,RAJASTHAN,820,110
391407,RAJASTHAN,821,97
391407,RAJASTHAN,822,434
391407,RAJASTHAN,823,364
391407,RAJASTHAN,824,48
391407,RAJASTHAN,825,300
391407,RAJASTHAN,826,85
391407,RAJASTHAN,827,160
391407,RAJASTHAN,828,178
391407,RAJASTHAN,829,500
391407,RAJASTHAN,830,262
391407,RAJASTHAN,831,273
391407,RAJASTHAN,832,144
391407,RAJASTHAN,833,90
391407,RAJASTHAN,834,40
391407,RAJASTHAN,835,259
391407,RAJASTHAN,836,28
391407,RAJASTHAN,837,149
391407,RAJASTHAN,838,66
391407,RAJASTHAN,839,264
391407,RAJASTHAN,840,252
391407,RAJASTHAN,841,69
391407,RAJASTHAN,842,113
391407,RAJASTHAN,843,33
391407,RAJASTHAN,844,149
391407,RAJASTHAN,845,123
391407,RAJASTHAN,846,115
391407,RAJASTHAN,847,327
391407,RAJASTHAN,848,516
391407,RAJASTHAN,849,590
391407,RAJASTHAN,850,239
391407,RAJASTHAN,851,49
391407,RAJASTHAN,852,638
391407,RAJASTHAN,853,160
391407,RAJASTHAN,854,136
391407,RAJASTHAN,855,181
391407,RAJASTHAN,856,315
391407,RAJASTHAN,857,333
391407,RAJASTHAN,858,143
391407,RAJASTHAN,859,185
391407,RAJASTHAN,860,443
391407,RAJASTHAN,861,269
391407,RAJASTHAN,862,296
391407,RAJASTHAN,863,95
391407,RAJASTHAN,864,60
391407,RAJASTHAN,865,105
391407,RAJASTHAN,866,115
391407,RAJASTHAN,867,106
391407,RAJASTHAN,868,291
391407,RAJASTHAN,869,133
391407,RAJASTHAN,870,55
391407,RAJASTHAN,871,49
