Center Number,State Name,Srl No,Marks
391809,RAJASTHAN,1,696
391809,RAJASTHAN,2,312
391809,RAJASTHAN,3,574
391809,RAJASTHAN,4,147
391809,RAJASTHAN,5,151
391809,RAJASTHAN,6,396
391809,RAJASTHAN,7,31
391809,RAJASTHAN,8,652
391809,RAJASTHAN,9,540
391809,RAJASTHAN,10,474
391809,RAJASTHAN,11,326
391809,RAJASTHAN,12,519
391809,RAJASTHAN,13,340
391809,RAJASTHAN,14,287
391809,RAJASTHAN,15,173
391809,RAJASTHAN,16,222
391809,RAJASTHAN,17,70
391809,RAJASTHAN,18,290
391809,RAJASTHAN,19,330
391809,RAJASTHAN,20,136
391809,RAJASTHAN,21,577
391809,RAJASTHAN,22,303
391809,RAJASTHAN,23,392
391809,RAJASTHAN,24,34
391809,RAJASTHAN,25,543
391809,RAJASTHAN,26,270
391809,RAJASTHAN,27,200
391809,RAJASTHAN,28,38
391809,RAJASTHAN,29,236
391809,RAJASTHAN,30,337
391809,RAJASTHAN,31,383
391809,RAJASTHAN,32,237
391809,RAJASTHAN,33,183
391809,RAJASTHAN,34,75
391809,RAJASTHAN,35,297
391809,RAJASTHAN,36,97
391809,RAJASTHAN,37,126
391809,RAJASTHAN,38,568
391809,RAJASTHAN,39,626
391809,RAJASTHAN,40,94
391809,RAJASTHAN,41,193
391809,RAJASTHAN,42,588
391809,RAJASTHAN,43,261
391809,RAJASTHAN,44,449
391809,RAJASTHAN,45,150
391809,RAJASTHAN,46,513
391809,RAJASTHAN,47,351
391809,RAJASTHAN,48,259
391809,RAJASTHAN,49,101
391809,RAJASTHAN,50,183
391809,RAJASTHAN,51,312
391809,RAJASTHAN,52,350
391809,RAJASTHAN,53,617
391809,RAJASTHAN,54,273
391809,RAJASTHAN,55,196
391809,RAJASTHAN,56,90
391809,RAJASTHAN,57,682
391809,RAJASTHAN,58,511
391809,RAJASTHAN,59,172
391809,RAJASTHAN,60,456
391809,RAJASTHAN,61,600
391809,RAJASTHAN,62,45
391809,RAJASTHAN,63,80
391809,RAJASTHAN,64,504
391809,RAJASTHAN,65,203
391809,RAJASTHAN,66,238
391809,RAJASTHAN,67,670
391809,RAJASTHAN,68,458
391809,RAJASTHAN,69,96
391809,RAJASTHAN,70,155
391809,RAJASTHAN,71,265
391809,RAJASTHAN,72,463
391809,RAJASTHAN,73,79
391809,RAJASTHAN,74,439
391809,RAJASTHAN,75,344
391809,RAJASTHAN,76,170
391809,RAJASTHAN,77,93
391809,RAJASTHAN,78,432
391809,RAJASTHAN,79,1
391809,RAJASTHAN,80,501
391809,RAJASTHAN,81,70
391809,RAJASTHAN,82,449
391809,RAJASTHAN,83,36
391809,RAJASTHAN,84,438
391809,RAJASTHAN,85,520
391809,RAJASTHAN,86,245
391809,RAJASTHAN,87,115
391809,RAJASTHAN,88,620
391809,RAJASTHAN,89,596
391809,RAJASTHAN,90,621
391809,RAJASTHAN,91,633
391809,RAJASTHAN,92,284
391809,RAJASTHAN,93,660
391809,RAJASTHAN,94,508
391809,RAJASTHAN,95,222
391809,RAJASTHAN,96,260
391809,RAJASTHAN,97,422
391809,RAJASTHAN,98,454
391809,RAJASTHAN,99,399
391809,RAJASTHAN,100,318
391809,RAJASTHAN,101,531
391809,RAJASTHAN,102,80
391809,RAJASTHAN,103,565
391809,RAJASTHAN,104,152
391809,RAJASTHAN,105,645
391809,RAJASTHAN,106,238
391809,RAJASTHAN,107,600
391809,RAJASTHAN,108,400
391809,RAJASTHAN,109,561
391809,RAJASTHAN,110,586
391809,RAJASTHAN,111,151
391809,RAJASTHAN,112,485
391809,RAJASTHAN,113,55
391809,RAJASTHAN,114,132
391809,RAJASTHAN,115,468
391809,RAJASTHAN,116,367
391809,RAJASTHAN,117,505
391809,RAJASTHAN,118,271
391809,RAJASTHAN,119,524
391809,RAJASTHAN,120,224
391809,RAJASTHAN,121,175
391809,RAJASTHAN,122,192
391809,RAJASTHAN,123,565
391809,RAJASTHAN,124,595
391809,RAJASTHAN,125,480
391809,RAJASTHAN,126,549
391809,RAJASTHAN,127,514
391809,RAJASTHAN,128,451
391809,RAJASTHAN,129,106
391809,RAJASTHAN,130,409
391809,RAJASTHAN,131,511
391809,RAJASTHAN,132,286
391809,RAJASTHAN,133,505
391809,RAJASTHAN,134,474
391809,RAJASTHAN,135,347
391809,RAJASTHAN,136,132
391809,RAJASTHAN,137,569
391809,RAJASTHAN,138,411
391809,RAJASTHAN,139,45
391809,RAJASTHAN,140,59
391809,RAJASTHAN,141,368
391809,RAJASTHAN,142,236
391809,RAJASTHAN,143,84
391809,RAJASTHAN,144,105
391809,RAJASTHAN,145,447
391809,RAJASTHAN,146,342
391809,RAJASTHAN,147,150
391809,RAJASTHAN,148,261
391809,RAJASTHAN,149,256
391809,RAJASTHAN,150,141
391809,RAJASTHAN,151,330
391809,RAJASTHAN,152,315
391809,RAJASTHAN,153,280
391809,RAJASTHAN,154,671
391809,RAJASTHAN,155,536
391809,RAJASTHAN,156,226
391809,RAJASTHAN,157,185
391809,RAJASTHAN,158,497
391809,RAJASTHAN,159,480
391809,RAJASTHAN,160,221
391809,RAJASTHAN,161,667
391809,RAJASTHAN,162,464
391809,RAJASTHAN,163,534
391809,RAJASTHAN,164,459
391809,RAJASTHAN,165,289
391809,RAJASTHAN,166,105
391809,RAJASTHAN,167,459
391809,RAJASTHAN,168,429
391809,RAJASTHAN,169,201
391809,RAJASTHAN,170,634
391809,RAJASTHAN,171,549
391809,RAJASTHAN,172,567
391809,RAJASTHAN,173,295
391809,RAJASTHAN,174,572
391809,RAJASTHAN,175,478
391809,RAJASTHAN,176,188
391809,RAJASTHAN,177,103
391809,RAJASTHAN,178,104
391809,RAJASTHAN,179,304
391809,RAJASTHAN,180,531
391809,RAJASTHAN,181,315
391809,RAJASTHAN,182,263
391809,RAJASTHAN,183,134
391809,RAJASTHAN,184,179
391809,RAJASTHAN,185,588
391809,RAJASTHAN,186,295
391809,RAJASTHAN,187,153
391809,RAJASTHAN,188,355
391809,RAJASTHAN,189,331
391809,RAJASTHAN,190,136
391809,RAJASTHAN,191,632
391809,RAJASTHAN,192,518
391809,RAJASTHAN,193,405
391809,RAJASTHAN,194,90
391809,RAJASTHAN,195,209
391809,RAJASTHAN,196,185
391809,RAJASTHAN,197,330
391809,RAJASTHAN,198,100
391809,RAJASTHAN,199,190
391809,RAJASTHAN,200,247
391809,RAJASTHAN,201,492
391809,RAJASTHAN,202,666
391809,RAJASTHAN,203,214
391809,RAJASTHAN,204,83
391809,RAJASTHAN,205,447
391809,RAJASTHAN,206,531
391809,RAJASTHAN,207,105
391809,RAJASTHAN,208,84
391809,RAJASTHAN,209,448
391809,RAJASTHAN,210,420
391809,RAJASTHAN,211,626
391809,RAJASTHAN,212,413
391809,RAJASTHAN,213,512
391809,RAJASTHAN,214,275
391809,RAJASTHAN,215,469
391809,RAJASTHAN,216,220
391809,RAJASTHAN,217,593
391809,RAJASTHAN,218,199
391809,RAJASTHAN,219,116
391809,RAJASTHAN,220,184
391809,RAJASTHAN,221,60
391809,RAJASTHAN,222,125
391809,RAJASTHAN,223,589
391809,RAJASTHAN,224,140
391809,RAJASTHAN,225,49
391809,RAJASTHAN,226,45
391809,RAJASTHAN,227,470
391809,RAJASTHAN,228,93
391809,RAJASTHAN,229,570
391809,RAJASTHAN,230,212
391809,RAJASTHAN,231,248
391809,RAJASTHAN,232,94
391809,RAJASTHAN,233,209
391809,RAJASTHAN,234,157
391809,RAJASTHAN,235,507
391809,RAJASTHAN,236,186
391809,RAJASTHAN,237,332
391809,RAJASTHAN,238,313
391809,RAJASTHAN,239,150
391809,RAJASTHAN,240,88
391809,RAJASTHAN,241,76
391809,RAJASTHAN,242,232
391809,RAJASTHAN,243,425
391809,RAJASTHAN,244,226
391809,RAJASTHAN,245,537
391809,RAJASTHAN,246,346
391809,RAJASTHAN,247,178
391809,RAJASTHAN,248,548
391809,RAJASTHAN,249,271
391809,RAJASTHAN,250,567
391809,RAJASTHAN,251,489
391809,RAJASTHAN,252,161
391809,RAJASTHAN,253,100
391809,RAJASTHAN,254,59
391809,RAJASTHAN,255,601
391809,RAJASTHAN,256,140
391809,RAJASTHAN,257,480
391809,RAJASTHAN,258,608
391809,RAJASTHAN,259,699
391809,RAJASTHAN,260,578
391809,RAJASTHAN,261,585
391809,RAJASTHAN,262,49
391809,RAJASTHAN,263,82
391809,RAJASTHAN,264,647
391809,RAJASTHAN,265,115
391809,RAJASTHAN,266,433
391809,RAJASTHAN,267,621
391809,RAJASTHAN,268,169
391809,RAJASTHAN,269,340
391809,RAJASTHAN,270,643
391809,RAJASTHAN,271,60
391809,RAJASTHAN,272,224
391809,RAJASTHAN,273,182
391809,RAJASTHAN,274,171
391809,RAJASTHAN,275,681
391809,RAJASTHAN,276,490
391809,RAJASTHAN,277,470
391809,RAJASTHAN,278,95
391809,RAJASTHAN,279,170
391809,RAJASTHAN,280,614
391809,RAJASTHAN,281,281
391809,RAJASTHAN,282,39
391809,RAJASTHAN,283,83
391809,RAJASTHAN,284,214
391809,RAJASTHAN,285,568
391809,RAJASTHAN,286,70
391809,RAJASTHAN,287,139
391809,RAJASTHAN,288,561
391809,RAJASTHAN,289,460
391809,RAJASTHAN,290,494
391809,RAJASTHAN,291,224
391809,RAJASTHAN,292,443
391809,RAJASTHAN,293,700
391809,RAJASTHAN,294,81
391809,RAJASTHAN,295,420
391809,RAJASTHAN,296,45
391809,RAJASTHAN,297,606
391809,RAJASTHAN,298,655
391809,RAJASTHAN,299,191
391809,RAJASTHAN,300,413
391809,RAJASTHAN,301,281
391809,RAJASTHAN,302,420
391809,RAJASTHAN,303,357
391809,RAJASTHAN,304,153
391809,RAJASTHAN,305,210
391809,RAJASTHAN,306,85
391809,RAJASTHAN,307,138
391809,RAJASTHAN,308,128
391809,RAJASTHAN,309,617
391809,RAJASTHAN,310,359
391809,RAJASTHAN,311,589
391809,RAJASTHAN,312,42
391809,RAJASTHAN,313,230
391809,RAJASTHAN,314,225
391809,RAJASTHAN,315,670
391809,RAJASTHAN,316,549
391809,RAJASTHAN,317,89
391809,RAJASTHAN,318,481
391809,RAJASTHAN,319,59
391809,RAJASTHAN,320,165
391809,RAJASTHAN,321,142
391809,RAJASTHAN,322,25
391809,RAJASTHAN,323,181
391809,RAJASTHAN,324,261
391809,RAJASTHAN,325,513
391809,RAJASTHAN,326,523
391809,RAJASTHAN,327,427
391809,RAJASTHAN,328,51
391809,RAJASTHAN,329,430
391809,RAJASTHAN,330,329
391809,RAJASTHAN,331,247
391809,RAJASTHAN,332,55
391809,RAJASTHAN,333,198
391809,RAJASTHAN,334,99
391809,RAJASTHAN,335,148
391809,RAJASTHAN,336,580
391809,RAJASTHAN,337,291
391809,RAJASTHAN,338,50
391809,RAJASTHAN,339,304
391809,RAJASTHAN,340,140
391809,RAJASTHAN,341,292
391809,RAJASTHAN,342,312
391809,RAJASTHAN,343,332
391809,RAJASTHAN,344,445
391809,RAJASTHAN,345,624
391809,RAJASTHAN,346,651
391809,RAJASTHAN,347,419
391809,RAJASTHAN,348,150
391809,RAJASTHAN,349,570
391809,RAJASTHAN,350,185
391809,RAJASTHAN,351,156
391809,RAJASTHAN,352,84
391809,RAJASTHAN,353,75
391809,RAJASTHAN,354,227
391809,RAJASTHAN,355,246
