Center Number,State Name,Srl No,Marks
392333,RAJASTHAN,1,285
392333,RAJASTHAN,2,254
392333,RAJASTHAN,3,651
392333,RAJASTHAN,4,252
392333,RAJASTHAN,5,578
392333,RAJASTHAN,6,430
392333,RAJASTHAN,7,252
392333,RAJASTHAN,8,109
392333,RAJASTHAN,9,455
392333,RAJASTHAN,10,191
392333,RAJASTHAN,11,575
392333,RAJASTHAN,12,517
392333,RAJASTHAN,13,625
392333,RAJASTHAN,14,616
392333,RAJASTHAN,15,343
392333,RAJASTHAN,16,223
392333,RAJASTHAN,17,205
392333,RAJASTHAN,18,399
392333,RAJASTHAN,19,521
392333,RAJASTHAN,20,505
392333,RAJASTHAN,21,345
392333,RAJASTHAN,22,655
392333,RAJASTHAN,23,336
392333,RAJASTHAN,24,327
392333,RAJASTHAN,25,225
392333,RAJASTHAN,26,675
392333,RAJASTHAN,27,152
392333,RAJASTHAN,28,120
392333,RAJASTHAN,29,183
392333,RAJASTHAN,30,238
392333,RAJASTHAN,31,680
392333,RAJASTHAN,32,287
392333,RAJASTHAN,33,264
392333,RAJASTHAN,34,161
392333,RAJASTHAN,35,286
392333,RAJASTHAN,36,385
392333,RAJASTHAN,37,466
392333,RAJASTHAN,38,407
392333,RAJASTHAN,39,30
392333,RAJASTHAN,40,481
392333,RAJASTHAN,41,391
392333,RAJASTHAN,42,608
392333,RAJASTHAN,43,365
392333,RAJASTHAN,44,460
392333,RAJASTHAN,45,454
392333,RAJASTHAN,46,660
392333,RAJASTHAN,47,394
392333,RAJASTHAN,48,129
392333,RAJASTHAN,49,428
392333,RAJASTHAN,50,663
392333,RAJASTHAN,51,608
392333,RAJASTHAN,52,506
392333,RAJASTHAN,53,417
392333,RAJASTHAN,54,576
392333,RAJASTHAN,55,297
392333,RAJASTHAN,56,641
392333,RAJASTHAN,57,311
392333,RAJASTHAN,58,171
392333,RAJASTHAN,59,492
392333,RAJASTHAN,60,242
392333,RAJASTHAN,61,315
392333,RAJASTHAN,62,72
392333,RAJASTHAN,63,302
392333,RAJASTHAN,64,289
392333,RAJASTHAN,65,211
392333,RAJASTHAN,66,200
392333,RAJASTHAN,67,133
392333,RAJASTHAN,68,106
392333,RAJASTHAN,69,685
392333,RAJASTHAN,70,580
392333,RAJASTHAN,71,311
392333,RAJASTHAN,72,635
392333,RAJASTHAN,73,545
392333,RAJASTHAN,74,238
392333,RAJASTHAN,75,661
392333,RAJASTHAN,76,552
392333,RAJASTHAN,77,376
392333,RAJASTHAN,78,90
392333,RAJASTHAN,79,663
392333,RAJASTHAN,80,245
392333,RAJASTHAN,81,377
392333,RAJASTHAN,82,188
392333,RAJASTHAN,83,620
392333,RAJASTHAN,84,267
392333,RAJASTHAN,85,620
392333,RAJASTHAN,86,217
392333,RAJASTHAN,87,479
392333,RAJASTHAN,88,375
392333,RAJASTHAN,89,82
392333,RAJASTHAN,90,617
392333,RAJASTHAN,91,685
392333,RAJASTHAN,92,478
392333,RAJASTHAN,93,401
392333,RAJASTHAN,94,653
392333,RAJASTHAN,95,350
392333,RAJASTHAN,96,484
392333,RAJASTHAN,97,137
392333,RAJASTHAN,98,246
392333,RAJASTHAN,99,162
392333,RAJASTHAN,100,86
392333,RAJASTHAN,101,241
392333,RAJASTHAN,102,665
392333,RAJASTHAN,103,79
392333,RAJASTHAN,104,549
392333,RAJASTHAN,105,331
392333,RAJASTHAN,106,283
392333,RAJASTHAN,107,408
392333,RAJASTHAN,108,348
392333,RAJASTHAN,109,335
392333,RAJASTHAN,110,381
392333,RAJASTHAN,111,256
392333,RAJASTHAN,112,650
392333,RAJASTHAN,113,601
392333,RAJASTHAN,114,627
392333,RAJASTHAN,115,308
392333,RAJASTHAN,116,600
392333,RAJASTHAN,117,533
392333,RAJASTHAN,118,685
392333,RAJASTHAN,119,616
392333,RAJASTHAN,120,370
392333,RAJASTHAN,121,306
392333,RAJASTHAN,122,286
392333,RAJASTHAN,123,607
392333,RAJASTHAN,124,350
392333,RAJASTHAN,125,222
392333,RAJASTHAN,126,216
392333,RAJASTHAN,127,655
392333,RAJASTHAN,128,452
392333,RAJASTHAN,129,436
392333,RAJASTHAN,130,556
392333,RAJASTHAN,131,438
392333,RAJASTHAN,132,183
392333,RAJASTHAN,133,56
392333,RAJASTHAN,134,150
392333,RAJASTHAN,135,623
392333,RAJASTHAN,136,305
392333,RAJASTHAN,137,533
392333,RAJASTHAN,138,464
392333,RAJASTHAN,139,377
392333,RAJASTHAN,140,184
392333,RAJASTHAN,141,323
392333,RAJASTHAN,142,608
392333,RAJASTHAN,143,626
392333,RAJASTHAN,144,500
392333,RAJASTHAN,145,601
392333,RAJASTHAN,146,597
392333,RAJASTHAN,147,566
392333,RAJASTHAN,148,222
392333,RAJASTHAN,149,311
392333,RAJASTHAN,150,512
392333,RAJASTHAN,151,293
392333,RAJASTHAN,152,118
392333,RAJASTHAN,153,461
392333,RAJASTHAN,154,471
392333,RAJASTHAN,155,158
392333,RAJASTHAN,156,343
392333,RAJASTHAN,157,253
392333,RAJASTHAN,158,113
392333,RAJASTHAN,159,240
392333,RAJASTHAN,160,393
392333,RAJASTHAN,161,97
392333,RAJASTHAN,162,159
392333,RAJASTHAN,163,606
392333,RAJASTHAN,164,313
392333,RAJASTHAN,165,149
392333,RAJASTHAN,166,499
392333,RAJASTHAN,167,416
392333,RAJASTHAN,168,658
392333,RAJASTHAN,169,370
392333,RAJASTHAN,170,166
392333,RAJASTHAN,171,257
392333,RAJASTHAN,172,207
392333,RAJASTHAN,173,666
392333,RAJASTHAN,174,310
392333,RAJASTHAN,175,344
392333,RAJASTHAN,176,326
392333,RAJASTHAN,177,228
392333,RAJASTHAN,178,600
392333,RAJASTHAN,179,60
392333,RAJASTHAN,180,86
392333,RAJASTHAN,181,486
392333,RAJASTHAN,182,203
392333,RAJASTHAN,183,432
392333,RAJASTHAN,184,609
392333,RAJASTHAN,185,498
392333,RAJASTHAN,186,153
392333,RAJASTHAN,187,601
392333,RAJASTHAN,188,262
392333,RAJASTHAN,189,312
392333,RAJASTHAN,190,497
392333,RAJASTHAN,191,204
392333,RAJASTHAN,192,630
392333,RAJASTHAN,193,445
392333,RAJASTHAN,194,555
392333,RAJASTHAN,195,262
392333,RAJASTHAN,196,259
392333,RAJASTHAN,197,642
392333,RAJASTHAN,198,575
392333,RAJASTHAN,199,665
392333,RAJASTHAN,200,303
392333,RAJASTHAN,201,212
392333,RAJASTHAN,202,576
392333,RAJASTHAN,203,40
392333,RAJASTHAN,204,411
392333,RAJASTHAN,205,400
392333,RAJASTHAN,206,271
392333,RAJASTHAN,207,496
392333,RAJASTHAN,208,596
392333,RAJASTHAN,209,220
392333,RAJASTHAN,210,40
392333,RAJASTHAN,211,216
392333,RAJASTHAN,212,212
392333,RAJASTHAN,213,680
392333,RAJASTHAN,214,377
392333,RAJASTHAN,215,482
392333,RAJASTHAN,216,569
392333,RAJASTHAN,217,153
392333,RAJASTHAN,218,344
392333,RAJASTHAN,219,234
392333,RAJASTHAN,220,286
392333,RAJASTHAN,221,191
392333,RAJASTHAN,222,676
392333,RAJASTHAN,223,488
392333,RAJASTHAN,224,483
392333,RAJASTHAN,225,530
392333,RAJASTHAN,226,635
392333,RAJASTHAN,227,106
392333,RAJASTHAN,228,135
392333,RAJASTHAN,229,410
392333,RAJASTHAN,230,502
392333,RAJASTHAN,231,641
392333,RAJASTHAN,232,603
392333,RAJASTHAN,233,243
392333,RAJASTHAN,234,170
392333,RAJASTHAN,235,528
392333,RAJASTHAN,236,237
392333,RAJASTHAN,237,168
392333,RAJASTHAN,238,245
392333,RAJASTHAN,239,268
392333,RAJASTHAN,240,352
392333,RAJASTHAN,241,172
392333,RAJASTHAN,242,409
392333,RAJASTHAN,243,431
392333,RAJASTHAN,244,454
392333,RAJASTHAN,245,657
392333,RAJASTHAN,246,470
392333,RAJASTHAN,247,455
392333,RAJASTHAN,248,45
392333,RAJASTHAN,249,406
392333,RAJASTHAN,250,165
392333,RAJASTHAN,251,371
392333,RAJASTHAN,252,592
392333,RAJASTHAN,253,650
392333,RAJASTHAN,254,398
392333,RAJASTHAN,255,131
392333,RAJASTHAN,256,526
392333,RAJASTHAN,257,406
392333,RAJASTHAN,258,159
392333,RAJASTHAN,259,199
392333,RAJASTHAN,260,593
392333,RAJASTHAN,261,275
392333,RAJASTHAN,262,546
392333,RAJASTHAN,263,647
392333,RAJASTHAN,264,200
392333,RAJASTHAN,265,526
392333,RAJASTHAN,266,518
392333,RAJASTHAN,267,552
392333,RAJASTHAN,268,286
392333,RAJASTHAN,269,586
392333,RAJASTHAN,270,510
392333,RAJASTHAN,271,600
392333,RAJASTHAN,272,576
392333,RAJASTHAN,273,109
392333,RAJASTHAN,274,503
392333,RAJASTHAN,275,508
392333,RAJASTHAN,276,556
392333,RAJASTHAN,277,630
392333,RAJASTHAN,278,590
392333,RAJASTHAN,279,170
392333,RAJASTHAN,280,485
392333,RAJASTHAN,281,620
392333,RAJASTHAN,282,505
392333,RAJASTHAN,283,95
392333,RAJASTHAN,284,251
392333,RAJASTHAN,285,420
392333,RAJASTHAN,286,178
392333,RAJASTHAN,287,563
392333,RAJASTHAN,288,67
392333,RAJASTHAN,289,326
392333,RAJASTHAN,290,128
392333,RAJASTHAN,291,37
392333,RAJASTHAN,292,347
392333,RAJASTHAN,293,52
392333,RAJASTHAN,294,376
392333,RAJASTHAN,295,583
392333,RAJASTHAN,296,87
392333,RAJASTHAN,297,222
392333,RAJASTHAN,298,429
392333,RAJASTHAN,299,144
392333,RAJASTHAN,300,667
392333,RAJASTHAN,301,614
392333,RAJASTHAN,302,289
392333,RAJASTHAN,303,601
392333,RAJASTHAN,304,32
392333,RAJASTHAN,305,77
392333,RAJASTHAN,306,329
392333,RAJASTHAN,307,585
392333,RAJASTHAN,308,464
392333,RAJASTHAN,309,398
392333,RAJASTHAN,310,227
392333,RAJASTHAN,311,472
392333,RAJASTHAN,312,553
392333,RAJASTHAN,313,358
392333,RAJASTHAN,314,239
392333,RAJASTHAN,315,531
392333,RAJASTHAN,316,121
392333,RAJASTHAN,317,302
392333,RAJASTHAN,318,580
392333,RAJASTHAN,319,231
392333,RAJASTHAN,320,542
392333,RAJASTHAN,321,272
392333,RAJASTHAN,322,126
392333,RAJASTHAN,323,583
392333,RAJASTHAN,324,96
392333,RAJASTHAN,325,491
392333,RAJASTHAN,326,449
392333,RAJASTHAN,327,676
392333,RAJASTHAN,328,401
392333,RAJASTHAN,329,242
392333,RAJASTHAN,330,122
392333,RAJASTHAN,331,701
392333,RAJASTHAN,332,584
392333,RAJASTHAN,333,340
392333,RAJASTHAN,334,556
392333,RAJASTHAN,335,524
392333,RAJASTHAN,336,705
392333,RAJASTHAN,337,122
392333,RAJASTHAN,338,680
392333,RAJASTHAN,339,526
392333,RAJASTHAN,340,481
392333,RAJASTHAN,341,164
392333,RAJASTHAN,342,390
392333,RAJASTHAN,343,427
392333,RAJASTHAN,344,439
392333,RAJASTHAN,345,51
392333,RAJASTHAN,346,236
392333,RAJASTHAN,347,681
392333,RAJASTHAN,348,69
392333,RAJASTHAN,349,84
392333,RAJASTHAN,350,529
392333,RAJASTHAN,351,517
392333,RAJASTHAN,352,421
392333,RAJASTHAN,353,647
392333,RAJASTHAN,354,135
392333,RAJASTHAN,355,254
392333,RAJASTHAN,356,617
392333,RAJASTHAN,357,418
392333,RAJASTHAN,358,499
392333,RAJASTHAN,359,597
392333,RAJASTHAN,360,667
392333,RAJASTHAN,361,362
392333,RAJASTHAN,362,69
392333,RAJASTHAN,363,140
392333,RAJASTHAN,364,595
392333,RAJASTHAN,365,582
392333,RAJASTHAN,366,495
392333,RAJASTHAN,367,445
392333,RAJASTHAN,368,425
392333,RAJASTHAN,369,254
392333,RAJASTHAN,370,620
392333,RAJASTHAN,371,690
392333,RAJASTHAN,372,553
392333,RAJASTHAN,373,212
392333,RAJASTHAN,374,309
392333,RAJASTHAN,375,128
392333,RAJASTHAN,376,95
392333,RAJASTHAN,377,411
392333,RAJASTHAN,378,370
392333,RAJASTHAN,379,96
392333,RAJASTHAN,380,530
392333,RAJASTHAN,381,100
392333,RAJASTHAN,382,680
392333,RAJASTHAN,383,412
392333,RAJASTHAN,384,480
392333,RAJASTHAN,385,580
392333,RAJASTHAN,386,650
392333,RAJASTHAN,387,508
392333,RAJASTHAN,388,253
392333,RAJASTHAN,389,334
392333,RAJASTHAN,390,261
392333,RAJASTHAN,391,345
392333,RAJASTHAN,392,553
392333,RAJASTHAN,393,691
392333,RAJASTHAN,394,506
392333,RAJASTHAN,395,295
392333,RAJASTHAN,396,443
392333,RAJASTHAN,397,139
392333,RAJASTHAN,398,475
392333,RAJASTHAN,399,663
392333,RAJASTHAN,400,628
392333,RAJASTHAN,401,571
392333,RAJASTHAN,402,351
392333,RAJASTHAN,403,129
392333,RAJASTHAN,404,204
392333,RAJASTHAN,405,343
392333,RAJASTHAN,406,369
392333,RAJASTHAN,407,552
392333,RAJASTHAN,408,671
392333,RAJASTHAN,409,547
392333,RAJASTHAN,410,67
392333,RAJASTHAN,411,476
392333,RAJASTHAN,412,652
392333,RAJASTHAN,413,641
392333,RAJASTHAN,414,623
392333,RAJASTHAN,415,243
392333,RAJASTHAN,416,171
392333,RAJASTHAN,417,130
392333,RAJASTHAN,418,415
392333,RAJASTHAN,419,347
392333,RAJASTHAN,420,484
392333,RAJASTHAN,421,29
392333,RAJASTHAN,422,282
392333,RAJASTHAN,423,302
392333,RAJASTHAN,424,257
392333,RAJASTHAN,425,173
392333,RAJASTHAN,426,612
392333,RAJASTHAN,427,637
392333,RAJASTHAN,428,433
392333,RAJASTHAN,429,370
392333,RAJASTHAN,430,395
392333,RAJASTHAN,431,558
392333,RAJASTHAN,432,340
392333,RAJASTHAN,433,74
392333,RAJASTHAN,434,301
392333,RAJASTHAN,435,516
392333,RAJASTHAN,436,433
392333,RAJASTHAN,437,388
392333,RAJASTHAN,438,204
392333,RAJASTHAN,439,175
392333,RAJASTHAN,440,645
392333,RAJASTHAN,441,153
392333,RAJASTHAN,442,181
392333,RAJASTHAN,443,118
392333,RAJASTHAN,444,91
392333,RAJASTHAN,445,495
392333,RAJASTHAN,446,570
392333,RAJASTHAN,447,580
