Center Number,State Name,Srl No,Marks
392326,RAJASTHAN,1,117
392326,RAJASTHAN,2,76
392326,RAJASTHAN,3,106
392326,RAJASTHAN,4,606
392326,RAJASTHAN,5,577
392326,RAJASTHAN,6,195
392326,RAJASTHAN,7,317
392326,RAJASTHAN,8,279
392326,RAJASTHAN,9,463
392326,RAJASTHAN,10,103
392326,RAJASTHAN,11,445
392326,RAJASTHAN,12,319
392326,RAJASTHAN,13,685
392326,RAJASTHAN,14,74
392326,RAJASTHAN,15,195
392326,RAJASTHAN,16,206
392326,RAJASTHAN,17,80
392326,RAJASTHAN,18,453
392326,RAJASTHAN,19,606
392326,RAJASTHAN,20,201
392326,RAJASTHAN,21,617
392326,RAJASTHAN,22,192
392326,RAJASTHAN,23,374
392326,RAJASTHAN,24,581
392326,RAJASTHAN,25,107
392326,RAJASTHAN,26,69
392326,RAJASTHAN,27,620
392326,RAJASTHAN,28,491
392326,RAJASTHAN,29,110
392326,RAJASTHAN,30,657
392326,RAJASTHAN,31,528
392326,RAJASTHAN,32,209
392326,RAJASTHAN,33,15
392326,RAJASTHAN,34,473
392326,RAJASTHAN,35,469
392326,RAJASTHAN,36,135
392326,RAJASTHAN,37,199
392326,RAJASTHAN,38,690
392326,RAJASTHAN,39,90
392326,RAJASTHAN,40,98
392326,RAJASTHAN,41,604
392326,RAJASTHAN,42,337
392326,RAJASTHAN,43,373
392326,RAJASTHAN,44,463
392326,RAJASTHAN,45,229
392326,RAJASTHAN,46,246
392326,RAJASTHAN,47,209
392326,RAJASTHAN,48,429
392326,RAJASTHAN,49,483
392326,RAJASTHAN,50,655
392326,RAJASTHAN,51,391
392326,RAJASTHAN,52,410
392326,RAJASTHAN,53,585
392326,RAJASTHAN,54,358
392326,RAJASTHAN,55,530
392326,RAJASTHAN,56,583
392326,RAJASTHAN,57,35
392326,RAJASTHAN,58,651
392326,RAJASTHAN,59,548
392326,RAJASTHAN,60,278
392326,RAJASTHAN,61,0
392326,RAJASTHAN,62,640
392326,RAJASTHAN,63,545
392326,RAJASTHAN,64,648
392326,RAJASTHAN,65,203
392326,RAJASTHAN,66,527
392326,RAJASTHAN,67,146
392326,RAJASTHAN,68,420
392326,RAJASTHAN,69,500
392326,RAJASTHAN,70,30
392326,RAJASTHAN,71,577
392326,RAJASTHAN,72,368
392326,RAJASTHAN,73,379
392326,RAJASTHAN,74,529
392326,RAJASTHAN,75,442
392326,RAJASTHAN,76,635
392326,RAJASTHAN,77,680
392326,RAJASTHAN,78,563
392326,RAJASTHAN,79,615
392326,RAJASTHAN,80,362
392326,RAJASTHAN,81,315
392326,RAJASTHAN,82,399
392326,RAJASTHAN,83,530
392326,RAJASTHAN,84,672
392326,RAJASTHAN,85,682
392326,RAJASTHAN,86,565
392326,RAJASTHAN,87,628
392326,RAJASTHAN,88,423
392326,RAJASTHAN,89,494
392326,RAJASTHAN,90,114
392326,RAJASTHAN,91,615
392326,RAJASTHAN,92,695
392326,RAJASTHAN,93,225
392326,RAJASTHAN,94,607
392326,RAJASTHAN,95,149
392326,RAJASTHAN,96,173
392326,RAJASTHAN,97,631
392326,RAJASTHAN,98,498
392326,RAJASTHAN,99,129
392326,RAJASTHAN,100,491
392326,RAJASTHAN,101,193
392326,RAJASTHAN,102,183
392326,RAJASTHAN,103,705
392326,RAJASTHAN,104,575
392326,RAJASTHAN,105,195
392326,RAJASTHAN,106,111
392326,RAJASTHAN,107,418
392326,RAJASTHAN,108,39
392326,RAJASTHAN,109,76
392326,RAJASTHAN,110,488
392326,RAJASTHAN,111,205
392326,RAJASTHAN,112,104
392326,RAJASTHAN,113,466
392326,RAJASTHAN,114,100
392326,RAJASTHAN,115,546
392326,RAJASTHAN,116,575
392326,RAJASTHAN,117,504
392326,RAJASTHAN,118,174
392326,RAJASTHAN,119,561
392326,RAJASTHAN,120,227
392326,RAJASTHAN,121,148
392326,RAJASTHAN,122,655
392326,RAJASTHAN,123,645
392326,RAJASTHAN,124,485
392326,RAJASTHAN,125,588
392326,RAJASTHAN,126,344
392326,RAJASTHAN,127,368
392326,RAJASTHAN,128,152
392326,RAJASTHAN,129,471
392326,RAJASTHAN,130,618
392326,RAJASTHAN,131,603
392326,RAJASTHAN,132,245
392326,RAJASTHAN,133,322
392326,RAJASTHAN,134,262
392326,RAJASTHAN,135,610
392326,RAJASTHAN,136,540
392326,RAJASTHAN,137,193
392326,RAJASTHAN,138,515
392326,RAJASTHAN,139,650
392326,RAJASTHAN,140,501
392326,RAJASTHAN,141,451
392326,RAJASTHAN,142,676
392326,RAJASTHAN,143,500
392326,RAJASTHAN,144,219
392326,RAJASTHAN,145,511
392326,RAJASTHAN,146,543
392326,RAJASTHAN,147,284
392326,RAJASTHAN,148,375
392326,RAJASTHAN,149,102
392326,RAJASTHAN,150,172
392326,RAJASTHAN,151,620
392326,RAJASTHAN,152,203
392326,RAJASTHAN,153,351
392326,RAJASTHAN,154,407
392326,RAJASTHAN,155,73
392326,RAJASTHAN,156,501
392326,RAJASTHAN,157,380
392326,RAJASTHAN,158,641
392326,RAJASTHAN,159,77
392326,RAJASTHAN,160,477
392326,RAJASTHAN,161,517
392326,RAJASTHAN,162,331
392326,RAJASTHAN,163,618
392326,RAJASTHAN,164,134
392326,RAJASTHAN,165,303
392326,RAJASTHAN,166,439
392326,RAJASTHAN,167,617
392326,RAJASTHAN,168,542
392326,RAJASTHAN,169,90
392326,RAJASTHAN,170,49
392326,RAJASTHAN,171,300
392326,RAJASTHAN,172,567
392326,RAJASTHAN,173,230
392326,RAJASTHAN,174,452
392326,RAJASTHAN,175,308
392326,RAJASTHAN,176,65
392326,RAJASTHAN,177,266
392326,RAJASTHAN,178,514
392326,RAJASTHAN,179,664
392326,RAJASTHAN,180,632
392326,RAJASTHAN,181,617
392326,RAJASTHAN,182,530
392326,RAJASTHAN,183,95
392326,RAJASTHAN,184,591
392326,RAJASTHAN,185,342
392326,RAJASTHAN,186,647
392326,RAJASTHAN,187,448
392326,RAJASTHAN,188,104
392326,RAJASTHAN,189,228
392326,RAJASTHAN,190,95
392326,RAJASTHAN,191,367
392326,RAJASTHAN,192,239
392326,RAJASTHAN,193,136
392326,RAJASTHAN,194,46
392326,RAJASTHAN,195,360
392326,RAJASTHAN,196,195
392326,RAJASTHAN,197,419
392326,RAJASTHAN,198,372
392326,RAJASTHAN,199,692
392326,RAJASTHAN,200,177
392326,RAJASTHAN,201,585
392326,RAJASTHAN,202,70
392326,RAJASTHAN,203,486
392326,RAJASTHAN,204,109
392326,RAJASTHAN,205,72
392326,RAJASTHAN,206,593
392326,RAJASTHAN,207,407
392326,RAJASTHAN,208,332
392326,RAJASTHAN,209,367
392326,RAJASTHAN,210,336
392326,RAJASTHAN,211,155
392326,RAJASTHAN,212,337
392326,RAJASTHAN,213,590
392326,RAJASTHAN,214,531
392326,RAJASTHAN,215,50
392326,RAJASTHAN,216,291
392326,RAJASTHAN,217,348
392326,RAJASTHAN,218,396
392326,RAJASTHAN,219,490
392326,RAJASTHAN,220,223
392326,RAJASTHAN,221,76
392326,RAJASTHAN,222,360
392326,RAJASTHAN,223,579
392326,RAJASTHAN,224,620
392326,RAJASTHAN,225,685
392326,RAJASTHAN,226,641
392326,RAJASTHAN,227,167
392326,RAJASTHAN,228,315
392326,RAJASTHAN,229,147
392326,RAJASTHAN,230,398
392326,RAJASTHAN,231,236
392326,RAJASTHAN,232,137
392326,RAJASTHAN,233,502
392326,RAJASTHAN,234,35
392326,RAJASTHAN,235,410
392326,RAJASTHAN,236,499
392326,RAJASTHAN,237,192
392326,RAJASTHAN,238,338
392326,RAJASTHAN,239,43
392326,RAJASTHAN,240,255
392326,RAJASTHAN,241,660
392326,RAJASTHAN,242,530
392326,RAJASTHAN,243,387
392326,RAJASTHAN,244,619
392326,RAJASTHAN,245,106
392326,RAJASTHAN,246,150
392326,RAJASTHAN,247,324
392326,RAJASTHAN,248,656
392326,RAJASTHAN,249,242
392326,RAJASTHAN,250,670
392326,RAJASTHAN,251,534
392326,RAJASTHAN,252,121
392326,RAJASTHAN,253,480
392326,RAJASTHAN,254,167
392326,RAJASTHAN,255,380
392326,RAJASTHAN,256,558
392326,RAJASTHAN,257,480
392326,RAJASTHAN,258,136
392326,RAJASTHAN,259,371
392326,RAJASTHAN,260,500
392326,RAJASTHAN,261,51
392326,RAJASTHAN,262,137
392326,RAJASTHAN,263,411
392326,RAJASTHAN,264,246
392326,RAJASTHAN,265,355
392326,RAJASTHAN,266,215
392326,RAJASTHAN,267,602
392326,RAJASTHAN,268,651
392326,RAJASTHAN,269,636
392326,RAJASTHAN,270,341
392326,RAJASTHAN,271,113
392326,RAJASTHAN,272,680
392326,RAJASTHAN,273,608
392326,RAJASTHAN,274,204
392326,RAJASTHAN,275,686
392326,RAJASTHAN,276,565
392326,RAJASTHAN,277,479
392326,RAJASTHAN,278,146
392326,RAJASTHAN,279,619
392326,RAJASTHAN,280,286
392326,RAJASTHAN,281,507
392326,RAJASTHAN,282,645
392326,RAJASTHAN,283,434
392326,RAJASTHAN,284,426
392326,RAJASTHAN,285,534
392326,RAJASTHAN,286,141
392326,RAJASTHAN,287,520
392326,RAJASTHAN,288,334
392326,RAJASTHAN,289,330
392326,RAJASTHAN,290,272
392326,RAJASTHAN,291,444
392326,RAJASTHAN,292,645
392326,RAJASTHAN,293,128
392326,RAJASTHAN,294,540
392326,RAJASTHAN,295,132
392326,RAJASTHAN,296,419
392326,RAJASTHAN,297,35
392326,RAJASTHAN,298,428
392326,RAJASTHAN,299,379
392326,RAJASTHAN,300,76
392326,RAJASTHAN,301,410
392326,RAJASTHAN,302,494
392326,RAJASTHAN,303,570
392326,RAJASTHAN,304,172
392326,RAJASTHAN,305,675
392326,RAJASTHAN,306,317
392326,RAJASTHAN,307,680
392326,RAJASTHAN,308,484
392326,RAJASTHAN,309,458
392326,RAJASTHAN,310,12
392326,RAJASTHAN,311,45
392326,RAJASTHAN,312,641
392326,RAJASTHAN,313,75
392326,RAJASTHAN,314,281
392326,RAJASTHAN,315,609
392326,RAJASTHAN,316,504
392326,RAJASTHAN,317,256
392326,RAJASTHAN,318,665
392326,RAJASTHAN,319,606
392326,RAJASTHAN,320,583
392326,RAJASTHAN,321,511
392326,RAJASTHAN,322,243
392326,RAJASTHAN,323,647
392326,RAJASTHAN,324,566
392326,RAJASTHAN,325,386
392326,RAJASTHAN,326,680
392326,RAJASTHAN,327,109
392326,RAJASTHAN,328,595
392326,RAJASTHAN,329,260
392326,RAJASTHAN,330,265
392326,RAJASTHAN,331,577
392326,RAJASTHAN,332,48
392326,RAJASTHAN,333,266
392326,RAJASTHAN,334,632
392326,RAJASTHAN,335,79
392326,RAJASTHAN,336,585
392326,RAJASTHAN,337,455
392326,RAJASTHAN,338,685
392326,RAJASTHAN,339,80
392326,RAJASTHAN,340,394
392326,RAJASTHAN,341,482
392326,RAJASTHAN,342,537
392326,RAJASTHAN,343,427
392326,RAJASTHAN,344,665
392326,RAJASTHAN,345,424
392326,RAJASTHAN,346,278
392326,RAJASTHAN,347,461
392326,RAJASTHAN,348,393
392326,RAJASTHAN,349,304
392326,RAJASTHAN,350,530
392326,RAJASTHAN,351,665
392326,RAJASTHAN,352,383
392326,RAJASTHAN,353,565
392326,RAJASTHAN,354,497
392326,RAJASTHAN,355,419
392326,RAJASTHAN,356,109
392326,RAJASTHAN,357,526
392326,RAJASTHAN,358,568
392326,RAJASTHAN,359,361
392326,RAJASTHAN,360,629
392326,RAJASTHAN,361,552
392326,RAJASTHAN,362,385
392326,RAJASTHAN,363,670
392326,RAJASTHAN,364,93
392326,RAJASTHAN,365,373
392326,RAJASTHAN,366,370
392326,RAJASTHAN,367,283
392326,RAJASTHAN,368,105
392326,RAJASTHAN,369,671
392326,RAJASTHAN,370,346
392326,RAJASTHAN,371,539
392326,RAJASTHAN,372,455
392326,RAJASTHAN,373,450
392326,RAJASTHAN,374,228
392326,RAJASTHAN,375,250
392326,RAJASTHAN,376,503
392326,RAJASTHAN,377,196
392326,RAJASTHAN,378,49
392326,RAJASTHAN,379,595
392326,RAJASTHAN,380,562
392326,RAJASTHAN,381,697
392326,RAJASTHAN,382,445
392326,RAJASTHAN,383,515
392326,RAJASTHAN,384,633
392326,RAJASTHAN,385,453
392326,RAJASTHAN,386,211
392326,RAJASTHAN,387,135
392326,RAJASTHAN,388,500
392326,RAJASTHAN,389,671
392326,RAJASTHAN,390,295
392326,RAJASTHAN,391,495
392326,RAJASTHAN,392,502
392326,RAJASTHAN,393,379
392326,RAJASTHAN,394,291
392326,RAJASTHAN,395,35
392326,RAJASTHAN,396,158
392326,RAJASTHAN,397,479
392326,RAJASTHAN,398,472
392326,RAJASTHAN,399,655
392326,RAJASTHAN,400,346
392326,RAJASTHAN,401,252
392326,RAJASTHAN,402,304
392326,RAJASTHAN,403,374
392326,RAJASTHAN,404,551
392326,RAJASTHAN,405,494
392326,RAJASTHAN,406,575
392326,RAJASTHAN,407,187
392326,RAJASTHAN,408,460
392326,RAJASTHAN,409,495
392326,RAJASTHAN,410,625
392326,RAJASTHAN,411,306
392326,RAJASTHAN,412,102
392326,RAJASTHAN,413,63
392326,RAJASTHAN,414,609
392326,RAJASTHAN,415,253
392326,RAJASTHAN,416,366
392326,RAJASTHAN,417,76
392326,RAJASTHAN,418,40
392326,RAJASTHAN,419,257
392326,RAJASTHAN,420,638
392326,RAJASTHAN,421,473
392326,RAJASTHAN,422,41
392326,RAJASTHAN,423,143
392326,RAJASTHAN,424,546
392326,RAJASTHAN,425,296
392326,RAJASTHAN,426,298
392326,RAJASTHAN,427,659
392326,RAJASTHAN,428,605
392326,RAJASTHAN,429,492
392326,RAJASTHAN,430,297
392326,RAJASTHAN,431,349
392326,RAJASTHAN,432,271
392326,RAJASTHAN,433,15
392326,RAJASTHAN,434,630
392326,RAJASTHAN,435,65
392326,RAJASTHAN,436,434
392326,RAJASTHAN,437,165
392326,RAJASTHAN,438,285
392326,RAJASTHAN,439,240
392326,RAJASTHAN,440,223
392326,RAJASTHAN,441,515
392326,RAJASTHAN,442,345
392326,RAJASTHAN,443,267
392326,RAJASTHAN,444,305
392326,RAJASTHAN,445,650
392326,RAJASTHAN,446,191
392326,RAJASTHAN,447,305
392326,RAJASTHAN,448,453
392326,RAJASTHAN,449,265
392326,RAJASTHAN,450,245
392326,RAJASTHAN,451,408
392326,RAJASTHAN,452,588
392326,RAJASTHAN,453,123
392326,RAJASTHAN,454,51
392326,RAJASTHAN,455,575
392326,RAJASTHAN,456,68
392326,RAJASTHAN,457,123
392326,RAJASTHAN,458,514
392326,RAJASTHAN,459,396
392326,RAJASTHAN,460,495
392326,RAJASTHAN,461,591
392326,RAJASTHAN,462,439
392326,RAJASTHAN,463,672
392326,RAJASTHAN,464,133
392326,RAJASTHAN,465,600
392326,RAJASTHAN,466,156
392326,RAJASTHAN,467,141
392326,RAJASTHAN,468,670
392326,RAJASTHAN,469,458
392326,RAJASTHAN,470,455
392326,RAJASTHAN,471,705
392326,RAJASTHAN,472,484
392326,RAJASTHAN,473,686
392326,RAJASTHAN,474,227
392326,RAJASTHAN,475,371
392326,RAJASTHAN,476,575
