Center Number,State Name,Srl No,Marks
410803,TAMIL NADU,1,571
410803,TAMIL NADU,2,30
410803,TAMIL NADU,3,240
410803,TAMIL NADU,4,563
410803,TAMIL NADU,5,184
410803,TAMIL NADU,6,596
410803,TAMIL NADU,7,20
410803,TAMIL NADU,8,484
410803,TAMIL NADU,9,75
410803,TAMIL NADU,10,439
410803,TAMIL NADU,11,305
410803,TAMIL NADU,12,197
410803,TAMIL NADU,13,447
410803,TAMIL NADU,14,498
410803,TAMIL NADU,15,526
410803,TAMIL NADU,16,426
410803,TAMIL NADU,17,245
410803,TAMIL NADU,18,259
410803,TAMIL NADU,19,646
410803,TAMIL NADU,20,567
410803,TAMIL NADU,21,647
410803,TAMIL NADU,22,265
410803,TAMIL NADU,23,517
410803,TAMIL NADU,24,605
410803,TAMIL NADU,25,341
410803,TAMIL NADU,26,610
410803,TAMIL NADU,27,408
410803,TAMIL NADU,28,542
410803,TAMIL NADU,29,328
410803,TAMIL NADU,30,455
410803,TAMIL NADU,31,465
410803,TAMIL NADU,32,199
410803,TAMIL NADU,33,116
410803,TAMIL NADU,34,444
410803,TAMIL NADU,35,206
410803,TAMIL NADU,36,609
410803,TAMIL NADU,37,271
410803,TAMIL NADU,38,545
410803,TAMIL NADU,39,505
410803,TAMIL NADU,40,242
410803,TAMIL NADU,41,459
410803,TAMIL NADU,42,280
410803,TAMIL NADU,43,442
410803,TAMIL NADU,44,453
410803,TAMIL NADU,45,309
410803,TAMIL NADU,46,278
410803,TAMIL NADU,47,112
410803,TAMIL NADU,48,206
410803,TAMIL NADU,49,365
410803,TAMIL NADU,50,376
410803,TAMIL NADU,51,574
410803,TAMIL NADU,52,230
410803,TAMIL NADU,53,452
410803,TAMIL NADU,54,551
410803,TAMIL NADU,55,309
410803,TAMIL NADU,56,503
410803,TAMIL NADU,57,293
410803,TAMIL NADU,58,331
410803,TAMIL NADU,59,354
410803,TAMIL NADU,60,115
410803,TAMIL NADU,61,534
410803,TAMIL NADU,62,390
410803,TAMIL NADU,63,348
410803,TAMIL NADU,64,603
410803,TAMIL NADU,65,578
410803,TAMIL NADU,66,695
410803,TAMIL NADU,67,403
410803,TAMIL NADU,68,192
410803,TAMIL NADU,69,442
410803,TAMIL NADU,70,176
410803,TAMIL NADU,71,661
410803,TAMIL NADU,72,551
410803,TAMIL NADU,73,631
410803,TAMIL NADU,74,536
410803,TAMIL NADU,75,284
410803,TAMIL NADU,76,56
410803,TAMIL NADU,77,78
410803,TAMIL NADU,78,337
410803,TAMIL NADU,79,366
410803,TAMIL NADU,80,603
410803,TAMIL NADU,81,93
410803,TAMIL NADU,82,100
410803,TAMIL NADU,83,339
410803,TAMIL NADU,84,601
410803,TAMIL NADU,85,379
410803,TAMIL NADU,86,592
410803,TAMIL NADU,87,1
410803,TAMIL NADU,88,285
410803,TAMIL NADU,89,186
410803,TAMIL NADU,90,184
410803,TAMIL NADU,91,333
410803,TAMIL NADU,92,420
410803,TAMIL NADU,93,496
410803,TAMIL NADU,94,615
410803,TAMIL NADU,95,127
410803,TAMIL NADU,96,75
410803,TAMIL NADU,97,121
410803,TAMIL NADU,98,114
410803,TAMIL NADU,99,519
410803,TAMIL NADU,100,524
410803,TAMIL NADU,101,626
410803,TAMIL NADU,102,573
410803,TAMIL NADU,103,424
410803,TAMIL NADU,104,532
410803,TAMIL NADU,105,650
410803,TAMIL NADU,106,506
410803,TAMIL NADU,107,440
410803,TAMIL NADU,108,633
410803,TAMIL NADU,109,388
410803,TAMIL NADU,110,116
410803,TAMIL NADU,111,324
410803,TAMIL NADU,112,622
410803,TAMIL NADU,113,322
410803,TAMIL NADU,114,126
410803,TAMIL NADU,115,369
410803,TAMIL NADU,116,410
410803,TAMIL NADU,117,300
410803,TAMIL NADU,118,202
410803,TAMIL NADU,119,523
410803,TAMIL NADU,120,494
410803,TAMIL NADU,121,680
410803,TAMIL NADU,122,666
410803,TAMIL NADU,123,705
410803,TAMIL NADU,124,420
410803,TAMIL NADU,125,546
410803,TAMIL NADU,126,45
410803,TAMIL NADU,127,603
410803,TAMIL NADU,128,141
410803,TAMIL NADU,129,545
410803,TAMIL NADU,130,394
410803,TAMIL NADU,131,61
410803,TAMIL NADU,132,10
410803,TAMIL NADU,133,430
410803,TAMIL NADU,134,135
410803,TAMIL NADU,135,511
410803,TAMIL NADU,136,631
410803,TAMIL NADU,137,41
410803,TAMIL NADU,138,286
410803,TAMIL NADU,139,600
410803,TAMIL NADU,140,274
410803,TAMIL NADU,141,225
410803,TAMIL NADU,142,650
410803,TAMIL NADU,143,670
410803,TAMIL NADU,144,95
410803,TAMIL NADU,145,75
410803,TAMIL NADU,146,472
410803,TAMIL NADU,147,157
410803,TAMIL NADU,148,330
410803,TAMIL NADU,149,662
410803,TAMIL NADU,150,233
410803,TAMIL NADU,151,643
410803,TAMIL NADU,152,222
410803,TAMIL NADU,153,450
410803,TAMIL NADU,154,235
410803,TAMIL NADU,155,104
410803,TAMIL NADU,156,169
410803,TAMIL NADU,157,138
410803,TAMIL NADU,158,252
410803,TAMIL NADU,159,189
410803,TAMIL NADU,160,463
410803,TAMIL NADU,161,460
410803,TAMIL NADU,162,645
410803,TAMIL NADU,163,606
410803,TAMIL NADU,164,497
410803,TAMIL NADU,165,553
410803,TAMIL NADU,166,553
410803,TAMIL NADU,167,479
410803,TAMIL NADU,5,169
410803,TAMIL NADU,444,170
410803,TAMIL NADU,111,171
410803,TAMIL NADU,690,172
410803,TAMIL NADU,87,173
410803,TAMIL NADU,497,174
410803,TAMIL NADU,379,175
410803,TAMIL NADU,423,176
410803,TAMIL NADU,715,177
410803,TAMIL NADU,492,178
410803,TAMIL NADU,383,179
410803,TAMIL NADU,661,180
410803,TAMIL NADU,181,389
410803,TAMIL NADU,182,473
410803,TAMIL NADU,183,520
410803,TAMIL NADU,184,44
410803,TAMIL NADU,185,396
410803,TAMIL NADU,186,608
410803,TAMIL NADU,187,615
410803,TAMIL NADU,188,86
410803,TAMIL NADU,189,204
410803,TAMIL NADU,190,341
410803,TAMIL NADU,191,290
410803,TAMIL NADU,192,414
410803,TAMIL NADU,193,564
410803,TAMIL NADU,194,621
410803,TAMIL NADU,195,213
410803,TAMIL NADU,196,333
410803,TAMIL NADU,197,546
410803,TAMIL NADU,198,183
410803,TAMIL NADU,199,133
410803,TAMIL NADU,200,317
410803,TAMIL NADU,201,616
410803,TAMIL NADU,202,462
410803,TAMIL NADU,203,21
410803,TAMIL NADU,204,518
410803,TAMIL NADU,205,473
410803,TAMIL NADU,206,383
410803,TAMIL NADU,207,337
410803,TAMIL NADU,208,705
410803,TAMIL NADU,209,554
410803,TAMIL NADU,210,512
410803,TAMIL NADU,211,290
410803,TAMIL NADU,212,700
410803,TAMIL NADU,213,581
410803,TAMIL NADU,214,358
410803,TAMIL NADU,215,209
410803,TAMIL NADU,216,399
410803,TAMIL NADU,217,348
410803,TAMIL NADU,218,58
410803,TAMIL NADU,219,266
410803,TAMIL NADU,220,18
410803,TAMIL NADU,221,294
410803,TAMIL NADU,222,597
410803,TAMIL NADU,223,355
410803,TAMIL NADU,224,522
410803,TAMIL NADU,225,590
410803,TAMIL NADU,226,646
410803,TAMIL NADU,227,139
410803,TAMIL NADU,228,390
410803,TAMIL NADU,229,152
410803,TAMIL NADU,230,290
410803,TAMIL NADU,231,314
410803,TAMIL NADU,232,252
410803,TAMIL NADU,233,542
410803,TAMIL NADU,234,523
410803,TAMIL NADU,235,100
410803,TAMIL NADU,236,399
410803,TAMIL NADU,237,287
410803,TAMIL NADU,238,463
410803,TAMIL NADU,239,660
410803,TAMIL NADU,240,554
410803,TAMIL NADU,241,597
410803,TAMIL NADU,242,562
410803,TAMIL NADU,243,537
410803,TAMIL NADU,244,93
410803,TAMIL NADU,245,424
410803,TAMIL NADU,246,286
410803,TAMIL NADU,247,313
410803,TAMIL NADU,248,478
410803,TAMIL NADU,249,416
410803,TAMIL NADU,250,647
410803,TAMIL NADU,251,334
410803,TAMIL NADU,252,226
410803,TAMIL NADU,253,259
410803,TAMIL NADU,254,550
410803,TAMIL NADU,255,75
410803,TAMIL NADU,256,570
410803,TAMIL NADU,257,635
410803,TAMIL NADU,258,190
410803,TAMIL NADU,259,587
410803,TAMIL NADU,260,462
410803,TAMIL NADU,261,675
410803,TAMIL NADU,262,437
410803,TAMIL NADU,263,323
410803,TAMIL NADU,264,85
410803,TAMIL NADU,265,351
410803,TAMIL NADU,266,587
410803,TAMIL NADU,267,541
410803,TAMIL NADU,268,335
410803,TAMIL NADU,269,135
410803,TAMIL NADU,270,447
410803,TAMIL NADU,271,619
410803,TAMIL NADU,272,181
410803,TAMIL NADU,273,647
410803,TAMIL NADU,274,587
410803,TAMIL NADU,275,486
410803,TAMIL NADU,276,246
410803,TAMIL NADU,277,538
410803,TAMIL NADU,278,175
410803,TAMIL NADU,279,538
410803,TAMIL NADU,280,426
410803,TAMIL NADU,281,90
410803,TAMIL NADU,282,208
410803,TAMIL NADU,283,609
410803,TAMIL NADU,284,448
410803,TAMIL NADU,285,555
410803,TAMIL NADU,286,161
410803,TAMIL NADU,287,281
410803,TAMIL NADU,288,213
410803,TAMIL NADU,289,69
410803,TAMIL NADU,290,675
410803,TAMIL NADU,291,190
410803,TAMIL NADU,292,429
410803,TAMIL NADU,293,629
410803,TAMIL NADU,294,674
410803,TAMIL NADU,295,379
410803,TAMIL NADU,296,439
410803,TAMIL NADU,297,615
410803,TAMIL NADU,298,94
410803,TAMIL NADU,299,633
410803,TAMIL NADU,300,50
410803,TAMIL NADU,301,439
410803,TAMIL NADU,302,40
410803,TAMIL NADU,303,125
410803,TAMIL NADU,304,103
410803,TAMIL NADU,305,227
410803,TAMIL NADU,306,604
410803,TAMIL NADU,307,695
410803,TAMIL NADU,308,626
410803,TAMIL NADU,309,560
410803,TAMIL NADU,310,321
410803,TAMIL NADU,311,245
410803,TAMIL NADU,312,521
410803,TAMIL NADU,313,489
410803,TAMIL NADU,314,214
410803,TAMIL NADU,315,444
410803,TAMIL NADU,316,619
410803,TAMIL NADU,317,139
410803,TAMIL NADU,318,599
410803,TAMIL NADU,319,79
410803,TAMIL NADU,320,126
410803,TAMIL NADU,321,392
410803,TAMIL NADU,322,361
410803,TAMIL NADU,323,700
410803,TAMIL NADU,324,223
410803,TAMIL NADU,325,378
410803,TAMIL NADU,326,485
410803,TAMIL NADU,327,523
410803,TAMIL NADU,328,290
410803,TAMIL NADU,329,244
410803,TAMIL NADU,330,304
410803,TAMIL NADU,331,374
410803,TAMIL NADU,332,686
410803,TAMIL NADU,333,38
410803,TAMIL NADU,334,47
410803,TAMIL NADU,335,111
410803,TAMIL NADU,336,13
410803,TAMIL NADU,337,401
410803,TAMIL NADU,338,319
410803,TAMIL NADU,339,458
410803,TAMIL NADU,340,348
410803,TAMIL NADU,341,521
410803,TAMIL NADU,342,538
410803,TAMIL NADU,343,184
410803,TAMIL NADU,344,570
410803,TAMIL NADU,345,526
410803,TAMIL NADU,346,569
410803,TAMIL NADU,347,111
410803,TAMIL NADU,348,162
410803,TAMIL NADU,349,597
410803,TAMIL NADU,350,289
410803,TAMIL NADU,351,159
410803,TAMIL NADU,352,374
410803,TAMIL NADU,353,86
410803,TAMIL NADU,354,507
410803,TAMIL NADU,355,196
410803,TAMIL NADU,356,517
410803,TAMIL NADU,357,94
410803,TAMIL NADU,358,441
410803,TAMIL NADU,359,321
410803,TAMIL NADU,360,368
410803,TAMIL NADU,361,439
410803,TAMIL NADU,362,289
410803,TAMIL NADU,363,454
410803,TAMIL NADU,364,598
410803,TAMIL NADU,365,325
410803,TAMIL NADU,366,468
410803,TAMIL NADU,367,402
410803,TAMIL NADU,368,124
410803,TAMIL NADU,369,472
410803,TAMIL NADU,370,473
410803,TAMIL NADU,371,313
410803,TAMIL NADU,372,608
410803,TAMIL NADU,373,489
410803,TAMIL NADU,374,454
410803,TAMIL NADU,375,244
410803,TAMIL NADU,376,507
410803,TAMIL NADU,377,346
410803,TAMIL NADU,378,318
410803,TAMIL NADU,379,368
410803,TAMIL NADU,380,485
410803,TAMIL NADU,381,254
410803,TAMIL NADU,382,363
410803,TAMIL NADU,383,335
410803,TAMIL NADU,384,14
410803,TAMIL NADU,385,414
410803,TAMIL NADU,386,59
410803,TAMIL NADU,387,637
410803,TAMIL NADU,388,115
410803,TAMIL NADU,389,706
410803,TAMIL NADU,390,494
410803,TAMIL NADU,391,526
410803,TAMIL NADU,392,580
410803,TAMIL NADU,393,507
410803,TAMIL NADU,394,15
410803,TAMIL NADU,395,156
410803,TAMIL NADU,396,617
410803,TAMIL NADU,397,512
410803,TAMIL NADU,398,429
410803,TAMIL NADU,399,127
410803,TAMIL NADU,400,30
410803,TAMIL NADU,401,290
410803,TAMIL NADU,402,682
410803,TAMIL NADU,403,245
410803,TAMIL NADU,404,494
410803,TAMIL NADU,405,479
410803,TAMIL NADU,406,384
410803,TAMIL NADU,407,597
410803,TAMIL NADU,408,78
410803,TAMIL NADU,409,115
410803,TAMIL NADU,410,255
410803,TAMIL NADU,411,113
410803,TAMIL NADU,412,626
410803,TAMIL NADU,413,87
410803,TAMIL NADU,414,470
410803,TAMIL NADU,415,458
410803,TAMIL NADU,416,388
410803,TAMIL NADU,417,499
410803,TAMIL NADU,418,94
410803,TAMIL NADU,419,629
410803,TAMIL NADU,420,15
410803,TAMIL NADU,421,500
410803,TAMIL NADU,422,594
410803,TAMIL NADU,423,360
410803,TAMIL NADU,424,500
410803,TAMIL NADU,425,449
410803,TAMIL NADU,426,406
410803,TAMIL NADU,427,396
410803,TAMIL NADU,428,245
410803,TAMIL NADU,429,549
410803,TAMIL NADU,430,367
410803,TAMIL NADU,431,344
410803,TAMIL NADU,432,99
410803,TAMIL NADU,433,538
410803,TAMIL NADU,434,608
410803,TAMIL NADU,435,302
410803,TAMIL NADU,436,116
410803,TAMIL NADU,437,685
410803,TAMIL NADU,438,326
410803,TAMIL NADU,439,421
410803,TAMIL NADU,440,414
410803,TAMIL NADU,441,294
410803,TAMIL NADU,442,456
410803,TAMIL NADU,443,552
410803,TAMIL NADU,444,104
410803,TAMIL NADU,445,395
410803,TAMIL NADU,446,465
410803,TAMIL NADU,447,301
410803,TAMIL NADU,448,277
410803,TAMIL NADU,449,614
410803,TAMIL NADU,450,548
410803,TAMIL NADU,451,680
410803,TAMIL NADU,452,593
410803,TAMIL NADU,453,628
410803,TAMIL NADU,454,519
410803,TAMIL NADU,455,204
410803,TAMIL NADU,456,68
410803,TAMIL NADU,457,496
410803,TAMIL NADU,458,577
410803,TAMIL NADU,459,83
410803,TAMIL NADU,460,687
410803,TAMIL NADU,461,648
410803,TAMIL NADU,462,665
410803,TAMIL NADU,463,165
410803,TAMIL NADU,464,237
410803,TAMIL NADU,465,172
410803,TAMIL NADU,466,300
410803,TAMIL NADU,467,518
410803,TAMIL NADU,468,120
410803,TAMIL NADU,469,605
410803,TAMIL NADU,470,155
410803,TAMIL NADU,471,646
410803,TAMIL NADU,472,125
410803,TAMIL NADU,473,354
410803,TAMIL NADU,474,485
410803,TAMIL NADU,475,300
410803,TAMIL NADU,476,315
410803,TAMIL NADU,477,264
410803,TAMIL NADU,478,236
410803,TAMIL NADU,479,259
410803,TAMIL NADU,480,291
410803,TAMIL NADU,481,214
410803,TAMIL NADU,482,695
410803,TAMIL NADU,483,621
410803,TAMIL NADU,484,506
410803,TAMIL NADU,485,591
410803,TAMIL NADU,486,507
410803,TAMIL NADU,487,118
410803,TAMIL NADU,488,509
410803,TAMIL NADU,489,453
410803,TAMIL NADU,490,88
410803,TAMIL NADU,491,615
410803,TAMIL NADU,492,80
410803,TAMIL NADU,493,637
410803,TAMIL NADU,494,240
410803,TAMIL NADU,495,482
410803,TAMIL NADU,496,496
410803,TAMIL NADU,497,473
410803,TAMIL NADU,498,600
410803,TAMIL NADU,499,84
410803,TAMIL NADU,500,557
410803,TAMIL NADU,501,552
410803,TAMIL NADU,502,190
410803,TAMIL NADU,503,400
410803,TAMIL NADU,504,431
410803,TAMIL NADU,505,279
410803,TAMIL NADU,506,423
410803,TAMIL NADU,507,355
410803,TAMIL NADU,508,666
410803,TAMIL NADU,509,557
410803,TAMIL NADU,510,379
410803,TAMIL NADU,511,552
410803,TAMIL NADU,512,140
410803,TAMIL NADU,513,100
410803,TAMIL NADU,514,105
410803,TAMIL NADU,515,515
410803,TAMIL NADU,516,71
410803,TAMIL NADU,517,186
410803,TAMIL NADU,518,635
410803,TAMIL NADU,519,267
410803,TAMIL NADU,520,421
410803,TAMIL NADU,521,131
410803,TAMIL NADU,522,560
410803,TAMIL NADU,523,66
410803,TAMIL NADU,524,75
410803,TAMIL NADU,525,134
410803,TAMIL NADU,526,641
410803,TAMIL NADU,527,670
410803,TAMIL NADU,528,530
410803,TAMIL NADU,529,253
410803,TAMIL NADU,530,659
410803,TAMIL NADU,531,292
410803,TAMIL NADU,532,154
410803,TAMIL NADU,533,680
410803,TAMIL NADU,534,415
410803,TAMIL NADU,535,650
410803,TAMIL NADU,536,361
410803,TAMIL NADU,537,560
410803,TAMIL NADU,538,60
410803,TAMIL NADU,539,85
410803,TAMIL NADU,540,270
410803,TAMIL NADU,541,395
410803,TAMIL NADU,542,336
410803,TAMIL NADU,543,89
410803,TAMIL NADU,544,144
410803,TAMIL NADU,545,374
410803,TAMIL NADU,546,156
410803,TAMIL NADU,547,135
410803,TAMIL NADU,548,116
410803,TAMIL NADU,549,59
410803,TAMIL NADU,550,617
410803,TAMIL NADU,551,193
410803,TAMIL NADU,552,86
410803,TAMIL NADU,553,70
410803,TAMIL NADU,554,212
410803,TAMIL NADU,555,124
410803,TAMIL NADU,556,700
410803,TAMIL NADU,557,682
410803,TAMIL NADU,558,293
410803,TAMIL NADU,559,657
410803,TAMIL NADU,560,667
410803,TAMIL NADU,561,571
410803,TAMIL NADU,562,415
410803,TAMIL NADU,563,385
410803,TAMIL NADU,564,612
410803,TAMIL NADU,565,642
410803,TAMIL NADU,566,182
410803,TAMIL NADU,567,558
410803,TAMIL NADU,568,162
410803,TAMIL NADU,569,655
410803,TAMIL NADU,570,268
410803,TAMIL NADU,571,102
410803,TAMIL NADU,572,310
410803,TAMIL NADU,573,140
410803,TAMIL NADU,574,404
410803,TAMIL NADU,575,642
410803,TAMIL NADU,576,536
410803,TAMIL NADU,577,306
410803,TAMIL NADU,578,196
410803,TAMIL NADU,579,475
410803,TAMIL NADU,580,72
410803,TAMIL NADU,581,150
410803,TAMIL NADU,582,606
410803,TAMIL NADU,583,616
410803,TAMIL NADU,584,611
410803,TAMIL NADU,585,232
410803,TAMIL NADU,586,431
410803,TAMIL NADU,587,645
410803,TAMIL NADU,588,77
410803,TAMIL NADU,589,690
410803,TAMIL NADU,590,695
410803,TAMIL NADU,591,500
410803,TAMIL NADU,592,613
410803,TAMIL NADU,593,650
410803,TAMIL NADU,594,584
410803,TAMIL NADU,595,384
410803,TAMIL NADU,596,119
410803,TAMIL NADU,597,416
410803,TAMIL NADU,598,504
410803,TAMIL NADU,599,102
410803,TAMIL NADU,600,240
410803,TAMIL NADU,601,58
410803,TAMIL NADU,602,671
410803,TAMIL NADU,603,325
410803,TAMIL NADU,604,425
410803,TAMIL NADU,605,473
410803,TAMIL NADU,606,522
410803,TAMIL NADU,607,418
410803,TAMIL NADU,608,471
410803,TAMIL NADU,609,400
410803,TAMIL NADU,610,565
410803,TAMIL NADU,611,35
410803,TAMIL NADU,612,521
410803,TAMIL NADU,613,240
410803,TAMIL NADU,614,622
410803,TAMIL NADU,615,416
410803,TAMIL NADU,616,466
410803,TAMIL NADU,617,457
410803,TAMIL NADU,618,141
410803,TAMIL NADU,619,282
410803,TAMIL NADU,620,246
410803,TAMIL NADU,621,454
410803,TAMIL NADU,622,10
410803,TAMIL NADU,623,37
410803,TAMIL NADU,624,428
410803,TAMIL NADU,625,623
410803,TAMIL NADU,626,85
410803,TAMIL NADU,627,479
410803,TAMIL NADU,628,147
410803,TAMIL NADU,629,512
410803,TAMIL NADU,630,299
410803,TAMIL NADU,631,501
410803,TAMIL NADU,632,570
410803,TAMIL NADU,633,193
410803,TAMIL NADU,634,700
410803,TAMIL NADU,635,131
410803,TAMIL NADU,636,617
410803,TAMIL NADU,637,123
410803,TAMIL NADU,638,260
410803,TAMIL NADU,639,604
410803,TAMIL NADU,640,496
410803,TAMIL NADU,641,114
410803,TAMIL NADU,642,4
410803,TAMIL NADU,643,310
410803,TAMIL NADU,644,80
410803,TAMIL NADU,645,426
410803,TAMIL NADU,646,650
410803,TAMIL NADU,647,247
410803,TAMIL NADU,648,586
410803,TAMIL NADU,649,514
410803,TAMIL NADU,650,491
410803,TAMIL NADU,651,355
410803,TAMIL NADU,652,647
410803,TAMIL NADU,653,93
410803,TAMIL NADU,654,106
410803,TAMIL NADU,655,530
410803,TAMIL NADU,656,332
410803,TAMIL NADU,657,128
410803,TAMIL NADU,658,512
410803,TAMIL NADU,659,242
