Center Number,State Name,Srl No,Marks
410802,TAMIL NADU,1,268
410802,TAMIL NADU,2,604
410802,TAMIL NADU,3,437
410802,TAMIL NADU,4,366
410802,TAMIL NADU,5,374
410802,TAMIL NADU,6,471
410802,TAMIL NADU,7,106
410802,TAMIL NADU,8,274
410802,TAMIL NADU,9,80
410802,TAMIL NADU,10,570
410802,TAMIL NADU,11,230
410802,TAMIL NADU,12,355
410802,TAMIL NADU,13,106
410802,TAMIL NADU,14,561
410802,TAMIL NADU,15,73
410802,TAMIL NADU,16,577
410802,TAMIL NADU,17,292
410802,TAMIL NADU,18,134
410802,TAMIL NADU,19,517
410802,TAMIL NADU,20,164
410802,TAMIL NADU,21,499
410802,TAMIL NADU,22,265
410802,TAMIL NADU,23,454
410802,TAMIL NADU,24,39
410802,TAMIL NADU,25,477
410802,TAMIL NADU,26,527
410802,TAMIL NADU,27,449
410802,TAMIL NADU,28,75
410802,TAMIL NADU,29,392
410802,TAMIL NADU,30,115
410802,TAMIL NADU,31,118
410802,TAMIL NADU,32,248
410802,TAMIL NADU,33,463
410802,TAMIL NADU,34,45
410802,TAMIL NADU,35,468
410802,TAMIL NADU,36,135
410802,TAMIL NADU,37,385
410802,TAMIL NADU,38,124
410802,TAMIL NADU,39,450
410802,TAMIL NADU,40,558
410802,TAMIL NADU,41,278
410802,TAMIL NADU,42,226
410802,TAMIL NADU,43,619
410802,TAMIL NADU,44,588
410802,TAMIL NADU,45,276
410802,TAMIL NADU,46,160
410802,TAMIL NADU,47,663
410802,TAMIL NADU,48,85
410802,TAMIL NADU,49,555
410802,TAMIL NADU,50,140
410802,TAMIL NADU,51,190
410802,TAMIL NADU,52,148
410802,TAMIL NADU,53,141
410802,TAMIL NADU,54,524
410802,TAMIL NADU,55,583
410802,TAMIL NADU,56,439
410802,TAMIL NADU,57,272
410802,TAMIL NADU,58,564
410802,TAMIL NADU,59,15
410802,TAMIL NADU,60,637
410802,TAMIL NADU,61,313
410802,TAMIL NADU,62,352
410802,TAMIL NADU,63,619
410802,TAMIL NADU,64,246
410802,TAMIL NADU,65,216
410802,TAMIL NADU,66,287
410802,TAMIL NADU,67,207
410802,TAMIL NADU,68,331
410802,TAMIL NADU,69,460
410802,TAMIL NADU,70,177
410802,TAMIL NADU,71,335
410802,TAMIL NADU,72,307
410802,TAMIL NADU,73,622
410802,TAMIL NADU,74,636
410802,TAMIL NADU,75,675
410802,TAMIL NADU,76,213
410802,TAMIL NADU,77,106
410802,TAMIL NADU,78,590
410802,TAMIL NADU,79,226
410802,TAMIL NADU,80,497
410802,TAMIL NADU,81,159
410802,TAMIL NADU,82,470
410802,TAMIL NADU,83,661
410802,TAMIL NADU,84,555
410802,TAMIL NADU,85,191
410802,TAMIL NADU,86,508
410802,TAMIL NADU,87,186
410802,TAMIL NADU,88,633
410802,TAMIL NADU,89,542
410802,TAMIL NADU,90,248
410802,TAMIL NADU,91,114
410802,TAMIL NADU,92,480
410802,TAMIL NADU,93,322
410802,TAMIL NADU,94,446
410802,TAMIL NADU,95,551
410802,TAMIL NADU,96,250
410802,TAMIL NADU,97,387
410802,TAMIL NADU,98,605
410802,TAMIL NADU,99,365
410802,TAMIL NADU,100,71
410802,TAMIL NADU,101,510
410802,TAMIL NADU,102,566
410802,TAMIL NADU,103,327
410802,TAMIL NADU,104,310
410802,TAMIL NADU,105,544
410802,TAMIL NADU,106,160
410802,TAMIL NADU,107,667
410802,TAMIL NADU,108,102
410802,TAMIL NADU,109,369
410802,TAMIL NADU,110,475
410802,TAMIL NADU,111,95
410802,TAMIL NADU,112,213
410802,TAMIL NADU,113,175
410802,TAMIL NADU,114,88
410802,TAMIL NADU,115,210
410802,TAMIL NADU,116,433
410802,TAMIL NADU,117,148
410802,TAMIL NADU,118,99
410802,TAMIL NADU,119,124
410802,TAMIL NADU,120,219
410802,TAMIL NADU,121,180
410802,TAMIL NADU,122,472
410802,TAMIL NADU,123,409
410802,TAMIL NADU,124,268
410802,TAMIL NADU,125,650
410802,TAMIL NADU,126,34
410802,TAMIL NADU,127,365
410802,TAMIL NADU,128,575
410802,TAMIL NADU,129,642
410802,TAMIL NADU,130,276
410802,TAMIL NADU,131,605
410802,TAMIL NADU,132,630
410802,TAMIL NADU,133,633
410802,TAMIL NADU,134,214
410802,TAMIL NADU,135,248
410802,TAMIL NADU,136,675
410802,TAMIL NADU,137,556
410802,TAMIL NADU,138,653
410802,TAMIL NADU,139,436
410802,TAMIL NADU,140,458
410802,TAMIL NADU,141,264
410802,TAMIL NADU,142,356
410802,TAMIL NADU,143,369
410802,TAMIL NADU,144,429
410802,TAMIL NADU,145,641
410802,TAMIL NADU,146,561
410802,TAMIL NADU,147,524
410802,TAMIL NADU,148,426
410802,TAMIL NADU,149,74
410802,TAMIL NADU,150,329
410802,TAMIL NADU,151,316
410802,TAMIL NADU,152,685
410802,TAMIL NADU,153,595
410802,TAMIL NADU,154,540
410802,TAMIL NADU,155,316
410802,TAMIL NADU,156,264
410802,TAMIL NADU,157,536
410802,TAMIL NADU,158,635
410802,TAMIL NADU,159,165
410802,TAMIL NADU,160,695
410802,TAMIL NADU,161,168
410802,TAMIL NADU,162,426
410802,TAMIL NADU,163,157
410802,TAMIL NADU,164,360
410802,TAMIL NADU,165,620
410802,TAMIL NADU,166,439
410802,TAMIL NADU,167,109
410802,TAMIL NADU,168,274
410802,TAMIL NADU,169,462
410802,TAMIL NADU,170,159
410802,TAMIL NADU,171,161
410802,TAMIL NADU,172,606
410802,TAMIL NADU,173,559
410802,TAMIL NADU,174,177
410802,TAMIL NADU,175,203
410802,TAMIL NADU,176,120
410802,TAMIL NADU,177,25
410802,TAMIL NADU,178,592
410802,TAMIL NADU,179,586
410802,TAMIL NADU,180,636
410802,TAMIL NADU,181,470
410802,TAMIL NADU,182,616
410802,TAMIL NADU,183,570
410802,TAMIL NADU,184,620
410802,TAMIL NADU,185,612
410802,TAMIL NADU,186,659
410802,TAMIL NADU,187,147
410802,TAMIL NADU,188,257
410802,TAMIL NADU,189,399
410802,TAMIL NADU,190,590
410802,TAMIL NADU,191,625
410802,TAMIL NADU,192,82
410802,TAMIL NADU,193,340
410802,TAMIL NADU,194,417
410802,TAMIL NADU,195,164
410802,TAMIL NADU,196,414
410802,TAMIL NADU,197,514
410802,TAMIL NADU,198,337
410802,TAMIL NADU,199,545
410802,TAMIL NADU,200,559
410802,TAMIL NADU,201,568
410802,TAMIL NADU,202,131
410802,TAMIL NADU,203,646
410802,TAMIL NADU,204,659
410802,TAMIL NADU,205,343
410802,TAMIL NADU,206,160
410802,TAMIL NADU,207,117
410802,TAMIL NADU,208,133
410802,TAMIL NADU,209,100
410802,TAMIL NADU,210,135
410802,TAMIL NADU,211,110
410802,TAMIL NADU,212,351
410802,TAMIL NADU,213,263
410802,TAMIL NADU,214,382
410802,TAMIL NADU,215,83
410802,TAMIL NADU,216,39
410802,TAMIL NADU,217,249
410802,TAMIL NADU,218,344
410802,TAMIL NADU,219,179
410802,TAMIL NADU,220,624
410802,TAMIL NADU,221,438
410802,TAMIL NADU,222,281
410802,TAMIL NADU,223,655
410802,TAMIL NADU,224,213
410802,TAMIL NADU,225,375
410802,TAMIL NADU,226,477
410802,TAMIL NADU,227,231
410802,TAMIL NADU,228,542
410802,TAMIL NADU,229,332
410802,TAMIL NADU,230,408
410802,TAMIL NADU,231,569
410802,TAMIL NADU,232,325
410802,TAMIL NADU,233,357
410802,TAMIL NADU,234,79
410802,TAMIL NADU,235,505
410802,TAMIL NADU,236,284
410802,TAMIL NADU,237,255
410802,TAMIL NADU,238,567
410802,TAMIL NADU,239,153
410802,TAMIL NADU,240,261
410802,TAMIL NADU,241,437
410802,TAMIL NADU,242,63
410802,TAMIL NADU,243,581
410802,TAMIL NADU,244,321
410802,TAMIL NADU,245,70
410802,TAMIL NADU,246,119
410802,TAMIL NADU,247,308
410802,TAMIL NADU,248,298
410802,TAMIL NADU,249,565
410802,TAMIL NADU,250,32
410802,TAMIL NADU,251,115
410802,TAMIL NADU,252,519
410802,TAMIL NADU,253,431
410802,TAMIL NADU,254,320
410802,TAMIL NADU,255,419
410802,TAMIL NADU,256,604
410802,TAMIL NADU,257,122
410802,TAMIL NADU,258,452
410802,TAMIL NADU,259,508
410802,TAMIL NADU,260,631
410802,TAMIL NADU,261,335
410802,TAMIL NADU,262,648
410802,TAMIL NADU,263,56
410802,TAMIL NADU,264,403
410802,TAMIL NADU,265,202
410802,TAMIL NADU,266,652
410802,TAMIL NADU,267,239
410802,TAMIL NADU,268,171
410802,TAMIL NADU,269,129
410802,TAMIL NADU,270,646
410802,TAMIL NADU,271,89
410802,TAMIL NADU,272,314
410802,TAMIL NADU,273,665
410802,TAMIL NADU,274,601
410802,TAMIL NADU,275,474
410802,TAMIL NADU,276,561
410802,TAMIL NADU,277,187
410802,TAMIL NADU,278,68
410802,TAMIL NADU,279,244
410802,TAMIL NADU,280,288
410802,TAMIL NADU,281,215
410802,TAMIL NADU,282,444
410802,TAMIL NADU,283,122
410802,TAMIL NADU,284,620
410802,TAMIL NADU,285,446
410802,TAMIL NADU,286,52
410802,TAMIL NADU,287,152
410802,TAMIL NADU,288,53
410802,TAMIL NADU,289,474
410802,TAMIL NADU,290,228
410802,TAMIL NADU,291,160
410802,TAMIL NADU,292,537
410802,TAMIL NADU,293,544
410802,TAMIL NADU,294,96
410802,TAMIL NADU,295,508
410802,TAMIL NADU,296,613
410802,TAMIL NADU,297,509
410802,TAMIL NADU,298,481
410802,TAMIL NADU,299,87
410802,TAMIL NADU,300,84
410802,TAMIL NADU,301,187
410802,TAMIL NADU,302,638
410802,TAMIL NADU,303,445
410802,TAMIL NADU,304,262
410802,TAMIL NADU,305,366
410802,TAMIL NADU,306,299
410802,TAMIL NADU,307,605
410802,TAMIL NADU,308,242
410802,TAMIL NADU,309,526
410802,TAMIL NADU,310,183
410802,TAMIL NADU,311,378
410802,TAMIL NADU,312,159
410802,TAMIL NADU,313,446
410802,TAMIL NADU,314,690
410802,TAMIL NADU,315,393
410802,TAMIL NADU,316,543
410802,TAMIL NADU,317,460
410802,TAMIL NADU,318,665
410802,TAMIL NADU,319,648
410802,TAMIL NADU,320,700
410802,TAMIL NADU,321,630
410802,TAMIL NADU,322,48
410802,TAMIL NADU,323,564
410802,TAMIL NADU,324,532
410802,TAMIL NADU,325,313
410802,TAMIL NADU,326,50
410802,TAMIL NADU,327,583
410802,TAMIL NADU,328,655
410802,TAMIL NADU,329,130
410802,TAMIL NADU,330,398
410802,TAMIL NADU,331,59
410802,TAMIL NADU,332,574
410802,TAMIL NADU,333,184
410802,TAMIL NADU,334,245
410802,TAMIL NADU,335,174
410802,TAMIL NADU,336,234
410802,TAMIL NADU,337,475
410802,TAMIL NADU,338,189
410802,TAMIL NADU,339,517
410802,TAMIL NADU,340,306
410802,TAMIL NADU,341,105
410802,TAMIL NADU,342,565
410802,TAMIL NADU,343,324
410802,TAMIL NADU,344,111
410802,TAMIL NADU,345,670
410802,TAMIL NADU,346,139
410802,TAMIL NADU,347,655
410802,TAMIL NADU,348,493
410802,TAMIL NADU,349,362
410802,TAMIL NADU,350,332
410802,TAMIL NADU,351,556
410802,TAMIL NADU,352,302
410802,TAMIL NADU,353,269
410802,TAMIL NADU,354,363
410802,TAMIL NADU,355,569
410802,TAMIL NADU,356,542
410802,TAMIL NADU,357,247
410802,TAMIL NADU,358,85
410802,TAMIL NADU,359,514
410802,TAMIL NADU,360,446
410802,TAMIL NADU,361,140
410802,TAMIL NADU,362,121
410802,TAMIL NADU,363,176
410802,TAMIL NADU,364,213
410802,TAMIL NADU,365,530
410802,TAMIL NADU,366,246
410802,TAMIL NADU,367,221
410802,TAMIL NADU,368,676
410802,TAMIL NADU,369,362
410802,TAMIL NADU,370,660
410802,TAMIL NADU,371,579
410802,TAMIL NADU,372,266
410802,TAMIL NADU,373,136
410802,TAMIL NADU,374,433
410802,TAMIL NADU,375,135
410802,TAMIL NADU,376,117
410802,TAMIL NADU,377,597
410802,TAMIL NADU,378,565
410802,TAMIL NADU,379,98
410802,TAMIL NADU,380,439
410802,TAMIL NADU,381,501
410802,TAMIL NADU,382,664
410802,TAMIL NADU,383,700
410802,TAMIL NADU,384,502
410802,TAMIL NADU,385,514
410802,TAMIL NADU,386,700
410802,TAMIL NADU,387,135
410802,TAMIL NADU,388,472
410802,TAMIL NADU,389,538
410802,TAMIL NADU,390,83
410802,TAMIL NADU,391,560
410802,TAMIL NADU,392,279
410802,TAMIL NADU,393,329
410802,TAMIL NADU,394,211
410802,TAMIL NADU,395,466
410802,TAMIL NADU,396,473
410802,TAMIL NADU,397,589
410802,TAMIL NADU,398,664
410802,TAMIL NADU,399,548
410802,TAMIL NADU,400,116
410802,TAMIL NADU,401,575
410802,TAMIL NADU,402,502
410802,TAMIL NADU,403,164
410802,TAMIL NADU,404,650
410802,TAMIL NADU,405,265
410802,TAMIL NADU,406,220
410802,TAMIL NADU,407,254
410802,TAMIL NADU,408,659
410802,TAMIL NADU,409,379
410802,TAMIL NADU,410,607
410802,TAMIL NADU,411,329
410802,TAMIL NADU,412,266
410802,TAMIL NADU,413,298
410802,TAMIL NADU,414,341
410802,TAMIL NADU,415,623
410802,TAMIL NADU,416,90
410802,TAMIL NADU,417,131
410802,TAMIL NADU,418,543
410802,TAMIL NADU,419,115
410802,TAMIL NADU,420,225
410802,TAMIL NADU,421,345
410802,TAMIL NADU,422,281
410802,TAMIL NADU,423,126
410802,TAMIL NADU,424,98
410802,TAMIL NADU,425,570
410802,TAMIL NADU,426,490
410802,TAMIL NADU,427,458
410802,TAMIL NADU,428,125
410802,TAMIL NADU,429,251
410802,TAMIL NADU,430,533
410802,TAMIL NADU,431,595
410802,TAMIL NADU,432,670
410802,TAMIL NADU,433,242
410802,TAMIL NADU,434,622
410802,TAMIL NADU,435,555
410802,TAMIL NADU,436,143
410802,TAMIL NADU,437,90
410802,TAMIL NADU,438,267
410802,TAMIL NADU,439,459
410802,TAMIL NADU,440,73
410802,TAMIL NADU,441,170
410802,TAMIL NADU,442,381
410802,TAMIL NADU,443,347
410802,TAMIL NADU,444,344
410802,TAMIL NADU,445,615
410802,TAMIL NADU,446,503
410802,TAMIL NADU,447,613
410802,TAMIL NADU,448,274
410802,TAMIL NADU,449,341
410802,TAMIL NADU,450,578
410802,TAMIL NADU,451,397
410802,TAMIL NADU,452,553
410802,TAMIL NADU,453,523
410802,TAMIL NADU,454,239
410802,TAMIL NADU,455,647
410802,TAMIL NADU,456,45
410802,TAMIL NADU,457,524
410802,TAMIL NADU,458,705
410802,TAMIL NADU,459,685
410802,TAMIL NADU,460,81
410802,TAMIL NADU,461,75
410802,TAMIL NADU,462,215
410802,TAMIL NADU,463,660
410802,TAMIL NADU,464,593
410802,TAMIL NADU,465,645
410802,TAMIL NADU,466,520
410802,TAMIL NADU,467,157
410802,TAMIL NADU,468,573
410802,TAMIL NADU,469,380
410802,TAMIL NADU,470,553
410802,TAMIL NADU,471,70
410802,TAMIL NADU,472,163
410802,TAMIL NADU,473,44
410802,TAMIL NADU,474,358
410802,TAMIL NADU,475,629
410802,TAMIL NADU,476,676
410802,TAMIL NADU,477,117
410802,TAMIL NADU,478,409
410802,TAMIL NADU,479,464
410802,TAMIL NADU,480,668
410802,TAMIL NADU,481,464
410802,TAMIL NADU,482,25
410802,TAMIL NADU,483,275
410802,TAMIL NADU,484,431
410802,TAMIL NADU,485,695
410802,TAMIL NADU,486,185
410802,TAMIL NADU,487,60
410802,TAMIL NADU,488,568
410802,TAMIL NADU,489,200
410802,TAMIL NADU,490,580
410802,TAMIL NADU,491,560
410802,TAMIL NADU,492,304
410802,TAMIL NADU,493,498
410802,TAMIL NADU,494,586
410802,TAMIL NADU,495,507
410802,TAMIL NADU,496,640
410802,TAMIL NADU,497,595
410802,TAMIL NADU,498,592
410802,TAMIL NADU,499,604
410802,TAMIL NADU,500,134
410802,TAMIL NADU,501,70
410802,TAMIL NADU,502,410
410802,TAMIL NADU,503,672
410802,TAMIL NADU,504,665
410802,TAMIL NADU,505,542
410802,TAMIL NADU,506,383
410802,TAMIL NADU,507,205
410802,TAMIL NADU,508,538
410802,TAMIL NADU,509,695
410802,TAMIL NADU,510,197
410802,TAMIL NADU,511,118
410802,TAMIL NADU,512,613
410802,TAMIL NADU,513,118
410802,TAMIL NADU,514,216
410802,TAMIL NADU,515,365
410802,TAMIL NADU,516,482
410802,TAMIL NADU,517,379
410802,TAMIL NADU,518,40
410802,TAMIL NADU,519,263
410802,TAMIL NADU,520,85
410802,TAMIL NADU,521,535
410802,TAMIL NADU,522,50
410802,TAMIL NADU,523,545
410802,TAMIL NADU,524,484
410802,TAMIL NADU,525,98
410802,TAMIL NADU,526,578
410802,TAMIL NADU,527,434
410802,TAMIL NADU,528,404
410802,TAMIL NADU,529,547
410802,TAMIL NADU,530,612
410802,TAMIL NADU,531,226
410802,TAMIL NADU,532,329
410802,TAMIL NADU,533,531
410802,TAMIL NADU,534,190
410802,TAMIL NADU,535,497
410802,TAMIL NADU,536,115
410802,TAMIL NADU,537,105
410802,TAMIL NADU,538,656
410802,TAMIL NADU,539,135
410802,TAMIL NADU,540,140
410802,TAMIL NADU,541,632
410802,TAMIL NADU,542,484
410802,TAMIL NADU,543,672
410802,TAMIL NADU,544,283
410802,TAMIL NADU,545,592
410802,TAMIL NADU,546,471
410802,TAMIL NADU,547,115
410802,TAMIL NADU,548,130
410802,TAMIL NADU,549,85
410802,TAMIL NADU,550,366
410802,TAMIL NADU,551,346
410802,TAMIL NADU,552,211
410802,TAMIL NADU,553,469
410802,TAMIL NADU,554,569
410802,TAMIL NADU,555,171
410802,TAMIL NADU,556,423
410802,TAMIL NADU,557,75
410802,TAMIL NADU,558,187
410802,TAMIL NADU,559,560
410802,TAMIL NADU,560,289
410802,TAMIL NADU,561,247
410802,TAMIL NADU,562,680
410802,TAMIL NADU,563,260
410802,TAMIL NADU,564,109
410802,TAMIL NADU,565,498
410802,TAMIL NADU,566,116
410802,TAMIL NADU,567,191
410802,TAMIL NADU,568,291
410802,TAMIL NADU,569,529
410802,TAMIL NADU,570,636
410802,TAMIL NADU,571,52
410802,TAMIL NADU,572,236
410802,TAMIL NADU,573,436
410802,TAMIL NADU,574,645
410802,TAMIL NADU,575,70
410802,TAMIL NADU,576,112
410802,TAMIL NADU,577,619
410802,TAMIL NADU,578,598
410802,TAMIL NADU,579,108
410802,TAMIL NADU,580,490
410802,TAMIL NADU,581,634
410802,TAMIL NADU,582,372
410802,TAMIL NADU,583,334
410802,TAMIL NADU,584,555
410802,TAMIL NADU,585,68
410802,TAMIL NADU,586,640
410802,TAMIL NADU,587,303
410802,TAMIL NADU,588,108
410802,TAMIL NADU,589,617
410802,TAMIL NADU,590,203
410802,TAMIL NADU,591,117
410802,TAMIL NADU,592,661
410802,TAMIL NADU,593,650
410802,TAMIL NADU,594,165
410802,TAMIL NADU,595,267
410802,TAMIL NADU,596,551
410802,TAMIL NADU,597,561
410802,TAMIL NADU,598,715
410802,TAMIL NADU,599,160
410802,TAMIL NADU,600,264
410802,TAMIL NADU,601,402
410802,TAMIL NADU,602,597
410802,TAMIL NADU,603,497
410802,TAMIL NADU,604,645
410802,TAMIL NADU,605,87
410802,TAMIL NADU,606,50
410802,TAMIL NADU,607,490
410802,TAMIL NADU,608,519
410802,TAMIL NADU,609,519
410802,TAMIL NADU,610,665
410802,TAMIL NADU,611,627
410802,TAMIL NADU,612,622
410802,TAMIL NADU,613,324
410802,TAMIL NADU,614,509
410802,TAMIL NADU,615,342
410802,TAMIL NADU,616,660
410802,TAMIL NADU,617,230
410802,TAMIL NADU,618,335
410802,TAMIL NADU,619,288
410802,TAMIL NADU,620,611
410802,TAMIL NADU,621,298
410802,TAMIL NADU,622,64
410802,TAMIL NADU,623,476
410802,TAMIL NADU,624,65
410802,TAMIL NADU,625,538
410802,TAMIL NADU,626,128
410802,TAMIL NADU,627,468
410802,TAMIL NADU,628,537
410802,TAMIL NADU,629,198
410802,TAMIL NADU,630,400
410802,TAMIL NADU,631,309
410802,TAMIL NADU,632,353
410802,TAMIL NADU,633,515
410802,TAMIL NADU,634,365
410802,TAMIL NADU,635,30
410802,TAMIL NADU,636,57
410802,TAMIL NADU,637,690
410802,TAMIL NADU,638,437
410802,TAMIL NADU,639,519
410802,TAMIL NADU,640,608
410802,TAMIL NADU,641,98
410802,TAMIL NADU,642,443
410802,TAMIL NADU,643,99
410802,TAMIL NADU,644,690
410802,TAMIL NADU,645,646
410802,TAMIL NADU,646,682
410802,TAMIL NADU,647,46
410802,TAMIL NADU,648,532
410802,TAMIL NADU,649,403
410802,TAMIL NADU,650,422
410802,TAMIL NADU,651,568
410802,TAMIL NADU,652,592
410802,TAMIL NADU,653,86
410802,TAMIL NADU,654,538
410802,TAMIL NADU,655,228
410802,TAMIL NADU,656,291
410802,TAMIL NADU,657,90
410802,TAMIL NADU,658,618
410802,TAMIL NADU,659,333
410802,TAMIL NADU,660,134
410802,TAMIL NADU,661,592
410802,TAMIL NADU,662,282
410802,TAMIL NADU,663,164
410802,TAMIL NADU,664,360
410802,TAMIL NADU,665,309
410802,TAMIL NADU,666,656
410802,TAMIL NADU,667,520
410802,TAMIL NADU,668,53
410802,TAMIL NADU,669,320
410802,TAMIL NADU,670,356
410802,TAMIL NADU,671,290
410802,TAMIL NADU,672,403
410802,TAMIL NADU,673,430
410802,TAMIL NADU,674,227
410802,TAMIL NADU,675,570
410802,TAMIL NADU,676,586
410802,TAMIL NADU,677,178
410802,TAMIL NADU,678,194
410802,TAMIL NADU,679,660
410802,TAMIL NADU,680,595
410802,TAMIL NADU,681,564
410802,TAMIL NADU,682,512
410802,TAMIL NADU,683,61
410802,TAMIL NADU,684,529
410802,TAMIL NADU,685,259
410802,TAMIL NADU,686,645
410802,TAMIL NADU,687,493
