Center Number,State Name,Srl No,Marks
411102,TAMIL NADU,1,40
411102,TAMIL NADU,2,392
411102,TAMIL NADU,3,86
411102,TAMIL NADU,4,60
411102,TAMIL NADU,5,66
411102,TAMIL NADU,6,495
411102,TAMIL NADU,7,70
411102,TAMIL NADU,8,233
411102,TAMIL NADU,9,23
411102,TAMIL NADU,10,330
411102,TAMIL NADU,11,175
411102,TAMIL NADU,12,87
411102,TAMIL NADU,13,209
411102,TAMIL NADU,14,196
411102,TAMIL NADU,15,120
411102,TAMIL NADU,16,79
411102,TAMIL NADU,17,119
411102,TAMIL NADU,18,158
411102,TAMIL NADU,19,87
411102,TAMIL NADU,20,92
411102,TAMIL NADU,21,116
411102,TAMIL NADU,22,65
411102,TAMIL NADU,23,192
411102,TAMIL NADU,24,577
411102,TAMIL NADU,25,225
411102,TAMIL NADU,26,283
411102,TAMIL NADU,27,145
411102,TAMIL NADU,28,103
411102,TAMIL NADU,29,65
411102,TAMIL NADU,30,111
411102,TAMIL NADU,31,36
411102,TAMIL NADU,32,92
411102,TAMIL NADU,33,14
411102,TAMIL NADU,34,45
411102,TAMIL NADU,35,111
411102,TAMIL NADU,36,175
411102,TAMIL NADU,37,194
411102,TAMIL NADU,38,117
411102,TAMIL NADU,39,53
411102,TAMIL NADU,40,56
411102,TAMIL NADU,41,112
411102,TAMIL NADU,42,177
411102,TAMIL NADU,43,33
411102,TAMIL NADU,44,73
411102,TAMIL NADU,45,115
411102,TAMIL NADU,46,96
411102,TAMIL NADU,47,138
411102,TAMIL NADU,48,118
411102,TAMIL NADU,49,160
411102,TAMIL NADU,50,123
411102,TAMIL NADU,51,266
411102,TAMIL NADU,52,57
411102,TAMIL NADU,53,594
411102,TAMIL NADU,54,177
411102,TAMIL NADU,55,105
411102,TAMIL NADU,56,130
411102,TAMIL NADU,57,92
411102,TAMIL NADU,58,283
411102,TAMIL NADU,59,85
411102,TAMIL NADU,60,544
411102,TAMIL NADU,61,99
411102,TAMIL NADU,62,113
411102,TAMIL NADU,63,67
411102,TAMIL NADU,64,130
411102,TAMIL NADU,65,113
411102,TAMIL NADU,66,455
411102,TAMIL NADU,67,567
411102,TAMIL NADU,68,329
411102,TAMIL NADU,69,101
411102,TAMIL NADU,70,64
411102,TAMIL NADU,71,321
411102,TAMIL NADU,72,326
411102,TAMIL NADU,73,140
411102,TAMIL NADU,74,74
411102,TAMIL NADU,75,270
411102,TAMIL NADU,76,55
411102,TAMIL NADU,77,160
411102,TAMIL NADU,78,281
411102,TAMIL NADU,79,306
411102,TAMIL NADU,80,211
411102,TAMIL NADU,81,437
411102,TAMIL NADU,82,50
411102,TAMIL NADU,83,93
411102,TAMIL NADU,84,128
411102,TAMIL NADU,85,228
411102,TAMIL NADU,86,523
411102,TAMIL NADU,87,221
411102,TAMIL NADU,88,82
411102,TAMIL NADU,89,225
411102,TAMIL NADU,90,26
411102,TAMIL NADU,91,67
411102,TAMIL NADU,92,374
411102,TAMIL NADU,93,120
411102,TAMIL NADU,94,126
411102,TAMIL NADU,95,134
411102,TAMIL NADU,96,295
411102,TAMIL NADU,97,142
411102,TAMIL NADU,98,337
411102,TAMIL NADU,99,360
411102,TAMIL NADU,100,180
411102,TAMIL NADU,101,117
411102,TAMIL NADU,102,116
411102,TAMIL NADU,103,194
411102,TAMIL NADU,104,298
411102,TAMIL NADU,105,38
411102,TAMIL NADU,106,27
411102,TAMIL NADU,107,35
411102,TAMIL NADU,108,198
411102,TAMIL NADU,109,84
411102,TAMIL NADU,110,70
411102,TAMIL NADU,111,568
411102,TAMIL NADU,112,70
411102,TAMIL NADU,113,72
411102,TAMIL NADU,114,321
411102,TAMIL NADU,115,141
411102,TAMIL NADU,116,581
411102,TAMIL NADU,117,188
411102,TAMIL NADU,118,336
411102,TAMIL NADU,119,340
411102,TAMIL NADU,120,115
411102,TAMIL NADU,121,356
411102,TAMIL NADU,122,317
411102,TAMIL NADU,123,146
411102,TAMIL NADU,124,50
411102,TAMIL NADU,125,100
411102,TAMIL NADU,126,83
411102,TAMIL NADU,127,169
411102,TAMIL NADU,128,292
411102,TAMIL NADU,129,105
411102,TAMIL NADU,130,135
411102,TAMIL NADU,131,153
411102,TAMIL NADU,132,97
411102,TAMIL NADU,133,254
411102,TAMIL NADU,134,69
411102,TAMIL NADU,135,389
411102,TAMIL NADU,136,37
411102,TAMIL NADU,137,271
411102,TAMIL NADU,138,117
411102,TAMIL NADU,139,173
411102,TAMIL NADU,140,330
411102,TAMIL NADU,141,160
411102,TAMIL NADU,142,115
411102,TAMIL NADU,143,390
411102,TAMIL NADU,144,30
411102,TAMIL NADU,145,99
411102,TAMIL NADU,146,95
411102,TAMIL NADU,147,208
411102,TAMIL NADU,148,171
411102,TAMIL NADU,149,597
411102,TAMIL NADU,150,40
411102,TAMIL NADU,151,262
411102,TAMIL NADU,152,268
411102,TAMIL NADU,153,564
411102,TAMIL NADU,154,145
411102,TAMIL NADU,155,519
411102,TAMIL NADU,156,105
411102,TAMIL NADU,157,115
411102,TAMIL NADU,18,159
411102,TAMIL NADU,336,160
411102,TAMIL NADU,616,161
411102,TAMIL NADU,271,162
411102,TAMIL NADU,82,163
411102,TAMIL NADU,340,164
411102,TAMIL NADU,93,165
411102,TAMIL NADU,200,166
411102,TAMIL NADU,95,167
411102,TAMIL NADU,85,168
411102,TAMIL NADU,85,169
411102,TAMIL NADU,479,170
411102,TAMIL NADU,90,171
411102,TAMIL NADU,115,172
411102,TAMIL NADU,551,173
411102,TAMIL NADU,397,174
411102,TAMIL NADU,400,175
411102,TAMIL NADU,412,176
411102,TAMIL NADU,293,177
411102,TAMIL NADU,130,178
411102,TAMIL NADU,76,179
411102,TAMIL NADU,391,180
411102,TAMIL NADU,181,94
411102,TAMIL NADU,182,486
411102,TAMIL NADU,183,100
411102,TAMIL NADU,184,351
411102,TAMIL NADU,185,120
411102,TAMIL NADU,186,120
411102,TAMIL NADU,187,74
411102,TAMIL NADU,188,370
411102,TAMIL NADU,189,171
411102,TAMIL NADU,190,81
411102,TAMIL NADU,191,530
411102,TAMIL NADU,192,15
411102,TAMIL NADU,193,166
411102,TAMIL NADU,194,71
411102,TAMIL NADU,195,497
411102,TAMIL NADU,196,99
411102,TAMIL NADU,197,183
411102,TAMIL NADU,198,46
411102,TAMIL NADU,199,140
411102,TAMIL NADU,200,225
411102,TAMIL NADU,201,291
411102,TAMIL NADU,202,68
411102,TAMIL NADU,203,84
411102,TAMIL NADU,204,405
411102,TAMIL NADU,205,482
411102,TAMIL NADU,206,237
411102,TAMIL NADU,207,559
411102,TAMIL NADU,208,68
411102,TAMIL NADU,209,95
411102,TAMIL NADU,210,90
411102,TAMIL NADU,211,98
411102,TAMIL NADU,212,312
411102,TAMIL NADU,213,125
411102,TAMIL NADU,214,190
411102,TAMIL NADU,215,142
411102,TAMIL NADU,216,15
411102,TAMIL NADU,217,248
411102,TAMIL NADU,218,544
411102,TAMIL NADU,219,483
411102,TAMIL NADU,220,139
411102,TAMIL NADU,221,68
411102,TAMIL NADU,222,503
411102,TAMIL NADU,223,80
411102,TAMIL NADU,224,217
411102,TAMIL NADU,225,105
411102,TAMIL NADU,226,59
411102,TAMIL NADU,227,83
411102,TAMIL NADU,228,186
411102,TAMIL NADU,229,660
411102,TAMIL NADU,230,89
411102,TAMIL NADU,231,161
411102,TAMIL NADU,232,134
411102,TAMIL NADU,233,125
411102,TAMIL NADU,234,24
411102,TAMIL NADU,235,105
411102,TAMIL NADU,236,102
411102,TAMIL NADU,237,89
411102,TAMIL NADU,238,239
411102,TAMIL NADU,239,11
411102,TAMIL NADU,240,236
411102,TAMIL NADU,241,69
411102,TAMIL NADU,242,54
411102,TAMIL NADU,243,77
411102,TAMIL NADU,244,239
411102,TAMIL NADU,245,67
411102,TAMIL NADU,246,275
411102,TAMIL NADU,247,72
411102,TAMIL NADU,248,104
411102,TAMIL NADU,249,378
411102,TAMIL NADU,250,584
411102,TAMIL NADU,251,21
411102,TAMIL NADU,252,35
411102,TAMIL NADU,253,147
411102,TAMIL NADU,254,319
411102,TAMIL NADU,255,32
411102,TAMIL NADU,256,358
411102,TAMIL NADU,257,122
411102,TAMIL NADU,258,502
411102,TAMIL NADU,259,156
411102,TAMIL NADU,260,211
411102,TAMIL NADU,261,37
411102,TAMIL NADU,262,340
411102,TAMIL NADU,263,658
411102,TAMIL NADU,264,28
411102,TAMIL NADU,265,146
411102,TAMIL NADU,266,406
411102,TAMIL NADU,267,60
411102,TAMIL NADU,268,320
411102,TAMIL NADU,269,102
411102,TAMIL NADU,270,457
411102,TAMIL NADU,271,100
411102,TAMIL NADU,272,125
411102,TAMIL NADU,273,106
411102,TAMIL NADU,274,78
411102,TAMIL NADU,275,60
411102,TAMIL NADU,276,170
411102,TAMIL NADU,277,499
411102,TAMIL NADU,278,150
411102,TAMIL NADU,279,299
411102,TAMIL NADU,280,40
411102,TAMIL NADU,281,48
411102,TAMIL NADU,282,8
411102,TAMIL NADU,283,58
411102,TAMIL NADU,284,70
411102,TAMIL NADU,285,95
411102,TAMIL NADU,286,46
411102,TAMIL NADU,287,199
411102,TAMIL NADU,288,477
411102,TAMIL NADU,289,198
411102,TAMIL NADU,290,442
411102,TAMIL NADU,291,524
411102,TAMIL NADU,292,126
411102,TAMIL NADU,293,219
411102,TAMIL NADU,294,167
411102,TAMIL NADU,295,35
411102,TAMIL NADU,296,242
411102,TAMIL NADU,297,152
411102,TAMIL NADU,298,97
411102,TAMIL NADU,299,82
411102,TAMIL NADU,300,214
411102,TAMIL NADU,301,134
411102,TAMIL NADU,302,98
411102,TAMIL NADU,303,92
411102,TAMIL NADU,304,74
411102,TAMIL NADU,305,250
411102,TAMIL NADU,306,96
411102,TAMIL NADU,307,95
411102,TAMIL NADU,308,56
411102,TAMIL NADU,309,140
411102,TAMIL NADU,310,222
411102,TAMIL NADU,311,509
411102,TAMIL NADU,312,630
411102,TAMIL NADU,313,84
411102,TAMIL NADU,314,132
411102,TAMIL NADU,315,349
411102,TAMIL NADU,316,96
411102,TAMIL NADU,317,152
411102,TAMIL NADU,318,196
411102,TAMIL NADU,319,430
411102,TAMIL NADU,320,64
411102,TAMIL NADU,321,120
411102,TAMIL NADU,322,78
411102,TAMIL NADU,323,77
411102,TAMIL NADU,324,577
411102,TAMIL NADU,325,398
411102,TAMIL NADU,326,366
411102,TAMIL NADU,327,384
411102,TAMIL NADU,328,253
411102,TAMIL NADU,329,46
411102,TAMIL NADU,330,72
411102,TAMIL NADU,331,75
411102,TAMIL NADU,332,279
411102,TAMIL NADU,333,242
411102,TAMIL NADU,334,135
411102,TAMIL NADU,335,49
411102,TAMIL NADU,336,277
411102,TAMIL NADU,337,285
411102,TAMIL NADU,338,129
411102,TAMIL NADU,339,360
411102,TAMIL NADU,340,75
411102,TAMIL NADU,341,91
411102,TAMIL NADU,342,139
411102,TAMIL NADU,343,200
411102,TAMIL NADU,344,159
411102,TAMIL NADU,345,182
411102,TAMIL NADU,346,108
411102,TAMIL NADU,347,126
411102,TAMIL NADU,348,160
411102,TAMIL NADU,349,98
411102,TAMIL NADU,350,516
411102,TAMIL NADU,351,495
411102,TAMIL NADU,352,129
411102,TAMIL NADU,353,518
411102,TAMIL NADU,354,130
411102,TAMIL NADU,355,112
411102,TAMIL NADU,356,428
411102,TAMIL NADU,357,193
411102,TAMIL NADU,358,182
411102,TAMIL NADU,359,514
411102,TAMIL NADU,360,378
411102,TAMIL NADU,361,138
411102,TAMIL NADU,362,307
411102,TAMIL NADU,363,75
411102,TAMIL NADU,364,290
411102,TAMIL NADU,365,52
411102,TAMIL NADU,366,23
411102,TAMIL NADU,367,242
411102,TAMIL NADU,368,80
411102,TAMIL NADU,369,358
411102,TAMIL NADU,370,48
411102,TAMIL NADU,371,360
411102,TAMIL NADU,372,412
411102,TAMIL NADU,373,317
411102,TAMIL NADU,374,40
411102,TAMIL NADU,375,82
411102,TAMIL NADU,376,66
411102,TAMIL NADU,377,394
411102,TAMIL NADU,378,127
411102,TAMIL NADU,379,35
411102,TAMIL NADU,380,535
411102,TAMIL NADU,381,178
411102,TAMIL NADU,382,84
411102,TAMIL NADU,383,56
411102,TAMIL NADU,384,58
411102,TAMIL NADU,385,578
411102,TAMIL NADU,386,75
411102,TAMIL NADU,387,547
411102,TAMIL NADU,388,60
411102,TAMIL NADU,389,115
411102,TAMIL NADU,390,15
411102,TAMIL NADU,391,50
411102,TAMIL NADU,392,193
411102,TAMIL NADU,393,452
411102,TAMIL NADU,394,41
411102,TAMIL NADU,395,182
411102,TAMIL NADU,396,70
411102,TAMIL NADU,397,90
411102,TAMIL NADU,398,202
411102,TAMIL NADU,399,279
411102,TAMIL NADU,400,149
411102,TAMIL NADU,401,85
411102,TAMIL NADU,402,165
411102,TAMIL NADU,403,60
411102,TAMIL NADU,404,83
411102,TAMIL NADU,405,60
411102,TAMIL NADU,406,78
411102,TAMIL NADU,407,36
411102,TAMIL NADU,408,92
411102,TAMIL NADU,409,172
411102,TAMIL NADU,410,128
411102,TAMIL NADU,411,286
411102,TAMIL NADU,412,517
411102,TAMIL NADU,413,80
411102,TAMIL NADU,414,238
411102,TAMIL NADU,415,117
411102,TAMIL NADU,416,42
411102,TAMIL NADU,417,126
411102,TAMIL NADU,418,151
411102,TAMIL NADU,419,286
411102,TAMIL NADU,420,145
411102,TAMIL NADU,421,277
411102,TAMIL NADU,422,327
411102,TAMIL NADU,423,155
411102,TAMIL NADU,424,41
411102,TAMIL NADU,425,670
411102,TAMIL NADU,426,57
411102,TAMIL NADU,427,301
411102,TAMIL NADU,428,290
411102,TAMIL NADU,429,63
411102,TAMIL NADU,430,77
411102,TAMIL NADU,431,78
411102,TAMIL NADU,432,213
411102,TAMIL NADU,433,565
411102,TAMIL NADU,434,123
411102,TAMIL NADU,435,118
411102,TAMIL NADU,436,110
411102,TAMIL NADU,437,369
411102,TAMIL NADU,438,76
411102,TAMIL NADU,439,109
411102,TAMIL NADU,440,152
411102,TAMIL NADU,441,127
411102,TAMIL NADU,442,219
411102,TAMIL NADU,443,545
411102,TAMIL NADU,444,72
411102,TAMIL NADU,445,144
411102,TAMIL NADU,446,100
411102,TAMIL NADU,447,406
411102,TAMIL NADU,448,26
411102,TAMIL NADU,449,131
411102,TAMIL NADU,450,130
411102,TAMIL NADU,451,361
411102,TAMIL NADU,452,98
411102,TAMIL NADU,453,173
411102,TAMIL NADU,454,265
411102,TAMIL NADU,455,245
411102,TAMIL NADU,456,121
411102,TAMIL NADU,457,232
411102,TAMIL NADU,458,58
411102,TAMIL NADU,459,175
411102,TAMIL NADU,460,65
411102,TAMIL NADU,461,263
411102,TAMIL NADU,462,307
411102,TAMIL NADU,463,636
411102,TAMIL NADU,464,226
411102,TAMIL NADU,465,93
411102,TAMIL NADU,466,164
411102,TAMIL NADU,467,65
411102,TAMIL NADU,468,24
411102,TAMIL NADU,469,317
411102,TAMIL NADU,470,110
411102,TAMIL NADU,471,128
411102,TAMIL NADU,472,535
411102,TAMIL NADU,473,81
411102,TAMIL NADU,474,134
411102,TAMIL NADU,475,105
411102,TAMIL NADU,476,80
411102,TAMIL NADU,477,197
411102,TAMIL NADU,478,127
411102,TAMIL NADU,479,59
411102,TAMIL NADU,480,256
411102,TAMIL NADU,481,73
411102,TAMIL NADU,482,106
411102,TAMIL NADU,483,154
411102,TAMIL NADU,484,106
411102,TAMIL NADU,485,85
411102,TAMIL NADU,486,174
411102,TAMIL NADU,487,187
411102,TAMIL NADU,488,384
411102,TAMIL NADU,489,125
411102,TAMIL NADU,490,161
411102,TAMIL NADU,491,133
411102,TAMIL NADU,492,4
411102,TAMIL NADU,493,336
411102,TAMIL NADU,494,401
411102,TAMIL NADU,495,249
411102,TAMIL NADU,496,233
411102,TAMIL NADU,497,65
411102,TAMIL NADU,498,38
411102,TAMIL NADU,499,140
411102,TAMIL NADU,500,113
411102,TAMIL NADU,501,101
411102,TAMIL NADU,502,203
411102,TAMIL NADU,503,413
411102,TAMIL NADU,504,189
411102,TAMIL NADU,505,259
411102,TAMIL NADU,506,86
411102,TAMIL NADU,507,44
411102,TAMIL NADU,508,209
411102,TAMIL NADU,509,32
411102,TAMIL NADU,510,263
411102,TAMIL NADU,511,378
411102,TAMIL NADU,512,153
411102,TAMIL NADU,513,113
411102,TAMIL NADU,514,271
411102,TAMIL NADU,515,570
