Center Number,State Name,Srl No,Marks
411301,TAMIL NADU,1,5
411301,TAMIL NADU,2,515
411301,TAMIL NADU,3,90
411301,TAMIL NADU,4,525
411301,TAMIL NADU,5,90
411301,TAMIL NADU,6,94
411301,TAMIL NADU,7,76
411301,TAMIL NADU,8,74
411301,TAMIL NADU,9,173
411301,TAMIL NADU,10,130
411301,TAMIL NADU,11,200
411301,TAMIL NADU,12,358
411301,TAMIL NADU,13,89
411301,TAMIL NADU,14,177
411301,TAMIL NADU,15,88
411301,TAMIL NADU,16,186
411301,TAMIL NADU,17,552
411301,TAMIL NADU,18,308
411301,TAMIL NADU,19,549
411301,TAMIL NADU,20,289
411301,TAMIL NADU,21,74
411301,TAMIL NADU,22,300
411301,TAMIL NADU,23,29
411301,TAMIL NADU,24,298
411301,TAMIL NADU,25,183
411301,TAMIL NADU,26,229
411301,TAMIL NADU,27,106
411301,TAMIL NADU,28,15
411301,TAMIL NADU,29,616
411301,TAMIL NADU,30,402
411301,TAMIL NADU,31,179
411301,TAMIL NADU,32,233
411301,TAMIL NADU,33,91
411301,TAMIL NADU,34,30
411301,TAMIL NADU,35,534
411301,TAMIL NADU,36,572
411301,TAMIL NADU,37,109
411301,TAMIL NADU,38,382
411301,TAMIL NADU,39,51
411301,TAMIL NADU,40,172
411301,TAMIL NADU,41,78
411301,TAMIL NADU,42,255
411301,TAMIL NADU,43,299
411301,TAMIL NADU,44,413
411301,TAMIL NADU,45,44
411301,TAMIL NADU,46,125
411301,TAMIL NADU,47,320
411301,TAMIL NADU,48,109
411301,TAMIL NADU,49,377
411301,TAMIL NADU,50,252
411301,TAMIL NADU,51,291
411301,TAMIL NADU,52,474
411301,TAMIL NADU,53,93
411301,TAMIL NADU,54,243
411301,TAMIL NADU,55,130
411301,TAMIL NADU,56,485
411301,TAMIL NADU,57,462
411301,TAMIL NADU,58,83
411301,TAMIL NADU,59,100
411301,TAMIL NADU,60,72
411301,TAMIL NADU,61,333
411301,TAMIL NADU,62,284
411301,TAMIL NADU,63,88
411301,TAMIL NADU,64,75
411301,TAMIL NADU,65,140
411301,TAMIL NADU,66,339
411301,TAMIL NADU,67,84
411301,TAMIL NADU,68,470
411301,TAMIL NADU,69,206
411301,TAMIL NADU,70,84
411301,TAMIL NADU,71,111
411301,TAMIL NADU,72,69
411301,TAMIL NADU,73,106
411301,TAMIL NADU,74,227
411301,TAMIL NADU,75,538
411301,TAMIL NADU,76,400
411301,TAMIL NADU,77,180
411301,TAMIL NADU,78,615
411301,TAMIL NADU,79,177
411301,TAMIL NADU,80,169
411301,TAMIL NADU,81,571
411301,TAMIL NADU,82,283
411301,TAMIL NADU,83,370
411301,TAMIL NADU,84,60
411301,TAMIL NADU,85,72
411301,TAMIL NADU,86,271
411301,TAMIL NADU,87,541
411301,TAMIL NADU,88,107
411301,TAMIL NADU,89,91
411301,TAMIL NADU,90,175
411301,TAMIL NADU,91,336
411301,TAMIL NADU,92,315
411301,TAMIL NADU,93,246
411301,TAMIL NADU,94,111
411301,TAMIL NADU,95,81
411301,TAMIL NADU,96,344
411301,TAMIL NADU,97,112
411301,TAMIL NADU,98,71
411301,TAMIL NADU,99,74
411301,TAMIL NADU,100,187
411301,TAMIL NADU,101,92
411301,TAMIL NADU,102,264
411301,TAMIL NADU,103,130
411301,TAMIL NADU,104,228
411301,TAMIL NADU,105,393
411301,TAMIL NADU,106,90
411301,TAMIL NADU,107,458
411301,TAMIL NADU,108,131
411301,TAMIL NADU,109,128
411301,TAMIL NADU,110,105
411301,TAMIL NADU,111,79
411301,TAMIL NADU,112,381
411301,TAMIL NADU,113,308
411301,TAMIL NADU,114,202
411301,TAMIL NADU,115,439
411301,TAMIL NADU,116,148
411301,TAMIL NADU,117,415
411301,TAMIL NADU,118,642
411301,TAMIL NADU,119,68
411301,TAMIL NADU,120,310
411301,TAMIL NADU,121,163
411301,TAMIL NADU,122,158
411301,TAMIL NADU,123,83
411301,TAMIL NADU,124,100
411301,TAMIL NADU,125,403
411301,TAMIL NADU,126,184
411301,TAMIL NADU,127,213
411301,TAMIL NADU,128,495
411301,TAMIL NADU,129,441
411301,TAMIL NADU,130,250
411301,TAMIL NADU,131,488
411301,TAMIL NADU,132,625
411301,TAMIL NADU,133,45
411301,TAMIL NADU,134,239
411301,TAMIL NADU,135,129
411301,TAMIL NADU,136,604
411301,TAMIL NADU,137,175
411301,TAMIL NADU,138,247
411301,TAMIL NADU,139,450
411301,TAMIL NADU,140,193
411301,TAMIL NADU,141,116
411301,TAMIL NADU,142,50
411301,TAMIL NADU,143,117
411301,TAMIL NADU,144,456
411301,TAMIL NADU,145,128
411301,TAMIL NADU,146,574
411301,TAMIL NADU,147,201
411301,TAMIL NADU,148,446
411301,TAMIL NADU,149,220
411301,TAMIL NADU,150,241
411301,TAMIL NADU,151,346
411301,TAMIL NADU,152,518
411301,TAMIL NADU,153,45
411301,TAMIL NADU,154,40
411301,TAMIL NADU,155,292
411301,TAMIL NADU,156,165
411301,TAMIL NADU,157,111
411301,TAMIL NADU,158,603
411301,TAMIL NADU,159,52
411301,TAMIL NADU,160,403
411301,TAMIL NADU,161,274
411301,TAMIL NADU,162,175
411301,TAMIL NADU,163,182
411301,TAMIL NADU,164,109
411301,TAMIL NADU,165,660
411301,TAMIL NADU,166,464
411301,TAMIL NADU,167,75
411301,TAMIL NADU,168,85
411301,TAMIL NADU,169,95
411301,TAMIL NADU,170,263
411301,TAMIL NADU,171,80
411301,TAMIL NADU,172,398
411301,TAMIL NADU,173,332
411301,TAMIL NADU,174,130
411301,TAMIL NADU,175,21
411301,TAMIL NADU,176,343
411301,TAMIL NADU,177,535
411301,TAMIL NADU,178,173
411301,TAMIL NADU,179,111
411301,TAMIL NADU,180,155
411301,TAMIL NADU,181,413
411301,TAMIL NADU,182,319
411301,TAMIL NADU,183,110
411301,TAMIL NADU,184,169
411301,TAMIL NADU,185,94
411301,TAMIL NADU,186,608
411301,TAMIL NADU,187,62
411301,TAMIL NADU,188,243
411301,TAMIL NADU,189,204
411301,TAMIL NADU,190,127
411301,TAMIL NADU,191,73
411301,TAMIL NADU,192,210
411301,TAMIL NADU,193,120
411301,TAMIL NADU,194,256
411301,TAMIL NADU,195,40
411301,TAMIL NADU,196,330
411301,TAMIL NADU,197,356
411301,TAMIL NADU,198,117
411301,TAMIL NADU,199,200
411301,TAMIL NADU,200,86
411301,TAMIL NADU,201,275
411301,TAMIL NADU,202,426
411301,TAMIL NADU,203,207
411301,TAMIL NADU,204,100
411301,TAMIL NADU,205,115
411301,TAMIL NADU,206,150
411301,TAMIL NADU,207,486
411301,TAMIL NADU,208,231
411301,TAMIL NADU,209,638
411301,TAMIL NADU,210,109
411301,TAMIL NADU,211,143
411301,TAMIL NADU,212,41
411301,TAMIL NADU,213,123
411301,TAMIL NADU,214,75
411301,TAMIL NADU,215,429
411301,TAMIL NADU,216,233
411301,TAMIL NADU,217,98
411301,TAMIL NADU,218,170
411301,TAMIL NADU,219,185
411301,TAMIL NADU,220,347
411301,TAMIL NADU,221,164
411301,TAMIL NADU,222,68
411301,TAMIL NADU,223,641
411301,TAMIL NADU,224,490
411301,TAMIL NADU,225,492
411301,TAMIL NADU,226,73
411301,TAMIL NADU,227,75
411301,TAMIL NADU,228,123
411301,TAMIL NADU,229,673
411301,TAMIL NADU,230,82
411301,TAMIL NADU,231,223
411301,TAMIL NADU,232,127
411301,TAMIL NADU,233,129
411301,TAMIL NADU,234,417
411301,TAMIL NADU,235,627
411301,TAMIL NADU,236,178
411301,TAMIL NADU,237,393
411301,TAMIL NADU,238,32
411301,TAMIL NADU,239,120
411301,TAMIL NADU,240,168
411301,TAMIL NADU,241,106
411301,TAMIL NADU,242,650
411301,TAMIL NADU,243,67
411301,TAMIL NADU,244,112
411301,TAMIL NADU,245,214
411301,TAMIL NADU,246,130
411301,TAMIL NADU,247,180
411301,TAMIL NADU,248,150
411301,TAMIL NADU,249,412
411301,TAMIL NADU,250,140
411301,TAMIL NADU,251,542
411301,TAMIL NADU,252,141
411301,TAMIL NADU,253,125
411301,TAMIL NADU,254,60
411301,TAMIL NADU,255,155
411301,TAMIL NADU,256,641
411301,TAMIL NADU,257,140
411301,TAMIL NADU,258,170
411301,TAMIL NADU,259,533
411301,TAMIL NADU,260,60
411301,TAMIL NADU,261,171
411301,TAMIL NADU,262,690
411301,TAMIL NADU,263,37
411301,TAMIL NADU,264,201
411301,TAMIL NADU,265,59
411301,TAMIL NADU,266,581
411301,TAMIL NADU,267,161
411301,TAMIL NADU,268,267
411301,TAMIL NADU,269,95
411301,TAMIL NADU,270,301
411301,TAMIL NADU,271,0
411301,TAMIL NADU,272,662
411301,TAMIL NADU,273,170
411301,TAMIL NADU,274,110
411301,TAMIL NADU,275,155
411301,TAMIL NADU,276,105
411301,TAMIL NADU,277,60
411301,TAMIL NADU,278,201
411301,TAMIL NADU,279,51
411301,TAMIL NADU,280,152
411301,TAMIL NADU,281,56
411301,TAMIL NADU,282,562
411301,TAMIL NADU,283,232
411301,TAMIL NADU,284,639
411301,TAMIL NADU,285,458
411301,TAMIL NADU,286,67
411301,TAMIL NADU,287,485
411301,TAMIL NADU,288,200
411301,TAMIL NADU,289,128
411301,TAMIL NADU,290,518
411301,TAMIL NADU,291,680
411301,TAMIL NADU,292,190
411301,TAMIL NADU,293,150
411301,TAMIL NADU,294,372
411301,TAMIL NADU,295,390
411301,TAMIL NADU,296,188
411301,TAMIL NADU,297,70
411301,TAMIL NADU,298,93
411301,TAMIL NADU,299,415
411301,TAMIL NADU,300,99
411301,TAMIL NADU,301,40
411301,TAMIL NADU,302,72
411301,TAMIL NADU,303,117
411301,TAMIL NADU,304,136
411301,TAMIL NADU,305,145
411301,TAMIL NADU,306,478
411301,TAMIL NADU,307,129
411301,TAMIL NADU,308,372
411301,TAMIL NADU,309,143
411301,TAMIL NADU,310,118
411301,TAMIL NADU,311,342
411301,TAMIL NADU,312,346
411301,TAMIL NADU,313,137
411301,TAMIL NADU,314,374
411301,TAMIL NADU,315,155
411301,TAMIL NADU,316,628
411301,TAMIL NADU,317,234
411301,TAMIL NADU,318,132
411301,TAMIL NADU,319,70
411301,TAMIL NADU,320,526
411301,TAMIL NADU,321,140
411301,TAMIL NADU,322,101
411301,TAMIL NADU,323,49
411301,TAMIL NADU,324,28
411301,TAMIL NADU,325,95
411301,TAMIL NADU,326,402
411301,TAMIL NADU,327,197
411301,TAMIL NADU,328,74
411301,TAMIL NADU,329,470
411301,TAMIL NADU,330,132
411301,TAMIL NADU,331,76
411301,TAMIL NADU,332,170
411301,TAMIL NADU,333,494
411301,TAMIL NADU,334,301
411301,TAMIL NADU,335,282
411301,TAMIL NADU,336,238
411301,TAMIL NADU,337,97
411301,TAMIL NADU,338,355
411301,TAMIL NADU,339,110
411301,TAMIL NADU,340,129
411301,TAMIL NADU,341,129
411301,TAMIL NADU,342,199
411301,TAMIL NADU,343,604
411301,TAMIL NADU,344,487
411301,TAMIL NADU,345,504
411301,TAMIL NADU,346,34
411301,TAMIL NADU,347,85
411301,TAMIL NADU,348,132
411301,TAMIL NADU,349,185
411301,TAMIL NADU,350,462
411301,TAMIL NADU,351,368
411301,TAMIL NADU,352,293
411301,TAMIL NADU,353,85
411301,TAMIL NADU,354,675
411301,TAMIL NADU,355,182
411301,TAMIL NADU,356,235
411301,TAMIL NADU,357,526
411301,TAMIL NADU,358,278
411301,TAMIL NADU,359,130
411301,TAMIL NADU,360,172
411301,TAMIL NADU,361,123
411301,TAMIL NADU,362,53
411301,TAMIL NADU,363,150
411301,TAMIL NADU,364,69
411301,TAMIL NADU,365,48
411301,TAMIL NADU,366,170
411301,TAMIL NADU,367,139
411301,TAMIL NADU,368,181
411301,TAMIL NADU,369,121
411301,TAMIL NADU,370,665
411301,TAMIL NADU,371,219
411301,TAMIL NADU,372,345
411301,TAMIL NADU,373,105
411301,TAMIL NADU,374,110
411301,TAMIL NADU,375,257
411301,TAMIL NADU,376,393
411301,TAMIL NADU,377,120
411301,TAMIL NADU,378,376
411301,TAMIL NADU,379,67
411301,TAMIL NADU,380,104
411301,TAMIL NADU,381,496
411301,TAMIL NADU,382,103
411301,TAMIL NADU,383,318
411301,TAMIL NADU,384,352
411301,TAMIL NADU,385,407
411301,TAMIL NADU,386,29
411301,TAMIL NADU,387,90
411301,TAMIL NADU,388,86
411301,TAMIL NADU,389,150
411301,TAMIL NADU,390,43
411301,TAMIL NADU,391,188
411301,TAMIL NADU,392,232
411301,TAMIL NADU,393,633
411301,TAMIL NADU,394,546
411301,TAMIL NADU,395,109
411301,TAMIL NADU,396,297
411301,TAMIL NADU,397,140
411301,TAMIL NADU,398,145
411301,TAMIL NADU,399,304
411301,TAMIL NADU,400,71
411301,TAMIL NADU,401,83
411301,TAMIL NADU,402,380
411301,TAMIL NADU,403,36
411301,TAMIL NADU,404,72
411301,TAMIL NADU,405,41
411301,TAMIL NADU,406,42
411301,TAMIL NADU,407,496
411301,TAMIL NADU,408,145
411301,TAMIL NADU,409,42
411301,TAMIL NADU,410,274
411301,TAMIL NADU,411,532
411301,TAMIL NADU,412,105
411301,TAMIL NADU,413,65
411301,TAMIL NADU,414,321
411301,TAMIL NADU,415,210
411301,TAMIL NADU,416,71
411301,TAMIL NADU,417,104
411301,TAMIL NADU,418,245
411301,TAMIL NADU,419,58
411301,TAMIL NADU,420,208
411301,TAMIL NADU,421,492
411301,TAMIL NADU,422,170
411301,TAMIL NADU,423,112
411301,TAMIL NADU,424,147
411301,TAMIL NADU,425,581
411301,TAMIL NADU,426,102
411301,TAMIL NADU,427,146
411301,TAMIL NADU,428,129
411301,TAMIL NADU,429,46
411301,TAMIL NADU,430,127
411301,TAMIL NADU,431,60
411301,TAMIL NADU,432,343
411301,TAMIL NADU,433,599
411301,TAMIL NADU,434,139
411301,TAMIL NADU,435,518
411301,TAMIL NADU,436,53
411301,TAMIL NADU,437,142
411301,TAMIL NADU,438,96
411301,TAMIL NADU,439,108
411301,TAMIL NADU,440,295
411301,TAMIL NADU,441,74
411301,TAMIL NADU,442,95
411301,TAMIL NADU,443,30
411301,TAMIL NADU,444,46
411301,TAMIL NADU,445,105
411301,TAMIL NADU,446,175
411301,TAMIL NADU,447,171
411301,TAMIL NADU,448,377
411301,TAMIL NADU,449,116
411301,TAMIL NADU,450,490
411301,TAMIL NADU,451,80
411301,TAMIL NADU,452,617
411301,TAMIL NADU,453,120
411301,TAMIL NADU,454,186
411301,TAMIL NADU,455,176
411301,TAMIL NADU,456,55
411301,TAMIL NADU,457,70
411301,TAMIL NADU,458,246
411301,TAMIL NADU,459,89
411301,TAMIL NADU,460,337
411301,TAMIL NADU,461,180
411301,TAMIL NADU,462,420
411301,TAMIL NADU,463,145
411301,TAMIL NADU,464,120
411301,TAMIL NADU,465,96
411301,TAMIL NADU,466,320
411301,TAMIL NADU,467,303
411301,TAMIL NADU,468,116
411301,TAMIL NADU,469,153
411301,TAMIL NADU,470,80
411301,TAMIL NADU,471,82
411301,TAMIL NADU,472,557
411301,TAMIL NADU,473,247
411301,TAMIL NADU,474,247
411301,TAMIL NADU,475,349
411301,TAMIL NADU,476,200
411301,TAMIL NADU,477,43
411301,TAMIL NADU,478,189
411301,TAMIL NADU,479,127
411301,TAMIL NADU,480,465
411301,TAMIL NADU,481,250
411301,TAMIL NADU,482,429
411301,TAMIL NADU,483,302
411301,TAMIL NADU,484,34
411301,TAMIL NADU,485,159
411301,TAMIL NADU,486,132
411301,TAMIL NADU,487,108
411301,TAMIL NADU,488,287
411301,TAMIL NADU,489,217
411301,TAMIL NADU,490,120
411301,TAMIL NADU,491,124
411301,TAMIL NADU,492,567
411301,TAMIL NADU,493,177
411301,TAMIL NADU,494,201
411301,TAMIL NADU,495,387
411301,TAMIL NADU,496,65
411301,TAMIL NADU,497,534
411301,TAMIL NADU,498,645
411301,TAMIL NADU,499,236
411301,TAMIL NADU,500,287
411301,TAMIL NADU,501,3
411301,TAMIL NADU,502,129
411301,TAMIL NADU,503,165
411301,TAMIL NADU,504,377
411301,TAMIL NADU,505,140
411301,TAMIL NADU,506,304
411301,TAMIL NADU,507,120
411301,TAMIL NADU,508,609
411301,TAMIL NADU,509,80
411301,TAMIL NADU,510,555
411301,TAMIL NADU,511,226
411301,TAMIL NADU,512,20
411301,TAMIL NADU,513,85
411301,TAMIL NADU,514,272
411301,TAMIL NADU,515,294
411301,TAMIL NADU,516,109
411301,TAMIL NADU,517,514
411301,TAMIL NADU,518,191
411301,TAMIL NADU,519,174
411301,TAMIL NADU,520,73
411301,TAMIL NADU,521,321
411301,TAMIL NADU,522,27
411301,TAMIL NADU,523,166
411301,TAMIL NADU,524,178
411301,TAMIL NADU,525,258
411301,TAMIL NADU,526,114
411301,TAMIL NADU,527,112
411301,TAMIL NADU,528,232
411301,TAMIL NADU,529,140
411301,TAMIL NADU,530,623
411301,TAMIL NADU,531,129
411301,TAMIL NADU,532,127
411301,TAMIL NADU,533,232
411301,TAMIL NADU,3,535
411301,TAMIL NADU,662,536
411301,TAMIL NADU,314,537
411301,TAMIL NADU,308,538
411301,TAMIL NADU,85,539
411301,TAMIL NADU,17,540
411301,TAMIL NADU,541,144
411301,TAMIL NADU,542,246
411301,TAMIL NADU,543,311
411301,TAMIL NADU,544,115
411301,TAMIL NADU,545,92
411301,TAMIL NADU,546,190
411301,TAMIL NADU,547,55
411301,TAMIL NADU,548,298
411301,TAMIL NADU,549,75
411301,TAMIL NADU,550,106
411301,TAMIL NADU,551,138
411301,TAMIL NADU,552,80
411301,TAMIL NADU,553,184
411301,TAMIL NADU,554,233
411301,TAMIL NADU,555,110
411301,TAMIL NADU,556,269
411301,TAMIL NADU,557,132
411301,TAMIL NADU,558,209
411301,TAMIL NADU,559,8
411301,TAMIL NADU,560,265
411301,TAMIL NADU,561,66
411301,TAMIL NADU,562,140
411301,TAMIL NADU,563,557
411301,TAMIL NADU,564,247
411301,TAMIL NADU,565,72
411301,TAMIL NADU,566,99
411301,TAMIL NADU,567,340
411301,TAMIL NADU,568,344
411301,TAMIL NADU,569,235
411301,TAMIL NADU,570,237
411301,TAMIL NADU,571,129
411301,TAMIL NADU,572,86
411301,TAMIL NADU,573,324
411301,TAMIL NADU,574,340
411301,TAMIL NADU,575,134
411301,TAMIL NADU,576,245
411301,TAMIL NADU,577,491
411301,TAMIL NADU,578,430
411301,TAMIL NADU,579,372
411301,TAMIL NADU,580,141
411301,TAMIL NADU,581,102
411301,TAMIL NADU,582,715
411301,TAMIL NADU,583,256
411301,TAMIL NADU,584,128
411301,TAMIL NADU,585,201
411301,TAMIL NADU,586,412
411301,TAMIL NADU,587,568
411301,TAMIL NADU,588,615
411301,TAMIL NADU,589,320
411301,TAMIL NADU,590,142
411301,TAMIL NADU,591,160
411301,TAMIL NADU,592,29
411301,TAMIL NADU,593,357
411301,TAMIL NADU,594,122
411301,TAMIL NADU,595,554
411301,TAMIL NADU,596,585
411301,TAMIL NADU,597,484
411301,TAMIL NADU,598,131
411301,TAMIL NADU,599,128
411301,TAMIL NADU,600,238
411301,TAMIL NADU,601,130
411301,TAMIL NADU,602,195
411301,TAMIL NADU,603,662
411301,TAMIL NADU,604,18
411301,TAMIL NADU,605,326
411301,TAMIL NADU,606,451
411301,TAMIL NADU,607,291
411301,TAMIL NADU,608,367
411301,TAMIL NADU,609,184
411301,TAMIL NADU,610,266
411301,TAMIL NADU,611,253
411301,TAMIL NADU,612,622
411301,TAMIL NADU,613,591
411301,TAMIL NADU,614,601
411301,TAMIL NADU,615,138
411301,TAMIL NADU,616,91
411301,TAMIL NADU,617,464
411301,TAMIL NADU,618,152
411301,TAMIL NADU,619,123
411301,TAMIL NADU,620,205
411301,TAMIL NADU,621,535
411301,TAMIL NADU,622,172
411301,TAMIL NADU,623,107
411301,TAMIL NADU,624,460
411301,TAMIL NADU,625,199
411301,TAMIL NADU,626,382
411301,TAMIL NADU,627,505
411301,TAMIL NADU,628,257
411301,TAMIL NADU,629,63
411301,TAMIL NADU,630,562
411301,TAMIL NADU,631,66
411301,TAMIL NADU,632,265
411301,TAMIL NADU,633,605
411301,TAMIL NADU,634,271
411301,TAMIL NADU,635,60
411301,TAMIL NADU,636,100
411301,TAMIL NADU,637,55
411301,TAMIL NADU,638,231
411301,TAMIL NADU,639,89
411301,TAMIL NADU,640,600
411301,TAMIL NADU,641,90
411301,TAMIL NADU,642,577
411301,TAMIL NADU,643,596
411301,TAMIL NADU,644,580
411301,TAMIL NADU,645,382
411301,TAMIL NADU,646,565
411301,TAMIL NADU,647,510
411301,TAMIL NADU,648,70
411301,TAMIL NADU,649,81
411301,TAMIL NADU,650,593
411301,TAMIL NADU,651,137
411301,TAMIL NADU,652,363
411301,TAMIL NADU,653,215
411301,TAMIL NADU,654,466
411301,TAMIL NADU,655,79
411301,TAMIL NADU,656,90
411301,TAMIL NADU,657,367
411301,TAMIL NADU,658,97
411301,TAMIL NADU,659,451
411301,TAMIL NADU,660,171
411301,TAMIL NADU,661,507
411301,TAMIL NADU,662,62
411301,TAMIL NADU,663,347
411301,TAMIL NADU,664,563
411301,TAMIL NADU,665,145
411301,TAMIL NADU,666,405
411301,TAMIL NADU,667,227
411301,TAMIL NADU,668,19
411301,TAMIL NADU,669,125
411301,TAMIL NADU,670,17
411301,TAMIL NADU,671,515
411301,TAMIL NADU,672,413
411301,TAMIL NADU,673,202
411301,TAMIL NADU,674,150
411301,TAMIL NADU,675,248
411301,TAMIL NADU,676,147
411301,TAMIL NADU,677,590
411301,TAMIL NADU,678,280
411301,TAMIL NADU,679,93
411301,TAMIL NADU,680,184
411301,TAMIL NADU,681,169
411301,TAMIL NADU,682,65
411301,TAMIL NADU,683,105
411301,TAMIL NADU,684,195
411301,TAMIL NADU,685,363
411301,TAMIL NADU,686,150
411301,TAMIL NADU,687,447
411301,TAMIL NADU,688,372
411301,TAMIL NADU,689,51
411301,TAMIL NADU,690,652
411301,TAMIL NADU,691,103
411301,TAMIL NADU,692,95
411301,TAMIL NADU,693,85
411301,TAMIL NADU,694,397
411301,TAMIL NADU,695,25
411301,TAMIL NADU,696,44
411301,TAMIL NADU,697,398
411301,TAMIL NADU,698,42
411301,TAMIL NADU,699,56
411301,TAMIL NADU,700,402
411301,TAMIL NADU,701,457
411301,TAMIL NADU,702,68
411301,TAMIL NADU,703,82
411301,TAMIL NADU,704,490
411301,TAMIL NADU,705,148
411301,TAMIL NADU,706,15
411301,TAMIL NADU,707,364
411301,TAMIL NADU,708,475
411301,TAMIL NADU,709,102
411301,TAMIL NADU,710,175
411301,TAMIL NADU,711,255
411301,TAMIL NADU,712,23
411301,TAMIL NADU,713,231
411301,TAMIL NADU,714,272
411301,TAMIL NADU,715,130
411301,TAMIL NADU,716,212
411301,TAMIL NADU,717,222
411301,TAMIL NADU,718,90
411301,TAMIL NADU,719,184
411301,TAMIL NADU,720,105
411301,TAMIL NADU,721,608
411301,TAMIL NADU,722,247
411301,TAMIL NADU,723,562
411301,TAMIL NADU,724,156
411301,TAMIL NADU,725,86
411301,TAMIL NADU,726,186
411301,TAMIL NADU,727,226
411301,TAMIL NADU,728,158
411301,TAMIL NADU,729,141
411301,TAMIL NADU,730,80
411301,TAMIL NADU,731,170
411301,TAMIL NADU,732,93
411301,TAMIL NADU,733,87
411301,TAMIL NADU,734,48
411301,TAMIL NADU,735,318
411301,TAMIL NADU,736,43
411301,TAMIL NADU,737,173
411301,TAMIL NADU,738,60
411301,TAMIL NADU,739,182
411301,TAMIL NADU,740,685
411301,TAMIL NADU,741,184
411301,TAMIL NADU,742,66
411301,TAMIL NADU,743,587
411301,TAMIL NADU,744,103
411301,TAMIL NADU,745,76
411301,TAMIL NADU,746,90
411301,TAMIL NADU,747,177
411301,TAMIL NADU,748,37
411301,TAMIL NADU,749,42
411301,TAMIL NADU,750,340
411301,TAMIL NADU,751,141
411301,TAMIL NADU,752,77
411301,TAMIL NADU,753,470
411301,TAMIL NADU,754,631
411301,TAMIL NADU,755,102
411301,TAMIL NADU,756,72
411301,TAMIL NADU,757,517
411301,TAMIL NADU,758,444
411301,TAMIL NADU,759,294
411301,TAMIL NADU,760,665
411301,TAMIL NADU,761,86
411301,TAMIL NADU,762,336
411301,TAMIL NADU,763,321
411301,TAMIL NADU,764,112
411301,TAMIL NADU,765,265
411301,TAMIL NADU,766,213
411301,TAMIL NADU,767,628
411301,TAMIL NADU,768,307
411301,TAMIL NADU,769,144
411301,TAMIL NADU,770,450
411301,TAMIL NADU,771,57
411301,TAMIL NADU,772,127
411301,TAMIL NADU,773,344
411301,TAMIL NADU,774,290
411301,TAMIL NADU,775,377
411301,TAMIL NADU,776,300
411301,TAMIL NADU,777,190
411301,TAMIL NADU,778,11
411301,TAMIL NADU,779,324
411301,TAMIL NADU,780,81
411301,TAMIL NADU,781,119
411301,TAMIL NADU,782,502
411301,TAMIL NADU,783,113
411301,TAMIL NADU,784,56
411301,TAMIL NADU,785,119
411301,TAMIL NADU,786,332
411301,TAMIL NADU,787,166
411301,TAMIL NADU,788,60
411301,TAMIL NADU,789,76
411301,TAMIL NADU,790,139
411301,TAMIL NADU,791,79
411301,TAMIL NADU,792,214
411301,TAMIL NADU,793,244
411301,TAMIL NADU,794,218
411301,TAMIL NADU,795,164
411301,TAMIL NADU,796,12
411301,TAMIL NADU,797,94
411301,TAMIL NADU,798,125
411301,TAMIL NADU,799,152
411301,TAMIL NADU,800,200
411301,TAMIL NADU,801,587
411301,TAMIL NADU,802,93
411301,TAMIL NADU,803,211
411301,TAMIL NADU,804,151
411301,TAMIL NADU,805,442
411301,TAMIL NADU,806,326
411301,TAMIL NADU,807,157
411301,TAMIL NADU,808,163
411301,TAMIL NADU,809,110
411301,TAMIL NADU,810,93
411301,TAMIL NADU,811,75
411301,TAMIL NADU,812,171
411301,TAMIL NADU,813,105
411301,TAMIL NADU,814,544
411301,TAMIL NADU,815,67
411301,TAMIL NADU,816,74
411301,TAMIL NADU,817,115
411301,TAMIL NADU,818,115
411301,TAMIL NADU,819,267
411301,TAMIL NADU,820,604
411301,TAMIL NADU,821,463
411301,TAMIL NADU,822,234
411301,TAMIL NADU,32,824
411301,TAMIL NADU,196,825
411301,TAMIL NADU,65,826
411301,TAMIL NADU,60,827
411301,TAMIL NADU,646,828
411301,TAMIL NADU,530,829
411301,TAMIL NADU,27,830
411301,TAMIL NADU,84,831
411301,TAMIL NADU,182,832
411301,TAMIL NADU,90,833
411301,TAMIL NADU,30,834
411301,TAMIL NADU,96,835
411301,TAMIL NADU,207,836
411301,TAMIL NADU,380,837
411301,TAMIL NADU,261,838
411301,TAMIL NADU,390,839
411301,TAMIL NADU,216,840
411301,TAMIL NADU,841,283
411301,TAMIL NADU,842,120
411301,TAMIL NADU,843,270
411301,TAMIL NADU,844,283
411301,TAMIL NADU,845,261
411301,TAMIL NADU,846,49
411301,TAMIL NADU,847,130
411301,TAMIL NADU,848,421
411301,TAMIL NADU,849,488
411301,TAMIL NADU,850,234
411301,TAMIL NADU,851,271
411301,TAMIL NADU,852,661
411301,TAMIL NADU,853,598
411301,TAMIL NADU,854,660
411301,TAMIL NADU,855,50
411301,TAMIL NADU,856,160
411301,TAMIL NADU,857,530
411301,TAMIL NADU,858,110
411301,TAMIL NADU,859,70
411301,TAMIL NADU,860,263
411301,TAMIL NADU,861,40
411301,TAMIL NADU,862,603
411301,TAMIL NADU,863,108
411301,TAMIL NADU,864,90
411301,TAMIL NADU,865,472
411301,TAMIL NADU,866,642
411301,TAMIL NADU,867,170
411301,TAMIL NADU,868,544
411301,TAMIL NADU,869,113
411301,TAMIL NADU,870,91
411301,TAMIL NADU,871,145
411301,TAMIL NADU,872,125
411301,TAMIL NADU,873,199
411301,TAMIL NADU,874,388
411301,TAMIL NADU,875,161
411301,TAMIL NADU,876,284
411301,TAMIL NADU,877,260
411301,TAMIL NADU,878,201
411301,TAMIL NADU,879,337
411301,TAMIL NADU,880,88
411301,TAMIL NADU,881,120
411301,TAMIL NADU,882,171
411301,TAMIL NADU,883,385
411301,TAMIL NADU,884,99
411301,TAMIL NADU,885,129
411301,TAMIL NADU,886,604
411301,TAMIL NADU,887,225
411301,TAMIL NADU,888,140
411301,TAMIL NADU,889,83
411301,TAMIL NADU,890,114
411301,TAMIL NADU,891,101
411301,TAMIL NADU,892,497
411301,TAMIL NADU,893,143
411301,TAMIL NADU,894,156
411301,TAMIL NADU,895,68
411301,TAMIL NADU,896,135
411301,TAMIL NADU,897,302
411301,TAMIL NADU,898,578
411301,TAMIL NADU,899,330
411301,TAMIL NADU,900,60
411301,TAMIL NADU,901,336
411301,TAMIL NADU,902,82
411301,TAMIL NADU,903,123
411301,TAMIL NADU,904,105
411301,TAMIL NADU,905,429
411301,TAMIL NADU,906,501
411301,TAMIL NADU,907,85
411301,TAMIL NADU,908,353
411301,TAMIL NADU,909,275
411301,TAMIL NADU,910,599
411301,TAMIL NADU,911,413
411301,TAMIL NADU,912,42
411301,TAMIL NADU,913,21
411301,TAMIL NADU,914,373
411301,TAMIL NADU,915,115
411301,TAMIL NADU,916,42
411301,TAMIL NADU,917,82
411301,TAMIL NADU,918,482
411301,TAMIL NADU,919,47
411301,TAMIL NADU,920,50
411301,TAMIL NADU,921,86
411301,TAMIL NADU,922,194
411301,TAMIL NADU,923,287
411301,TAMIL NADU,924,127
411301,TAMIL NADU,925,82
411301,TAMIL NADU,926,462
411301,TAMIL NADU,927,510
411301,TAMIL NADU,928,670
411301,TAMIL NADU,929,95
411301,TAMIL NADU,930,309
411301,TAMIL NADU,931,20
411301,TAMIL NADU,932,102
411301,TAMIL NADU,933,119
411301,TAMIL NADU,934,459
411301,TAMIL NADU,935,621
411301,TAMIL NADU,936,77
411301,TAMIL NADU,937,521
411301,TAMIL NADU,938,49
411301,TAMIL NADU,939,155
411301,TAMIL NADU,940,615
411301,TAMIL NADU,941,367
