Center Number,State Name,Srl No,Marks
411505,TAMIL NADU,1,65
411505,TAMIL NADU,2,50
411505,TAMIL NADU,3,412
411505,TAMIL NADU,4,80
411505,TAMIL NADU,5,290
411505,TAMIL NADU,6,50
411505,TAMIL NADU,7,134
411505,TAMIL NADU,8,119
411505,TAMIL NADU,9,131
411505,TAMIL NADU,10,88
411505,TAMIL NADU,11,205
411505,TAMIL NADU,12,160
411505,TAMIL NADU,13,342
411505,TAMIL NADU,14,202
411505,TAMIL NADU,15,170
411505,TAMIL NADU,16,284
411505,TAMIL NADU,17,40
411505,TAMIL NADU,18,287
411505,TAMIL NADU,19,146
411505,TAMIL NADU,20,222
411505,TAMIL NADU,21,620
411505,TAMIL NADU,22,600
411505,TAMIL NADU,23,145
411505,TAMIL NADU,24,130
411505,TAMIL NADU,25,50
411505,TAMIL NADU,26,142
411505,TAMIL NADU,27,84
411505,TAMIL NADU,28,182
411505,TAMIL NADU,29,192
411505,TAMIL NADU,30,351
411505,TAMIL NADU,31,324
411505,TAMIL NADU,32,149
411505,TAMIL NADU,33,52
411505,TAMIL NADU,34,44
411505,TAMIL NADU,35,277
411505,TAMIL NADU,36,139
411505,TAMIL NADU,37,95
411505,TAMIL NADU,38,229
411505,TAMIL NADU,39,116
411505,TAMIL NADU,40,78
411505,TAMIL NADU,41,91
411505,TAMIL NADU,42,349
411505,TAMIL NADU,43,105
411505,TAMIL NADU,44,513
411505,TAMIL NADU,45,85
411505,TAMIL NADU,46,145
411505,TAMIL NADU,47,103
411505,TAMIL NADU,48,130
411505,TAMIL NADU,49,23
411505,TAMIL NADU,50,632
411505,TAMIL NADU,51,35
411505,TAMIL NADU,52,46
411505,TAMIL NADU,53,76
411505,TAMIL NADU,54,94
411505,TAMIL NADU,55,129
411505,TAMIL NADU,56,72
411505,TAMIL NADU,57,115
411505,TAMIL NADU,58,175
411505,TAMIL NADU,59,60
411505,TAMIL NADU,60,177
411505,TAMIL NADU,61,160
411505,TAMIL NADU,62,144
411505,TAMIL NADU,63,511
411505,TAMIL NADU,64,237
411505,TAMIL NADU,65,29
411505,TAMIL NADU,66,169
411505,TAMIL NADU,67,82
411505,TAMIL NADU,68,294
411505,TAMIL NADU,69,34
411505,TAMIL NADU,70,6
411505,TAMIL NADU,71,90
411505,TAMIL NADU,72,171
411505,TAMIL NADU,73,80
411505,TAMIL NADU,74,632
411505,TAMIL NADU,75,478
411505,TAMIL NADU,76,91
411505,TAMIL NADU,77,271
411505,TAMIL NADU,78,294
411505,TAMIL NADU,79,184
411505,TAMIL NADU,80,78
411505,TAMIL NADU,81,89
411505,TAMIL NADU,82,120
411505,TAMIL NADU,83,92
411505,TAMIL NADU,84,91
411505,TAMIL NADU,85,432
411505,TAMIL NADU,86,185
411505,TAMIL NADU,87,102
411505,TAMIL NADU,88,500
411505,TAMIL NADU,89,79
411505,TAMIL NADU,90,115
411505,TAMIL NADU,91,56
411505,TAMIL NADU,92,152
411505,TAMIL NADU,93,236
411505,TAMIL NADU,94,405
411505,TAMIL NADU,95,185
411505,TAMIL NADU,96,194
411505,TAMIL NADU,97,104
411505,TAMIL NADU,98,534
411505,TAMIL NADU,99,45
411505,TAMIL NADU,100,191
411505,TAMIL NADU,101,165
411505,TAMIL NADU,102,417
411505,TAMIL NADU,103,94
411505,TAMIL NADU,104,52
411505,TAMIL NADU,105,145
411505,TAMIL NADU,106,127
411505,TAMIL NADU,107,158
411505,TAMIL NADU,108,109
411505,TAMIL NADU,109,35
411505,TAMIL NADU,110,444
411505,TAMIL NADU,111,118
411505,TAMIL NADU,112,364
411505,TAMIL NADU,113,24
411505,TAMIL NADU,114,657
411505,TAMIL NADU,115,171
411505,TAMIL NADU,116,258
411505,TAMIL NADU,117,320
411505,TAMIL NADU,118,156
411505,TAMIL NADU,119,78
411505,TAMIL NADU,120,108
411505,TAMIL NADU,121,351
411505,TAMIL NADU,122,122
411505,TAMIL NADU,123,311
411505,TAMIL NADU,124,425
411505,TAMIL NADU,125,100
411505,TAMIL NADU,126,154
411505,TAMIL NADU,127,88
411505,TAMIL NADU,128,253
411505,TAMIL NADU,129,20
411505,TAMIL NADU,130,143
411505,TAMIL NADU,131,515
411505,TAMIL NADU,132,216
411505,TAMIL NADU,133,318
411505,TAMIL NADU,134,475
411505,TAMIL NADU,135,115
411505,TAMIL NADU,136,45
411505,TAMIL NADU,137,115
411505,TAMIL NADU,138,139
411505,TAMIL NADU,139,200
411505,TAMIL NADU,140,93
411505,TAMIL NADU,141,59
411505,TAMIL NADU,142,33
411505,TAMIL NADU,143,283
411505,TAMIL NADU,144,92
411505,TAMIL NADU,145,297
411505,TAMIL NADU,146,123
411505,TAMIL NADU,147,477
411505,TAMIL NADU,148,80
411505,TAMIL NADU,149,266
411505,TAMIL NADU,150,229
411505,TAMIL NADU,151,182
411505,TAMIL NADU,152,223
411505,TAMIL NADU,153,82
411505,TAMIL NADU,154,155
411505,TAMIL NADU,155,445
411505,TAMIL NADU,156,87
411505,TAMIL NADU,157,15
411505,TAMIL NADU,158,402
411505,TAMIL NADU,159,65
411505,TAMIL NADU,160,234
411505,TAMIL NADU,161,92
411505,TAMIL NADU,162,83
411505,TAMIL NADU,163,120
411505,TAMIL NADU,164,72
411505,TAMIL NADU,165,496
411505,TAMIL NADU,166,98
411505,TAMIL NADU,167,67
411505,TAMIL NADU,168,115
411505,TAMIL NADU,169,134
411505,TAMIL NADU,170,77
411505,TAMIL NADU,171,394
411505,TAMIL NADU,172,55
411505,TAMIL NADU,173,204
411505,TAMIL NADU,174,2
411505,TAMIL NADU,175,278
411505,TAMIL NADU,176,60
411505,TAMIL NADU,177,59
411505,TAMIL NADU,178,133
411505,TAMIL NADU,179,235
411505,TAMIL NADU,180,87
411505,TAMIL NADU,181,272
411505,TAMIL NADU,182,402
411505,TAMIL NADU,183,248
411505,TAMIL NADU,184,70
411505,TAMIL NADU,185,137
411505,TAMIL NADU,186,264
411505,TAMIL NADU,187,349
411505,TAMIL NADU,188,65
411505,TAMIL NADU,189,113
411505,TAMIL NADU,190,557
411505,TAMIL NADU,191,478
411505,TAMIL NADU,192,658
411505,TAMIL NADU,193,282
411505,TAMIL NADU,194,87
411505,TAMIL NADU,195,137
411505,TAMIL NADU,196,106
411505,TAMIL NADU,197,95
411505,TAMIL NADU,198,530
411505,TAMIL NADU,199,583
411505,TAMIL NADU,200,143
411505,TAMIL NADU,201,491
411505,TAMIL NADU,202,355
411505,TAMIL NADU,203,67
411505,TAMIL NADU,204,111
411505,TAMIL NADU,205,30
411505,TAMIL NADU,206,25
411505,TAMIL NADU,207,87
411505,TAMIL NADU,208,192
411505,TAMIL NADU,209,234
411505,TAMIL NADU,210,122
411505,TAMIL NADU,211,156
411505,TAMIL NADU,212,103
411505,TAMIL NADU,213,284
411505,TAMIL NADU,214,185
411505,TAMIL NADU,215,119
411505,TAMIL NADU,216,110
411505,TAMIL NADU,217,63
411505,TAMIL NADU,218,103
411505,TAMIL NADU,219,259
411505,TAMIL NADU,220,267
411505,TAMIL NADU,221,191
411505,TAMIL NADU,222,25
411505,TAMIL NADU,223,133
411505,TAMIL NADU,224,206
411505,TAMIL NADU,225,89
411505,TAMIL NADU,226,144
411505,TAMIL NADU,227,91
411505,TAMIL NADU,228,122
411505,TAMIL NADU,229,173
411505,TAMIL NADU,230,47
411505,TAMIL NADU,231,56
411505,TAMIL NADU,232,178
411505,TAMIL NADU,233,132
411505,TAMIL NADU,234,110
411505,TAMIL NADU,235,159
411505,TAMIL NADU,236,656
411505,TAMIL NADU,237,345
411505,TAMIL NADU,238,279
411505,TAMIL NADU,239,104
411505,TAMIL NADU,240,74
411505,TAMIL NADU,241,382
411505,TAMIL NADU,242,219
411505,TAMIL NADU,243,110
411505,TAMIL NADU,244,180
411505,TAMIL NADU,245,78
411505,TAMIL NADU,246,78
411505,TAMIL NADU,247,184
411505,TAMIL NADU,248,209
411505,TAMIL NADU,249,21
411505,TAMIL NADU,250,46
411505,TAMIL NADU,251,75
411505,TAMIL NADU,252,113
411505,TAMIL NADU,253,489
411505,TAMIL NADU,254,132
411505,TAMIL NADU,255,65
411505,TAMIL NADU,256,464
411505,TAMIL NADU,257,344
411505,TAMIL NADU,258,86
411505,TAMIL NADU,259,140
411505,TAMIL NADU,260,75
411505,TAMIL NADU,261,85
411505,TAMIL NADU,262,273
411505,TAMIL NADU,263,234
411505,TAMIL NADU,264,121
411505,TAMIL NADU,265,90
411505,TAMIL NADU,266,191
411505,TAMIL NADU,267,68
411505,TAMIL NADU,268,366
411505,TAMIL NADU,269,205
411505,TAMIL NADU,270,305
411505,TAMIL NADU,271,0
411505,TAMIL NADU,272,67
411505,TAMIL NADU,273,369
411505,TAMIL NADU,274,145
411505,TAMIL NADU,275,153
411505,TAMIL NADU,276,50
411505,TAMIL NADU,277,102
411505,TAMIL NADU,278,138
411505,TAMIL NADU,279,112
411505,TAMIL NADU,280,95
411505,TAMIL NADU,281,186
411505,TAMIL NADU,282,39
411505,TAMIL NADU,283,113
411505,TAMIL NADU,284,181
411505,TAMIL NADU,285,315
411505,TAMIL NADU,286,135
411505,TAMIL NADU,287,125
411505,TAMIL NADU,288,138
411505,TAMIL NADU,289,119
411505,TAMIL NADU,290,40
411505,TAMIL NADU,291,655
411505,TAMIL NADU,292,125
411505,TAMIL NADU,293,299
411505,TAMIL NADU,294,33
411505,TAMIL NADU,295,150
411505,TAMIL NADU,296,91
411505,TAMIL NADU,297,95
411505,TAMIL NADU,298,156
411505,TAMIL NADU,299,106
411505,TAMIL NADU,300,319
411505,TAMIL NADU,301,75
411505,TAMIL NADU,302,337
411505,TAMIL NADU,303,425
411505,TAMIL NADU,304,140
411505,TAMIL NADU,305,446
411505,TAMIL NADU,306,569
411505,TAMIL NADU,307,254
411505,TAMIL NADU,308,160
411505,TAMIL NADU,309,269
411505,TAMIL NADU,310,12
411505,TAMIL NADU,311,71
411505,TAMIL NADU,312,130
411505,TAMIL NADU,313,115
411505,TAMIL NADU,314,75
411505,TAMIL NADU,315,117
411505,TAMIL NADU,316,220
411505,TAMIL NADU,317,212
411505,TAMIL NADU,318,363
411505,TAMIL NADU,319,332
411505,TAMIL NADU,320,90
411505,TAMIL NADU,321,204
411505,TAMIL NADU,322,84
411505,TAMIL NADU,323,162
