Center Number,State Name,Srl No,Marks
412805,TAMIL NADU,1,69
412805,TAMIL NADU,2,63
412805,TAMIL NADU,3,142
412805,TAMIL NADU,4,177
412805,TAMIL NADU,5,135
412805,TAMIL NADU,6,118
412805,TAMIL NADU,7,100
412805,TAMIL NADU,8,110
412805,TAMIL NADU,9,15
412805,TAMIL NADU,10,105
412805,TAMIL NADU,11,165
412805,TAMIL NADU,12,71
412805,TAMIL NADU,13,55
412805,TAMIL NADU,14,80
412805,TAMIL NADU,15,229
412805,TAMIL NADU,16,35
412805,TAMIL NADU,17,97
412805,TAMIL NADU,18,49
412805,TAMIL NADU,19,55
412805,TAMIL NADU,20,101
412805,TAMIL NADU,21,504
412805,TAMIL NADU,22,148
412805,TAMIL NADU,23,31
412805,TAMIL NADU,24,50
412805,TAMIL NADU,25,93
412805,TAMIL NADU,26,114
412805,TAMIL NADU,27,80
412805,TAMIL NADU,28,89
412805,TAMIL NADU,29,91
412805,TAMIL NADU,30,35
412805,TAMIL NADU,31,16
412805,TAMIL NADU,32,143
412805,TAMIL NADU,33,352
412805,TAMIL NADU,34,30
412805,TAMIL NADU,35,43
412805,TAMIL NADU,36,160
412805,TAMIL NADU,37,36
412805,TAMIL NADU,38,43
412805,TAMIL NADU,39,73
412805,TAMIL NADU,40,78
412805,TAMIL NADU,41,130
412805,TAMIL NADU,42,135
412805,TAMIL NADU,43,50
412805,TAMIL NADU,44,45
412805,TAMIL NADU,45,529
412805,TAMIL NADU,46,44
412805,TAMIL NADU,47,110
412805,TAMIL NADU,48,157
412805,TAMIL NADU,49,104
412805,TAMIL NADU,50,76
412805,TAMIL NADU,51,167
412805,TAMIL NADU,52,180
412805,TAMIL NADU,53,94
412805,TAMIL NADU,54,35
412805,TAMIL NADU,55,106
412805,TAMIL NADU,56,191
412805,TAMIL NADU,57,66
412805,TAMIL NADU,58,11
412805,TAMIL NADU,59,57
412805,TAMIL NADU,60,171
412805,TAMIL NADU,61,50
412805,TAMIL NADU,62,165
412805,TAMIL NADU,63,69
412805,TAMIL NADU,64,16
412805,TAMIL NADU,65,139
412805,TAMIL NADU,66,102
412805,TAMIL NADU,67,116
412805,TAMIL NADU,68,91
412805,TAMIL NADU,69,318
412805,TAMIL NADU,70,174
412805,TAMIL NADU,71,56
412805,TAMIL NADU,72,107
412805,TAMIL NADU,73,115
412805,TAMIL NADU,74,65
412805,TAMIL NADU,75,134
412805,TAMIL NADU,76,46
412805,TAMIL NADU,77,50
412805,TAMIL NADU,78,66
412805,TAMIL NADU,79,39
412805,TAMIL NADU,80,133
412805,TAMIL NADU,81,150
412805,TAMIL NADU,82,65
412805,TAMIL NADU,83,105
412805,TAMIL NADU,84,119
412805,TAMIL NADU,85,80
412805,TAMIL NADU,86,79
412805,TAMIL NADU,87,102
412805,TAMIL NADU,88,18
412805,TAMIL NADU,89,126
412805,TAMIL NADU,90,46
412805,TAMIL NADU,91,113
412805,TAMIL NADU,92,72
412805,TAMIL NADU,93,52
412805,TAMIL NADU,94,60
412805,TAMIL NADU,95,139
412805,TAMIL NADU,96,75
412805,TAMIL NADU,97,80
412805,TAMIL NADU,98,98
412805,TAMIL NADU,99,81
412805,TAMIL NADU,8,101
412805,TAMIL NADU,115,102
412805,TAMIL NADU,76,103
412805,TAMIL NADU,128,104
412805,TAMIL NADU,101,105
412805,TAMIL NADU,64,106
412805,TAMIL NADU,17,107
412805,TAMIL NADU,75,108
412805,TAMIL NADU,125,109
412805,TAMIL NADU,75,110
412805,TAMIL NADU,175,111
412805,TAMIL NADU,158,112
412805,TAMIL NADU,451,113
412805,TAMIL NADU,142,114
412805,TAMIL NADU,30,115
412805,TAMIL NADU,68,116
412805,TAMIL NADU,64,117
412805,TAMIL NADU,76,118
412805,TAMIL NADU,109,119
412805,TAMIL NADU,70,120
412805,TAMIL NADU,121,38
412805,TAMIL NADU,122,73
412805,TAMIL NADU,123,122
412805,TAMIL NADU,124,253
412805,TAMIL NADU,125,103
412805,TAMIL NADU,126,141
412805,TAMIL NADU,127,46
412805,TAMIL NADU,128,125
412805,TAMIL NADU,129,46
412805,TAMIL NADU,130,211
412805,TAMIL NADU,131,193
412805,TAMIL NADU,132,45
412805,TAMIL NADU,133,154
412805,TAMIL NADU,134,87
412805,TAMIL NADU,135,359
412805,TAMIL NADU,136,40
412805,TAMIL NADU,137,56
412805,TAMIL NADU,138,179
412805,TAMIL NADU,139,172
412805,TAMIL NADU,140,181
412805,TAMIL NADU,141,252
412805,TAMIL NADU,142,39
412805,TAMIL NADU,143,178
412805,TAMIL NADU,144,54
412805,TAMIL NADU,5,146
412805,TAMIL NADU,95,147
412805,TAMIL NADU,181,148
412805,TAMIL NADU,170,149
412805,TAMIL NADU,43,150
412805,TAMIL NADU,151,115
412805,TAMIL NADU,152,75
412805,TAMIL NADU,153,167
412805,TAMIL NADU,154,87
412805,TAMIL NADU,155,57
412805,TAMIL NADU,156,51
412805,TAMIL NADU,157,125
412805,TAMIL NADU,158,175
412805,TAMIL NADU,159,106
412805,TAMIL NADU,160,69
412805,TAMIL NADU,161,90
412805,TAMIL NADU,162,198
412805,TAMIL NADU,163,113
412805,TAMIL NADU,164,99
412805,TAMIL NADU,165,119
412805,TAMIL NADU,166,75
412805,TAMIL NADU,167,89
412805,TAMIL NADU,168,33
412805,TAMIL NADU,169,124
412805,TAMIL NADU,170,110
412805,TAMIL NADU,171,150
412805,TAMIL NADU,172,86
412805,TAMIL NADU,173,105
412805,TAMIL NADU,174,75
412805,TAMIL NADU,175,92
412805,TAMIL NADU,176,79
412805,TAMIL NADU,177,33
412805,TAMIL NADU,178,74
412805,TAMIL NADU,179,178
412805,TAMIL NADU,180,87
412805,TAMIL NADU,181,6
412805,TAMIL NADU,182,85
412805,TAMIL NADU,183,131
412805,TAMIL NADU,184,158
412805,TAMIL NADU,185,117
412805,TAMIL NADU,186,68
412805,TAMIL NADU,187,28
412805,TAMIL NADU,188,177
412805,TAMIL NADU,189,25
412805,TAMIL NADU,190,70
412805,TAMIL NADU,191,85
412805,TAMIL NADU,192,57
412805,TAMIL NADU,193,119
412805,TAMIL NADU,194,86
412805,TAMIL NADU,195,105
412805,TAMIL NADU,196,53
412805,TAMIL NADU,197,65
412805,TAMIL NADU,198,50
412805,TAMIL NADU,199,60
412805,TAMIL NADU,200,72
