Center Number,State Name,Srl No,Marks
413106,TAMIL NADU,1,219
413106,TAMIL NADU,2,271
413106,TAMIL NADU,3,115
413106,TAMIL NADU,4,84
413106,TAMIL NADU,5,83
413106,TAMIL NADU,6,27
413106,TAMIL NADU,7,120
413106,TAMIL NADU,8,28
413106,TAMIL NADU,9,90
413106,TAMIL NADU,10,652
413106,TAMIL NADU,11,208
413106,TAMIL NADU,12,407
413106,TAMIL NADU,13,63
413106,TAMIL NADU,14,65
413106,TAMIL NADU,15,126
413106,TAMIL NADU,16,56
413106,TAMIL NADU,17,494
413106,TAMIL NADU,18,306
413106,TAMIL NADU,19,278
413106,TAMIL NADU,20,441
413106,TAMIL NADU,21,257
413106,TAMIL NADU,22,265
413106,TAMIL NADU,23,39
413106,TAMIL NADU,24,259
413106,TAMIL NADU,25,50
413106,TAMIL NADU,26,31
413106,TAMIL NADU,27,585
413106,TAMIL NADU,28,210
413106,TAMIL NADU,29,43
413106,TAMIL NADU,30,373
413106,TAMIL NADU,31,240
413106,TAMIL NADU,32,65
413106,TAMIL NADU,33,107
413106,TAMIL NADU,34,119
413106,TAMIL NADU,35,519
413106,TAMIL NADU,36,110
413106,TAMIL NADU,37,67
413106,TAMIL NADU,38,25
413106,TAMIL NADU,39,5
413106,TAMIL NADU,40,130
413106,TAMIL NADU,41,50
413106,TAMIL NADU,42,488
413106,TAMIL NADU,43,148
413106,TAMIL NADU,44,78
413106,TAMIL NADU,45,155
413106,TAMIL NADU,46,40
413106,TAMIL NADU,47,100
413106,TAMIL NADU,48,122
413106,TAMIL NADU,49,239
413106,TAMIL NADU,50,67
413106,TAMIL NADU,51,178
413106,TAMIL NADU,52,178
413106,TAMIL NADU,53,100
413106,TAMIL NADU,54,79
413106,TAMIL NADU,55,133
413106,TAMIL NADU,56,36
413106,TAMIL NADU,57,102
413106,TAMIL NADU,58,95
413106,TAMIL NADU,59,452
413106,TAMIL NADU,60,156
413106,TAMIL NADU,61,116
413106,TAMIL NADU,62,45
413106,TAMIL NADU,63,77
413106,TAMIL NADU,64,113
413106,TAMIL NADU,65,99
413106,TAMIL NADU,66,100
413106,TAMIL NADU,67,30
413106,TAMIL NADU,68,240
413106,TAMIL NADU,69,45
413106,TAMIL NADU,70,140
413106,TAMIL NADU,71,126
413106,TAMIL NADU,72,66
413106,TAMIL NADU,73,35
413106,TAMIL NADU,74,89
413106,TAMIL NADU,75,56
413106,TAMIL NADU,76,76
413106,TAMIL NADU,77,84
413106,TAMIL NADU,78,470
413106,TAMIL NADU,79,125
413106,TAMIL NADU,80,77
413106,TAMIL NADU,81,110
413106,TAMIL NADU,82,108
413106,TAMIL NADU,83,90
413106,TAMIL NADU,84,100
413106,TAMIL NADU,85,60
413106,TAMIL NADU,86,87
413106,TAMIL NADU,87,116
413106,TAMIL NADU,88,121
413106,TAMIL NADU,89,284
413106,TAMIL NADU,90,459
413106,TAMIL NADU,91,118
413106,TAMIL NADU,92,75
413106,TAMIL NADU,93,106
413106,TAMIL NADU,94,80
413106,TAMIL NADU,95,308
413106,TAMIL NADU,96,117
413106,TAMIL NADU,97,415
413106,TAMIL NADU,98,81
413106,TAMIL NADU,99,70
413106,TAMIL NADU,100,409
413106,TAMIL NADU,101,480
413106,TAMIL NADU,102,380
413106,TAMIL NADU,103,132
413106,TAMIL NADU,104,103
413106,TAMIL NADU,105,101
413106,TAMIL NADU,106,85
413106,TAMIL NADU,107,80
413106,TAMIL NADU,108,247
413106,TAMIL NADU,109,47
413106,TAMIL NADU,110,93
413106,TAMIL NADU,111,45
413106,TAMIL NADU,112,32
413106,TAMIL NADU,113,164
413106,TAMIL NADU,114,33
413106,TAMIL NADU,115,88
413106,TAMIL NADU,116,85
413106,TAMIL NADU,117,59
413106,TAMIL NADU,118,103
413106,TAMIL NADU,119,441
413106,TAMIL NADU,120,204
413106,TAMIL NADU,121,38
413106,TAMIL NADU,122,515
413106,TAMIL NADU,123,203
413106,TAMIL NADU,124,155
413106,TAMIL NADU,125,84
413106,TAMIL NADU,126,86
413106,TAMIL NADU,127,200
413106,TAMIL NADU,128,40
413106,TAMIL NADU,129,302
413106,TAMIL NADU,130,437
413106,TAMIL NADU,131,90
413106,TAMIL NADU,132,461
413106,TAMIL NADU,133,73
413106,TAMIL NADU,134,179
413106,TAMIL NADU,135,128
413106,TAMIL NADU,136,42
413106,TAMIL NADU,137,26
413106,TAMIL NADU,138,100
413106,TAMIL NADU,139,105
413106,TAMIL NADU,140,467
413106,TAMIL NADU,141,392
413106,TAMIL NADU,142,393
413106,TAMIL NADU,143,111
413106,TAMIL NADU,144,129
413106,TAMIL NADU,145,670
413106,TAMIL NADU,146,256
413106,TAMIL NADU,147,39
413106,TAMIL NADU,148,186
413106,TAMIL NADU,149,51
413106,TAMIL NADU,150,26
413106,TAMIL NADU,151,215
413106,TAMIL NADU,152,482
413106,TAMIL NADU,153,162
413106,TAMIL NADU,154,342
413106,TAMIL NADU,155,113
413106,TAMIL NADU,156,496
413106,TAMIL NADU,157,198
413106,TAMIL NADU,158,83
413106,TAMIL NADU,159,17
413106,TAMIL NADU,160,397
413106,TAMIL NADU,161,170
413106,TAMIL NADU,162,120
413106,TAMIL NADU,163,100
413106,TAMIL NADU,164,466
413106,TAMIL NADU,165,89
413106,TAMIL NADU,166,46
413106,TAMIL NADU,167,182
413106,TAMIL NADU,168,95
413106,TAMIL NADU,169,538
413106,TAMIL NADU,170,218
413106,TAMIL NADU,171,209
413106,TAMIL NADU,172,90
413106,TAMIL NADU,173,468
413106,TAMIL NADU,174,134
413106,TAMIL NADU,175,121
413106,TAMIL NADU,176,46
413106,TAMIL NADU,177,198
413106,TAMIL NADU,178,25
413106,TAMIL NADU,179,113
413106,TAMIL NADU,180,175
413106,TAMIL NADU,181,55
413106,TAMIL NADU,182,118
413106,TAMIL NADU,183,125
413106,TAMIL NADU,184,100
413106,TAMIL NADU,185,48
413106,TAMIL NADU,186,127
413106,TAMIL NADU,187,66
413106,TAMIL NADU,188,42
413106,TAMIL NADU,189,95
413106,TAMIL NADU,190,204
413106,TAMIL NADU,191,57
413106,TAMIL NADU,192,154
413106,TAMIL NADU,193,373
413106,TAMIL NADU,194,69
413106,TAMIL NADU,195,368
413106,TAMIL NADU,196,80
413106,TAMIL NADU,197,428
413106,TAMIL NADU,198,89
413106,TAMIL NADU,199,87
413106,TAMIL NADU,200,58
413106,TAMIL NADU,201,179
413106,TAMIL NADU,202,83
413106,TAMIL NADU,203,444
413106,TAMIL NADU,204,71
413106,TAMIL NADU,205,478
413106,TAMIL NADU,206,45
413106,TAMIL NADU,207,81
413106,TAMIL NADU,208,65
413106,TAMIL NADU,209,70
413106,TAMIL NADU,210,55
413106,TAMIL NADU,211,70
413106,TAMIL NADU,212,111
413106,TAMIL NADU,213,35
413106,TAMIL NADU,214,43
413106,TAMIL NADU,215,125
413106,TAMIL NADU,216,471
413106,TAMIL NADU,217,136
413106,TAMIL NADU,218,35
413106,TAMIL NADU,219,103
413106,TAMIL NADU,220,39
413106,TAMIL NADU,221,130
413106,TAMIL NADU,222,112
413106,TAMIL NADU,223,110
413106,TAMIL NADU,224,50
413106,TAMIL NADU,225,128
413106,TAMIL NADU,226,216
413106,TAMIL NADU,227,198
413106,TAMIL NADU,228,58
413106,TAMIL NADU,229,539
413106,TAMIL NADU,230,203
413106,TAMIL NADU,231,111
413106,TAMIL NADU,232,382
413106,TAMIL NADU,233,196
413106,TAMIL NADU,234,108
413106,TAMIL NADU,235,488
413106,TAMIL NADU,236,101
413106,TAMIL NADU,237,80
413106,TAMIL NADU,238,205
413106,TAMIL NADU,239,126
413106,TAMIL NADU,240,41
413106,TAMIL NADU,241,355
413106,TAMIL NADU,242,35
413106,TAMIL NADU,243,231
413106,TAMIL NADU,244,194
413106,TAMIL NADU,245,87
413106,TAMIL NADU,246,101
413106,TAMIL NADU,247,481
413106,TAMIL NADU,248,229
413106,TAMIL NADU,249,52
413106,TAMIL NADU,250,198
413106,TAMIL NADU,251,56
413106,TAMIL NADU,252,87
413106,TAMIL NADU,253,135
413106,TAMIL NADU,254,161
413106,TAMIL NADU,255,77
413106,TAMIL NADU,256,28
413106,TAMIL NADU,257,91
413106,TAMIL NADU,258,122
413106,TAMIL NADU,259,69
413106,TAMIL NADU,260,47
413106,TAMIL NADU,261,96
413106,TAMIL NADU,262,132
413106,TAMIL NADU,263,140
413106,TAMIL NADU,264,173
413106,TAMIL NADU,265,336
413106,TAMIL NADU,266,59
413106,TAMIL NADU,267,64
413106,TAMIL NADU,268,159
413106,TAMIL NADU,269,482
413106,TAMIL NADU,270,140
413106,TAMIL NADU,271,144
413106,TAMIL NADU,272,352
413106,TAMIL NADU,273,384
413106,TAMIL NADU,274,80
413106,TAMIL NADU,275,110
413106,TAMIL NADU,276,65
413106,TAMIL NADU,277,48
413106,TAMIL NADU,278,367
413106,TAMIL NADU,279,61
413106,TAMIL NADU,280,9
413106,TAMIL NADU,281,159
413106,TAMIL NADU,282,219
413106,TAMIL NADU,283,179
413106,TAMIL NADU,284,75
413106,TAMIL NADU,285,422
413106,TAMIL NADU,286,233
413106,TAMIL NADU,287,528
413106,TAMIL NADU,288,193
413106,TAMIL NADU,289,70
413106,TAMIL NADU,290,79
413106,TAMIL NADU,291,110
413106,TAMIL NADU,292,339
413106,TAMIL NADU,293,132
413106,TAMIL NADU,294,65
413106,TAMIL NADU,295,99
413106,TAMIL NADU,296,95
413106,TAMIL NADU,297,143
413106,TAMIL NADU,298,104
413106,TAMIL NADU,299,85
413106,TAMIL NADU,300,433
413106,TAMIL NADU,301,451
413106,TAMIL NADU,302,115
413106,TAMIL NADU,303,70
413106,TAMIL NADU,304,75
413106,TAMIL NADU,305,102
413106,TAMIL NADU,306,453
413106,TAMIL NADU,307,40
413106,TAMIL NADU,308,134
413106,TAMIL NADU,309,25
413106,TAMIL NADU,310,155
413106,TAMIL NADU,311,45
413106,TAMIL NADU,312,175
413106,TAMIL NADU,313,201
413106,TAMIL NADU,314,169
413106,TAMIL NADU,315,497
413106,TAMIL NADU,316,107
413106,TAMIL NADU,317,241
413106,TAMIL NADU,318,393
413106,TAMIL NADU,319,215
413106,TAMIL NADU,320,25
413106,TAMIL NADU,321,84
413106,TAMIL NADU,322,164
413106,TAMIL NADU,323,185
413106,TAMIL NADU,324,13
413106,TAMIL NADU,325,185
413106,TAMIL NADU,326,88
413106,TAMIL NADU,327,196
413106,TAMIL NADU,328,277
413106,TAMIL NADU,329,89
413106,TAMIL NADU,330,51
413106,TAMIL NADU,331,128
413106,TAMIL NADU,332,397
413106,TAMIL NADU,333,80
413106,TAMIL NADU,334,507
413106,TAMIL NADU,335,515
413106,TAMIL NADU,336,70
413106,TAMIL NADU,337,680
413106,TAMIL NADU,338,176
413106,TAMIL NADU,339,75
413106,TAMIL NADU,340,285
413106,TAMIL NADU,341,33
413106,TAMIL NADU,342,35
413106,TAMIL NADU,343,62
413106,TAMIL NADU,344,518
413106,TAMIL NADU,345,160
413106,TAMIL NADU,346,312
413106,TAMIL NADU,347,50
413106,TAMIL NADU,348,129
413106,TAMIL NADU,349,402
413106,TAMIL NADU,350,517
413106,TAMIL NADU,351,383
413106,TAMIL NADU,352,166
413106,TAMIL NADU,353,34
413106,TAMIL NADU,354,85
413106,TAMIL NADU,355,73
413106,TAMIL NADU,356,160
413106,TAMIL NADU,357,169
413106,TAMIL NADU,358,86
413106,TAMIL NADU,359,70
413106,TAMIL NADU,360,131
413106,TAMIL NADU,361,87
413106,TAMIL NADU,362,82
413106,TAMIL NADU,363,234
413106,TAMIL NADU,364,172
413106,TAMIL NADU,365,43
413106,TAMIL NADU,366,567
413106,TAMIL NADU,367,181
413106,TAMIL NADU,368,110
413106,TAMIL NADU,369,140
413106,TAMIL NADU,370,108
413106,TAMIL NADU,371,127
413106,TAMIL NADU,372,155
413106,TAMIL NADU,373,140
413106,TAMIL NADU,374,54
413106,TAMIL NADU,375,177
413106,TAMIL NADU,376,312
413106,TAMIL NADU,377,60
413106,TAMIL NADU,378,160
413106,TAMIL NADU,379,16
413106,TAMIL NADU,380,50
413106,TAMIL NADU,381,328
413106,TAMIL NADU,382,211
413106,TAMIL NADU,383,84
413106,TAMIL NADU,384,140
413106,TAMIL NADU,385,150
413106,TAMIL NADU,386,55
413106,TAMIL NADU,387,241
413106,TAMIL NADU,388,79
413106,TAMIL NADU,389,76
413106,TAMIL NADU,390,145
413106,TAMIL NADU,391,98
413106,TAMIL NADU,392,595
413106,TAMIL NADU,393,103
413106,TAMIL NADU,394,37
413106,TAMIL NADU,395,122
413106,TAMIL NADU,396,106
413106,TAMIL NADU,397,48
413106,TAMIL NADU,398,564
413106,TAMIL NADU,399,220
413106,TAMIL NADU,400,25
413106,TAMIL NADU,401,48
413106,TAMIL NADU,402,73
413106,TAMIL NADU,403,32
413106,TAMIL NADU,404,70
413106,TAMIL NADU,405,178
413106,TAMIL NADU,406,321
413106,TAMIL NADU,407,50
413106,TAMIL NADU,408,145
413106,TAMIL NADU,409,32
413106,TAMIL NADU,410,68
413106,TAMIL NADU,411,91
413106,TAMIL NADU,412,135
413106,TAMIL NADU,413,100
413106,TAMIL NADU,414,281
413106,TAMIL NADU,415,68
413106,TAMIL NADU,416,482
413106,TAMIL NADU,417,338
413106,TAMIL NADU,418,77
413106,TAMIL NADU,419,143
413106,TAMIL NADU,420,20
413106,TAMIL NADU,421,50
413106,TAMIL NADU,422,80
413106,TAMIL NADU,423,306
413106,TAMIL NADU,424,94
413106,TAMIL NADU,425,53
413106,TAMIL NADU,426,133
413106,TAMIL NADU,427,75
413106,TAMIL NADU,428,168
413106,TAMIL NADU,429,9
413106,TAMIL NADU,430,20
413106,TAMIL NADU,431,130
413106,TAMIL NADU,432,48
413106,TAMIL NADU,433,125
413106,TAMIL NADU,434,160
413106,TAMIL NADU,435,98
413106,TAMIL NADU,436,326
413106,TAMIL NADU,437,56
413106,TAMIL NADU,438,176
413106,TAMIL NADU,439,171
413106,TAMIL NADU,440,34
413106,TAMIL NADU,441,29
413106,TAMIL NADU,442,15
413106,TAMIL NADU,443,162
413106,TAMIL NADU,444,80
413106,TAMIL NADU,445,121
413106,TAMIL NADU,446,46
413106,TAMIL NADU,447,290
413106,TAMIL NADU,448,162
413106,TAMIL NADU,449,443
413106,TAMIL NADU,450,103
413106,TAMIL NADU,451,217
413106,TAMIL NADU,452,24
413106,TAMIL NADU,453,56
413106,TAMIL NADU,454,303
413106,TAMIL NADU,455,533
413106,TAMIL NADU,456,38
413106,TAMIL NADU,457,36
413106,TAMIL NADU,458,115
413106,TAMIL NADU,459,146
413106,TAMIL NADU,460,19
413106,TAMIL NADU,461,251
413106,TAMIL NADU,462,29
413106,TAMIL NADU,463,103
413106,TAMIL NADU,464,352
413106,TAMIL NADU,465,193
413106,TAMIL NADU,466,267
413106,TAMIL NADU,467,272
413106,TAMIL NADU,468,87
413106,TAMIL NADU,469,78
413106,TAMIL NADU,470,53
413106,TAMIL NADU,471,157
413106,TAMIL NADU,472,62
413106,TAMIL NADU,473,52
413106,TAMIL NADU,474,641
413106,TAMIL NADU,475,20
413106,TAMIL NADU,476,313
413106,TAMIL NADU,477,333
413106,TAMIL NADU,478,89
413106,TAMIL NADU,479,105
413106,TAMIL NADU,480,102
413106,TAMIL NADU,481,78
413106,TAMIL NADU,482,109
413106,TAMIL NADU,483,30
413106,TAMIL NADU,484,90
413106,TAMIL NADU,485,489
413106,TAMIL NADU,486,62
413106,TAMIL NADU,487,433
413106,TAMIL NADU,488,180
413106,TAMIL NADU,489,56
413106,TAMIL NADU,490,25
