Center Number,State Name,Srl No,Marks
413105,TAMIL NADU,1,552
413105,TAMIL NADU,2,199
413105,TAMIL NADU,3,17
413105,TAMIL NADU,4,73
413105,TAMIL NADU,5,75
413105,TAMIL NADU,6,133
413105,TAMIL NADU,7,161
413105,TAMIL NADU,8,87
413105,TAMIL NADU,9,481
413105,TAMIL NADU,10,247
413105,TAMIL NADU,11,266
413105,TAMIL NADU,12,338
413105,TAMIL NADU,13,62
413105,TAMIL NADU,14,70
413105,TAMIL NADU,15,77
413105,TAMIL NADU,16,100
413105,TAMIL NADU,17,314
413105,TAMIL NADU,18,113
413105,TAMIL NADU,19,593
413105,TAMIL NADU,20,54
413105,TAMIL NADU,21,465
413105,TAMIL NADU,22,45
413105,TAMIL NADU,23,277
413105,TAMIL NADU,24,176
413105,TAMIL NADU,25,74
413105,TAMIL NADU,26,20
413105,TAMIL NADU,27,123
413105,TAMIL NADU,28,603
413105,TAMIL NADU,29,90
413105,TAMIL NADU,30,158
413105,TAMIL NADU,31,379
413105,TAMIL NADU,32,447
413105,TAMIL NADU,33,295
413105,TAMIL NADU,34,281
413105,TAMIL NADU,35,105
413105,TAMIL NADU,36,433
413105,TAMIL NADU,37,130
413105,TAMIL NADU,38,75
413105,TAMIL NADU,39,90
413105,TAMIL NADU,40,162
413105,TAMIL NADU,41,258
413105,TAMIL NADU,42,55
413105,TAMIL NADU,43,477
413105,TAMIL NADU,44,179
413105,TAMIL NADU,45,406
413105,TAMIL NADU,46,80
413105,TAMIL NADU,47,491
413105,TAMIL NADU,48,158
413105,TAMIL NADU,49,424
413105,TAMIL NADU,50,237
413105,TAMIL NADU,51,326
413105,TAMIL NADU,52,100
413105,TAMIL NADU,53,372
413105,TAMIL NADU,54,120
413105,TAMIL NADU,55,287
413105,TAMIL NADU,56,185
413105,TAMIL NADU,57,641
413105,TAMIL NADU,58,262
413105,TAMIL NADU,59,645
413105,TAMIL NADU,60,81
413105,TAMIL NADU,61,210
413105,TAMIL NADU,62,542
413105,TAMIL NADU,63,329
413105,TAMIL NADU,64,76
413105,TAMIL NADU,65,119
413105,TAMIL NADU,66,494
413105,TAMIL NADU,67,83
413105,TAMIL NADU,68,321
413105,TAMIL NADU,69,114
413105,TAMIL NADU,70,39
413105,TAMIL NADU,71,15
413105,TAMIL NADU,72,332
413105,TAMIL NADU,73,140
413105,TAMIL NADU,74,106
413105,TAMIL NADU,75,37
413105,TAMIL NADU,76,591
413105,TAMIL NADU,77,45
413105,TAMIL NADU,78,204
413105,TAMIL NADU,79,155
413105,TAMIL NADU,80,551
413105,TAMIL NADU,81,433
413105,TAMIL NADU,82,157
413105,TAMIL NADU,83,202
413105,TAMIL NADU,84,301
413105,TAMIL NADU,85,207
413105,TAMIL NADU,86,173
413105,TAMIL NADU,87,526
413105,TAMIL NADU,88,95
413105,TAMIL NADU,89,276
413105,TAMIL NADU,90,170
413105,TAMIL NADU,91,75
413105,TAMIL NADU,92,205
413105,TAMIL NADU,93,266
413105,TAMIL NADU,94,44
413105,TAMIL NADU,95,74
413105,TAMIL NADU,96,49
413105,TAMIL NADU,97,51
413105,TAMIL NADU,98,6
413105,TAMIL NADU,99,181
413105,TAMIL NADU,100,107
413105,TAMIL NADU,101,665
413105,TAMIL NADU,102,585
413105,TAMIL NADU,103,108
413105,TAMIL NADU,104,70
413105,TAMIL NADU,105,233
413105,TAMIL NADU,106,494
413105,TAMIL NADU,107,119
413105,TAMIL NADU,108,98
413105,TAMIL NADU,109,107
413105,TAMIL NADU,110,126
413105,TAMIL NADU,111,336
413105,TAMIL NADU,112,329
413105,TAMIL NADU,113,58
413105,TAMIL NADU,114,23
413105,TAMIL NADU,115,522
413105,TAMIL NADU,116,190
413105,TAMIL NADU,117,35
413105,TAMIL NADU,118,160
413105,TAMIL NADU,119,75
413105,TAMIL NADU,120,251
413105,TAMIL NADU,121,112
413105,TAMIL NADU,122,124
413105,TAMIL NADU,123,300
413105,TAMIL NADU,124,635
413105,TAMIL NADU,125,111
413105,TAMIL NADU,126,90
413105,TAMIL NADU,127,565
413105,TAMIL NADU,128,115
413105,TAMIL NADU,129,180
413105,TAMIL NADU,130,39
413105,TAMIL NADU,131,50
413105,TAMIL NADU,132,638
413105,TAMIL NADU,133,487
413105,TAMIL NADU,134,125
413105,TAMIL NADU,135,145
413105,TAMIL NADU,136,97
413105,TAMIL NADU,137,35
413105,TAMIL NADU,138,274
413105,TAMIL NADU,139,57
413105,TAMIL NADU,140,508
413105,TAMIL NADU,141,198
413105,TAMIL NADU,142,87
413105,TAMIL NADU,143,63
413105,TAMIL NADU,144,175
413105,TAMIL NADU,145,482
413105,TAMIL NADU,146,95
413105,TAMIL NADU,147,275
413105,TAMIL NADU,148,186
413105,TAMIL NADU,149,70
413105,TAMIL NADU,150,16
413105,TAMIL NADU,151,108
413105,TAMIL NADU,152,187
413105,TAMIL NADU,153,453
413105,TAMIL NADU,154,30
413105,TAMIL NADU,155,60
413105,TAMIL NADU,156,120
413105,TAMIL NADU,157,343
413105,TAMIL NADU,158,134
413105,TAMIL NADU,159,106
413105,TAMIL NADU,160,429
413105,TAMIL NADU,161,35
413105,TAMIL NADU,162,247
413105,TAMIL NADU,163,358
413105,TAMIL NADU,164,427
413105,TAMIL NADU,165,55
413105,TAMIL NADU,166,66
413105,TAMIL NADU,167,60
413105,TAMIL NADU,168,106
413105,TAMIL NADU,169,55
413105,TAMIL NADU,170,433
413105,TAMIL NADU,171,223
413105,TAMIL NADU,172,28
413105,TAMIL NADU,173,66
413105,TAMIL NADU,174,288
413105,TAMIL NADU,175,337
413105,TAMIL NADU,176,457
413105,TAMIL NADU,177,70
413105,TAMIL NADU,178,214
413105,TAMIL NADU,179,230
413105,TAMIL NADU,180,444
413105,TAMIL NADU,181,323
413105,TAMIL NADU,182,350
413105,TAMIL NADU,183,289
413105,TAMIL NADU,184,177
413105,TAMIL NADU,185,163
413105,TAMIL NADU,186,369
413105,TAMIL NADU,187,147
413105,TAMIL NADU,188,163
413105,TAMIL NADU,189,140
413105,TAMIL NADU,190,80
413105,TAMIL NADU,191,87
413105,TAMIL NADU,192,98
413105,TAMIL NADU,193,382
413105,TAMIL NADU,194,56
413105,TAMIL NADU,195,153
413105,TAMIL NADU,196,428
413105,TAMIL NADU,197,656
413105,TAMIL NADU,198,51
413105,TAMIL NADU,199,73
413105,TAMIL NADU,200,162
413105,TAMIL NADU,201,45
413105,TAMIL NADU,202,320
413105,TAMIL NADU,203,25
413105,TAMIL NADU,204,314
413105,TAMIL NADU,205,322
413105,TAMIL NADU,206,42
413105,TAMIL NADU,207,129
413105,TAMIL NADU,208,58
413105,TAMIL NADU,209,587
413105,TAMIL NADU,210,87
413105,TAMIL NADU,211,215
413105,TAMIL NADU,212,92
413105,TAMIL NADU,213,116
413105,TAMIL NADU,214,113
413105,TAMIL NADU,215,258
413105,TAMIL NADU,216,122
413105,TAMIL NADU,217,223
413105,TAMIL NADU,218,146
413105,TAMIL NADU,219,90
413105,TAMIL NADU,220,13
413105,TAMIL NADU,221,132
413105,TAMIL NADU,222,123
413105,TAMIL NADU,223,235
413105,TAMIL NADU,224,415
413105,TAMIL NADU,225,617
413105,TAMIL NADU,226,168
413105,TAMIL NADU,227,76
413105,TAMIL NADU,228,45
413105,TAMIL NADU,229,306
413105,TAMIL NADU,230,125
413105,TAMIL NADU,231,136
413105,TAMIL NADU,232,3
413105,TAMIL NADU,233,55
413105,TAMIL NADU,234,18
413105,TAMIL NADU,235,87
413105,TAMIL NADU,236,108
413105,TAMIL NADU,237,156
413105,TAMIL NADU,238,324
413105,TAMIL NADU,239,106
413105,TAMIL NADU,240,219
413105,TAMIL NADU,241,365
413105,TAMIL NADU,242,65
413105,TAMIL NADU,243,106
413105,TAMIL NADU,244,73
413105,TAMIL NADU,245,380
413105,TAMIL NADU,246,53
413105,TAMIL NADU,247,128
413105,TAMIL NADU,248,72
413105,TAMIL NADU,249,105
413105,TAMIL NADU,250,368
413105,TAMIL NADU,251,135
413105,TAMIL NADU,252,227
413105,TAMIL NADU,253,28
413105,TAMIL NADU,254,464
413105,TAMIL NADU,255,116
413105,TAMIL NADU,256,180
413105,TAMIL NADU,257,365
413105,TAMIL NADU,258,609
413105,TAMIL NADU,259,136
413105,TAMIL NADU,260,321
413105,TAMIL NADU,261,320
413105,TAMIL NADU,262,80
413105,TAMIL NADU,263,484
413105,TAMIL NADU,264,222
413105,TAMIL NADU,265,546
413105,TAMIL NADU,266,146
413105,TAMIL NADU,267,289
413105,TAMIL NADU,268,70
413105,TAMIL NADU,269,75
413105,TAMIL NADU,270,183
413105,TAMIL NADU,271,191
413105,TAMIL NADU,272,125
413105,TAMIL NADU,273,130
413105,TAMIL NADU,274,101
413105,TAMIL NADU,275,75
413105,TAMIL NADU,276,329
413105,TAMIL NADU,277,76
413105,TAMIL NADU,278,148
413105,TAMIL NADU,279,55
413105,TAMIL NADU,280,62
413105,TAMIL NADU,281,147
413105,TAMIL NADU,282,97
413105,TAMIL NADU,283,308
413105,TAMIL NADU,284,65
413105,TAMIL NADU,285,342
413105,TAMIL NADU,286,68
413105,TAMIL NADU,287,115
413105,TAMIL NADU,288,378
413105,TAMIL NADU,289,295
413105,TAMIL NADU,290,75
413105,TAMIL NADU,291,210
413105,TAMIL NADU,292,211
413105,TAMIL NADU,293,434
413105,TAMIL NADU,294,214
413105,TAMIL NADU,295,102
413105,TAMIL NADU,296,61
413105,TAMIL NADU,297,58
413105,TAMIL NADU,298,120
413105,TAMIL NADU,299,439
413105,TAMIL NADU,300,240
413105,TAMIL NADU,301,55
413105,TAMIL NADU,302,229
413105,TAMIL NADU,303,17
413105,TAMIL NADU,304,103
413105,TAMIL NADU,305,690
413105,TAMIL NADU,306,124
413105,TAMIL NADU,307,484
413105,TAMIL NADU,308,56
413105,TAMIL NADU,309,207
413105,TAMIL NADU,310,80
413105,TAMIL NADU,311,230
413105,TAMIL NADU,312,118
413105,TAMIL NADU,313,111
413105,TAMIL NADU,314,45
413105,TAMIL NADU,315,74
413105,TAMIL NADU,316,327
413105,TAMIL NADU,317,178
413105,TAMIL NADU,318,41
413105,TAMIL NADU,319,189
413105,TAMIL NADU,320,550
413105,TAMIL NADU,321,82
413105,TAMIL NADU,322,39
413105,TAMIL NADU,323,61
413105,TAMIL NADU,324,286
413105,TAMIL NADU,325,135
413105,TAMIL NADU,326,421
413105,TAMIL NADU,327,405
413105,TAMIL NADU,328,169
413105,TAMIL NADU,329,81
413105,TAMIL NADU,330,117
413105,TAMIL NADU,331,16
413105,TAMIL NADU,8,333
413105,TAMIL NADU,81,334
413105,TAMIL NADU,305,335
413105,TAMIL NADU,46,336
413105,TAMIL NADU,184,337
413105,TAMIL NADU,20,338
413105,TAMIL NADU,335,339
413105,TAMIL NADU,48,340
413105,TAMIL NADU,81,341
413105,TAMIL NADU,101,342
413105,TAMIL NADU,125,343
413105,TAMIL NADU,271,344
413105,TAMIL NADU,85,345
413105,TAMIL NADU,161,346
413105,TAMIL NADU,310,347
413105,TAMIL NADU,80,348
413105,TAMIL NADU,66,349
413105,TAMIL NADU,290,350
413105,TAMIL NADU,93,351
413105,TAMIL NADU,69,352
413105,TAMIL NADU,369,353
413105,TAMIL NADU,110,354
413105,TAMIL NADU,48,355
413105,TAMIL NADU,24,356
413105,TAMIL NADU,130,357
413105,TAMIL NADU,518,358
413105,TAMIL NADU,112,359
413105,TAMIL NADU,150,360
413105,TAMIL NADU,361,270
413105,TAMIL NADU,362,75
413105,TAMIL NADU,363,73
413105,TAMIL NADU,364,66
413105,TAMIL NADU,365,100
413105,TAMIL NADU,366,374
413105,TAMIL NADU,367,110
413105,TAMIL NADU,368,220
413105,TAMIL NADU,369,108
413105,TAMIL NADU,370,57
413105,TAMIL NADU,371,71
413105,TAMIL NADU,372,105
413105,TAMIL NADU,373,149
413105,TAMIL NADU,374,221
413105,TAMIL NADU,375,111
413105,TAMIL NADU,376,396
413105,TAMIL NADU,377,90
413105,TAMIL NADU,378,566
413105,TAMIL NADU,379,171
413105,TAMIL NADU,380,98
413105,TAMIL NADU,381,305
413105,TAMIL NADU,382,499
413105,TAMIL NADU,383,55
413105,TAMIL NADU,384,148
413105,TAMIL NADU,385,129
413105,TAMIL NADU,386,575
413105,TAMIL NADU,387,109
413105,TAMIL NADU,388,91
413105,TAMIL NADU,389,115
413105,TAMIL NADU,390,505
413105,TAMIL NADU,391,95
413105,TAMIL NADU,392,95
413105,TAMIL NADU,393,142
413105,TAMIL NADU,394,516
413105,TAMIL NADU,395,225
413105,TAMIL NADU,396,120
413105,TAMIL NADU,397,105
413105,TAMIL NADU,398,493
413105,TAMIL NADU,399,205
413105,TAMIL NADU,400,120
413105,TAMIL NADU,401,473
413105,TAMIL NADU,402,531
413105,TAMIL NADU,403,521
413105,TAMIL NADU,404,581
413105,TAMIL NADU,405,65
413105,TAMIL NADU,406,124
413105,TAMIL NADU,407,99
413105,TAMIL NADU,408,23
413105,TAMIL NADU,409,115
413105,TAMIL NADU,410,81
413105,TAMIL NADU,411,170
413105,TAMIL NADU,412,131
413105,TAMIL NADU,413,678
413105,TAMIL NADU,414,104
413105,TAMIL NADU,415,115
413105,TAMIL NADU,416,65
413105,TAMIL NADU,417,242
413105,TAMIL NADU,418,179
413105,TAMIL NADU,419,159
413105,TAMIL NADU,420,145
413105,TAMIL NADU,421,159
413105,TAMIL NADU,422,129
413105,TAMIL NADU,423,254
413105,TAMIL NADU,424,343
413105,TAMIL NADU,425,316
413105,TAMIL NADU,426,117
413105,TAMIL NADU,427,467
413105,TAMIL NADU,428,308
413105,TAMIL NADU,429,76
413105,TAMIL NADU,430,314
413105,TAMIL NADU,431,506
413105,TAMIL NADU,432,273
413105,TAMIL NADU,433,246
413105,TAMIL NADU,434,555
413105,TAMIL NADU,435,99
413105,TAMIL NADU,436,115
413105,TAMIL NADU,437,170
413105,TAMIL NADU,438,75
413105,TAMIL NADU,439,99
413105,TAMIL NADU,440,309
413105,TAMIL NADU,441,65
413105,TAMIL NADU,442,386
413105,TAMIL NADU,443,390
413105,TAMIL NADU,444,157
413105,TAMIL NADU,445,249
413105,TAMIL NADU,446,166
413105,TAMIL NADU,447,125
413105,TAMIL NADU,448,415
413105,TAMIL NADU,449,396
413105,TAMIL NADU,450,294
413105,TAMIL NADU,451,70
413105,TAMIL NADU,452,286
413105,TAMIL NADU,453,504
413105,TAMIL NADU,454,240
413105,TAMIL NADU,455,357
413105,TAMIL NADU,456,300
413105,TAMIL NADU,457,64
413105,TAMIL NADU,458,135
413105,TAMIL NADU,459,110
413105,TAMIL NADU,460,611
413105,TAMIL NADU,461,203
413105,TAMIL NADU,462,43
413105,TAMIL NADU,463,65
413105,TAMIL NADU,464,62
413105,TAMIL NADU,465,184
413105,TAMIL NADU,466,5
413105,TAMIL NADU,467,279
413105,TAMIL NADU,468,70
413105,TAMIL NADU,469,72
413105,TAMIL NADU,470,43
413105,TAMIL NADU,471,130
413105,TAMIL NADU,472,322
413105,TAMIL NADU,473,50
413105,TAMIL NADU,474,215
413105,TAMIL NADU,475,317
413105,TAMIL NADU,476,380
413105,TAMIL NADU,477,60
413105,TAMIL NADU,478,50
413105,TAMIL NADU,479,100
413105,TAMIL NADU,480,106
413105,TAMIL NADU,481,105
413105,TAMIL NADU,482,175
413105,TAMIL NADU,483,39
413105,TAMIL NADU,484,342
413105,TAMIL NADU,485,32
413105,TAMIL NADU,486,79
413105,TAMIL NADU,487,162
413105,TAMIL NADU,488,199
413105,TAMIL NADU,489,25
413105,TAMIL NADU,490,297
413105,TAMIL NADU,491,76
