Center Number,State Name,Srl No,Marks
420122,TELANGANA,1,347
420122,TELANGANA,2,372
420122,TELANGANA,3,278
420122,TELANGANA,4,55
420122,TELANGANA,5,188
420122,TELANGANA,6,34
420122,TELANGANA,7,130
420122,TELANGANA,8,90
420122,TELANGANA,9,427
420122,TELANGANA,10,173
420122,TELANGANA,11,490
420122,TELANGANA,12,374
420122,TELANGANA,13,5
420122,TELANGANA,14,340
420122,TELANGANA,15,35
420122,TELANGANA,16,132
420122,TELANGANA,17,443
420122,TELANGANA,18,202
420122,TELANGANA,19,380
420122,TELANGANA,20,495
420122,TELANGANA,21,289
420122,TELANGANA,22,300
420122,TELANGANA,23,502
420122,TELANGANA,24,85
420122,TELANGANA,25,265
420122,TELANGANA,26,391
420122,TELANGANA,27,303
420122,TELANGANA,28,257
420122,TELANGANA,29,180
420122,TELANGANA,30,93
420122,TELANGANA,31,169
420122,TELANGANA,32,225
420122,TELANGANA,33,169
420122,TELANGANA,34,45
420122,TELANGANA,35,392
420122,TELANGANA,36,430
420122,TELANGANA,37,59
420122,TELANGANA,38,65
420122,TELANGANA,39,310
420122,TELANGANA,40,89
420122,TELANGANA,41,286
420122,TELANGANA,42,225
420122,TELANGANA,43,525
420122,TELANGANA,44,100
420122,TELANGANA,45,113
420122,TELANGANA,46,53
420122,TELANGANA,47,128
420122,TELANGANA,48,145
420122,TELANGANA,49,351
420122,TELANGANA,50,487
420122,TELANGANA,51,132
420122,TELANGANA,52,524
420122,TELANGANA,53,254
420122,TELANGANA,54,400
420122,TELANGANA,55,435
420122,TELANGANA,56,82
420122,TELANGANA,57,221
420122,TELANGANA,58,470
420122,TELANGANA,59,76
420122,TELANGANA,60,482
420122,TELANGANA,61,268
420122,TELANGANA,62,330
420122,TELANGANA,63,170
420122,TELANGANA,64,409
420122,TELANGANA,65,102
420122,TELANGANA,66,444
420122,TELANGANA,67,75
420122,TELANGANA,68,239
420122,TELANGANA,69,218
420122,TELANGANA,70,54
420122,TELANGANA,71,55
420122,TELANGANA,72,68
420122,TELANGANA,73,140
420122,TELANGANA,74,381
420122,TELANGANA,75,293
420122,TELANGANA,76,323
420122,TELANGANA,77,445
420122,TELANGANA,78,431
420122,TELANGANA,79,182
420122,TELANGANA,80,237
420122,TELANGANA,81,26
420122,TELANGANA,82,432
420122,TELANGANA,83,513
420122,TELANGANA,84,40
420122,TELANGANA,85,468
420122,TELANGANA,86,230
420122,TELANGANA,87,194
420122,TELANGANA,88,356
420122,TELANGANA,89,468
420122,TELANGANA,90,95
420122,TELANGANA,91,159
420122,TELANGANA,92,209
420122,TELANGANA,93,190
420122,TELANGANA,94,64
420122,TELANGANA,95,566
420122,TELANGANA,96,125
420122,TELANGANA,97,379
420122,TELANGANA,98,111
420122,TELANGANA,99,47
420122,TELANGANA,100,175
420122,TELANGANA,101,107
420122,TELANGANA,102,234
420122,TELANGANA,103,106
420122,TELANGANA,104,60
420122,TELANGANA,105,251
420122,TELANGANA,106,312
420122,TELANGANA,107,327
420122,TELANGANA,108,64
420122,TELANGANA,109,40
420122,TELANGANA,110,128
420122,TELANGANA,111,72
420122,TELANGANA,112,54
420122,TELANGANA,113,403
420122,TELANGANA,114,165
420122,TELANGANA,115,58
420122,TELANGANA,116,327
420122,TELANGANA,117,331
420122,TELANGANA,118,89
420122,TELANGANA,119,51
420122,TELANGANA,120,278
420122,TELANGANA,121,118
420122,TELANGANA,122,91
420122,TELANGANA,123,117
420122,TELANGANA,124,458
420122,TELANGANA,125,70
420122,TELANGANA,126,116
420122,TELANGANA,127,646
420122,TELANGANA,128,230
420122,TELANGANA,129,150
420122,TELANGANA,130,239
420122,TELANGANA,131,288
420122,TELANGANA,132,55
420122,TELANGANA,133,211
420122,TELANGANA,134,101
420122,TELANGANA,135,408
420122,TELANGANA,136,288
420122,TELANGANA,137,409
420122,TELANGANA,138,352
420122,TELANGANA,139,29
420122,TELANGANA,140,37
420122,TELANGANA,141,118
420122,TELANGANA,142,416
420122,TELANGANA,143,124
420122,TELANGANA,144,217
420122,TELANGANA,145,325
420122,TELANGANA,146,345
420122,TELANGANA,147,443
420122,TELANGANA,148,446
420122,TELANGANA,149,296
420122,TELANGANA,150,513
420122,TELANGANA,151,145
420122,TELANGANA,152,474
420122,TELANGANA,153,74
420122,TELANGANA,154,280
420122,TELANGANA,155,377
420122,TELANGANA,156,490
420122,TELANGANA,157,406
420122,TELANGANA,158,219
420122,TELANGANA,159,195
420122,TELANGANA,160,184
420122,TELANGANA,161,478
420122,TELANGANA,162,514
420122,TELANGANA,163,217
420122,TELANGANA,164,122
420122,TELANGANA,165,37
420122,TELANGANA,166,7
420122,TELANGANA,167,443
420122,TELANGANA,168,124
420122,TELANGANA,169,440
420122,TELANGANA,170,36
420122,TELANGANA,171,67
420122,TELANGANA,172,481
420122,TELANGANA,173,156
420122,TELANGANA,174,288
420122,TELANGANA,175,321
420122,TELANGANA,176,331
420122,TELANGANA,177,55
420122,TELANGANA,178,67
420122,TELANGANA,179,367
420122,TELANGANA,180,210
420122,TELANGANA,181,98
420122,TELANGANA,182,251
420122,TELANGANA,183,155
420122,TELANGANA,184,61
420122,TELANGANA,185,82
420122,TELANGANA,186,123
420122,TELANGANA,187,67
420122,TELANGANA,188,450
420122,TELANGANA,189,405
420122,TELANGANA,190,166
420122,TELANGANA,191,259
420122,TELANGANA,192,278
420122,TELANGANA,193,447
420122,TELANGANA,194,203
420122,TELANGANA,195,101
420122,TELANGANA,196,39
420122,TELANGANA,197,233
420122,TELANGANA,198,203
420122,TELANGANA,199,227
420122,TELANGANA,200,70
420122,TELANGANA,201,615
420122,TELANGANA,202,203
420122,TELANGANA,203,302
420122,TELANGANA,204,369
420122,TELANGANA,205,274
420122,TELANGANA,206,60
420122,TELANGANA,207,49
420122,TELANGANA,208,76
420122,TELANGANA,209,537
420122,TELANGANA,210,149
420122,TELANGANA,211,299
420122,TELANGANA,212,94
420122,TELANGANA,213,460
420122,TELANGANA,214,201
420122,TELANGANA,215,460
420122,TELANGANA,216,120
420122,TELANGANA,217,253
420122,TELANGANA,218,605
420122,TELANGANA,219,90
420122,TELANGANA,220,300
420122,TELANGANA,221,467
420122,TELANGANA,222,312
420122,TELANGANA,223,75
420122,TELANGANA,224,400
420122,TELANGANA,225,394
420122,TELANGANA,226,260
420122,TELANGANA,227,319
420122,TELANGANA,228,98
420122,TELANGANA,229,155
420122,TELANGANA,230,169
420122,TELANGANA,231,298
420122,TELANGANA,232,126
420122,TELANGANA,233,170
420122,TELANGANA,234,44
420122,TELANGANA,235,281
420122,TELANGANA,236,225
420122,TELANGANA,237,234
420122,TELANGANA,238,205
420122,TELANGANA,239,251
420122,TELANGANA,240,176
420122,TELANGANA,241,205
420122,TELANGANA,242,39
420122,TELANGANA,243,207
420122,TELANGANA,244,133
420122,TELANGANA,245,98
420122,TELANGANA,246,351
420122,TELANGANA,247,114
420122,TELANGANA,248,97
420122,TELANGANA,249,100
420122,TELANGANA,250,196
420122,TELANGANA,251,283
420122,TELANGANA,252,49
420122,TELANGANA,253,140
420122,TELANGANA,254,268
420122,TELANGANA,255,340
420122,TELANGANA,256,215
420122,TELANGANA,257,213
420122,TELANGANA,258,328
420122,TELANGANA,259,50
420122,TELANGANA,260,65
420122,TELANGANA,261,199
420122,TELANGANA,262,365
420122,TELANGANA,263,110
420122,TELANGANA,264,106
420122,TELANGANA,265,104
420122,TELANGANA,266,283
420122,TELANGANA,267,343
420122,TELANGANA,268,299
420122,TELANGANA,269,519
420122,TELANGANA,270,310
420122,TELANGANA,271,188
420122,TELANGANA,272,181
420122,TELANGANA,273,201
420122,TELANGANA,274,618
420122,TELANGANA,275,163
420122,TELANGANA,276,104
420122,TELANGANA,277,72
420122,TELANGANA,278,15
420122,TELANGANA,279,95
420122,TELANGANA,280,105
420122,TELANGANA,281,204
420122,TELANGANA,282,70
420122,TELANGANA,283,225
420122,TELANGANA,284,119
420122,TELANGANA,285,335
420122,TELANGANA,286,84
420122,TELANGANA,287,252
420122,TELANGANA,288,321
420122,TELANGANA,289,280
420122,TELANGANA,290,85
420122,TELANGANA,291,354
420122,TELANGANA,292,437
420122,TELANGANA,293,233
420122,TELANGANA,294,196
420122,TELANGANA,295,194
420122,TELANGANA,296,114
420122,TELANGANA,297,347
420122,TELANGANA,298,229
420122,TELANGANA,299,224
420122,TELANGANA,300,324
420122,TELANGANA,301,210
420122,TELANGANA,302,251
420122,TELANGANA,303,264
420122,TELANGANA,304,184
420122,TELANGANA,305,385
420122,TELANGANA,306,537
420122,TELANGANA,307,86
420122,TELANGANA,308,199
420122,TELANGANA,309,535
420122,TELANGANA,310,105
420122,TELANGANA,311,208
420122,TELANGANA,312,168
420122,TELANGANA,313,115
420122,TELANGANA,314,211
420122,TELANGANA,315,27
420122,TELANGANA,316,51
420122,TELANGANA,317,236
420122,TELANGANA,318,120
420122,TELANGANA,319,137
420122,TELANGANA,320,227
420122,TELANGANA,321,206
420122,TELANGANA,322,101
420122,TELANGANA,323,530
420122,TELANGANA,324,118
420122,TELANGANA,325,177
420122,TELANGANA,326,568
420122,TELANGANA,327,432
420122,TELANGANA,328,80
420122,TELANGANA,329,89
420122,TELANGANA,330,37
420122,TELANGANA,331,67
420122,TELANGANA,332,137
420122,TELANGANA,333,367
420122,TELANGANA,334,512
420122,TELANGANA,335,242
420122,TELANGANA,336,446
420122,TELANGANA,337,235
420122,TELANGANA,338,70
420122,TELANGANA,339,5
420122,TELANGANA,340,463
420122,TELANGANA,341,387
420122,TELANGANA,342,164
420122,TELANGANA,343,317
420122,TELANGANA,344,64
420122,TELANGANA,345,96
420122,TELANGANA,346,98
420122,TELANGANA,347,191
420122,TELANGANA,348,282
420122,TELANGANA,349,327
420122,TELANGANA,350,62
420122,TELANGANA,351,188
420122,TELANGANA,352,170
420122,TELANGANA,353,208
420122,TELANGANA,354,87
420122,TELANGANA,355,275
420122,TELANGANA,356,398
420122,TELANGANA,357,524
420122,TELANGANA,358,130
420122,TELANGANA,359,54
420122,TELANGANA,360,235
420122,TELANGANA,361,82
420122,TELANGANA,362,38
420122,TELANGANA,363,368
420122,TELANGANA,364,122
420122,TELANGANA,365,313
420122,TELANGANA,366,125
420122,TELANGANA,367,314
420122,TELANGANA,368,172
420122,TELANGANA,369,383
420122,TELANGANA,370,178
