Center Number,State Name,Srl No,Marks
420109,TELANGANA,1,30
420109,TELANGANA,2,95
420109,TELANGANA,3,171
420109,TELANGANA,4,373
420109,TELANGANA,5,365
420109,TELANGANA,6,98
420109,TELANGANA,7,301
420109,TELANGANA,8,113
420109,TELANGANA,9,116
420109,TELANGANA,10,202
420109,TELANGANA,11,77
420109,TELANGANA,12,242
420109,TELANGANA,13,613
420109,TELANGANA,14,88
420109,TELANGANA,15,145
420109,TELANGANA,16,212
420109,TELANGANA,17,155
420109,TELANGANA,18,136
420109,TELANGANA,19,330
420109,TELANGANA,20,242
420109,TELANGANA,21,397
420109,TELANGANA,22,559
420109,TELANGANA,23,94
420109,TELANGANA,24,67
420109,TELANGANA,25,105
420109,TELANGANA,26,98
420109,TELANGANA,27,108
420109,TELANGANA,28,218
420109,TELANGANA,8,30
420109,TELANGANA,31,263
420109,TELANGANA,32,710
420109,TELANGANA,33,349
420109,TELANGANA,34,100
420109,TELANGANA,35,374
420109,TELANGANA,36,359
420109,TELANGANA,37,89
420109,TELANGANA,38,106
420109,TELANGANA,39,222
420109,TELANGANA,40,93
420109,TELANGANA,41,369
420109,TELANGANA,42,541
420109,TELANGANA,43,25
420109,TELANGANA,44,345
420109,TELANGANA,45,488
420109,TELANGANA,46,203
420109,TELANGANA,47,239
420109,TELANGANA,48,20
420109,TELANGANA,49,380
420109,TELANGANA,50,37
420109,TELANGANA,51,350
420109,TELANGANA,52,119
420109,TELANGANA,53,136
420109,TELANGANA,54,171
420109,TELANGANA,55,540
420109,TELANGANA,56,386
420109,TELANGANA,57,441
420109,TELANGANA,58,346
420109,TELANGANA,59,7
420109,TELANGANA,60,376
420109,TELANGANA,61,62
420109,TELANGANA,62,198
420109,TELANGANA,63,427
420109,TELANGANA,64,499
420109,TELANGANA,65,106
420109,TELANGANA,66,296
420109,TELANGANA,67,453
420109,TELANGANA,68,141
420109,TELANGANA,69,382
420109,TELANGANA,70,209
420109,TELANGANA,71,282
420109,TELANGANA,72,95
420109,TELANGANA,73,88
420109,TELANGANA,74,178
420109,TELANGANA,75,276
420109,TELANGANA,76,223
420109,TELANGANA,77,359
420109,TELANGANA,78,347
420109,TELANGANA,79,448
420109,TELANGANA,80,69
420109,TELANGANA,81,217
420109,TELANGANA,82,279
420109,TELANGANA,4,84
420109,TELANGANA,240,85
420109,TELANGANA,157,86
420109,TELANGANA,286,87
420109,TELANGANA,410,88
420109,TELANGANA,77,89
420109,TELANGANA,560,90
420109,TELANGANA,91,82
420109,TELANGANA,92,177
420109,TELANGANA,93,91
420109,TELANGANA,94,376
420109,TELANGANA,95,127
420109,TELANGANA,96,141
420109,TELANGANA,97,91
420109,TELANGANA,98,129
420109,TELANGANA,99,84
420109,TELANGANA,100,67
420109,TELANGANA,101,256
420109,TELANGANA,102,239
420109,TELANGANA,103,451
420109,TELANGANA,104,90
420109,TELANGANA,105,178
420109,TELANGANA,106,110
420109,TELANGANA,107,521
420109,TELANGANA,108,153
420109,TELANGANA,109,421
420109,TELANGANA,110,207
420109,TELANGANA,111,76
420109,TELANGANA,112,90
420109,TELANGANA,113,259
420109,TELANGANA,114,128
420109,TELANGANA,115,56
420109,TELANGANA,116,40
420109,TELANGANA,117,156
420109,TELANGANA,118,158
420109,TELANGANA,119,392
420109,TELANGANA,120,311
420109,TELANGANA,121,52
420109,TELANGANA,122,86
420109,TELANGANA,123,41
420109,TELANGANA,124,285
420109,TELANGANA,125,447
420109,TELANGANA,126,161
420109,TELANGANA,127,122
420109,TELANGANA,128,325
420109,TELANGANA,129,288
420109,TELANGANA,130,110
420109,TELANGANA,131,473
420109,TELANGANA,132,98
420109,TELANGANA,133,165
420109,TELANGANA,134,85
420109,TELANGANA,135,376
420109,TELANGANA,136,49
420109,TELANGANA,137,14
420109,TELANGANA,138,65
420109,TELANGANA,139,321
420109,TELANGANA,140,180
420109,TELANGANA,141,119
420109,TELANGANA,142,478
420109,TELANGANA,143,114
420109,TELANGANA,144,49
420109,TELANGANA,145,53
420109,TELANGANA,146,403
420109,TELANGANA,147,313
420109,TELANGANA,148,73
420109,TELANGANA,149,301
420109,TELANGANA,150,105
420109,TELANGANA,151,62
420109,TELANGANA,152,614
420109,TELANGANA,153,401
420109,TELANGANA,154,302
420109,TELANGANA,155,444
420109,TELANGANA,156,129
420109,TELANGANA,157,13
420109,TELANGANA,158,251
420109,TELANGANA,159,449
420109,TELANGANA,160,105
420109,TELANGANA,161,136
420109,TELANGANA,162,308
420109,TELANGANA,163,278
420109,TELANGANA,164,324
420109,TELANGANA,165,282
420109,TELANGANA,166,107
420109,TELANGANA,167,438
420109,TELANGANA,168,460
420109,TELANGANA,169,28
420109,TELANGANA,170,435
420109,TELANGANA,171,66
420109,TELANGANA,172,128
420109,TELANGANA,173,72
420109,TELANGANA,174,247
420109,TELANGANA,175,126
420109,TELANGANA,176,581
420109,TELANGANA,177,74
420109,TELANGANA,178,320
420109,TELANGANA,179,144
420109,TELANGANA,180,17
420109,TELANGANA,181,259
420109,TELANGANA,182,110
420109,TELANGANA,183,106
420109,TELANGANA,184,107
420109,TELANGANA,185,213
420109,TELANGANA,186,225
420109,TELANGANA,187,122
420109,TELANGANA,188,475
420109,TELANGANA,189,174
420109,TELANGANA,190,120
420109,TELANGANA,191,130
420109,TELANGANA,192,139
420109,TELANGANA,193,184
420109,TELANGANA,194,237
420109,TELANGANA,195,222
420109,TELANGANA,196,346
420109,TELANGANA,197,25
420109,TELANGANA,198,75
420109,TELANGANA,199,323
420109,TELANGANA,200,421
420109,TELANGANA,201,136
420109,TELANGANA,202,262
420109,TELANGANA,203,400
420109,TELANGANA,204,519
420109,TELANGANA,205,181
420109,TELANGANA,206,170
420109,TELANGANA,207,251
420109,TELANGANA,208,181
420109,TELANGANA,209,126
420109,TELANGANA,210,224
420109,TELANGANA,211,200
420109,TELANGANA,212,319
420109,TELANGANA,213,115
420109,TELANGANA,214,309
420109,TELANGANA,215,185
420109,TELANGANA,216,189
420109,TELANGANA,217,97
420109,TELANGANA,218,358
420109,TELANGANA,219,558
420109,TELANGANA,220,94
420109,TELANGANA,221,102
420109,TELANGANA,222,78
420109,TELANGANA,223,78
420109,TELANGANA,224,138
420109,TELANGANA,225,363
420109,TELANGANA,226,183
420109,TELANGANA,227,80
420109,TELANGANA,228,283
420109,TELANGANA,229,523
420109,TELANGANA,230,144
420109,TELANGANA,231,508
420109,TELANGANA,232,277
420109,TELANGANA,233,53
420109,TELANGANA,234,606
420109,TELANGANA,235,477
420109,TELANGANA,236,228
420109,TELANGANA,237,91
420109,TELANGANA,238,37
420109,TELANGANA,239,352
420109,TELANGANA,240,470
420109,TELANGANA,241,316
420109,TELANGANA,242,187
420109,TELANGANA,243,302
420109,TELANGANA,244,180
420109,TELANGANA,245,54
420109,TELANGANA,246,100
420109,TELANGANA,247,80
420109,TELANGANA,248,166
420109,TELANGANA,249,222
420109,TELANGANA,250,60
420109,TELANGANA,251,528
420109,TELANGANA,252,280
420109,TELANGANA,253,483
420109,TELANGANA,254,139
420109,TELANGANA,255,13
420109,TELANGANA,256,145
420109,TELANGANA,257,270
420109,TELANGANA,258,488
420109,TELANGANA,259,190
420109,TELANGANA,260,321
420109,TELANGANA,261,523
420109,TELANGANA,262,304
420109,TELANGANA,263,44
420109,TELANGANA,264,182
420109,TELANGANA,265,384
420109,TELANGANA,266,23
420109,TELANGANA,267,407
420109,TELANGANA,268,28
420109,TELANGANA,269,20
420109,TELANGANA,270,114
420109,TELANGANA,271,319
420109,TELANGANA,272,379
420109,TELANGANA,273,514
420109,TELANGANA,274,359
420109,TELANGANA,275,220
420109,TELANGANA,276,273
420109,TELANGANA,277,230
420109,TELANGANA,278,269
420109,TELANGANA,279,488
420109,TELANGANA,280,89
420109,TELANGANA,281,409
420109,TELANGANA,282,188
420109,TELANGANA,283,323
420109,TELANGANA,284,267
420109,TELANGANA,285,320
420109,TELANGANA,286,205
420109,TELANGANA,287,180
420109,TELANGANA,288,301
420109,TELANGANA,289,224
420109,TELANGANA,290,96
420109,TELANGANA,291,201
420109,TELANGANA,292,105
420109,TELANGANA,293,65
420109,TELANGANA,294,700
420109,TELANGANA,295,298
420109,TELANGANA,296,92
420109,TELANGANA,297,183
420109,TELANGANA,298,220
420109,TELANGANA,299,262
420109,TELANGANA,300,83
420109,TELANGANA,301,310
420109,TELANGANA,302,34
420109,TELANGANA,303,143
420109,TELANGANA,304,150
420109,TELANGANA,305,4
420109,TELANGANA,306,83
420109,TELANGANA,307,100
420109,TELANGANA,308,313
420109,TELANGANA,309,181
420109,TELANGANA,310,252
420109,TELANGANA,311,416
420109,TELANGANA,312,349
420109,TELANGANA,313,421
420109,TELANGANA,314,324
420109,TELANGANA,315,94
420109,TELANGANA,316,105
420109,TELANGANA,317,101
420109,TELANGANA,318,364
420109,TELANGANA,319,86
420109,TELANGANA,320,194
420109,TELANGANA,321,337
420109,TELANGANA,322,480
420109,TELANGANA,323,248
420109,TELANGANA,324,221
420109,TELANGANA,325,24
420109,TELANGANA,326,30
420109,TELANGANA,327,140
420109,TELANGANA,328,311
420109,TELANGANA,329,75
420109,TELANGANA,330,293
420109,TELANGANA,331,490
420109,TELANGANA,332,225
420109,TELANGANA,333,343
420109,TELANGANA,334,396
420109,TELANGANA,335,96
420109,TELANGANA,336,218
420109,TELANGANA,337,611
420109,TELANGANA,338,255
420109,TELANGANA,339,319
420109,TELANGANA,340,92
420109,TELANGANA,341,299
420109,TELANGANA,342,80
420109,TELANGANA,343,103
420109,TELANGANA,344,277
420109,TELANGANA,345,204
420109,TELANGANA,346,48
420109,TELANGANA,347,343
420109,TELANGANA,348,371
420109,TELANGANA,349,109
420109,TELANGANA,350,425
420109,TELANGANA,351,348
420109,TELANGANA,352,137
420109,TELANGANA,353,185
420109,TELANGANA,354,100
420109,TELANGANA,355,260
420109,TELANGANA,356,55
420109,TELANGANA,357,343
420109,TELANGANA,358,289
420109,TELANGANA,359,227
420109,TELANGANA,360,247
420109,TELANGANA,361,54
420109,TELANGANA,362,140
420109,TELANGANA,363,122
420109,TELANGANA,364,404
420109,TELANGANA,365,69
420109,TELANGANA,366,82
420109,TELANGANA,367,111
420109,TELANGANA,368,335
420109,TELANGANA,369,544
420109,TELANGANA,370,90
420109,TELANGANA,371,261
420109,TELANGANA,372,108
420109,TELANGANA,373,79
420109,TELANGANA,374,343
420109,TELANGANA,375,57
420109,TELANGANA,376,99
420109,TELANGANA,377,452
420109,TELANGANA,378,354
420109,TELANGANA,379,194
420109,TELANGANA,380,372
420109,TELANGANA,381,363
420109,TELANGANA,382,308
420109,TELANGANA,383,330
420109,TELANGANA,384,78
420109,TELANGANA,385,145
420109,TELANGANA,386,81
420109,TELANGANA,387,556
420109,TELANGANA,388,561
420109,TELANGANA,389,652
420109,TELANGANA,390,117
420109,TELANGANA,391,215
420109,TELANGANA,392,211
420109,TELANGANA,393,466
420109,TELANGANA,394,168
420109,TELANGANA,395,261
420109,TELANGANA,396,46
420109,TELANGANA,397,279
420109,TELANGANA,398,574
420109,TELANGANA,399,45
420109,TELANGANA,400,73
420109,TELANGANA,401,93
420109,TELANGANA,402,30
420109,TELANGANA,403,141
420109,TELANGANA,404,21
420109,TELANGANA,405,91
420109,TELANGANA,406,385
420109,TELANGANA,407,270
420109,TELANGANA,408,85
420109,TELANGANA,409,352
420109,TELANGANA,410,257
420109,TELANGANA,411,221
420109,TELANGANA,412,132
420109,TELANGANA,413,285
420109,TELANGANA,414,95
420109,TELANGANA,415,274
420109,TELANGANA,416,130
420109,TELANGANA,417,320
420109,TELANGANA,418,122
420109,TELANGANA,419,286
420109,TELANGANA,420,167
420109,TELANGANA,421,94
420109,TELANGANA,422,134
420109,TELANGANA,423,95
420109,TELANGANA,424,85
420109,TELANGANA,425,245
420109,TELANGANA,426,249
420109,TELANGANA,427,229
420109,TELANGANA,428,338
420109,TELANGANA,429,178
420109,TELANGANA,430,255
420109,TELANGANA,431,405
420109,TELANGANA,432,266
420109,TELANGANA,433,12
420109,TELANGANA,434,522
420109,TELANGANA,435,214
420109,TELANGANA,436,11
420109,TELANGANA,437,95
420109,TELANGANA,438,63
420109,TELANGANA,439,273
420109,TELANGANA,440,61
420109,TELANGANA,441,82
420109,TELANGANA,442,78
420109,TELANGANA,443,83
420109,TELANGANA,444,126
420109,TELANGANA,445,345
420109,TELANGANA,446,27
420109,TELANGANA,447,97
420109,TELANGANA,448,73
420109,TELANGANA,449,660
420109,TELANGANA,450,278
420109,TELANGANA,451,230
420109,TELANGANA,452,169
420109,TELANGANA,453,175
420109,TELANGANA,454,269
420109,TELANGANA,455,133
420109,TELANGANA,456,137
420109,TELANGANA,457,136
420109,TELANGANA,458,111
420109,TELANGANA,459,134
420109,TELANGANA,460,184
420109,TELANGANA,461,117
420109,TELANGANA,462,153
420109,TELANGANA,463,128
420109,TELANGANA,464,178
420109,TELANGANA,465,262
420109,TELANGANA,466,102
420109,TELANGANA,467,118
420109,TELANGANA,468,607
420109,TELANGANA,469,154
420109,TELANGANA,470,100
420109,TELANGANA,471,81
420109,TELANGANA,472,461
420109,TELANGANA,473,63
420109,TELANGANA,474,301
420109,TELANGANA,475,186
420109,TELANGANA,476,335
420109,TELANGANA,477,290
420109,TELANGANA,478,255
420109,TELANGANA,479,344
420109,TELANGANA,480,366
420109,TELANGANA,481,295
420109,TELANGANA,482,198
420109,TELANGANA,483,12
420109,TELANGANA,484,122
420109,TELANGANA,485,551
420109,TELANGANA,486,89
420109,TELANGANA,487,72
420109,TELANGANA,488,399
420109,TELANGANA,489,127
420109,TELANGANA,490,149
420109,TELANGANA,491,94
420109,TELANGANA,492,121
420109,TELANGANA,493,88
420109,TELANGANA,494,482
420109,TELANGANA,495,529
420109,TELANGANA,496,119
420109,TELANGANA,497,368
420109,TELANGANA,498,442
420109,TELANGANA,499,58
420109,TELANGANA,500,349
420109,TELANGANA,501,330
420109,TELANGANA,502,396
420109,TELANGANA,503,64
420109,TELANGANA,504,225
420109,TELANGANA,505,325
420109,TELANGANA,506,422
420109,TELANGANA,507,299
420109,TELANGANA,508,265
420109,TELANGANA,509,96
420109,TELANGANA,510,129
420109,TELANGANA,511,78
420109,TELANGANA,512,499
420109,TELANGANA,513,168
420109,TELANGANA,514,137
420109,TELANGANA,515,283
420109,TELANGANA,516,79
420109,TELANGANA,517,109
420109,TELANGANA,518,57
420109,TELANGANA,519,181
420109,TELANGANA,520,151
420109,TELANGANA,521,175
420109,TELANGANA,522,280
420109,TELANGANA,523,129
420109,TELANGANA,524,79
420109,TELANGANA,525,334
420109,TELANGANA,526,65
420109,TELANGANA,527,154
420109,TELANGANA,528,64
420109,TELANGANA,529,274
420109,TELANGANA,530,78
420109,TELANGANA,531,18
420109,TELANGANA,532,165
420109,TELANGANA,533,173
420109,TELANGANA,534,172
420109,TELANGANA,535,62
420109,TELANGANA,536,76
420109,TELANGANA,537,45
420109,TELANGANA,538,267
420109,TELANGANA,539,169
420109,TELANGANA,540,115
420109,TELANGANA,541,113
420109,TELANGANA,542,130
420109,TELANGANA,543,77
420109,TELANGANA,544,290
420109,TELANGANA,545,247
420109,TELANGANA,546,60
420109,TELANGANA,547,135
420109,TELANGANA,548,398
420109,TELANGANA,549,76
420109,TELANGANA,550,374
420109,TELANGANA,551,401
420109,TELANGANA,552,159
420109,TELANGANA,553,178
420109,TELANGANA,554,506
420109,TELANGANA,555,133
420109,TELANGANA,556,365
420109,TELANGANA,557,73
420109,TELANGANA,558,607
420109,TELANGANA,559,367
420109,TELANGANA,560,80
420109,TELANGANA,561,333
420109,TELANGANA,562,58
420109,TELANGANA,563,67
420109,TELANGANA,564,25
420109,TELANGANA,565,153
420109,TELANGANA,566,615
420109,TELANGANA,567,236
420109,TELANGANA,568,150
420109,TELANGANA,569,89
420109,TELANGANA,570,133
420109,TELANGANA,571,150
420109,TELANGANA,572,131
420109,TELANGANA,573,570
420109,TELANGANA,574,227
420109,TELANGANA,575,59
420109,TELANGANA,576,453
420109,TELANGANA,577,161
420109,TELANGANA,578,403
420109,TELANGANA,579,317
420109,TELANGANA,580,247
420109,TELANGANA,581,129
420109,TELANGANA,582,23
420109,TELANGANA,583,32
420109,TELANGANA,584,222
420109,TELANGANA,585,279
420109,TELANGANA,586,313
420109,TELANGANA,587,235
420109,TELANGANA,588,316
420109,TELANGANA,589,451
420109,TELANGANA,590,204
420109,TELANGANA,591,322
420109,TELANGANA,592,57
420109,TELANGANA,593,23
420109,TELANGANA,594,263
420109,TELANGANA,595,248
420109,TELANGANA,596,124
420109,TELANGANA,597,158
420109,TELANGANA,598,301
420109,TELANGANA,599,328
420109,TELANGANA,600,88
420109,TELANGANA,601,246
420109,TELANGANA,602,307
420109,TELANGANA,603,110
420109,TELANGANA,604,257
420109,TELANGANA,605,165
420109,TELANGANA,606,336
420109,TELANGANA,607,637
420109,TELANGANA,608,206
420109,TELANGANA,609,221
420109,TELANGANA,610,322
420109,TELANGANA,611,135
420109,TELANGANA,612,269
420109,TELANGANA,613,179
420109,TELANGANA,614,339
420109,TELANGANA,615,215
420109,TELANGANA,616,84
420109,TELANGANA,617,87
420109,TELANGANA,618,38
420109,TELANGANA,619,67
420109,TELANGANA,620,29
420109,TELANGANA,621,115
420109,TELANGANA,622,148
420109,TELANGANA,623,114
420109,TELANGANA,624,93
420109,TELANGANA,625,74
420109,TELANGANA,626,502
420109,TELANGANA,627,140
420109,TELANGANA,628,249
