Center Number,State Name,Srl No,Marks
420135,TELANGANA,1,33
420135,TELANGANA,2,676
420135,TELANGANA,3,251
420135,TELANGANA,4,39
420135,TELANGANA,5,114
420135,TELANGANA,6,364
420135,TELANGANA,7,374
420135,TELANGANA,8,188
420135,TELANGANA,9,156
420135,TELANGANA,10,161
420135,TELANGANA,11,295
420135,TELANGANA,12,58
420135,TELANGANA,13,323
420135,TELANGANA,14,47
420135,TELANGANA,15,256
420135,TELANGANA,16,78
420135,TELANGANA,17,61
420135,TELANGANA,18,61
420135,TELANGANA,19,13
420135,TELANGANA,20,514
420135,TELANGANA,21,219
420135,TELANGANA,22,34
420135,TELANGANA,23,265
420135,TELANGANA,24,200
420135,TELANGANA,25,438
420135,TELANGANA,26,230
420135,TELANGANA,27,100
420135,TELANGANA,28,118
420135,TELANGANA,29,46
420135,TELANGANA,30,103
420135,TELANGANA,31,106
420135,TELANGANA,32,300
420135,TELANGANA,33,86
420135,TELANGANA,34,365
420135,TELANGANA,35,127
420135,TELANGANA,36,123
420135,TELANGANA,37,424
420135,TELANGANA,38,380
420135,TELANGANA,39,261
420135,TELANGANA,40,251
420135,TELANGANA,41,300
420135,TELANGANA,42,340
420135,TELANGANA,43,384
420135,TELANGANA,44,39
420135,TELANGANA,45,386
420135,TELANGANA,46,262
420135,TELANGANA,47,18
420135,TELANGANA,48,456
420135,TELANGANA,49,228
420135,TELANGANA,50,121
420135,TELANGANA,51,44
420135,TELANGANA,52,217
420135,TELANGANA,53,232
420135,TELANGANA,54,131
420135,TELANGANA,55,278
420135,TELANGANA,56,527
420135,TELANGANA,57,95
420135,TELANGANA,58,91
420135,TELANGANA,59,427
420135,TELANGANA,60,179
420135,TELANGANA,61,432
420135,TELANGANA,62,388
420135,TELANGANA,63,419
420135,TELANGANA,64,278
420135,TELANGANA,65,602
420135,TELANGANA,66,70
420135,TELANGANA,67,441
420135,TELANGANA,68,371
420135,TELANGANA,69,504
420135,TELANGANA,70,303
420135,TELANGANA,71,71
420135,TELANGANA,72,225
420135,TELANGANA,73,104
420135,TELANGANA,74,151
420135,TELANGANA,75,295
420135,TELANGANA,76,193
420135,TELANGANA,77,186
420135,TELANGANA,78,206
420135,TELANGANA,79,270
420135,TELANGANA,80,238
420135,TELANGANA,81,100
420135,TELANGANA,82,553
420135,TELANGANA,83,160
420135,TELANGANA,84,488
420135,TELANGANA,85,133
420135,TELANGANA,86,86
420135,TELANGANA,87,572
420135,TELANGANA,88,272
420135,TELANGANA,89,505
420135,TELANGANA,90,263
420135,TELANGANA,91,308
420135,TELANGANA,92,299
420135,TELANGANA,93,63
420135,TELANGANA,94,486
420135,TELANGANA,95,190
420135,TELANGANA,96,196
420135,TELANGANA,97,145
420135,TELANGANA,98,406
420135,TELANGANA,99,279
420135,TELANGANA,100,425
420135,TELANGANA,101,448
420135,TELANGANA,102,135
420135,TELANGANA,103,431
420135,TELANGANA,104,57
420135,TELANGANA,105,154
420135,TELANGANA,106,205
420135,TELANGANA,107,285
420135,TELANGANA,108,315
420135,TELANGANA,109,78
420135,TELANGANA,110,144
420135,TELANGANA,111,50
420135,TELANGANA,112,502
420135,TELANGANA,113,449
420135,TELANGANA,114,323
420135,TELANGANA,115,424
420135,TELANGANA,116,227
420135,TELANGANA,117,67
420135,TELANGANA,118,140
420135,TELANGANA,119,190
420135,TELANGANA,120,121
420135,TELANGANA,121,326
420135,TELANGANA,122,74
420135,TELANGANA,123,430
420135,TELANGANA,124,344
420135,TELANGANA,125,289
420135,TELANGANA,126,52
420135,TELANGANA,127,593
420135,TELANGANA,128,334
420135,TELANGANA,129,125
420135,TELANGANA,130,390
420135,TELANGANA,131,259
420135,TELANGANA,132,489
420135,TELANGANA,133,358
420135,TELANGANA,134,62
420135,TELANGANA,135,159
420135,TELANGANA,136,619
420135,TELANGANA,137,133
420135,TELANGANA,138,128
420135,TELANGANA,139,260
420135,TELANGANA,140,601
420135,TELANGANA,141,182
420135,TELANGANA,142,103
420135,TELANGANA,143,181
420135,TELANGANA,144,36
420135,TELANGANA,145,98
420135,TELANGANA,146,87
420135,TELANGANA,147,443
420135,TELANGANA,148,610
420135,TELANGANA,149,55
420135,TELANGANA,150,688
420135,TELANGANA,151,5
420135,TELANGANA,152,656
420135,TELANGANA,153,347
420135,TELANGANA,154,274
420135,TELANGANA,155,115
420135,TELANGANA,156,297
420135,TELANGANA,157,145
420135,TELANGANA,158,257
420135,TELANGANA,159,90
420135,TELANGANA,160,78
420135,TELANGANA,161,136
420135,TELANGANA,162,218
420135,TELANGANA,163,26
420135,TELANGANA,164,55
420135,TELANGANA,165,393
420135,TELANGANA,166,194
420135,TELANGANA,167,301
420135,TELANGANA,168,384
420135,TELANGANA,169,60
420135,TELANGANA,170,705
420135,TELANGANA,19,172
420135,TELANGANA,285,173
420135,TELANGANA,192,174
420135,TELANGANA,154,175
420135,TELANGANA,655,176
420135,TELANGANA,112,177
420135,TELANGANA,49,178
420135,TELANGANA,228,179
420135,TELANGANA,467,180
420135,TELANGANA,181,281
420135,TELANGANA,182,275
420135,TELANGANA,183,129
420135,TELANGANA,184,269
420135,TELANGANA,185,156
420135,TELANGANA,186,667
420135,TELANGANA,187,30
420135,TELANGANA,188,163
420135,TELANGANA,189,380
420135,TELANGANA,190,409
420135,TELANGANA,191,67
420135,TELANGANA,192,100
420135,TELANGANA,193,127
420135,TELANGANA,194,161
420135,TELANGANA,195,393
420135,TELANGANA,196,207
420135,TELANGANA,197,122
420135,TELANGANA,198,151
420135,TELANGANA,199,396
420135,TELANGANA,200,587
420135,TELANGANA,201,119
420135,TELANGANA,202,85
420135,TELANGANA,203,130
420135,TELANGANA,204,93
420135,TELANGANA,205,209
420135,TELANGANA,206,140
420135,TELANGANA,207,318
420135,TELANGANA,208,74
420135,TELANGANA,209,327
420135,TELANGANA,210,52
420135,TELANGANA,211,150
420135,TELANGANA,212,298
420135,TELANGANA,213,279
420135,TELANGANA,214,510
420135,TELANGANA,215,81
420135,TELANGANA,216,473
420135,TELANGANA,217,386
420135,TELANGANA,218,178
420135,TELANGANA,219,244
420135,TELANGANA,220,367
420135,TELANGANA,221,215
420135,TELANGANA,222,211
420135,TELANGANA,223,243
420135,TELANGANA,224,229
420135,TELANGANA,225,437
420135,TELANGANA,226,644
420135,TELANGANA,227,131
420135,TELANGANA,228,262
420135,TELANGANA,229,254
420135,TELANGANA,230,111
420135,TELANGANA,231,569
420135,TELANGANA,232,382
420135,TELANGANA,233,251
420135,TELANGANA,234,405
420135,TELANGANA,235,514
420135,TELANGANA,236,449
420135,TELANGANA,237,48
420135,TELANGANA,238,52
420135,TELANGANA,239,389
420135,TELANGANA,240,70
420135,TELANGANA,241,343
420135,TELANGANA,242,460
420135,TELANGANA,243,465
420135,TELANGANA,244,115
420135,TELANGANA,245,160
420135,TELANGANA,246,136
420135,TELANGANA,247,100
420135,TELANGANA,248,89
420135,TELANGANA,249,211
420135,TELANGANA,250,172
420135,TELANGANA,251,542
420135,TELANGANA,252,110
420135,TELANGANA,253,284
420135,TELANGANA,254,325
420135,TELANGANA,255,54
420135,TELANGANA,256,493
420135,TELANGANA,257,376
420135,TELANGANA,258,74
420135,TELANGANA,259,99
420135,TELANGANA,260,35
420135,TELANGANA,261,242
420135,TELANGANA,262,710
420135,TELANGANA,263,96
420135,TELANGANA,264,410
420135,TELANGANA,265,448
420135,TELANGANA,266,237
420135,TELANGANA,267,62
420135,TELANGANA,268,201
420135,TELANGANA,269,110
420135,TELANGANA,270,481
420135,TELANGANA,271,166
420135,TELANGANA,272,175
420135,TELANGANA,273,319
420135,TELANGANA,274,143
420135,TELANGANA,275,444
420135,TELANGANA,276,632
420135,TELANGANA,277,164
420135,TELANGANA,278,200
420135,TELANGANA,279,82
420135,TELANGANA,280,506
420135,TELANGANA,281,350
420135,TELANGANA,282,111
420135,TELANGANA,283,526
420135,TELANGANA,284,40
420135,TELANGANA,285,324
420135,TELANGANA,286,156
420135,TELANGANA,287,288
420135,TELANGANA,288,87
420135,TELANGANA,289,117
420135,TELANGANA,290,479
420135,TELANGANA,291,440
420135,TELANGANA,292,55
420135,TELANGANA,293,74
420135,TELANGANA,294,74
420135,TELANGANA,295,103
420135,TELANGANA,296,488
420135,TELANGANA,297,222
420135,TELANGANA,298,48
420135,TELANGANA,299,19
420135,TELANGANA,300,127
420135,TELANGANA,301,255
420135,TELANGANA,302,388
420135,TELANGANA,303,114
420135,TELANGANA,304,69
420135,TELANGANA,305,135
420135,TELANGANA,306,40
420135,TELANGANA,307,296
420135,TELANGANA,308,360
420135,TELANGANA,309,432
420135,TELANGANA,310,574
420135,TELANGANA,311,183
420135,TELANGANA,312,138
420135,TELANGANA,313,217
420135,TELANGANA,314,131
420135,TELANGANA,315,100
420135,TELANGANA,316,124
420135,TELANGANA,317,185
420135,TELANGANA,318,210
420135,TELANGANA,319,17
420135,TELANGANA,320,57
420135,TELANGANA,321,168
420135,TELANGANA,322,358
420135,TELANGANA,323,138
420135,TELANGANA,28,325
420135,TELANGANA,263,326
420135,TELANGANA,161,327
420135,TELANGANA,46,328
420135,TELANGANA,363,329
420135,TELANGANA,176,330
420135,TELANGANA,331,162
420135,TELANGANA,332,242
420135,TELANGANA,333,36
420135,TELANGANA,334,135
420135,TELANGANA,335,396
420135,TELANGANA,336,93
420135,TELANGANA,337,237
420135,TELANGANA,338,261
420135,TELANGANA,339,182
420135,TELANGANA,340,72
420135,TELANGANA,341,469
420135,TELANGANA,342,51
420135,TELANGANA,343,430
420135,TELANGANA,344,260
420135,TELANGANA,345,251
420135,TELANGANA,346,228
420135,TELANGANA,347,26
420135,TELANGANA,348,295
420135,TELANGANA,349,480
420135,TELANGANA,350,312
420135,TELANGANA,351,112
420135,TELANGANA,352,143
420135,TELANGANA,353,15
420135,TELANGANA,354,50
420135,TELANGANA,355,421
420135,TELANGANA,356,251
420135,TELANGANA,357,448
420135,TELANGANA,358,136
420135,TELANGANA,359,540
420135,TELANGANA,360,259
420135,TELANGANA,361,71
420135,TELANGANA,362,265
420135,TELANGANA,363,403
420135,TELANGANA,364,184
420135,TELANGANA,365,74
420135,TELANGANA,366,235
420135,TELANGANA,367,513
420135,TELANGANA,368,43
420135,TELANGANA,369,68
420135,TELANGANA,370,287
420135,TELANGANA,371,80
420135,TELANGANA,372,233
420135,TELANGANA,373,413
420135,TELANGANA,374,220
420135,TELANGANA,375,307
420135,TELANGANA,376,63
420135,TELANGANA,377,639
420135,TELANGANA,378,137
420135,TELANGANA,379,109
420135,TELANGANA,380,340
420135,TELANGANA,381,107
420135,TELANGANA,382,409
420135,TELANGANA,383,39
420135,TELANGANA,384,352
420135,TELANGANA,385,230
420135,TELANGANA,386,481
420135,TELANGANA,387,354
420135,TELANGANA,388,242
420135,TELANGANA,389,231
420135,TELANGANA,390,43
420135,TELANGANA,391,125
420135,TELANGANA,392,70
420135,TELANGANA,393,152
420135,TELANGANA,394,95
420135,TELANGANA,395,311
420135,TELANGANA,396,28
420135,TELANGANA,397,272
420135,TELANGANA,398,448
420135,TELANGANA,399,95
420135,TELANGANA,400,256
420135,TELANGANA,401,489
420135,TELANGANA,402,482
420135,TELANGANA,403,455
420135,TELANGANA,404,120
420135,TELANGANA,405,57
420135,TELANGANA,406,206
420135,TELANGANA,407,101
420135,TELANGANA,408,205
420135,TELANGANA,409,382
420135,TELANGANA,410,623
420135,TELANGANA,411,34
420135,TELANGANA,412,221
420135,TELANGANA,413,381
420135,TELANGANA,414,47
420135,TELANGANA,415,89
420135,TELANGANA,416,52
420135,TELANGANA,417,184
420135,TELANGANA,418,41
420135,TELANGANA,419,252
420135,TELANGANA,420,690
420135,TELANGANA,421,501
420135,TELANGANA,422,378
420135,TELANGANA,423,93
420135,TELANGANA,424,127
420135,TELANGANA,425,437
420135,TELANGANA,426,584
420135,TELANGANA,427,160
420135,TELANGANA,428,162
420135,TELANGANA,429,571
420135,TELANGANA,430,106
420135,TELANGANA,431,405
420135,TELANGANA,432,199
420135,TELANGANA,433,161
420135,TELANGANA,434,292
420135,TELANGANA,435,77
420135,TELANGANA,436,147
420135,TELANGANA,437,92
420135,TELANGANA,438,142
420135,TELANGANA,439,25
420135,TELANGANA,440,136
420135,TELANGANA,441,214
420135,TELANGANA,442,191
420135,TELANGANA,443,192
420135,TELANGANA,444,197
420135,TELANGANA,445,108
420135,TELANGANA,446,284
420135,TELANGANA,447,391
420135,TELANGANA,448,59
420135,TELANGANA,449,333
420135,TELANGANA,450,263
420135,TELANGANA,451,282
420135,TELANGANA,452,620
420135,TELANGANA,453,444
420135,TELANGANA,454,174
420135,TELANGANA,455,293
420135,TELANGANA,456,194
420135,TELANGANA,457,288
420135,TELANGANA,458,139
420135,TELANGANA,459,296
420135,TELANGANA,460,510
420135,TELANGANA,461,89
420135,TELANGANA,462,112
420135,TELANGANA,463,193
420135,TELANGANA,464,40
420135,TELANGANA,465,442
420135,TELANGANA,466,120
420135,TELANGANA,467,368
420135,TELANGANA,468,111
420135,TELANGANA,469,183
420135,TELANGANA,470,264
420135,TELANGANA,471,605
420135,TELANGANA,472,428
