Center Number,State Name,Srl No,Marks
440210,UTTAR PRADESH,1,31
440210,UTTAR PRADESH,2,326
440210,UTTAR PRADESH,3,235
440210,UTTAR PRADESH,4,58
440210,UTTAR PRADESH,5,474
440210,UTTAR PRADESH,6,118
440210,UTTAR PRADESH,7,502
440210,UTTAR PRADESH,8,323
440210,UTTAR PRADESH,9,696
440210,UTTAR PRADESH,10,274
440210,UTTAR PRADESH,11,258
440210,UTTAR PRADESH,12,68
440210,UTTAR PRADESH,13,285
440210,UTTAR PRADESH,14,172
440210,UTTAR PRADESH,15,107
440210,UTTAR PRADESH,16,120
440210,UTTAR PRADESH,17,99
440210,UTTAR PRADESH,18,549
440210,UTTAR PRADESH,19,186
440210,UTTAR PRADESH,20,438
440210,UTTAR PRADESH,21,55
440210,UTTAR PRADESH,22,80
440210,UTTAR PRADESH,23,75
440210,UTTAR PRADESH,12,25
440210,UTTAR PRADESH,264,26
440210,UTTAR PRADESH,263,27
440210,UTTAR PRADESH,32,28
440210,UTTAR PRADESH,2,29
440210,UTTAR PRADESH,608,30
440210,UTTAR PRADESH,31,55
440210,UTTAR PRADESH,32,201
440210,UTTAR PRADESH,33,235
440210,UTTAR PRADESH,34,611
440210,UTTAR PRADESH,35,188
440210,UTTAR PRADESH,36,12
440210,UTTAR PRADESH,37,168
440210,UTTAR PRADESH,38,295
440210,UTTAR PRADESH,39,93
440210,UTTAR PRADESH,40,237
440210,UTTAR PRADESH,41,54
440210,UTTAR PRADESH,42,147
440210,UTTAR PRADESH,43,114
440210,UTTAR PRADESH,44,413
440210,UTTAR PRADESH,45,202
440210,UTTAR PRADESH,46,169
440210,UTTAR PRADESH,47,233
440210,UTTAR PRADESH,48,408
440210,UTTAR PRADESH,49,141
440210,UTTAR PRADESH,50,15
440210,UTTAR PRADESH,51,105
440210,UTTAR PRADESH,52,665
440210,UTTAR PRADESH,53,59
440210,UTTAR PRADESH,54,91
440210,UTTAR PRADESH,55,465
440210,UTTAR PRADESH,56,107
440210,UTTAR PRADESH,57,324
440210,UTTAR PRADESH,58,112
440210,UTTAR PRADESH,59,116
440210,UTTAR PRADESH,60,60
440210,UTTAR PRADESH,61,125
440210,UTTAR PRADESH,62,546
440210,UTTAR PRADESH,63,93
440210,UTTAR PRADESH,64,417
440210,UTTAR PRADESH,65,161
440210,UTTAR PRADESH,66,454
440210,UTTAR PRADESH,67,270
440210,UTTAR PRADESH,68,102
440210,UTTAR PRADESH,69,11
440210,UTTAR PRADESH,70,136
440210,UTTAR PRADESH,71,112
440210,UTTAR PRADESH,72,29
440210,UTTAR PRADESH,73,6
440210,UTTAR PRADESH,74,210
440210,UTTAR PRADESH,75,140
440210,UTTAR PRADESH,76,96
440210,UTTAR PRADESH,77,231
440210,UTTAR PRADESH,78,387
440210,UTTAR PRADESH,79,54
440210,UTTAR PRADESH,80,42
440210,UTTAR PRADESH,81,55
440210,UTTAR PRADESH,82,298
440210,UTTAR PRADESH,83,40
440210,UTTAR PRADESH,84,367
440210,UTTAR PRADESH,85,377
440210,UTTAR PRADESH,86,72
440210,UTTAR PRADESH,87,62
440210,UTTAR PRADESH,88,265
440210,UTTAR PRADESH,89,175
440210,UTTAR PRADESH,90,339
440210,UTTAR PRADESH,91,243
440210,UTTAR PRADESH,92,272
440210,UTTAR PRADESH,93,6
440210,UTTAR PRADESH,94,112
440210,UTTAR PRADESH,95,205
440210,UTTAR PRADESH,96,310
440210,UTTAR PRADESH,97,162
440210,UTTAR PRADESH,98,449
440210,UTTAR PRADESH,99,78
440210,UTTAR PRADESH,100,594
440210,UTTAR PRADESH,101,113
440210,UTTAR PRADESH,102,50
440210,UTTAR PRADESH,103,474
440210,UTTAR PRADESH,104,65
440210,UTTAR PRADESH,105,173
440210,UTTAR PRADESH,106,410
440210,UTTAR PRADESH,107,40
440210,UTTAR PRADESH,108,200
440210,UTTAR PRADESH,109,45
440210,UTTAR PRADESH,110,74
440210,UTTAR PRADESH,111,227
440210,UTTAR PRADESH,112,145
440210,UTTAR PRADESH,113,576
440210,UTTAR PRADESH,114,61
440210,UTTAR PRADESH,115,199
440210,UTTAR PRADESH,116,450
440210,UTTAR PRADESH,117,454
440210,UTTAR PRADESH,118,318
440210,UTTAR PRADESH,119,137
440210,UTTAR PRADESH,120,186
440210,UTTAR PRADESH,121,140
440210,UTTAR PRADESH,122,167
440210,UTTAR PRADESH,123,503
440210,UTTAR PRADESH,124,95
440210,UTTAR PRADESH,125,395
440210,UTTAR PRADESH,126,234
440210,UTTAR PRADESH,127,28
440210,UTTAR PRADESH,128,141
440210,UTTAR PRADESH,129,132
440210,UTTAR PRADESH,130,5
440210,UTTAR PRADESH,131,499
440210,UTTAR PRADESH,132,138
440210,UTTAR PRADESH,133,160
440210,UTTAR PRADESH,134,305
440210,UTTAR PRADESH,135,40
440210,UTTAR PRADESH,136,485
440210,UTTAR PRADESH,137,6
440210,UTTAR PRADESH,138,302
440210,UTTAR PRADESH,139,25
440210,UTTAR PRADESH,140,504
440210,UTTAR PRADESH,141,135
440210,UTTAR PRADESH,142,259
440210,UTTAR PRADESH,143,14
440210,UTTAR PRADESH,144,551
440210,UTTAR PRADESH,145,359
440210,UTTAR PRADESH,146,294
440210,UTTAR PRADESH,147,130
440210,UTTAR PRADESH,148,110
440210,UTTAR PRADESH,149,660
440210,UTTAR PRADESH,150,460
440210,UTTAR PRADESH,151,181
440210,UTTAR PRADESH,152,160
440210,UTTAR PRADESH,153,114
440210,UTTAR PRADESH,154,49
440210,UTTAR PRADESH,155,110
440210,UTTAR PRADESH,156,98
440210,UTTAR PRADESH,157,292
440210,UTTAR PRADESH,158,68
440210,UTTAR PRADESH,159,178
440210,UTTAR PRADESH,160,70
440210,UTTAR PRADESH,161,64
440210,UTTAR PRADESH,162,153
440210,UTTAR PRADESH,163,67
440210,UTTAR PRADESH,164,408
440210,UTTAR PRADESH,165,171
440210,UTTAR PRADESH,166,153
440210,UTTAR PRADESH,167,67
440210,UTTAR PRADESH,168,131
440210,UTTAR PRADESH,169,220
440210,UTTAR PRADESH,170,29
440210,UTTAR PRADESH,171,655
440210,UTTAR PRADESH,172,66
440210,UTTAR PRADESH,173,65
440210,UTTAR PRADESH,174,545
440210,UTTAR PRADESH,175,217
440210,UTTAR PRADESH,176,97
440210,UTTAR PRADESH,177,607
440210,UTTAR PRADESH,178,377
440210,UTTAR PRADESH,179,206
440210,UTTAR PRADESH,181,116
440210,UTTAR PRADESH,182,202
440210,UTTAR PRADESH,183,159
440210,UTTAR PRADESH,184,83
440210,UTTAR PRADESH,185,286
440210,UTTAR PRADESH,186,16
440210,UTTAR PRADESH,187,47
440210,UTTAR PRADESH,188,195
440210,UTTAR PRADESH,189,64
440210,UTTAR PRADESH,190,21
440210,UTTAR PRADESH,191,42
440210,UTTAR PRADESH,192,91
440210,UTTAR PRADESH,193,470
440210,UTTAR PRADESH,194,257
440210,UTTAR PRADESH,195,266
440210,UTTAR PRADESH,196,107
440210,UTTAR PRADESH,197,269
440210,UTTAR PRADESH,198,183
440210,UTTAR PRADESH,199,205
440210,UTTAR PRADESH,200,61
440210,UTTAR PRADESH,201,10
440210,UTTAR PRADESH,202,217
440210,UTTAR PRADESH,203,206
440210,UTTAR PRADESH,204,155
440210,UTTAR PRADESH,205,169
440210,UTTAR PRADESH,206,76
440210,UTTAR PRADESH,207,184
440210,UTTAR PRADESH,208,73
440210,UTTAR PRADESH,209,200
440210,UTTAR PRADESH,210,237
440210,UTTAR PRADESH,211,137
440210,UTTAR PRADESH,212,91
440210,UTTAR PRADESH,213,112
440210,UTTAR PRADESH,214,284
440210,UTTAR PRADESH,215,364
440210,UTTAR PRADESH,216,270
440210,UTTAR PRADESH,217,343
440210,UTTAR PRADESH,218,50
440210,UTTAR PRADESH,219,146
440210,UTTAR PRADESH,220,130
440210,UTTAR PRADESH,221,38
440210,UTTAR PRADESH,222,175
440210,UTTAR PRADESH,223,65
440210,UTTAR PRADESH,224,218
440210,UTTAR PRADESH,225,389
440210,UTTAR PRADESH,226,122
440210,UTTAR PRADESH,227,37
440210,UTTAR PRADESH,228,125
440210,UTTAR PRADESH,229,473
440210,UTTAR PRADESH,230,94
440210,UTTAR PRADESH,231,177
440210,UTTAR PRADESH,232,92
440210,UTTAR PRADESH,233,155
440210,UTTAR PRADESH,234,458
440210,UTTAR PRADESH,235,224
440210,UTTAR PRADESH,236,166
440210,UTTAR PRADESH,237,278
440210,UTTAR PRADESH,238,364
440210,UTTAR PRADESH,239,333
440210,UTTAR PRADESH,240,527
440210,UTTAR PRADESH,241,19
440210,UTTAR PRADESH,242,664
440210,UTTAR PRADESH,243,140
440210,UTTAR PRADESH,244,520
440210,UTTAR PRADESH,245,341
440210,UTTAR PRADESH,246,40
440210,UTTAR PRADESH,247,570
440210,UTTAR PRADESH,248,261
440210,UTTAR PRADESH,249,37
440210,UTTAR PRADESH,250,141
440210,UTTAR PRADESH,251,90
440210,UTTAR PRADESH,252,409
440210,UTTAR PRADESH,253,655
440210,UTTAR PRADESH,254,671
440210,UTTAR PRADESH,255,181
440210,UTTAR PRADESH,256,210
440210,UTTAR PRADESH,257,150
440210,UTTAR PRADESH,258,255
440210,UTTAR PRADESH,259,166
440210,UTTAR PRADESH,260,90
440210,UTTAR PRADESH,261,112
440210,UTTAR PRADESH,262,297
440210,UTTAR PRADESH,263,321
440210,UTTAR PRADESH,264,376
440210,UTTAR PRADESH,265,207
440210,UTTAR PRADESH,266,117
440210,UTTAR PRADESH,267,116
440210,UTTAR PRADESH,268,65
440210,UTTAR PRADESH,269,162
440210,UTTAR PRADESH,270,78
440210,UTTAR PRADESH,271,89
440210,UTTAR PRADESH,272,297
440210,UTTAR PRADESH,273,122
440210,UTTAR PRADESH,274,527
440210,UTTAR PRADESH,275,159
440210,UTTAR PRADESH,276,117
440210,UTTAR PRADESH,277,40
440210,UTTAR PRADESH,278,170
440210,UTTAR PRADESH,279,169
440210,UTTAR PRADESH,280,85
440210,UTTAR PRADESH,281,68
440210,UTTAR PRADESH,282,260
440210,UTTAR PRADESH,283,31
440210,UTTAR PRADESH,284,177
440210,UTTAR PRADESH,285,123
440210,UTTAR PRADESH,286,154
440210,UTTAR PRADESH,287,119
440210,UTTAR PRADESH,288,312
440210,UTTAR PRADESH,289,373
440210,UTTAR PRADESH,290,143
440210,UTTAR PRADESH,291,141
440210,UTTAR PRADESH,292,80
440210,UTTAR PRADESH,293,21
440210,UTTAR PRADESH,294,453
440210,UTTAR PRADESH,295,343
440210,UTTAR PRADESH,296,81
440210,UTTAR PRADESH,297,291
440210,UTTAR PRADESH,298,51
440210,UTTAR PRADESH,299,477
440210,UTTAR PRADESH,300,90
440210,UTTAR PRADESH,301,161
440210,UTTAR PRADESH,302,171
440210,UTTAR PRADESH,303,70
440210,UTTAR PRADESH,304,262
440210,UTTAR PRADESH,305,306
440210,UTTAR PRADESH,306,185
440210,UTTAR PRADESH,307,36
440210,UTTAR PRADESH,308,55
440210,UTTAR PRADESH,309,148
440210,UTTAR PRADESH,310,135
440210,UTTAR PRADESH,311,60
440210,UTTAR PRADESH,312,174
440210,UTTAR PRADESH,313,454
440210,UTTAR PRADESH,314,367
440210,UTTAR PRADESH,315,250
440210,UTTAR PRADESH,316,264
440210,UTTAR PRADESH,317,228
440210,UTTAR PRADESH,318,288
440210,UTTAR PRADESH,319,417
440210,UTTAR PRADESH,320,60
440210,UTTAR PRADESH,321,75
440210,UTTAR PRADESH,322,46
440210,UTTAR PRADESH,323,317
440210,UTTAR PRADESH,324,182
440210,UTTAR PRADESH,325,60
440210,UTTAR PRADESH,326,493
440210,UTTAR PRADESH,327,238
440210,UTTAR PRADESH,328,121
440210,UTTAR PRADESH,329,46
440210,UTTAR PRADESH,330,437
440210,UTTAR PRADESH,331,153
440210,UTTAR PRADESH,332,350
440210,UTTAR PRADESH,333,171
440210,UTTAR PRADESH,334,336
440210,UTTAR PRADESH,335,236
440210,UTTAR PRADESH,336,92
440210,UTTAR PRADESH,337,356
440210,UTTAR PRADESH,338,71
440210,UTTAR PRADESH,339,259
440210,UTTAR PRADESH,340,196
440210,UTTAR PRADESH,341,193
440210,UTTAR PRADESH,342,106
440210,UTTAR PRADESH,343,42
440210,UTTAR PRADESH,344,62
440210,UTTAR PRADESH,345,498
440210,UTTAR PRADESH,346,108
440210,UTTAR PRADESH,347,180
440210,UTTAR PRADESH,348,107
440210,UTTAR PRADESH,349,250
440210,UTTAR PRADESH,350,150
440210,UTTAR PRADESH,351,96
440210,UTTAR PRADESH,352,166
440210,UTTAR PRADESH,353,194
440210,UTTAR PRADESH,354,250
440210,UTTAR PRADESH,355,533
440210,UTTAR PRADESH,356,304
440210,UTTAR PRADESH,357,70
440210,UTTAR PRADESH,358,54
440210,UTTAR PRADESH,359,63
440210,UTTAR PRADESH,360,53
440210,UTTAR PRADESH,361,137
440210,UTTAR PRADESH,362,94
440210,UTTAR PRADESH,363,95
440210,UTTAR PRADESH,364,138
440210,UTTAR PRADESH,365,561
440210,UTTAR PRADESH,366,88
440210,UTTAR PRADESH,367,212
440210,UTTAR PRADESH,368,223
440210,UTTAR PRADESH,369,31
440210,UTTAR PRADESH,370,301
440210,UTTAR PRADESH,371,185
440210,UTTAR PRADESH,372,90
440210,UTTAR PRADESH,373,97
440210,UTTAR PRADESH,374,150
440210,UTTAR PRADESH,375,536
440210,UTTAR PRADESH,376,320
440210,UTTAR PRADESH,377,67
440210,UTTAR PRADESH,378,37
440210,UTTAR PRADESH,379,85
440210,UTTAR PRADESH,380,589
440210,UTTAR PRADESH,381,173
440210,UTTAR PRADESH,382,63
440210,UTTAR PRADESH,383,382
440210,UTTAR PRADESH,384,282
440210,UTTAR PRADESH,385,42
440210,UTTAR PRADESH,386,65
440210,UTTAR PRADESH,387,133
440210,UTTAR PRADESH,388,177
440210,UTTAR PRADESH,389,362
440210,UTTAR PRADESH,390,427
440210,UTTAR PRADESH,391,286
440210,UTTAR PRADESH,392,324
440210,UTTAR PRADESH,393,632
440210,UTTAR PRADESH,394,433
440210,UTTAR PRADESH,395,80
440210,UTTAR PRADESH,396,186
440210,UTTAR PRADESH,397,593
440210,UTTAR PRADESH,398,32
440210,UTTAR PRADESH,399,260
440210,UTTAR PRADESH,400,516
440210,UTTAR PRADESH,401,73
440210,UTTAR PRADESH,402,195
440210,UTTAR PRADESH,403,95
440210,UTTAR PRADESH,404,150
440210,UTTAR PRADESH,405,256
440210,UTTAR PRADESH,406,74
440210,UTTAR PRADESH,407,16
440210,UTTAR PRADESH,408,54
440210,UTTAR PRADESH,409,446
440210,UTTAR PRADESH,410,173
440210,UTTAR PRADESH,411,56
440210,UTTAR PRADESH,412,189
440210,UTTAR PRADESH,413,85
440210,UTTAR PRADESH,414,82
440210,UTTAR PRADESH,415,84
440210,UTTAR PRADESH,416,130
440210,UTTAR PRADESH,417,246
440210,UTTAR PRADESH,418,115
440210,UTTAR PRADESH,419,236
440210,UTTAR PRADESH,420,245
440210,UTTAR PRADESH,421,283
440210,UTTAR PRADESH,422,135
440210,UTTAR PRADESH,423,429
440210,UTTAR PRADESH,424,197
440210,UTTAR PRADESH,425,637
440210,UTTAR PRADESH,426,305
440210,UTTAR PRADESH,427,45
440210,UTTAR PRADESH,428,412
440210,UTTAR PRADESH,429,50
440210,UTTAR PRADESH,430,33
440210,UTTAR PRADESH,431,154
440210,UTTAR PRADESH,432,158
440210,UTTAR PRADESH,433,429
440210,UTTAR PRADESH,434,258
440210,UTTAR PRADESH,435,121
440210,UTTAR PRADESH,436,280
440210,UTTAR PRADESH,437,95
440210,UTTAR PRADESH,438,385
440210,UTTAR PRADESH,439,292
440210,UTTAR PRADESH,440,343
440210,UTTAR PRADESH,441,250
440210,UTTAR PRADESH,442,367
440210,UTTAR PRADESH,443,66
440210,UTTAR PRADESH,444,137
440210,UTTAR PRADESH,445,111
440210,UTTAR PRADESH,446,191
440210,UTTAR PRADESH,447,124
440210,UTTAR PRADESH,448,179
440210,UTTAR PRADESH,449,151
440210,UTTAR PRADESH,450,549
440210,UTTAR PRADESH,451,55
440210,UTTAR PRADESH,452,206
440210,UTTAR PRADESH,453,222
440210,UTTAR PRADESH,454,114
440210,UTTAR PRADESH,455,93
440210,UTTAR PRADESH,456,65
440210,UTTAR PRADESH,457,108
440210,UTTAR PRADESH,458,248
440210,UTTAR PRADESH,459,120
440210,UTTAR PRADESH,460,163
440210,UTTAR PRADESH,461,2
440210,UTTAR PRADESH,462,143
440210,UTTAR PRADESH,463,31
440210,UTTAR PRADESH,464,227
440210,UTTAR PRADESH,465,401
440210,UTTAR PRADESH,466,106
440210,UTTAR PRADESH,467,30
440210,UTTAR PRADESH,468,150
440210,UTTAR PRADESH,469,83
440210,UTTAR PRADESH,470,380
440210,UTTAR PRADESH,471,132
440210,UTTAR PRADESH,472,226
440210,UTTAR PRADESH,473,357
440210,UTTAR PRADESH,474,352
440210,UTTAR PRADESH,475,197
440210,UTTAR PRADESH,476,230
440210,UTTAR PRADESH,477,169
440210,UTTAR PRADESH,478,82
440210,UTTAR PRADESH,479,537
440210,UTTAR PRADESH,480,537
440210,UTTAR PRADESH,481,97
440210,UTTAR PRADESH,482,203
440210,UTTAR PRADESH,483,184
440210,UTTAR PRADESH,484,258
440210,UTTAR PRADESH,485,41
440210,UTTAR PRADESH,486,32
440210,UTTAR PRADESH,487,577
440210,UTTAR PRADESH,488,53
440210,UTTAR PRADESH,489,70
440210,UTTAR PRADESH,490,7
440210,UTTAR PRADESH,491,57
440210,UTTAR PRADESH,492,57
440210,UTTAR PRADESH,493,507
440210,UTTAR PRADESH,494,26
440210,UTTAR PRADESH,495,127
440210,UTTAR PRADESH,496,70
440210,UTTAR PRADESH,497,87
440210,UTTAR PRADESH,498,88
440210,UTTAR PRADESH,499,184
440210,UTTAR PRADESH,500,110
440210,UTTAR PRADESH,501,374
440210,UTTAR PRADESH,502,299
440210,UTTAR PRADESH,503,115
440210,UTTAR PRADESH,504,158
440210,UTTAR PRADESH,505,187
440210,UTTAR PRADESH,506,74
440210,UTTAR PRADESH,507,300
440210,UTTAR PRADESH,508,124
440210,UTTAR PRADESH,509,87
440210,UTTAR PRADESH,510,80
440210,UTTAR PRADESH,511,198
440210,UTTAR PRADESH,512,117
440210,UTTAR PRADESH,513,100
440210,UTTAR PRADESH,514,631
440210,UTTAR PRADESH,515,472
440210,UTTAR PRADESH,516,200
440210,UTTAR PRADESH,517,467
440210,UTTAR PRADESH,518,573
440210,UTTAR PRADESH,519,350
440210,UTTAR PRADESH,520,311
440210,UTTAR PRADESH,521,179
440210,UTTAR PRADESH,522,418
440210,UTTAR PRADESH,523,315
440210,UTTAR PRADESH,524,472
440210,UTTAR PRADESH,525,622
440210,UTTAR PRADESH,526,31
440210,UTTAR PRADESH,527,42
440210,UTTAR PRADESH,528,16
440210,UTTAR PRADESH,529,509
440210,UTTAR PRADESH,530,419
440210,UTTAR PRADESH,531,67
440210,UTTAR PRADESH,532,121
440210,UTTAR PRADESH,533,435
440210,UTTAR PRADESH,534,112
440210,UTTAR PRADESH,535,97
440210,UTTAR PRADESH,536,88
440210,UTTAR PRADESH,537,123
440210,UTTAR PRADESH,538,648
440210,UTTAR PRADESH,539,521
440210,UTTAR PRADESH,540,25
440210,UTTAR PRADESH,541,324
440210,UTTAR PRADESH,542,146
440210,UTTAR PRADESH,543,173
440210,UTTAR PRADESH,544,210
440210,UTTAR PRADESH,545,264
440210,UTTAR PRADESH,546,75
440210,UTTAR PRADESH,547,337
440210,UTTAR PRADESH,548,198
440210,UTTAR PRADESH,549,267
440210,UTTAR PRADESH,550,227
440210,UTTAR PRADESH,551,42
440210,UTTAR PRADESH,552,160
440210,UTTAR PRADESH,553,30
440210,UTTAR PRADESH,554,167
440210,UTTAR PRADESH,555,67
440210,UTTAR PRADESH,556,257
440210,UTTAR PRADESH,557,187
440210,UTTAR PRADESH,558,130
440210,UTTAR PRADESH,559,402
440210,UTTAR PRADESH,560,492
440210,UTTAR PRADESH,561,427
440210,UTTAR PRADESH,562,58
440210,UTTAR PRADESH,563,309
440210,UTTAR PRADESH,564,589
440210,UTTAR PRADESH,565,204
440210,UTTAR PRADESH,566,295
440210,UTTAR PRADESH,567,177
440210,UTTAR PRADESH,568,132
440210,UTTAR PRADESH,569,119
440210,UTTAR PRADESH,570,35
440210,UTTAR PRADESH,571,216
440210,UTTAR PRADESH,572,37
440210,UTTAR PRADESH,573,351
440210,UTTAR PRADESH,574,125
440210,UTTAR PRADESH,575,207
440210,UTTAR PRADESH,576,411
440210,UTTAR PRADESH,577,130
440210,UTTAR PRADESH,578,150
440210,UTTAR PRADESH,579,310
440210,UTTAR PRADESH,580,102
440210,UTTAR PRADESH,581,130
440210,UTTAR PRADESH,582,77
440210,UTTAR PRADESH,583,61
440210,UTTAR PRADESH,584,400
440210,UTTAR PRADESH,585,109
440210,UTTAR PRADESH,586,152
440210,UTTAR PRADESH,587,100
440210,UTTAR PRADESH,588,10
440210,UTTAR PRADESH,589,100
440210,UTTAR PRADESH,590,126
440210,UTTAR PRADESH,591,139
440210,UTTAR PRADESH,592,616
440210,UTTAR PRADESH,593,101
440210,UTTAR PRADESH,594,112
440210,UTTAR PRADESH,595,157
440210,UTTAR PRADESH,596,96
440210,UTTAR PRADESH,597,338
440210,UTTAR PRADESH,598,268
440210,UTTAR PRADESH,599,101
440210,UTTAR PRADESH,600,115
440210,UTTAR PRADESH,601,69
440210,UTTAR PRADESH,602,95
440210,UTTAR PRADESH,603,256
440210,UTTAR PRADESH,604,413
440210,UTTAR PRADESH,605,295
440210,UTTAR PRADESH,606,433
440210,UTTAR PRADESH,607,477
440210,UTTAR PRADESH,608,247
440210,UTTAR PRADESH,609,450
440210,UTTAR PRADESH,610,30
440210,UTTAR PRADESH,611,90
440210,UTTAR PRADESH,612,155
440210,UTTAR PRADESH,613,144
440210,UTTAR PRADESH,614,64
440210,UTTAR PRADESH,615,276
440210,UTTAR PRADESH,616,278
440210,UTTAR PRADESH,617,209
440210,UTTAR PRADESH,618,38
440210,UTTAR PRADESH,619,239
440210,UTTAR PRADESH,620,307
440210,UTTAR PRADESH,621,104
440210,UTTAR PRADESH,622,119
440210,UTTAR PRADESH,623,642
440210,UTTAR PRADESH,624,189
440210,UTTAR PRADESH,625,372
440210,UTTAR PRADESH,626,416
440210,UTTAR PRADESH,627,271
440210,UTTAR PRADESH,628,110
440210,UTTAR PRADESH,629,332
440210,UTTAR PRADESH,630,258
440210,UTTAR PRADESH,631,151
440210,UTTAR PRADESH,632,56
440210,UTTAR PRADESH,633,501
440210,UTTAR PRADESH,634,50
440210,UTTAR PRADESH,635,74
440210,UTTAR PRADESH,636,211
440210,UTTAR PRADESH,637,163
440210,UTTAR PRADESH,638,355
440210,UTTAR PRADESH,639,94
440210,UTTAR PRADESH,640,349
440210,UTTAR PRADESH,641,493
440210,UTTAR PRADESH,642,55
440210,UTTAR PRADESH,643,25
440210,UTTAR PRADESH,644,129
440210,UTTAR PRADESH,645,72
440210,UTTAR PRADESH,646,167
440210,UTTAR PRADESH,647,253
440210,UTTAR PRADESH,648,439
440210,UTTAR PRADESH,649,61
440210,UTTAR PRADESH,650,55
440210,UTTAR PRADESH,651,90
440210,UTTAR PRADESH,652,306
440210,UTTAR PRADESH,653,463
440210,UTTAR PRADESH,654,243
440210,UTTAR PRADESH,655,95
440210,UTTAR PRADESH,656,230
440210,UTTAR PRADESH,657,217
440210,UTTAR PRADESH,658,422
440210,UTTAR PRADESH,659,472
440210,UTTAR PRADESH,660,205
440210,UTTAR PRADESH,661,104
440210,UTTAR PRADESH,662,142
440210,UTTAR PRADESH,663,75
440210,UTTAR PRADESH,664,370
440210,UTTAR PRADESH,665,389
440210,UTTAR PRADESH,666,63
440210,UTTAR PRADESH,667,156
440210,UTTAR PRADESH,668,414
440210,UTTAR PRADESH,669,500
440210,UTTAR PRADESH,670,139
440210,UTTAR PRADESH,671,128
440210,UTTAR PRADESH,672,287
440210,UTTAR PRADESH,673,217
440210,UTTAR PRADESH,674,142
440210,UTTAR PRADESH,675,222
440210,UTTAR PRADESH,676,58
440210,UTTAR PRADESH,677,95
440210,UTTAR PRADESH,678,127
440210,UTTAR PRADESH,679,41
440210,UTTAR PRADESH,680,106
440210,UTTAR PRADESH,681,51
440210,UTTAR PRADESH,682,478
440210,UTTAR PRADESH,683,338
440210,UTTAR PRADESH,684,156
440210,UTTAR PRADESH,685,141
440210,UTTAR PRADESH,686,102
440210,UTTAR PRADESH,687,206
440210,UTTAR PRADESH,688,122
440210,UTTAR PRADESH,689,433
440210,UTTAR PRADESH,690,471
440210,UTTAR PRADESH,691,109
440210,UTTAR PRADESH,692,336
440210,UTTAR PRADESH,693,169
440210,UTTAR PRADESH,694,267
440210,UTTAR PRADESH,695,54
440210,UTTAR PRADESH,696,59
440210,UTTAR PRADESH,697,181
440210,UTTAR PRADESH,698,105
440210,UTTAR PRADESH,699,95
440210,UTTAR PRADESH,700,106
440210,UTTAR PRADESH,701,433
440210,UTTAR PRADESH,702,78
440210,UTTAR PRADESH,703,87
