Center Number,State Name,Srl No,Marks
440602,UTTAR PRADESH,1,292
440602,UTTAR PRADESH,2,107
440602,UTTAR PRADESH,3,195
440602,UTTAR PRADESH,4,148
440602,UTTAR PRADESH,5,327
440602,UTTAR PRADESH,6,47
440602,UTTAR PRADESH,7,216
440602,UTTAR PRADESH,8,595
440602,UTTAR PRADESH,9,101
440602,UTTAR PRADESH,10,80
440602,UTTAR PRADESH,11,499
440602,UTTAR PRADESH,12,62
440602,UTTAR PRADESH,13,260
440602,UTTAR PRADESH,14,468
440602,UTTAR PRADESH,15,137
440602,UTTAR PRADESH,16,143
440602,UTTAR PRADESH,17,99
440602,UTTAR PRADESH,18,218
440602,UTTAR PRADESH,19,211
440602,UTTAR PRADESH,20,72
440602,UTTAR PRADESH,21,100
440602,UTTAR PRADESH,22,317
440602,UTTAR PRADESH,23,477
440602,UTTAR PRADESH,24,228
440602,UTTAR PRADESH,10,26
440602,UTTAR PRADESH,203,27
440602,UTTAR PRADESH,70,28
440602,UTTAR PRADESH,302,29
440602,UTTAR PRADESH,58,30
440602,UTTAR PRADESH,31,466
440602,UTTAR PRADESH,32,171
440602,UTTAR PRADESH,33,85
440602,UTTAR PRADESH,34,637
440602,UTTAR PRADESH,35,40
440602,UTTAR PRADESH,36,487
440602,UTTAR PRADESH,37,75
440602,UTTAR PRADESH,38,377
440602,UTTAR PRADESH,39,96
440602,UTTAR PRADESH,40,98
440602,UTTAR PRADESH,41,330
440602,UTTAR PRADESH,42,380
440602,UTTAR PRADESH,43,125
440602,UTTAR PRADESH,44,69
440602,UTTAR PRADESH,45,243
440602,UTTAR PRADESH,46,72
440602,UTTAR PRADESH,47,37
440602,UTTAR PRADESH,48,118
440602,UTTAR PRADESH,49,531
440602,UTTAR PRADESH,50,376
440602,UTTAR PRADESH,51,178
440602,UTTAR PRADESH,52,229
440602,UTTAR PRADESH,53,161
440602,UTTAR PRADESH,54,205
440602,UTTAR PRADESH,55,120
440602,UTTAR PRADESH,56,43
440602,UTTAR PRADESH,57,75
440602,UTTAR PRADESH,58,212
440602,UTTAR PRADESH,59,125
440602,UTTAR PRADESH,60,131
440602,UTTAR PRADESH,61,505
440602,UTTAR PRADESH,62,249
440602,UTTAR PRADESH,63,77
440602,UTTAR PRADESH,64,498
440602,UTTAR PRADESH,65,127
440602,UTTAR PRADESH,66,378
440602,UTTAR PRADESH,67,166
440602,UTTAR PRADESH,68,332
440602,UTTAR PRADESH,69,205
440602,UTTAR PRADESH,70,371
440602,UTTAR PRADESH,71,32
440602,UTTAR PRADESH,72,105
440602,UTTAR PRADESH,73,633
440602,UTTAR PRADESH,74,311
440602,UTTAR PRADESH,75,125
440602,UTTAR PRADESH,76,360
440602,UTTAR PRADESH,77,490
440602,UTTAR PRADESH,78,258
440602,UTTAR PRADESH,79,51
440602,UTTAR PRADESH,80,384
440602,UTTAR PRADESH,81,304
440602,UTTAR PRADESH,82,218
440602,UTTAR PRADESH,83,614
440602,UTTAR PRADESH,84,176
440602,UTTAR PRADESH,85,104
440602,UTTAR PRADESH,86,206
440602,UTTAR PRADESH,87,47
440602,UTTAR PRADESH,88,163
440602,UTTAR PRADESH,89,71
440602,UTTAR PRADESH,90,571
440602,UTTAR PRADESH,91,346
440602,UTTAR PRADESH,92,312
440602,UTTAR PRADESH,93,594
440602,UTTAR PRADESH,94,319
440602,UTTAR PRADESH,95,231
440602,UTTAR PRADESH,96,86
440602,UTTAR PRADESH,97,75
440602,UTTAR PRADESH,98,179
440602,UTTAR PRADESH,99,132
440602,UTTAR PRADESH,100,135
440602,UTTAR PRADESH,101,36
440602,UTTAR PRADESH,102,285
440602,UTTAR PRADESH,103,149
440602,UTTAR PRADESH,104,134
440602,UTTAR PRADESH,105,121
440602,UTTAR PRADESH,106,13
440602,UTTAR PRADESH,107,192
440602,UTTAR PRADESH,108,620
440602,UTTAR PRADESH,109,181
440602,UTTAR PRADESH,110,130
440602,UTTAR PRADESH,111,62
440602,UTTAR PRADESH,112,83
440602,UTTAR PRADESH,113,600
440602,UTTAR PRADESH,114,200
440602,UTTAR PRADESH,115,240
440602,UTTAR PRADESH,116,185
440602,UTTAR PRADESH,117,76
440602,UTTAR PRADESH,118,154
440602,UTTAR PRADESH,119,338
440602,UTTAR PRADESH,120,197
440602,UTTAR PRADESH,121,166
440602,UTTAR PRADESH,122,194
440602,UTTAR PRADESH,123,285
440602,UTTAR PRADESH,124,374
440602,UTTAR PRADESH,125,158
440602,UTTAR PRADESH,126,350
440602,UTTAR PRADESH,127,161
440602,UTTAR PRADESH,128,55
440602,UTTAR PRADESH,129,261
440602,UTTAR PRADESH,130,241
440602,UTTAR PRADESH,131,58
440602,UTTAR PRADESH,132,6
440602,UTTAR PRADESH,133,124
440602,UTTAR PRADESH,134,125
440602,UTTAR PRADESH,135,658
440602,UTTAR PRADESH,136,305
440602,UTTAR PRADESH,137,159
440602,UTTAR PRADESH,138,156
440602,UTTAR PRADESH,139,296
440602,UTTAR PRADESH,140,343
440602,UTTAR PRADESH,141,543
440602,UTTAR PRADESH,142,551
440602,UTTAR PRADESH,143,315
440602,UTTAR PRADESH,144,133
440602,UTTAR PRADESH,145,165
440602,UTTAR PRADESH,146,390
440602,UTTAR PRADESH,147,60
440602,UTTAR PRADESH,148,345
440602,UTTAR PRADESH,149,691
440602,UTTAR PRADESH,150,55
440602,UTTAR PRADESH,151,69
440602,UTTAR PRADESH,152,29
440602,UTTAR PRADESH,153,100
440602,UTTAR PRADESH,154,570
440602,UTTAR PRADESH,155,186
440602,UTTAR PRADESH,156,470
440602,UTTAR PRADESH,157,91
440602,UTTAR PRADESH,158,310
440602,UTTAR PRADESH,159,261
440602,UTTAR PRADESH,160,162
440602,UTTAR PRADESH,161,355
440602,UTTAR PRADESH,162,98
440602,UTTAR PRADESH,163,169
440602,UTTAR PRADESH,164,121
440602,UTTAR PRADESH,165,295
440602,UTTAR PRADESH,166,155
440602,UTTAR PRADESH,167,71
440602,UTTAR PRADESH,168,210
440602,UTTAR PRADESH,169,498
440602,UTTAR PRADESH,170,69
440602,UTTAR PRADESH,171,474
440602,UTTAR PRADESH,172,480
440602,UTTAR PRADESH,173,407
440602,UTTAR PRADESH,174,247
440602,UTTAR PRADESH,175,468
440602,UTTAR PRADESH,176,163
440602,UTTAR PRADESH,177,188
440602,UTTAR PRADESH,178,518
440602,UTTAR PRADESH,179,201
440602,UTTAR PRADESH,180,45
440602,UTTAR PRADESH,181,310
440602,UTTAR PRADESH,182,36
440602,UTTAR PRADESH,183,38
440602,UTTAR PRADESH,184,40
440602,UTTAR PRADESH,185,134
440602,UTTAR PRADESH,186,280
440602,UTTAR PRADESH,187,476
440602,UTTAR PRADESH,188,233
440602,UTTAR PRADESH,189,429
440602,UTTAR PRADESH,190,136
440602,UTTAR PRADESH,191,69
440602,UTTAR PRADESH,192,285
440602,UTTAR PRADESH,193,333
440602,UTTAR PRADESH,194,456
440602,UTTAR PRADESH,195,615
440602,UTTAR PRADESH,196,477
440602,UTTAR PRADESH,197,342
440602,UTTAR PRADESH,198,173
440602,UTTAR PRADESH,199,184
440602,UTTAR PRADESH,200,77
440602,UTTAR PRADESH,201,215
440602,UTTAR PRADESH,202,477
440602,UTTAR PRADESH,203,311
440602,UTTAR PRADESH,204,414
440602,UTTAR PRADESH,205,198
440602,UTTAR PRADESH,206,207
440602,UTTAR PRADESH,207,170
440602,UTTAR PRADESH,208,90
440602,UTTAR PRADESH,209,121
440602,UTTAR PRADESH,210,227
440602,UTTAR PRADESH,211,621
440602,UTTAR PRADESH,212,225
440602,UTTAR PRADESH,213,97
440602,UTTAR PRADESH,214,182
440602,UTTAR PRADESH,215,155
440602,UTTAR PRADESH,216,195
440602,UTTAR PRADESH,217,302
440602,UTTAR PRADESH,218,644
440602,UTTAR PRADESH,219,115
440602,UTTAR PRADESH,220,86
440602,UTTAR PRADESH,221,127
440602,UTTAR PRADESH,222,474
440602,UTTAR PRADESH,223,91
440602,UTTAR PRADESH,224,157
440602,UTTAR PRADESH,225,388
440602,UTTAR PRADESH,226,183
440602,UTTAR PRADESH,227,41
440602,UTTAR PRADESH,228,65
440602,UTTAR PRADESH,229,243
440602,UTTAR PRADESH,230,52
440602,UTTAR PRADESH,231,53
440602,UTTAR PRADESH,232,246
440602,UTTAR PRADESH,233,467
440602,UTTAR PRADESH,234,306
440602,UTTAR PRADESH,235,257
440602,UTTAR PRADESH,236,635
440602,UTTAR PRADESH,237,422
440602,UTTAR PRADESH,238,203
440602,UTTAR PRADESH,239,208
440602,UTTAR PRADESH,240,656
440602,UTTAR PRADESH,241,367
440602,UTTAR PRADESH,242,516
440602,UTTAR PRADESH,243,520
440602,UTTAR PRADESH,244,218
440602,UTTAR PRADESH,245,207
440602,UTTAR PRADESH,246,160
440602,UTTAR PRADESH,247,238
440602,UTTAR PRADESH,248,630
440602,UTTAR PRADESH,249,64
440602,UTTAR PRADESH,250,95
440602,UTTAR PRADESH,251,255
440602,UTTAR PRADESH,252,86
440602,UTTAR PRADESH,253,108
440602,UTTAR PRADESH,254,453
440602,UTTAR PRADESH,255,126
440602,UTTAR PRADESH,256,70
440602,UTTAR PRADESH,257,114
440602,UTTAR PRADESH,258,137
440602,UTTAR PRADESH,259,532
440602,UTTAR PRADESH,260,106
440602,UTTAR PRADESH,261,171
440602,UTTAR PRADESH,262,627
440602,UTTAR PRADESH,263,63
440602,UTTAR PRADESH,264,130
440602,UTTAR PRADESH,265,151
440602,UTTAR PRADESH,266,165
440602,UTTAR PRADESH,267,150
440602,UTTAR PRADESH,268,205
440602,UTTAR PRADESH,269,100
440602,UTTAR PRADESH,270,85
440602,UTTAR PRADESH,271,189
440602,UTTAR PRADESH,272,421
440602,UTTAR PRADESH,273,105
440602,UTTAR PRADESH,274,154
440602,UTTAR PRADESH,275,135
440602,UTTAR PRADESH,276,296
440602,UTTAR PRADESH,277,336
440602,UTTAR PRADESH,278,42
440602,UTTAR PRADESH,279,80
440602,UTTAR PRADESH,280,187
440602,UTTAR PRADESH,281,36
440602,UTTAR PRADESH,282,115
440602,UTTAR PRADESH,283,375
440602,UTTAR PRADESH,284,171
440602,UTTAR PRADESH,285,33
440602,UTTAR PRADESH,286,90
440602,UTTAR PRADESH,287,65
440602,UTTAR PRADESH,288,165
440602,UTTAR PRADESH,289,572
440602,UTTAR PRADESH,290,238
440602,UTTAR PRADESH,291,349
440602,UTTAR PRADESH,292,221
440602,UTTAR PRADESH,293,94
440602,UTTAR PRADESH,294,194
440602,UTTAR PRADESH,295,233
440602,UTTAR PRADESH,296,465
440602,UTTAR PRADESH,297,434
440602,UTTAR PRADESH,298,171
440602,UTTAR PRADESH,299,130
440602,UTTAR PRADESH,300,508
440602,UTTAR PRADESH,301,627
440602,UTTAR PRADESH,302,64
440602,UTTAR PRADESH,303,108
440602,UTTAR PRADESH,304,651
440602,UTTAR PRADESH,305,492
440602,UTTAR PRADESH,306,165
440602,UTTAR PRADESH,307,130
440602,UTTAR PRADESH,308,318
440602,UTTAR PRADESH,309,131
440602,UTTAR PRADESH,5,311
440602,UTTAR PRADESH,51,312
440602,UTTAR PRADESH,93,313
440602,UTTAR PRADESH,306,314
440602,UTTAR PRADESH,374,315
440602,UTTAR PRADESH,82,316
440602,UTTAR PRADESH,239,317
440602,UTTAR PRADESH,660,318
440602,UTTAR PRADESH,205,319
440602,UTTAR PRADESH,62,320
440602,UTTAR PRADESH,540,321
440602,UTTAR PRADESH,26,322
440602,UTTAR PRADESH,252,323
440602,UTTAR PRADESH,90,324
440602,UTTAR PRADESH,121,325
440602,UTTAR PRADESH,242,326
440602,UTTAR PRADESH,63,327
440602,UTTAR PRADESH,95,328
440602,UTTAR PRADESH,642,329
440602,UTTAR PRADESH,182,330
440602,UTTAR PRADESH,331,300
440602,UTTAR PRADESH,332,95
440602,UTTAR PRADESH,333,59
440602,UTTAR PRADESH,334,523
440602,UTTAR PRADESH,335,401
440602,UTTAR PRADESH,336,624
440602,UTTAR PRADESH,337,105
440602,UTTAR PRADESH,338,216
440602,UTTAR PRADESH,339,88
440602,UTTAR PRADESH,340,73
440602,UTTAR PRADESH,341,75
440602,UTTAR PRADESH,342,351
440602,UTTAR PRADESH,343,397
440602,UTTAR PRADESH,344,198
440602,UTTAR PRADESH,345,160
440602,UTTAR PRADESH,346,103
440602,UTTAR PRADESH,347,332
440602,UTTAR PRADESH,348,278
440602,UTTAR PRADESH,349,242
440602,UTTAR PRADESH,350,296
440602,UTTAR PRADESH,351,406
440602,UTTAR PRADESH,352,73
440602,UTTAR PRADESH,353,175
440602,UTTAR PRADESH,354,368
440602,UTTAR PRADESH,355,326
440602,UTTAR PRADESH,356,249
440602,UTTAR PRADESH,357,425
440602,UTTAR PRADESH,358,309
440602,UTTAR PRADESH,359,199
440602,UTTAR PRADESH,360,484
440602,UTTAR PRADESH,361,50
440602,UTTAR PRADESH,362,138
440602,UTTAR PRADESH,363,318
440602,UTTAR PRADESH,364,56
440602,UTTAR PRADESH,365,149
440602,UTTAR PRADESH,366,137
440602,UTTAR PRADESH,367,246
440602,UTTAR PRADESH,368,219
440602,UTTAR PRADESH,369,414
440602,UTTAR PRADESH,370,85
440602,UTTAR PRADESH,371,324
440602,UTTAR PRADESH,372,176
440602,UTTAR PRADESH,373,201
440602,UTTAR PRADESH,374,96
440602,UTTAR PRADESH,375,187
440602,UTTAR PRADESH,376,25
440602,UTTAR PRADESH,377,83
440602,UTTAR PRADESH,378,235
440602,UTTAR PRADESH,379,493
440602,UTTAR PRADESH,380,467
440602,UTTAR PRADESH,381,563
440602,UTTAR PRADESH,382,75
440602,UTTAR PRADESH,383,646
440602,UTTAR PRADESH,384,270
440602,UTTAR PRADESH,385,352
440602,UTTAR PRADESH,386,118
440602,UTTAR PRADESH,387,133
440602,UTTAR PRADESH,388,285
440602,UTTAR PRADESH,389,190
440602,UTTAR PRADESH,390,338
440602,UTTAR PRADESH,391,105
440602,UTTAR PRADESH,392,220
440602,UTTAR PRADESH,393,347
440602,UTTAR PRADESH,394,284
440602,UTTAR PRADESH,395,68
440602,UTTAR PRADESH,396,408
440602,UTTAR PRADESH,397,66
440602,UTTAR PRADESH,398,663
440602,UTTAR PRADESH,399,15
440602,UTTAR PRADESH,400,144
440602,UTTAR PRADESH,401,315
440602,UTTAR PRADESH,402,81
440602,UTTAR PRADESH,403,612
440602,UTTAR PRADESH,404,241
440602,UTTAR PRADESH,405,319
440602,UTTAR PRADESH,406,90
440602,UTTAR PRADESH,407,586
440602,UTTAR PRADESH,408,139
440602,UTTAR PRADESH,409,526
440602,UTTAR PRADESH,410,561
440602,UTTAR PRADESH,411,80
440602,UTTAR PRADESH,412,209
440602,UTTAR PRADESH,413,285
440602,UTTAR PRADESH,414,242
440602,UTTAR PRADESH,415,65
440602,UTTAR PRADESH,416,72
440602,UTTAR PRADESH,417,23
440602,UTTAR PRADESH,418,80
440602,UTTAR PRADESH,419,53
440602,UTTAR PRADESH,420,92
440602,UTTAR PRADESH,421,181
440602,UTTAR PRADESH,422,255
440602,UTTAR PRADESH,423,496
440602,UTTAR PRADESH,424,224
440602,UTTAR PRADESH,425,55
440602,UTTAR PRADESH,426,409
440602,UTTAR PRADESH,427,225
440602,UTTAR PRADESH,428,281
440602,UTTAR PRADESH,429,115
440602,UTTAR PRADESH,430,707
440602,UTTAR PRADESH,431,414
440602,UTTAR PRADESH,432,418
440602,UTTAR PRADESH,433,192
440602,UTTAR PRADESH,434,359
440602,UTTAR PRADESH,435,337
440602,UTTAR PRADESH,436,35
440602,UTTAR PRADESH,437,115
440602,UTTAR PRADESH,438,103
440602,UTTAR PRADESH,439,70
440602,UTTAR PRADESH,440,489
440602,UTTAR PRADESH,441,250
440602,UTTAR PRADESH,442,120
440602,UTTAR PRADESH,443,396
440602,UTTAR PRADESH,444,268
440602,UTTAR PRADESH,445,276
440602,UTTAR PRADESH,446,330
440602,UTTAR PRADESH,447,255
440602,UTTAR PRADESH,448,221
440602,UTTAR PRADESH,449,107
440602,UTTAR PRADESH,450,84
440602,UTTAR PRADESH,451,164
440602,UTTAR PRADESH,452,271
440602,UTTAR PRADESH,453,432
440602,UTTAR PRADESH,454,352
440602,UTTAR PRADESH,455,109
440602,UTTAR PRADESH,456,150
440602,UTTAR PRADESH,457,165
440602,UTTAR PRADESH,458,608
440602,UTTAR PRADESH,459,165
440602,UTTAR PRADESH,460,446
440602,UTTAR PRADESH,461,3
440602,UTTAR PRADESH,462,96
440602,UTTAR PRADESH,463,64
440602,UTTAR PRADESH,464,515
440602,UTTAR PRADESH,465,241
440602,UTTAR PRADESH,466,138
440602,UTTAR PRADESH,467,141
440602,UTTAR PRADESH,468,541
440602,UTTAR PRADESH,469,92
440602,UTTAR PRADESH,470,315
440602,UTTAR PRADESH,471,139
440602,UTTAR PRADESH,472,205
440602,UTTAR PRADESH,473,235
440602,UTTAR PRADESH,474,431
440602,UTTAR PRADESH,475,136
440602,UTTAR PRADESH,476,55
440602,UTTAR PRADESH,477,152
440602,UTTAR PRADESH,478,482
440602,UTTAR PRADESH,479,145
440602,UTTAR PRADESH,480,194
440602,UTTAR PRADESH,481,315
440602,UTTAR PRADESH,482,312
440602,UTTAR PRADESH,483,62
440602,UTTAR PRADESH,484,576
440602,UTTAR PRADESH,485,354
440602,UTTAR PRADESH,486,129
440602,UTTAR PRADESH,487,46
440602,UTTAR PRADESH,488,599
440602,UTTAR PRADESH,489,62
440602,UTTAR PRADESH,490,427
440602,UTTAR PRADESH,491,16
440602,UTTAR PRADESH,492,584
440602,UTTAR PRADESH,493,138
440602,UTTAR PRADESH,494,111
440602,UTTAR PRADESH,495,323
440602,UTTAR PRADESH,496,244
440602,UTTAR PRADESH,497,492
440602,UTTAR PRADESH,498,371
440602,UTTAR PRADESH,499,30
440602,UTTAR PRADESH,500,270
440602,UTTAR PRADESH,501,182
440602,UTTAR PRADESH,502,329
440602,UTTAR PRADESH,503,320
440602,UTTAR PRADESH,504,327
440602,UTTAR PRADESH,505,111
440602,UTTAR PRADESH,506,191
440602,UTTAR PRADESH,507,356
440602,UTTAR PRADESH,508,608
440602,UTTAR PRADESH,40,510
440602,UTTAR PRADESH,511,126
440602,UTTAR PRADESH,512,230
440602,UTTAR PRADESH,513,350
440602,UTTAR PRADESH,514,172
440602,UTTAR PRADESH,515,123
440602,UTTAR PRADESH,516,86
440602,UTTAR PRADESH,517,285
440602,UTTAR PRADESH,518,102
440602,UTTAR PRADESH,519,194
440602,UTTAR PRADESH,520,300
440602,UTTAR PRADESH,521,187
440602,UTTAR PRADESH,522,106
440602,UTTAR PRADESH,523,83
440602,UTTAR PRADESH,524,80
440602,UTTAR PRADESH,525,225
440602,UTTAR PRADESH,526,122
440602,UTTAR PRADESH,527,353
440602,UTTAR PRADESH,528,282
440602,UTTAR PRADESH,529,315
440602,UTTAR PRADESH,530,385
440602,UTTAR PRADESH,531,617
440602,UTTAR PRADESH,532,294
440602,UTTAR PRADESH,533,345
440602,UTTAR PRADESH,534,351
440602,UTTAR PRADESH,535,168
440602,UTTAR PRADESH,536,600
440602,UTTAR PRADESH,537,229
440602,UTTAR PRADESH,538,362
440602,UTTAR PRADESH,539,408
440602,UTTAR PRADESH,540,345
440602,UTTAR PRADESH,541,150
440602,UTTAR PRADESH,542,102
440602,UTTAR PRADESH,543,365
440602,UTTAR PRADESH,544,560
440602,UTTAR PRADESH,545,492
440602,UTTAR PRADESH,546,220
440602,UTTAR PRADESH,547,40
440602,UTTAR PRADESH,548,76
440602,UTTAR PRADESH,549,303
440602,UTTAR PRADESH,550,30
440602,UTTAR PRADESH,551,442
440602,UTTAR PRADESH,552,464
440602,UTTAR PRADESH,553,90
440602,UTTAR PRADESH,554,35
440602,UTTAR PRADESH,555,182
440602,UTTAR PRADESH,556,70
440602,UTTAR PRADESH,557,0
440602,UTTAR PRADESH,558,235
440602,UTTAR PRADESH,559,95
440602,UTTAR PRADESH,560,194
440602,UTTAR PRADESH,561,80
440602,UTTAR PRADESH,562,202
440602,UTTAR PRADESH,563,128
440602,UTTAR PRADESH,564,62
440602,UTTAR PRADESH,565,73
440602,UTTAR PRADESH,566,103
440602,UTTAR PRADESH,567,245
440602,UTTAR PRADESH,568,109
440602,UTTAR PRADESH,569,249
440602,UTTAR PRADESH,570,259
440602,UTTAR PRADESH,13,572
440602,UTTAR PRADESH,313,573
440602,UTTAR PRADESH,522,574
440602,UTTAR PRADESH,89,575
440602,UTTAR PRADESH,59,576
440602,UTTAR PRADESH,410,577
440602,UTTAR PRADESH,152,578
440602,UTTAR PRADESH,93,579
440602,UTTAR PRADESH,181,580
440602,UTTAR PRADESH,180,581
440602,UTTAR PRADESH,292,582
440602,UTTAR PRADESH,437,583
440602,UTTAR PRADESH,589,584
440602,UTTAR PRADESH,50,585
440602,UTTAR PRADESH,292,586
