Center Number,State Name,Srl No,Marks
440827,UTTAR PRADESH,1,309
440827,UTTAR PRADESH,2,423
440827,UTTAR PRADESH,3,274
440827,UTTAR PRADESH,4,40
440827,UTTAR PRADESH,5,297
440827,UTTAR PRADESH,6,76
440827,UTTAR PRADESH,7,402
440827,UTTAR PRADESH,8,341
440827,UTTAR PRADESH,9,644
440827,UTTAR PRADESH,10,171
440827,UTTAR PRADESH,11,55
440827,UTTAR PRADESH,12,37
440827,UTTAR PRADESH,13,373
440827,UTTAR PRADESH,14,449
440827,UTTAR PRADESH,15,225
440827,UTTAR PRADESH,16,146
440827,UTTAR PRADESH,17,161
440827,UTTAR PRADESH,18,247
440827,UTTAR PRADESH,19,166
440827,UTTAR PRADESH,20,143
440827,UTTAR PRADESH,21,509
440827,UTTAR PRADESH,22,437
440827,UTTAR PRADESH,23,134
440827,UTTAR PRADESH,24,233
440827,UTTAR PRADESH,25,131
440827,UTTAR PRADESH,26,83
440827,UTTAR PRADESH,27,161
440827,UTTAR PRADESH,28,210
440827,UTTAR PRADESH,29,95
440827,UTTAR PRADESH,30,104
440827,UTTAR PRADESH,31,647
440827,UTTAR PRADESH,32,319
440827,UTTAR PRADESH,33,75
440827,UTTAR PRADESH,34,59
440827,UTTAR PRADESH,35,417
440827,UTTAR PRADESH,36,275
440827,UTTAR PRADESH,37,171
440827,UTTAR PRADESH,38,444
440827,UTTAR PRADESH,39,353
440827,UTTAR PRADESH,40,241
440827,UTTAR PRADESH,41,115
440827,UTTAR PRADESH,42,502
440827,UTTAR PRADESH,43,103
440827,UTTAR PRADESH,44,176
440827,UTTAR PRADESH,45,285
440827,UTTAR PRADESH,46,580
440827,UTTAR PRADESH,47,445
440827,UTTAR PRADESH,48,352
440827,UTTAR PRADESH,49,374
440827,UTTAR PRADESH,50,117
440827,UTTAR PRADESH,51,66
440827,UTTAR PRADESH,52,297
440827,UTTAR PRADESH,53,146
440827,UTTAR PRADESH,54,259
440827,UTTAR PRADESH,55,172
440827,UTTAR PRADESH,56,120
440827,UTTAR PRADESH,57,128
440827,UTTAR PRADESH,58,251
440827,UTTAR PRADESH,59,62
440827,UTTAR PRADESH,60,68
440827,UTTAR PRADESH,61,42
440827,UTTAR PRADESH,62,112
440827,UTTAR PRADESH,63,140
440827,UTTAR PRADESH,64,254
440827,UTTAR PRADESH,65,101
440827,UTTAR PRADESH,66,454
440827,UTTAR PRADESH,67,147
440827,UTTAR PRADESH,68,74
440827,UTTAR PRADESH,69,479
440827,UTTAR PRADESH,70,100
440827,UTTAR PRADESH,71,136
440827,UTTAR PRADESH,72,126
440827,UTTAR PRADESH,73,560
440827,UTTAR PRADESH,74,66
440827,UTTAR PRADESH,75,334
440827,UTTAR PRADESH,76,135
440827,UTTAR PRADESH,77,573
440827,UTTAR PRADESH,78,61
440827,UTTAR PRADESH,79,195
440827,UTTAR PRADESH,80,69
440827,UTTAR PRADESH,81,303
440827,UTTAR PRADESH,82,69
440827,UTTAR PRADESH,83,159
440827,UTTAR PRADESH,84,273
440827,UTTAR PRADESH,85,195
440827,UTTAR PRADESH,86,21
440827,UTTAR PRADESH,87,253
440827,UTTAR PRADESH,88,65
440827,UTTAR PRADESH,89,50
440827,UTTAR PRADESH,90,321
440827,UTTAR PRADESH,91,95
440827,UTTAR PRADESH,92,217
440827,UTTAR PRADESH,93,24
440827,UTTAR PRADESH,94,252
440827,UTTAR PRADESH,95,140
440827,UTTAR PRADESH,96,194
440827,UTTAR PRADESH,97,375
440827,UTTAR PRADESH,98,511
440827,UTTAR PRADESH,99,229
440827,UTTAR PRADESH,100,539
440827,UTTAR PRADESH,101,63
440827,UTTAR PRADESH,102,135
440827,UTTAR PRADESH,103,304
440827,UTTAR PRADESH,104,531
440827,UTTAR PRADESH,105,486
440827,UTTAR PRADESH,106,60
440827,UTTAR PRADESH,107,393
440827,UTTAR PRADESH,108,148
440827,UTTAR PRADESH,109,40
440827,UTTAR PRADESH,110,91
440827,UTTAR PRADESH,111,20
440827,UTTAR PRADESH,112,196
440827,UTTAR PRADESH,113,146
440827,UTTAR PRADESH,114,50
440827,UTTAR PRADESH,115,101
440827,UTTAR PRADESH,116,190
440827,UTTAR PRADESH,117,609
440827,UTTAR PRADESH,118,135
440827,UTTAR PRADESH,119,71
440827,UTTAR PRADESH,120,187
440827,UTTAR PRADESH,121,439
440827,UTTAR PRADESH,122,106
440827,UTTAR PRADESH,123,126
440827,UTTAR PRADESH,124,150
440827,UTTAR PRADESH,125,319
440827,UTTAR PRADESH,126,211
440827,UTTAR PRADESH,127,52
440827,UTTAR PRADESH,128,498
440827,UTTAR PRADESH,129,62
440827,UTTAR PRADESH,130,190
440827,UTTAR PRADESH,131,224
440827,UTTAR PRADESH,132,128
440827,UTTAR PRADESH,133,288
440827,UTTAR PRADESH,134,130
440827,UTTAR PRADESH,135,129
440827,UTTAR PRADESH,136,396
440827,UTTAR PRADESH,137,59
440827,UTTAR PRADESH,138,354
440827,UTTAR PRADESH,139,183
440827,UTTAR PRADESH,140,527
440827,UTTAR PRADESH,141,103
440827,UTTAR PRADESH,142,283
440827,UTTAR PRADESH,143,645
440827,UTTAR PRADESH,144,101
440827,UTTAR PRADESH,145,227
440827,UTTAR PRADESH,146,362
440827,UTTAR PRADESH,147,125
440827,UTTAR PRADESH,148,314
440827,UTTAR PRADESH,149,184
440827,UTTAR PRADESH,150,274
440827,UTTAR PRADESH,151,310
440827,UTTAR PRADESH,152,122
440827,UTTAR PRADESH,153,413
440827,UTTAR PRADESH,154,102
440827,UTTAR PRADESH,155,331
440827,UTTAR PRADESH,156,52
440827,UTTAR PRADESH,157,92
440827,UTTAR PRADESH,158,80
440827,UTTAR PRADESH,159,111
440827,UTTAR PRADESH,160,463
440827,UTTAR PRADESH,161,135
440827,UTTAR PRADESH,162,73
440827,UTTAR PRADESH,163,155
440827,UTTAR PRADESH,164,61
440827,UTTAR PRADESH,165,382
440827,UTTAR PRADESH,166,33
440827,UTTAR PRADESH,167,192
440827,UTTAR PRADESH,168,114
440827,UTTAR PRADESH,169,77
440827,UTTAR PRADESH,170,140
440827,UTTAR PRADESH,171,247
440827,UTTAR PRADESH,172,101
440827,UTTAR PRADESH,173,78
440827,UTTAR PRADESH,174,44
440827,UTTAR PRADESH,175,186
440827,UTTAR PRADESH,176,551
440827,UTTAR PRADESH,177,251
440827,UTTAR PRADESH,178,150
440827,UTTAR PRADESH,179,178
440827,UTTAR PRADESH,180,190
440827,UTTAR PRADESH,181,152
440827,UTTAR PRADESH,182,104
440827,UTTAR PRADESH,183,134
440827,UTTAR PRADESH,184,233
440827,UTTAR PRADESH,185,431
440827,UTTAR PRADESH,186,185
440827,UTTAR PRADESH,187,420
440827,UTTAR PRADESH,188,636
440827,UTTAR PRADESH,189,85
440827,UTTAR PRADESH,190,341
440827,UTTAR PRADESH,191,76
440827,UTTAR PRADESH,192,157
440827,UTTAR PRADESH,193,485
440827,UTTAR PRADESH,194,98
440827,UTTAR PRADESH,195,421
440827,UTTAR PRADESH,196,249
440827,UTTAR PRADESH,197,244
440827,UTTAR PRADESH,198,135
440827,UTTAR PRADESH,199,539
440827,UTTAR PRADESH,200,201
440827,UTTAR PRADESH,201,61
440827,UTTAR PRADESH,202,249
440827,UTTAR PRADESH,203,184
440827,UTTAR PRADESH,204,87
440827,UTTAR PRADESH,205,155
440827,UTTAR PRADESH,206,337
440827,UTTAR PRADESH,207,428
440827,UTTAR PRADESH,208,243
440827,UTTAR PRADESH,209,505
440827,UTTAR PRADESH,210,67
440827,UTTAR PRADESH,211,382
440827,UTTAR PRADESH,212,110
440827,UTTAR PRADESH,213,122
440827,UTTAR PRADESH,214,342
440827,UTTAR PRADESH,215,135
440827,UTTAR PRADESH,216,209
440827,UTTAR PRADESH,217,115
440827,UTTAR PRADESH,218,116
440827,UTTAR PRADESH,219,135
440827,UTTAR PRADESH,220,461
440827,UTTAR PRADESH,221,125
440827,UTTAR PRADESH,222,122
440827,UTTAR PRADESH,223,277
440827,UTTAR PRADESH,224,57
440827,UTTAR PRADESH,225,246
440827,UTTAR PRADESH,226,97
440827,UTTAR PRADESH,227,41
440827,UTTAR PRADESH,228,94
440827,UTTAR PRADESH,229,160
440827,UTTAR PRADESH,230,115
440827,UTTAR PRADESH,231,243
440827,UTTAR PRADESH,232,195
440827,UTTAR PRADESH,233,371
440827,UTTAR PRADESH,234,182
440827,UTTAR PRADESH,235,520
440827,UTTAR PRADESH,236,211
440827,UTTAR PRADESH,237,137
440827,UTTAR PRADESH,238,356
440827,UTTAR PRADESH,239,210
440827,UTTAR PRADESH,240,175
440827,UTTAR PRADESH,241,134
440827,UTTAR PRADESH,242,600
440827,UTTAR PRADESH,243,179
440827,UTTAR PRADESH,244,216
440827,UTTAR PRADESH,245,175
440827,UTTAR PRADESH,246,529
440827,UTTAR PRADESH,247,39
440827,UTTAR PRADESH,248,506
440827,UTTAR PRADESH,249,502
440827,UTTAR PRADESH,250,321
440827,UTTAR PRADESH,251,535
440827,UTTAR PRADESH,252,183
440827,UTTAR PRADESH,253,98
440827,UTTAR PRADESH,254,257
440827,UTTAR PRADESH,255,180
440827,UTTAR PRADESH,256,112
440827,UTTAR PRADESH,257,429
440827,UTTAR PRADESH,258,620
440827,UTTAR PRADESH,259,336
440827,UTTAR PRADESH,260,26
440827,UTTAR PRADESH,261,642
440827,UTTAR PRADESH,262,111
440827,UTTAR PRADESH,263,202
440827,UTTAR PRADESH,264,56
440827,UTTAR PRADESH,265,469
440827,UTTAR PRADESH,266,106
440827,UTTAR PRADESH,267,143
440827,UTTAR PRADESH,268,549
440827,UTTAR PRADESH,269,155
440827,UTTAR PRADESH,270,34
440827,UTTAR PRADESH,271,243
440827,UTTAR PRADESH,272,606
440827,UTTAR PRADESH,273,123
440827,UTTAR PRADESH,274,22
440827,UTTAR PRADESH,275,204
440827,UTTAR PRADESH,276,345
440827,UTTAR PRADESH,277,568
440827,UTTAR PRADESH,278,91
440827,UTTAR PRADESH,279,198
440827,UTTAR PRADESH,280,225
440827,UTTAR PRADESH,281,291
440827,UTTAR PRADESH,282,151
440827,UTTAR PRADESH,283,160
440827,UTTAR PRADESH,284,117
440827,UTTAR PRADESH,285,81
440827,UTTAR PRADESH,286,382
440827,UTTAR PRADESH,287,132
440827,UTTAR PRADESH,288,140
440827,UTTAR PRADESH,289,209
440827,UTTAR PRADESH,290,550
440827,UTTAR PRADESH,291,62
440827,UTTAR PRADESH,292,224
440827,UTTAR PRADESH,293,134
440827,UTTAR PRADESH,294,483
440827,UTTAR PRADESH,295,153
440827,UTTAR PRADESH,296,106
440827,UTTAR PRADESH,297,78
440827,UTTAR PRADESH,298,70
440827,UTTAR PRADESH,299,37
440827,UTTAR PRADESH,300,353
440827,UTTAR PRADESH,301,471
440827,UTTAR PRADESH,302,100
440827,UTTAR PRADESH,303,133
440827,UTTAR PRADESH,304,297
440827,UTTAR PRADESH,305,145
440827,UTTAR PRADESH,306,164
440827,UTTAR PRADESH,307,81
440827,UTTAR PRADESH,308,522
440827,UTTAR PRADESH,309,147
440827,UTTAR PRADESH,310,356
440827,UTTAR PRADESH,311,87
440827,UTTAR PRADESH,312,133
440827,UTTAR PRADESH,313,122
440827,UTTAR PRADESH,314,112
440827,UTTAR PRADESH,315,136
440827,UTTAR PRADESH,316,206
440827,UTTAR PRADESH,317,273
440827,UTTAR PRADESH,318,103
440827,UTTAR PRADESH,319,183
440827,UTTAR PRADESH,320,428
440827,UTTAR PRADESH,321,246
440827,UTTAR PRADESH,322,509
440827,UTTAR PRADESH,323,499
440827,UTTAR PRADESH,324,193
440827,UTTAR PRADESH,325,62
440827,UTTAR PRADESH,326,161
440827,UTTAR PRADESH,327,155
440827,UTTAR PRADESH,328,156
440827,UTTAR PRADESH,329,192
440827,UTTAR PRADESH,330,22
440827,UTTAR PRADESH,331,505
440827,UTTAR PRADESH,332,272
440827,UTTAR PRADESH,333,183
440827,UTTAR PRADESH,334,406
440827,UTTAR PRADESH,335,106
440827,UTTAR PRADESH,336,586
440827,UTTAR PRADESH,337,70
440827,UTTAR PRADESH,338,203
440827,UTTAR PRADESH,339,148
440827,UTTAR PRADESH,340,640
440827,UTTAR PRADESH,341,455
440827,UTTAR PRADESH,342,166
440827,UTTAR PRADESH,343,291
440827,UTTAR PRADESH,344,660
440827,UTTAR PRADESH,345,163
440827,UTTAR PRADESH,346,131
440827,UTTAR PRADESH,347,295
440827,UTTAR PRADESH,348,176
440827,UTTAR PRADESH,349,111
440827,UTTAR PRADESH,350,135
440827,UTTAR PRADESH,351,38
440827,UTTAR PRADESH,352,224
440827,UTTAR PRADESH,353,304
440827,UTTAR PRADESH,354,373
440827,UTTAR PRADESH,355,190
440827,UTTAR PRADESH,356,226
440827,UTTAR PRADESH,357,79
440827,UTTAR PRADESH,358,86
440827,UTTAR PRADESH,359,217
440827,UTTAR PRADESH,360,27
440827,UTTAR PRADESH,361,146
440827,UTTAR PRADESH,362,36
440827,UTTAR PRADESH,363,94
440827,UTTAR PRADESH,364,237
440827,UTTAR PRADESH,365,155
440827,UTTAR PRADESH,366,169
440827,UTTAR PRADESH,367,95
440827,UTTAR PRADESH,368,653
440827,UTTAR PRADESH,369,424
440827,UTTAR PRADESH,370,387
440827,UTTAR PRADESH,371,35
440827,UTTAR PRADESH,372,631
440827,UTTAR PRADESH,373,189
440827,UTTAR PRADESH,374,135
440827,UTTAR PRADESH,375,135
440827,UTTAR PRADESH,376,146
440827,UTTAR PRADESH,377,566
440827,UTTAR PRADESH,378,461
440827,UTTAR PRADESH,379,185
440827,UTTAR PRADESH,380,127
440827,UTTAR PRADESH,381,668
440827,UTTAR PRADESH,382,184
440827,UTTAR PRADESH,383,117
440827,UTTAR PRADESH,384,353
440827,UTTAR PRADESH,385,59
440827,UTTAR PRADESH,386,243
440827,UTTAR PRADESH,387,97
440827,UTTAR PRADESH,388,83
440827,UTTAR PRADESH,389,192
440827,UTTAR PRADESH,390,240
440827,UTTAR PRADESH,391,513
440827,UTTAR PRADESH,392,386
440827,UTTAR PRADESH,393,65
440827,UTTAR PRADESH,394,72
440827,UTTAR PRADESH,395,110
440827,UTTAR PRADESH,396,143
440827,UTTAR PRADESH,397,121
440827,UTTAR PRADESH,398,268
440827,UTTAR PRADESH,399,594
440827,UTTAR PRADESH,400,98
440827,UTTAR PRADESH,401,284
440827,UTTAR PRADESH,402,210
440827,UTTAR PRADESH,403,78
440827,UTTAR PRADESH,404,519
440827,UTTAR PRADESH,405,170
440827,UTTAR PRADESH,406,146
440827,UTTAR PRADESH,407,79
440827,UTTAR PRADESH,408,544
440827,UTTAR PRADESH,409,61
440827,UTTAR PRADESH,410,3
440827,UTTAR PRADESH,411,492
440827,UTTAR PRADESH,412,140
440827,UTTAR PRADESH,413,435
440827,UTTAR PRADESH,414,438
440827,UTTAR PRADESH,415,61
440827,UTTAR PRADESH,416,20
440827,UTTAR PRADESH,417,480
440827,UTTAR PRADESH,418,207
440827,UTTAR PRADESH,419,91
440827,UTTAR PRADESH,420,157
440827,UTTAR PRADESH,421,532
440827,UTTAR PRADESH,422,113
440827,UTTAR PRADESH,423,196
440827,UTTAR PRADESH,424,250
440827,UTTAR PRADESH,425,136
440827,UTTAR PRADESH,426,186
440827,UTTAR PRADESH,427,254
440827,UTTAR PRADESH,428,45
440827,UTTAR PRADESH,429,165
440827,UTTAR PRADESH,430,67
440827,UTTAR PRADESH,431,397
440827,UTTAR PRADESH,432,130
440827,UTTAR PRADESH,433,135
440827,UTTAR PRADESH,434,530
440827,UTTAR PRADESH,435,164
440827,UTTAR PRADESH,436,89
440827,UTTAR PRADESH,437,203
440827,UTTAR PRADESH,438,403
440827,UTTAR PRADESH,439,117
440827,UTTAR PRADESH,440,116
440827,UTTAR PRADESH,441,548
440827,UTTAR PRADESH,442,184
440827,UTTAR PRADESH,443,117
440827,UTTAR PRADESH,444,171
440827,UTTAR PRADESH,445,125
440827,UTTAR PRADESH,446,196
440827,UTTAR PRADESH,447,150
440827,UTTAR PRADESH,448,75
440827,UTTAR PRADESH,449,71
440827,UTTAR PRADESH,450,499
440827,UTTAR PRADESH,451,405
440827,UTTAR PRADESH,452,185
440827,UTTAR PRADESH,453,104
440827,UTTAR PRADESH,454,447
440827,UTTAR PRADESH,455,330
440827,UTTAR PRADESH,456,102
440827,UTTAR PRADESH,457,224
440827,UTTAR PRADESH,458,88
440827,UTTAR PRADESH,459,48
440827,UTTAR PRADESH,460,295
440827,UTTAR PRADESH,461,205
440827,UTTAR PRADESH,462,356
440827,UTTAR PRADESH,463,423
440827,UTTAR PRADESH,464,555
440827,UTTAR PRADESH,465,159
440827,UTTAR PRADESH,466,523
440827,UTTAR PRADESH,467,272
440827,UTTAR PRADESH,468,211
440827,UTTAR PRADESH,469,304
440827,UTTAR PRADESH,470,46
440827,UTTAR PRADESH,471,630
440827,UTTAR PRADESH,472,91
440827,UTTAR PRADESH,473,395
440827,UTTAR PRADESH,474,47
440827,UTTAR PRADESH,475,152
440827,UTTAR PRADESH,476,686
440827,UTTAR PRADESH,477,317
440827,UTTAR PRADESH,478,74
440827,UTTAR PRADESH,479,135
440827,UTTAR PRADESH,480,125
440827,UTTAR PRADESH,481,107
440827,UTTAR PRADESH,482,532
440827,UTTAR PRADESH,483,592
440827,UTTAR PRADESH,484,339
440827,UTTAR PRADESH,485,98
440827,UTTAR PRADESH,486,115
440827,UTTAR PRADESH,487,253
440827,UTTAR PRADESH,488,205
440827,UTTAR PRADESH,489,97
440827,UTTAR PRADESH,490,435
440827,UTTAR PRADESH,491,463
440827,UTTAR PRADESH,492,35
440827,UTTAR PRADESH,493,393
440827,UTTAR PRADESH,494,116
440827,UTTAR PRADESH,495,191
440827,UTTAR PRADESH,496,23
440827,UTTAR PRADESH,497,188
440827,UTTAR PRADESH,498,420
440827,UTTAR PRADESH,499,217
440827,UTTAR PRADESH,500,51
440827,UTTAR PRADESH,501,250
440827,UTTAR PRADESH,502,417
440827,UTTAR PRADESH,503,116
440827,UTTAR PRADESH,504,138
440827,UTTAR PRADESH,505,374
440827,UTTAR PRADESH,506,43
440827,UTTAR PRADESH,507,245
440827,UTTAR PRADESH,508,110
440827,UTTAR PRADESH,509,138
440827,UTTAR PRADESH,510,229
440827,UTTAR PRADESH,511,131
440827,UTTAR PRADESH,512,138
440827,UTTAR PRADESH,513,471
440827,UTTAR PRADESH,514,79
440827,UTTAR PRADESH,515,577
440827,UTTAR PRADESH,516,250
440827,UTTAR PRADESH,517,380
440827,UTTAR PRADESH,518,328
440827,UTTAR PRADESH,519,35
440827,UTTAR PRADESH,520,549
440827,UTTAR PRADESH,521,158
440827,UTTAR PRADESH,522,105
440827,UTTAR PRADESH,523,676
440827,UTTAR PRADESH,524,90
440827,UTTAR PRADESH,525,98
440827,UTTAR PRADESH,526,93
440827,UTTAR PRADESH,527,548
440827,UTTAR PRADESH,528,333
440827,UTTAR PRADESH,529,705
440827,UTTAR PRADESH,530,501
440827,UTTAR PRADESH,531,24
440827,UTTAR PRADESH,532,287
440827,UTTAR PRADESH,533,348
440827,UTTAR PRADESH,534,198
440827,UTTAR PRADESH,535,212
440827,UTTAR PRADESH,536,271
440827,UTTAR PRADESH,537,32
440827,UTTAR PRADESH,538,116
440827,UTTAR PRADESH,539,69
440827,UTTAR PRADESH,540,85
440827,UTTAR PRADESH,541,334
440827,UTTAR PRADESH,542,34
440827,UTTAR PRADESH,543,491
440827,UTTAR PRADESH,544,146
440827,UTTAR PRADESH,545,150
440827,UTTAR PRADESH,546,356
440827,UTTAR PRADESH,547,0
440827,UTTAR PRADESH,548,268
440827,UTTAR PRADESH,549,74
440827,UTTAR PRADESH,550,346
440827,UTTAR PRADESH,551,75
440827,UTTAR PRADESH,552,270
440827,UTTAR PRADESH,553,55
440827,UTTAR PRADESH,554,17
440827,UTTAR PRADESH,555,437
440827,UTTAR PRADESH,556,501
440827,UTTAR PRADESH,557,65
440827,UTTAR PRADESH,558,75
440827,UTTAR PRADESH,559,5
440827,UTTAR PRADESH,560,220
440827,UTTAR PRADESH,561,235
440827,UTTAR PRADESH,562,214
440827,UTTAR PRADESH,563,70
440827,UTTAR PRADESH,564,207
440827,UTTAR PRADESH,565,92
440827,UTTAR PRADESH,566,520
440827,UTTAR PRADESH,567,47
440827,UTTAR PRADESH,568,25
440827,UTTAR PRADESH,569,485
440827,UTTAR PRADESH,570,76
440827,UTTAR PRADESH,571,46
440827,UTTAR PRADESH,572,95
440827,UTTAR PRADESH,573,65
440827,UTTAR PRADESH,574,115
440827,UTTAR PRADESH,575,31
440827,UTTAR PRADESH,576,652
440827,UTTAR PRADESH,577,351
440827,UTTAR PRADESH,578,145
440827,UTTAR PRADESH,579,557
440827,UTTAR PRADESH,580,98
440827,UTTAR PRADESH,581,52
440827,UTTAR PRADESH,582,55
440827,UTTAR PRADESH,583,582
440827,UTTAR PRADESH,584,62
440827,UTTAR PRADESH,585,211
440827,UTTAR PRADESH,586,157
