Center Number,State Name,Srl No,Marks
440833,UTTAR PRADESH,1,430
440833,UTTAR PRADESH,2,431
440833,UTTAR PRADESH,3,68
440833,UTTAR PRADESH,4,140
440833,UTTAR PRADESH,5,71
440833,UTTAR PRADESH,6,320
440833,UTTAR PRADESH,7,72
440833,UTTAR PRADESH,8,287
440833,UTTAR PRADESH,9,75
440833,UTTAR PRADESH,10,175
440833,UTTAR PRADESH,11,307
440833,UTTAR PRADESH,12,33
440833,UTTAR PRADESH,13,369
440833,UTTAR PRADESH,14,105
440833,UTTAR PRADESH,15,254
440833,UTTAR PRADESH,16,37
440833,UTTAR PRADESH,17,661
440833,UTTAR PRADESH,18,168
440833,UTTAR PRADESH,19,235
440833,UTTAR PRADESH,20,479
440833,UTTAR PRADESH,21,217
440833,UTTAR PRADESH,22,59
440833,UTTAR PRADESH,23,410
440833,UTTAR PRADESH,24,366
440833,UTTAR PRADESH,25,652
440833,UTTAR PRADESH,26,200
440833,UTTAR PRADESH,27,142
440833,UTTAR PRADESH,28,405
440833,UTTAR PRADESH,29,479
440833,UTTAR PRADESH,30,305
440833,UTTAR PRADESH,31,5
440833,UTTAR PRADESH,32,77
440833,UTTAR PRADESH,33,493
440833,UTTAR PRADESH,34,136
440833,UTTAR PRADESH,35,109
440833,UTTAR PRADESH,36,326
440833,UTTAR PRADESH,37,584
440833,UTTAR PRADESH,38,234
440833,UTTAR PRADESH,39,2
440833,UTTAR PRADESH,40,404
440833,UTTAR PRADESH,41,215
440833,UTTAR PRADESH,42,534
440833,UTTAR PRADESH,43,529
440833,UTTAR PRADESH,44,149
440833,UTTAR PRADESH,45,261
440833,UTTAR PRADESH,46,166
440833,UTTAR PRADESH,47,442
440833,UTTAR PRADESH,48,42
440833,UTTAR PRADESH,49,208
440833,UTTAR PRADESH,50,115
440833,UTTAR PRADESH,51,611
440833,UTTAR PRADESH,52,346
440833,UTTAR PRADESH,53,700
440833,UTTAR PRADESH,54,170
440833,UTTAR PRADESH,55,55
440833,UTTAR PRADESH,56,134
440833,UTTAR PRADESH,57,387
440833,UTTAR PRADESH,58,210
440833,UTTAR PRADESH,59,75
440833,UTTAR PRADESH,60,390
440833,UTTAR PRADESH,61,90
440833,UTTAR PRADESH,62,85
440833,UTTAR PRADESH,63,177
440833,UTTAR PRADESH,64,58
440833,UTTAR PRADESH,65,537
440833,UTTAR PRADESH,66,322
440833,UTTAR PRADESH,67,233
440833,UTTAR PRADESH,68,183
440833,UTTAR PRADESH,69,96
440833,UTTAR PRADESH,70,295
440833,UTTAR PRADESH,71,85
440833,UTTAR PRADESH,72,105
440833,UTTAR PRADESH,73,113
440833,UTTAR PRADESH,74,187
440833,UTTAR PRADESH,75,209
440833,UTTAR PRADESH,76,43
440833,UTTAR PRADESH,77,227
440833,UTTAR PRADESH,78,145
440833,UTTAR PRADESH,79,541
440833,UTTAR PRADESH,80,170
440833,UTTAR PRADESH,81,114
440833,UTTAR PRADESH,82,472
440833,UTTAR PRADESH,83,91
440833,UTTAR PRADESH,84,677
440833,UTTAR PRADESH,85,97
440833,UTTAR PRADESH,86,469
440833,UTTAR PRADESH,87,134
440833,UTTAR PRADESH,88,124
440833,UTTAR PRADESH,89,485
440833,UTTAR PRADESH,90,176
440833,UTTAR PRADESH,91,309
440833,UTTAR PRADESH,92,10
440833,UTTAR PRADESH,93,299
440833,UTTAR PRADESH,94,224
440833,UTTAR PRADESH,95,242
440833,UTTAR PRADESH,96,391
440833,UTTAR PRADESH,97,125
440833,UTTAR PRADESH,98,115
440833,UTTAR PRADESH,99,107
440833,UTTAR PRADESH,100,258
440833,UTTAR PRADESH,101,60
440833,UTTAR PRADESH,102,351
440833,UTTAR PRADESH,103,129
440833,UTTAR PRADESH,104,602
440833,UTTAR PRADESH,105,80
440833,UTTAR PRADESH,106,181
440833,UTTAR PRADESH,107,50
440833,UTTAR PRADESH,108,47
440833,UTTAR PRADESH,109,85
440833,UTTAR PRADESH,110,169
440833,UTTAR PRADESH,111,305
440833,UTTAR PRADESH,112,57
440833,UTTAR PRADESH,113,192
440833,UTTAR PRADESH,114,217
440833,UTTAR PRADESH,115,333
440833,UTTAR PRADESH,116,530
440833,UTTAR PRADESH,117,522
440833,UTTAR PRADESH,118,375
440833,UTTAR PRADESH,119,249
440833,UTTAR PRADESH,120,215
440833,UTTAR PRADESH,121,152
440833,UTTAR PRADESH,122,430
440833,UTTAR PRADESH,123,319
440833,UTTAR PRADESH,124,45
440833,UTTAR PRADESH,125,173
440833,UTTAR PRADESH,126,701
440833,UTTAR PRADESH,127,119
440833,UTTAR PRADESH,128,95
440833,UTTAR PRADESH,129,57
440833,UTTAR PRADESH,130,176
440833,UTTAR PRADESH,131,232
440833,UTTAR PRADESH,132,153
440833,UTTAR PRADESH,133,58
440833,UTTAR PRADESH,134,527
440833,UTTAR PRADESH,135,463
440833,UTTAR PRADESH,136,89
440833,UTTAR PRADESH,137,313
440833,UTTAR PRADESH,138,529
440833,UTTAR PRADESH,139,427
440833,UTTAR PRADESH,140,117
440833,UTTAR PRADESH,141,409
440833,UTTAR PRADESH,142,407
440833,UTTAR PRADESH,143,94
440833,UTTAR PRADESH,144,541
440833,UTTAR PRADESH,145,193
440833,UTTAR PRADESH,146,13
440833,UTTAR PRADESH,147,95
440833,UTTAR PRADESH,148,88
440833,UTTAR PRADESH,149,338
440833,UTTAR PRADESH,150,71
440833,UTTAR PRADESH,151,468
440833,UTTAR PRADESH,152,212
440833,UTTAR PRADESH,153,15
440833,UTTAR PRADESH,154,260
440833,UTTAR PRADESH,155,256
440833,UTTAR PRADESH,156,68
440833,UTTAR PRADESH,157,206
440833,UTTAR PRADESH,158,244
440833,UTTAR PRADESH,159,233
440833,UTTAR PRADESH,160,262
440833,UTTAR PRADESH,161,88
440833,UTTAR PRADESH,162,59
440833,UTTAR PRADESH,163,508
440833,UTTAR PRADESH,164,165
440833,UTTAR PRADESH,165,469
440833,UTTAR PRADESH,166,163
440833,UTTAR PRADESH,167,93
440833,UTTAR PRADESH,168,191
440833,UTTAR PRADESH,169,572
440833,UTTAR PRADESH,170,152
440833,UTTAR PRADESH,171,113
440833,UTTAR PRADESH,172,681
440833,UTTAR PRADESH,173,93
440833,UTTAR PRADESH,174,185
440833,UTTAR PRADESH,175,411
440833,UTTAR PRADESH,176,164
440833,UTTAR PRADESH,177,316
440833,UTTAR PRADESH,178,104
440833,UTTAR PRADESH,179,110
440833,UTTAR PRADESH,180,130
440833,UTTAR PRADESH,181,40
440833,UTTAR PRADESH,182,115
440833,UTTAR PRADESH,183,400
440833,UTTAR PRADESH,184,45
440833,UTTAR PRADESH,185,245
440833,UTTAR PRADESH,186,405
440833,UTTAR PRADESH,187,301
440833,UTTAR PRADESH,188,342
440833,UTTAR PRADESH,189,46
440833,UTTAR PRADESH,190,208
440833,UTTAR PRADESH,191,274
440833,UTTAR PRADESH,192,109
440833,UTTAR PRADESH,193,365
440833,UTTAR PRADESH,194,29
440833,UTTAR PRADESH,195,176
440833,UTTAR PRADESH,196,76
440833,UTTAR PRADESH,197,73
440833,UTTAR PRADESH,198,469
440833,UTTAR PRADESH,199,10
440833,UTTAR PRADESH,200,266
440833,UTTAR PRADESH,201,400
440833,UTTAR PRADESH,202,120
440833,UTTAR PRADESH,203,152
440833,UTTAR PRADESH,204,90
440833,UTTAR PRADESH,205,553
440833,UTTAR PRADESH,206,70
440833,UTTAR PRADESH,207,109
440833,UTTAR PRADESH,208,329
440833,UTTAR PRADESH,209,634
440833,UTTAR PRADESH,210,15
440833,UTTAR PRADESH,211,384
440833,UTTAR PRADESH,212,274
440833,UTTAR PRADESH,213,135
440833,UTTAR PRADESH,214,630
440833,UTTAR PRADESH,215,132
440833,UTTAR PRADESH,216,134
440833,UTTAR PRADESH,217,234
440833,UTTAR PRADESH,218,78
440833,UTTAR PRADESH,219,250
440833,UTTAR PRADESH,220,45
440833,UTTAR PRADESH,221,49
440833,UTTAR PRADESH,222,273
440833,UTTAR PRADESH,223,55
440833,UTTAR PRADESH,224,462
440833,UTTAR PRADESH,225,65
440833,UTTAR PRADESH,226,75
440833,UTTAR PRADESH,227,208
440833,UTTAR PRADESH,228,61
440833,UTTAR PRADESH,229,490
440833,UTTAR PRADESH,230,52
440833,UTTAR PRADESH,231,668
440833,UTTAR PRADESH,232,178
440833,UTTAR PRADESH,233,442
440833,UTTAR PRADESH,234,378
440833,UTTAR PRADESH,235,93
440833,UTTAR PRADESH,236,47
440833,UTTAR PRADESH,237,311
440833,UTTAR PRADESH,238,92
440833,UTTAR PRADESH,239,59
440833,UTTAR PRADESH,240,413
440833,UTTAR PRADESH,241,223
440833,UTTAR PRADESH,242,279
440833,UTTAR PRADESH,243,150
440833,UTTAR PRADESH,244,58
440833,UTTAR PRADESH,245,208
440833,UTTAR PRADESH,246,79
440833,UTTAR PRADESH,247,321
440833,UTTAR PRADESH,248,133
440833,UTTAR PRADESH,249,117
440833,UTTAR PRADESH,250,84
440833,UTTAR PRADESH,251,605
440833,UTTAR PRADESH,252,565
440833,UTTAR PRADESH,253,20
440833,UTTAR PRADESH,254,347
440833,UTTAR PRADESH,255,298
440833,UTTAR PRADESH,256,249
440833,UTTAR PRADESH,257,85
440833,UTTAR PRADESH,258,547
440833,UTTAR PRADESH,259,316
440833,UTTAR PRADESH,260,159
440833,UTTAR PRADESH,261,169
440833,UTTAR PRADESH,262,74
440833,UTTAR PRADESH,263,349
440833,UTTAR PRADESH,264,532
440833,UTTAR PRADESH,265,267
440833,UTTAR PRADESH,266,59
440833,UTTAR PRADESH,267,199
440833,UTTAR PRADESH,268,88
440833,UTTAR PRADESH,269,292
440833,UTTAR PRADESH,270,220
440833,UTTAR PRADESH,271,86
440833,UTTAR PRADESH,272,25
440833,UTTAR PRADESH,273,32
440833,UTTAR PRADESH,274,100
440833,UTTAR PRADESH,275,280
440833,UTTAR PRADESH,276,75
440833,UTTAR PRADESH,277,444
440833,UTTAR PRADESH,278,304
440833,UTTAR PRADESH,279,95
440833,UTTAR PRADESH,280,256
440833,UTTAR PRADESH,281,66
440833,UTTAR PRADESH,282,489
440833,UTTAR PRADESH,283,660
440833,UTTAR PRADESH,284,191
440833,UTTAR PRADESH,285,237
440833,UTTAR PRADESH,286,219
440833,UTTAR PRADESH,287,433
440833,UTTAR PRADESH,288,461
440833,UTTAR PRADESH,289,98
440833,UTTAR PRADESH,290,92
440833,UTTAR PRADESH,291,226
440833,UTTAR PRADESH,292,218
440833,UTTAR PRADESH,293,174
440833,UTTAR PRADESH,294,96
440833,UTTAR PRADESH,295,395
440833,UTTAR PRADESH,296,68
440833,UTTAR PRADESH,297,230
440833,UTTAR PRADESH,298,107
440833,UTTAR PRADESH,299,516
440833,UTTAR PRADESH,300,143
440833,UTTAR PRADESH,301,486
440833,UTTAR PRADESH,302,59
440833,UTTAR PRADESH,303,48
440833,UTTAR PRADESH,304,209
440833,UTTAR PRADESH,305,484
440833,UTTAR PRADESH,306,495
440833,UTTAR PRADESH,307,93
440833,UTTAR PRADESH,308,41
440833,UTTAR PRADESH,309,574
440833,UTTAR PRADESH,310,269
440833,UTTAR PRADESH,311,58
440833,UTTAR PRADESH,312,257
440833,UTTAR PRADESH,313,540
440833,UTTAR PRADESH,314,18
440833,UTTAR PRADESH,315,85
440833,UTTAR PRADESH,316,369
440833,UTTAR PRADESH,317,164
440833,UTTAR PRADESH,318,463
440833,UTTAR PRADESH,319,109
440833,UTTAR PRADESH,320,85
440833,UTTAR PRADESH,321,366
440833,UTTAR PRADESH,322,65
440833,UTTAR PRADESH,323,147
440833,UTTAR PRADESH,324,131
440833,UTTAR PRADESH,325,91
440833,UTTAR PRADESH,326,102
440833,UTTAR PRADESH,327,216
440833,UTTAR PRADESH,328,145
440833,UTTAR PRADESH,329,673
440833,UTTAR PRADESH,330,94
440833,UTTAR PRADESH,331,54
440833,UTTAR PRADESH,332,226
440833,UTTAR PRADESH,333,124
440833,UTTAR PRADESH,334,84
440833,UTTAR PRADESH,335,325
440833,UTTAR PRADESH,336,262
440833,UTTAR PRADESH,337,510
440833,UTTAR PRADESH,338,59
440833,UTTAR PRADESH,339,160
440833,UTTAR PRADESH,340,174
440833,UTTAR PRADESH,341,459
440833,UTTAR PRADESH,342,164
440833,UTTAR PRADESH,343,93
440833,UTTAR PRADESH,344,74
440833,UTTAR PRADESH,345,278
440833,UTTAR PRADESH,346,158
440833,UTTAR PRADESH,347,1
440833,UTTAR PRADESH,348,85
440833,UTTAR PRADESH,349,260
440833,UTTAR PRADESH,350,394
440833,UTTAR PRADESH,351,104
440833,UTTAR PRADESH,352,200
440833,UTTAR PRADESH,353,238
440833,UTTAR PRADESH,354,440
440833,UTTAR PRADESH,355,156
440833,UTTAR PRADESH,356,54
440833,UTTAR PRADESH,357,78
440833,UTTAR PRADESH,358,77
440833,UTTAR PRADESH,359,231
440833,UTTAR PRADESH,360,300
440833,UTTAR PRADESH,361,603
440833,UTTAR PRADESH,362,204
440833,UTTAR PRADESH,363,147
440833,UTTAR PRADESH,364,151
440833,UTTAR PRADESH,365,297
440833,UTTAR PRADESH,366,150
440833,UTTAR PRADESH,367,120
440833,UTTAR PRADESH,368,187
440833,UTTAR PRADESH,369,43
440833,UTTAR PRADESH,370,103
440833,UTTAR PRADESH,371,121
440833,UTTAR PRADESH,372,244
440833,UTTAR PRADESH,373,218
440833,UTTAR PRADESH,374,296
440833,UTTAR PRADESH,375,44
440833,UTTAR PRADESH,376,56
440833,UTTAR PRADESH,377,45
440833,UTTAR PRADESH,378,204
440833,UTTAR PRADESH,379,321
440833,UTTAR PRADESH,380,362
440833,UTTAR PRADESH,381,279
440833,UTTAR PRADESH,382,497
440833,UTTAR PRADESH,383,75
440833,UTTAR PRADESH,384,122
440833,UTTAR PRADESH,385,64
440833,UTTAR PRADESH,386,280
440833,UTTAR PRADESH,387,658
440833,UTTAR PRADESH,388,221
440833,UTTAR PRADESH,389,43
440833,UTTAR PRADESH,390,85
440833,UTTAR PRADESH,391,338
440833,UTTAR PRADESH,392,50
440833,UTTAR PRADESH,393,49
440833,UTTAR PRADESH,394,526
440833,UTTAR PRADESH,395,265
440833,UTTAR PRADESH,396,285
440833,UTTAR PRADESH,397,683
440833,UTTAR PRADESH,398,210
440833,UTTAR PRADESH,399,246
440833,UTTAR PRADESH,400,198
440833,UTTAR PRADESH,401,57
440833,UTTAR PRADESH,402,221
440833,UTTAR PRADESH,403,76
440833,UTTAR PRADESH,404,310
440833,UTTAR PRADESH,405,440
440833,UTTAR PRADESH,406,546
440833,UTTAR PRADESH,407,71
440833,UTTAR PRADESH,408,158
440833,UTTAR PRADESH,409,114
440833,UTTAR PRADESH,410,115
440833,UTTAR PRADESH,411,589
440833,UTTAR PRADESH,412,371
440833,UTTAR PRADESH,413,396
440833,UTTAR PRADESH,414,421
440833,UTTAR PRADESH,415,150
440833,UTTAR PRADESH,416,210
440833,UTTAR PRADESH,417,93
440833,UTTAR PRADESH,418,327
440833,UTTAR PRADESH,419,365
440833,UTTAR PRADESH,420,69
440833,UTTAR PRADESH,421,398
440833,UTTAR PRADESH,422,37
440833,UTTAR PRADESH,423,182
440833,UTTAR PRADESH,424,303
440833,UTTAR PRADESH,425,311
440833,UTTAR PRADESH,426,253
440833,UTTAR PRADESH,427,311
440833,UTTAR PRADESH,428,27
440833,UTTAR PRADESH,429,248
440833,UTTAR PRADESH,430,452
440833,UTTAR PRADESH,431,150
440833,UTTAR PRADESH,432,113
440833,UTTAR PRADESH,433,132
440833,UTTAR PRADESH,434,265
440833,UTTAR PRADESH,435,233
440833,UTTAR PRADESH,436,244
440833,UTTAR PRADESH,437,554
440833,UTTAR PRADESH,438,167
440833,UTTAR PRADESH,439,194
440833,UTTAR PRADESH,440,136
440833,UTTAR PRADESH,441,240
440833,UTTAR PRADESH,442,486
440833,UTTAR PRADESH,443,173
440833,UTTAR PRADESH,444,42
440833,UTTAR PRADESH,445,139
440833,UTTAR PRADESH,446,29
440833,UTTAR PRADESH,447,140
440833,UTTAR PRADESH,448,257
440833,UTTAR PRADESH,449,75
440833,UTTAR PRADESH,450,322
440833,UTTAR PRADESH,451,562
440833,UTTAR PRADESH,452,218
440833,UTTAR PRADESH,453,157
440833,UTTAR PRADESH,454,530
440833,UTTAR PRADESH,455,668
440833,UTTAR PRADESH,456,195
440833,UTTAR PRADESH,457,416
440833,UTTAR PRADESH,458,95
440833,UTTAR PRADESH,459,84
440833,UTTAR PRADESH,460,190
440833,UTTAR PRADESH,461,157
440833,UTTAR PRADESH,462,65
440833,UTTAR PRADESH,463,180
440833,UTTAR PRADESH,464,110
440833,UTTAR PRADESH,465,453
440833,UTTAR PRADESH,466,105
440833,UTTAR PRADESH,467,219
440833,UTTAR PRADESH,4,469
440833,UTTAR PRADESH,106,470
440833,UTTAR PRADESH,48,471
440833,UTTAR PRADESH,106,472
440833,UTTAR PRADESH,108,473
440833,UTTAR PRADESH,353,474
440833,UTTAR PRADESH,203,475
440833,UTTAR PRADESH,53,476
440833,UTTAR PRADESH,47,477
440833,UTTAR PRADESH,690,478
440833,UTTAR PRADESH,163,479
440833,UTTAR PRADESH,94,480
440833,UTTAR PRADESH,481,182
440833,UTTAR PRADESH,482,100
440833,UTTAR PRADESH,483,218
440833,UTTAR PRADESH,484,222
440833,UTTAR PRADESH,485,31
440833,UTTAR PRADESH,486,243
440833,UTTAR PRADESH,487,224
440833,UTTAR PRADESH,488,487
440833,UTTAR PRADESH,489,173
440833,UTTAR PRADESH,490,256
440833,UTTAR PRADESH,491,585
440833,UTTAR PRADESH,492,593
440833,UTTAR PRADESH,493,225
440833,UTTAR PRADESH,494,329
440833,UTTAR PRADESH,495,213
440833,UTTAR PRADESH,496,115
440833,UTTAR PRADESH,497,109
440833,UTTAR PRADESH,498,100
440833,UTTAR PRADESH,499,197
440833,UTTAR PRADESH,500,89
440833,UTTAR PRADESH,501,83
440833,UTTAR PRADESH,502,341
440833,UTTAR PRADESH,503,65
440833,UTTAR PRADESH,504,617
440833,UTTAR PRADESH,505,121
440833,UTTAR PRADESH,506,676
440833,UTTAR PRADESH,507,190
440833,UTTAR PRADESH,508,116
440833,UTTAR PRADESH,509,115
440833,UTTAR PRADESH,510,29
440833,UTTAR PRADESH,511,156
440833,UTTAR PRADESH,512,195
440833,UTTAR PRADESH,513,292
440833,UTTAR PRADESH,514,343
440833,UTTAR PRADESH,515,153
440833,UTTAR PRADESH,516,90
440833,UTTAR PRADESH,517,266
440833,UTTAR PRADESH,518,394
440833,UTTAR PRADESH,519,412
440833,UTTAR PRADESH,520,109
440833,UTTAR PRADESH,521,285
440833,UTTAR PRADESH,522,315
440833,UTTAR PRADESH,523,35
440833,UTTAR PRADESH,524,80
440833,UTTAR PRADESH,525,466
440833,UTTAR PRADESH,526,45
440833,UTTAR PRADESH,527,233
440833,UTTAR PRADESH,528,119
440833,UTTAR PRADESH,529,126
440833,UTTAR PRADESH,530,163
440833,UTTAR PRADESH,531,415
440833,UTTAR PRADESH,532,140
440833,UTTAR PRADESH,533,312
440833,UTTAR PRADESH,534,70
440833,UTTAR PRADESH,535,185
440833,UTTAR PRADESH,536,154
440833,UTTAR PRADESH,537,88
440833,UTTAR PRADESH,538,47
