Center Number,State Name,Srl No,Marks
441132,UTTAR PRADESH,1,59
441132,UTTAR PRADESH,2,52
441132,UTTAR PRADESH,3,224
441132,UTTAR PRADESH,4,349
441132,UTTAR PRADESH,5,58
441132,UTTAR PRADESH,6,111
441132,UTTAR PRADESH,7,231
441132,UTTAR PRADESH,11,9
441132,UTTAR PRADESH,264,10
441132,UTTAR PRADESH,86,11
441132,UTTAR PRADESH,10,12
441132,UTTAR PRADESH,87,13
441132,UTTAR PRADESH,334,14
441132,UTTAR PRADESH,75,15
441132,UTTAR PRADESH,20,16
441132,UTTAR PRADESH,13,17
441132,UTTAR PRADESH,252,18
441132,UTTAR PRADESH,119,19
441132,UTTAR PRADESH,383,20
441132,UTTAR PRADESH,676,21
441132,UTTAR PRADESH,18,22
441132,UTTAR PRADESH,162,23
441132,UTTAR PRADESH,138,24
441132,UTTAR PRADESH,44,25
441132,UTTAR PRADESH,19,26
441132,UTTAR PRADESH,80,27
441132,UTTAR PRADESH,5,28
441132,UTTAR PRADESH,74,29
441132,UTTAR PRADESH,105,30
441132,UTTAR PRADESH,31,200
441132,UTTAR PRADESH,32,371
441132,UTTAR PRADESH,33,276
441132,UTTAR PRADESH,34,511
441132,UTTAR PRADESH,35,68
441132,UTTAR PRADESH,36,352
441132,UTTAR PRADESH,37,270
441132,UTTAR PRADESH,38,149
441132,UTTAR PRADESH,39,324
441132,UTTAR PRADESH,40,164
441132,UTTAR PRADESH,41,403
441132,UTTAR PRADESH,42,116
441132,UTTAR PRADESH,43,490
441132,UTTAR PRADESH,44,76
441132,UTTAR PRADESH,45,107
441132,UTTAR PRADESH,46,67
441132,UTTAR PRADESH,47,14
441132,UTTAR PRADESH,48,81
441132,UTTAR PRADESH,49,55
441132,UTTAR PRADESH,50,35
441132,UTTAR PRADESH,51,53
441132,UTTAR PRADESH,52,106
441132,UTTAR PRADESH,53,39
441132,UTTAR PRADESH,54,85
441132,UTTAR PRADESH,55,223
441132,UTTAR PRADESH,56,353
441132,UTTAR PRADESH,57,58
441132,UTTAR PRADESH,58,383
441132,UTTAR PRADESH,59,55
441132,UTTAR PRADESH,60,168
441132,UTTAR PRADESH,61,58
441132,UTTAR PRADESH,62,52
441132,UTTAR PRADESH,63,371
441132,UTTAR PRADESH,64,51
441132,UTTAR PRADESH,65,348
441132,UTTAR PRADESH,66,90
441132,UTTAR PRADESH,67,513
441132,UTTAR PRADESH,68,185
441132,UTTAR PRADESH,69,418
441132,UTTAR PRADESH,70,99
441132,UTTAR PRADESH,71,46
441132,UTTAR PRADESH,72,127
441132,UTTAR PRADESH,73,80
441132,UTTAR PRADESH,74,75
441132,UTTAR PRADESH,75,37
441132,UTTAR PRADESH,76,77
441132,UTTAR PRADESH,77,475
441132,UTTAR PRADESH,2,79
441132,UTTAR PRADESH,192,80
441132,UTTAR PRADESH,111,81
441132,UTTAR PRADESH,316,82
441132,UTTAR PRADESH,13,83
441132,UTTAR PRADESH,141,84
441132,UTTAR PRADESH,145,85
441132,UTTAR PRADESH,293,86
441132,UTTAR PRADESH,56,87
441132,UTTAR PRADESH,85,88
441132,UTTAR PRADESH,90,89
441132,UTTAR PRADESH,400,90
441132,UTTAR PRADESH,91,89
441132,UTTAR PRADESH,92,40
441132,UTTAR PRADESH,93,83
441132,UTTAR PRADESH,94,50
441132,UTTAR PRADESH,95,182
441132,UTTAR PRADESH,96,425
441132,UTTAR PRADESH,97,615
441132,UTTAR PRADESH,98,350
441132,UTTAR PRADESH,99,141
441132,UTTAR PRADESH,100,550
441132,UTTAR PRADESH,101,261
441132,UTTAR PRADESH,102,88
441132,UTTAR PRADESH,103,75
441132,UTTAR PRADESH,104,19
441132,UTTAR PRADESH,105,141
441132,UTTAR PRADESH,106,665
441132,UTTAR PRADESH,107,100
441132,UTTAR PRADESH,108,683
441132,UTTAR PRADESH,109,199
441132,UTTAR PRADESH,110,151
441132,UTTAR PRADESH,111,324
441132,UTTAR PRADESH,112,51
441132,UTTAR PRADESH,113,98
441132,UTTAR PRADESH,114,589
441132,UTTAR PRADESH,115,73
441132,UTTAR PRADESH,116,61
441132,UTTAR PRADESH,117,80
441132,UTTAR PRADESH,118,368
441132,UTTAR PRADESH,119,93
441132,UTTAR PRADESH,120,40
441132,UTTAR PRADESH,121,60
441132,UTTAR PRADESH,122,495
441132,UTTAR PRADESH,123,10
441132,UTTAR PRADESH,124,366
441132,UTTAR PRADESH,125,156
441132,UTTAR PRADESH,126,252
441132,UTTAR PRADESH,127,257
441132,UTTAR PRADESH,128,596
441132,UTTAR PRADESH,129,274
441132,UTTAR PRADESH,130,562
441132,UTTAR PRADESH,131,159
441132,UTTAR PRADESH,132,73
441132,UTTAR PRADESH,133,42
441132,UTTAR PRADESH,134,471
441132,UTTAR PRADESH,135,265
441132,UTTAR PRADESH,136,89
441132,UTTAR PRADESH,137,57
441132,UTTAR PRADESH,4,139
441132,UTTAR PRADESH,30,140
441132,UTTAR PRADESH,423,141
441132,UTTAR PRADESH,664,142
441132,UTTAR PRADESH,34,143
441132,UTTAR PRADESH,107,144
441132,UTTAR PRADESH,12,145
441132,UTTAR PRADESH,109,146
441132,UTTAR PRADESH,4,147
441132,UTTAR PRADESH,119,148
441132,UTTAR PRADESH,73,149
441132,UTTAR PRADESH,171,150
441132,UTTAR PRADESH,151,50
441132,UTTAR PRADESH,152,65
441132,UTTAR PRADESH,153,133
441132,UTTAR PRADESH,154,14
441132,UTTAR PRADESH,155,296
441132,UTTAR PRADESH,156,61
441132,UTTAR PRADESH,157,48
441132,UTTAR PRADESH,158,238
441132,UTTAR PRADESH,159,41
441132,UTTAR PRADESH,160,79
441132,UTTAR PRADESH,161,405
441132,UTTAR PRADESH,162,79
441132,UTTAR PRADESH,163,40
441132,UTTAR PRADESH,164,70
441132,UTTAR PRADESH,165,106
441132,UTTAR PRADESH,166,76
441132,UTTAR PRADESH,167,53
441132,UTTAR PRADESH,168,95
441132,UTTAR PRADESH,169,93
441132,UTTAR PRADESH,170,133
441132,UTTAR PRADESH,171,96
441132,UTTAR PRADESH,172,695
441132,UTTAR PRADESH,173,626
441132,UTTAR PRADESH,174,140
441132,UTTAR PRADESH,175,110
441132,UTTAR PRADESH,176,62
441132,UTTAR PRADESH,177,33
441132,UTTAR PRADESH,178,46
441132,UTTAR PRADESH,179,197
441132,UTTAR PRADESH,180,146
441132,UTTAR PRADESH,181,603
441132,UTTAR PRADESH,182,107
441132,UTTAR PRADESH,183,271
441132,UTTAR PRADESH,184,203
441132,UTTAR PRADESH,185,64
441132,UTTAR PRADESH,186,98
441132,UTTAR PRADESH,187,111
441132,UTTAR PRADESH,188,192
441132,UTTAR PRADESH,189,55
441132,UTTAR PRADESH,190,100
441132,UTTAR PRADESH,191,73
441132,UTTAR PRADESH,192,85
441132,UTTAR PRADESH,193,246
441132,UTTAR PRADESH,194,23
441132,UTTAR PRADESH,195,54
441132,UTTAR PRADESH,196,104
441132,UTTAR PRADESH,197,106
441132,UTTAR PRADESH,198,258
441132,UTTAR PRADESH,199,36
441132,UTTAR PRADESH,200,74
441132,UTTAR PRADESH,201,627
441132,UTTAR PRADESH,202,61
441132,UTTAR PRADESH,203,112
441132,UTTAR PRADESH,204,73
441132,UTTAR PRADESH,205,61
441132,UTTAR PRADESH,206,120
441132,UTTAR PRADESH,207,154
441132,UTTAR PRADESH,208,63
441132,UTTAR PRADESH,209,11
441132,UTTAR PRADESH,210,60
441132,UTTAR PRADESH,211,97
441132,UTTAR PRADESH,212,33
441132,UTTAR PRADESH,213,630
441132,UTTAR PRADESH,214,303
441132,UTTAR PRADESH,215,5
441132,UTTAR PRADESH,216,155
441132,UTTAR PRADESH,217,63
441132,UTTAR PRADESH,218,21
441132,UTTAR PRADESH,219,132
441132,UTTAR PRADESH,220,100
441132,UTTAR PRADESH,221,260
441132,UTTAR PRADESH,222,105
441132,UTTAR PRADESH,223,28
441132,UTTAR PRADESH,224,67
441132,UTTAR PRADESH,225,256
441132,UTTAR PRADESH,226,491
441132,UTTAR PRADESH,227,22
441132,UTTAR PRADESH,228,87
441132,UTTAR PRADESH,229,110
441132,UTTAR PRADESH,230,99
441132,UTTAR PRADESH,231,68
441132,UTTAR PRADESH,232,70
441132,UTTAR PRADESH,233,576
441132,UTTAR PRADESH,234,580
441132,UTTAR PRADESH,235,303
441132,UTTAR PRADESH,236,512
441132,UTTAR PRADESH,237,25
441132,UTTAR PRADESH,238,362
441132,UTTAR PRADESH,239,60
441132,UTTAR PRADESH,240,281
441132,UTTAR PRADESH,241,43
441132,UTTAR PRADESH,242,163
441132,UTTAR PRADESH,243,50
441132,UTTAR PRADESH,244,142
441132,UTTAR PRADESH,245,64
441132,UTTAR PRADESH,246,206
441132,UTTAR PRADESH,247,150
441132,UTTAR PRADESH,248,103
441132,UTTAR PRADESH,249,115
441132,UTTAR PRADESH,250,95
441132,UTTAR PRADESH,251,400
441132,UTTAR PRADESH,252,210
441132,UTTAR PRADESH,253,151
441132,UTTAR PRADESH,254,94
441132,UTTAR PRADESH,255,74
441132,UTTAR PRADESH,256,44
441132,UTTAR PRADESH,257,75
441132,UTTAR PRADESH,258,75
441132,UTTAR PRADESH,259,455
441132,UTTAR PRADESH,260,92
441132,UTTAR PRADESH,261,88
441132,UTTAR PRADESH,262,99
441132,UTTAR PRADESH,263,111
441132,UTTAR PRADESH,264,55
441132,UTTAR PRADESH,265,536
441132,UTTAR PRADESH,266,120
441132,UTTAR PRADESH,267,36
441132,UTTAR PRADESH,268,190
441132,UTTAR PRADESH,269,30
441132,UTTAR PRADESH,270,83
441132,UTTAR PRADESH,271,478
441132,UTTAR PRADESH,272,45
441132,UTTAR PRADESH,273,31
441132,UTTAR PRADESH,274,110
441132,UTTAR PRADESH,275,93
441132,UTTAR PRADESH,276,493
441132,UTTAR PRADESH,277,65
441132,UTTAR PRADESH,278,270
441132,UTTAR PRADESH,279,61
441132,UTTAR PRADESH,280,63
441132,UTTAR PRADESH,281,268
441132,UTTAR PRADESH,282,35
441132,UTTAR PRADESH,283,0
441132,UTTAR PRADESH,284,80
441132,UTTAR PRADESH,285,224
441132,UTTAR PRADESH,286,61
441132,UTTAR PRADESH,287,75
441132,UTTAR PRADESH,288,69
441132,UTTAR PRADESH,289,38
441132,UTTAR PRADESH,290,670
441132,UTTAR PRADESH,291,91
441132,UTTAR PRADESH,292,60
441132,UTTAR PRADESH,293,244
441132,UTTAR PRADESH,294,67
441132,UTTAR PRADESH,295,302
441132,UTTAR PRADESH,296,526
441132,UTTAR PRADESH,297,31
441132,UTTAR PRADESH,298,142
441132,UTTAR PRADESH,299,56
441132,UTTAR PRADESH,300,404
441132,UTTAR PRADESH,301,76
441132,UTTAR PRADESH,302,524
441132,UTTAR PRADESH,303,323
441132,UTTAR PRADESH,304,58
441132,UTTAR PRADESH,305,167
441132,UTTAR PRADESH,306,84
441132,UTTAR PRADESH,307,59
441132,UTTAR PRADESH,308,14
441132,UTTAR PRADESH,309,62
441132,UTTAR PRADESH,310,371
441132,UTTAR PRADESH,311,127
441132,UTTAR PRADESH,312,53
441132,UTTAR PRADESH,313,45
441132,UTTAR PRADESH,314,95
441132,UTTAR PRADESH,315,538
441132,UTTAR PRADESH,316,40
441132,UTTAR PRADESH,317,109
441132,UTTAR PRADESH,318,640
441132,UTTAR PRADESH,319,43
441132,UTTAR PRADESH,320,200
441132,UTTAR PRADESH,321,66
441132,UTTAR PRADESH,322,25
441132,UTTAR PRADESH,323,416
441132,UTTAR PRADESH,324,138
441132,UTTAR PRADESH,325,256
441132,UTTAR PRADESH,326,133
441132,UTTAR PRADESH,327,75
441132,UTTAR PRADESH,328,162
441132,UTTAR PRADESH,329,102
441132,UTTAR PRADESH,330,104
441132,UTTAR PRADESH,331,54
441132,UTTAR PRADESH,332,65
441132,UTTAR PRADESH,333,255
441132,UTTAR PRADESH,334,66
441132,UTTAR PRADESH,335,252
441132,UTTAR PRADESH,336,169
441132,UTTAR PRADESH,337,152
441132,UTTAR PRADESH,338,8
441132,UTTAR PRADESH,339,67
441132,UTTAR PRADESH,340,99
441132,UTTAR PRADESH,341,332
441132,UTTAR PRADESH,342,112
441132,UTTAR PRADESH,343,81
441132,UTTAR PRADESH,344,388
441132,UTTAR PRADESH,345,15
441132,UTTAR PRADESH,346,260
441132,UTTAR PRADESH,347,112
441132,UTTAR PRADESH,348,52
441132,UTTAR PRADESH,349,459
441132,UTTAR PRADESH,350,63
441132,UTTAR PRADESH,26,352
441132,UTTAR PRADESH,65,353
441132,UTTAR PRADESH,93,354
441132,UTTAR PRADESH,158,355
441132,UTTAR PRADESH,26,356
441132,UTTAR PRADESH,5,357
441132,UTTAR PRADESH,152,358
441132,UTTAR PRADESH,106,359
441132,UTTAR PRADESH,135,360
441132,UTTAR PRADESH,361,115
441132,UTTAR PRADESH,362,24
441132,UTTAR PRADESH,363,85
441132,UTTAR PRADESH,364,661
441132,UTTAR PRADESH,365,99
441132,UTTAR PRADESH,366,25
441132,UTTAR PRADESH,367,44
441132,UTTAR PRADESH,368,374
441132,UTTAR PRADESH,369,65
441132,UTTAR PRADESH,370,31
441132,UTTAR PRADESH,371,51
441132,UTTAR PRADESH,372,75
441132,UTTAR PRADESH,373,563
441132,UTTAR PRADESH,374,119
441132,UTTAR PRADESH,375,321
441132,UTTAR PRADESH,376,685
441132,UTTAR PRADESH,377,533
441132,UTTAR PRADESH,378,94
441132,UTTAR PRADESH,379,214
441132,UTTAR PRADESH,380,79
441132,UTTAR PRADESH,381,218
441132,UTTAR PRADESH,382,416
441132,UTTAR PRADESH,383,88
441132,UTTAR PRADESH,384,80
441132,UTTAR PRADESH,385,342
441132,UTTAR PRADESH,386,94
441132,UTTAR PRADESH,387,289
441132,UTTAR PRADESH,388,513
441132,UTTAR PRADESH,389,106
441132,UTTAR PRADESH,390,448
441132,UTTAR PRADESH,391,55
441132,UTTAR PRADESH,392,50
441132,UTTAR PRADESH,393,270
441132,UTTAR PRADESH,394,234
441132,UTTAR PRADESH,395,313
441132,UTTAR PRADESH,396,74
441132,UTTAR PRADESH,397,185
441132,UTTAR PRADESH,398,98
441132,UTTAR PRADESH,399,542
441132,UTTAR PRADESH,400,68
441132,UTTAR PRADESH,401,419
441132,UTTAR PRADESH,402,38
441132,UTTAR PRADESH,403,461
441132,UTTAR PRADESH,404,130
441132,UTTAR PRADESH,405,49
441132,UTTAR PRADESH,406,105
441132,UTTAR PRADESH,407,37
441132,UTTAR PRADESH,408,593
441132,UTTAR PRADESH,409,385
441132,UTTAR PRADESH,410,13
441132,UTTAR PRADESH,411,76
441132,UTTAR PRADESH,412,145
441132,UTTAR PRADESH,413,320
441132,UTTAR PRADESH,414,101
441132,UTTAR PRADESH,415,160
441132,UTTAR PRADESH,416,36
441132,UTTAR PRADESH,417,145
441132,UTTAR PRADESH,418,39
441132,UTTAR PRADESH,419,25
441132,UTTAR PRADESH,420,627
441132,UTTAR PRADESH,421,285
441132,UTTAR PRADESH,422,98
441132,UTTAR PRADESH,423,83
441132,UTTAR PRADESH,424,44
441132,UTTAR PRADESH,425,100
441132,UTTAR PRADESH,426,192
441132,UTTAR PRADESH,427,25
441132,UTTAR PRADESH,428,74
441132,UTTAR PRADESH,429,56
441132,UTTAR PRADESH,430,160
441132,UTTAR PRADESH,431,339
441132,UTTAR PRADESH,432,203
441132,UTTAR PRADESH,433,131
441132,UTTAR PRADESH,434,21
441132,UTTAR PRADESH,435,73
441132,UTTAR PRADESH,436,37
441132,UTTAR PRADESH,437,140
441132,UTTAR PRADESH,438,60
441132,UTTAR PRADESH,439,170
441132,UTTAR PRADESH,440,182
441132,UTTAR PRADESH,441,174
441132,UTTAR PRADESH,442,51
441132,UTTAR PRADESH,443,72
441132,UTTAR PRADESH,444,101
441132,UTTAR PRADESH,445,80
441132,UTTAR PRADESH,446,183
441132,UTTAR PRADESH,447,611
441132,UTTAR PRADESH,448,332
441132,UTTAR PRADESH,449,90
441132,UTTAR PRADESH,450,141
441132,UTTAR PRADESH,451,38
441132,UTTAR PRADESH,452,136
441132,UTTAR PRADESH,453,158
441132,UTTAR PRADESH,454,73
441132,UTTAR PRADESH,455,259
441132,UTTAR PRADESH,456,8
441132,UTTAR PRADESH,457,77
441132,UTTAR PRADESH,458,418
441132,UTTAR PRADESH,459,180
441132,UTTAR PRADESH,460,275
441132,UTTAR PRADESH,461,525
441132,UTTAR PRADESH,462,51
441132,UTTAR PRADESH,463,125
441132,UTTAR PRADESH,464,218
441132,UTTAR PRADESH,465,242
441132,UTTAR PRADESH,466,66
441132,UTTAR PRADESH,467,106
441132,UTTAR PRADESH,468,0
441132,UTTAR PRADESH,469,129
441132,UTTAR PRADESH,470,155
441132,UTTAR PRADESH,471,91
441132,UTTAR PRADESH,472,90
441132,UTTAR PRADESH,473,540
441132,UTTAR PRADESH,474,384
441132,UTTAR PRADESH,475,10
441132,UTTAR PRADESH,476,63
441132,UTTAR PRADESH,477,371
441132,UTTAR PRADESH,478,65
441132,UTTAR PRADESH,479,57
441132,UTTAR PRADESH,480,49
441132,UTTAR PRADESH,481,60
441132,UTTAR PRADESH,482,478
441132,UTTAR PRADESH,483,75
441132,UTTAR PRADESH,484,57
441132,UTTAR PRADESH,485,125
441132,UTTAR PRADESH,486,77
441132,UTTAR PRADESH,487,95
441132,UTTAR PRADESH,488,399
441132,UTTAR PRADESH,489,59
