Center Number,State Name,Srl No,Marks
441124,UTTAR PRADESH,1,82
441124,UTTAR PRADESH,2,26
441124,UTTAR PRADESH,3,221
441124,UTTAR PRADESH,4,144
441124,UTTAR PRADESH,5,130
441124,UTTAR PRADESH,6,58
441124,UTTAR PRADESH,7,1
441124,UTTAR PRADESH,8,65
441124,UTTAR PRADESH,9,65
441124,UTTAR PRADESH,10,111
441124,UTTAR PRADESH,11,59
441124,UTTAR PRADESH,12,322
441124,UTTAR PRADESH,13,151
441124,UTTAR PRADESH,14,587
441124,UTTAR PRADESH,15,94
441124,UTTAR PRADESH,16,35
441124,UTTAR PRADESH,17,50
441124,UTTAR PRADESH,18,76
441124,UTTAR PRADESH,19,502
441124,UTTAR PRADESH,20,178
441124,UTTAR PRADESH,21,276
441124,UTTAR PRADESH,22,115
441124,UTTAR PRADESH,23,120
441124,UTTAR PRADESH,24,242
441124,UTTAR PRADESH,25,47
441124,UTTAR PRADESH,26,134
441124,UTTAR PRADESH,27,63
441124,UTTAR PRADESH,28,611
441124,UTTAR PRADESH,29,257
441124,UTTAR PRADESH,30,111
441124,UTTAR PRADESH,31,30
441124,UTTAR PRADESH,32,70
441124,UTTAR PRADESH,33,38
441124,UTTAR PRADESH,34,241
441124,UTTAR PRADESH,35,47
441124,UTTAR PRADESH,36,66
441124,UTTAR PRADESH,37,40
441124,UTTAR PRADESH,38,272
441124,UTTAR PRADESH,39,292
441124,UTTAR PRADESH,40,96
441124,UTTAR PRADESH,41,103
441124,UTTAR PRADESH,42,84
441124,UTTAR PRADESH,43,82
441124,UTTAR PRADESH,44,130
441124,UTTAR PRADESH,45,152
441124,UTTAR PRADESH,46,109
441124,UTTAR PRADESH,47,35
441124,UTTAR PRADESH,48,78
441124,UTTAR PRADESH,49,104
441124,UTTAR PRADESH,50,353
441124,UTTAR PRADESH,51,198
441124,UTTAR PRADESH,52,585
441124,UTTAR PRADESH,53,15
441124,UTTAR PRADESH,54,576
441124,UTTAR PRADESH,55,452
441124,UTTAR PRADESH,56,90
441124,UTTAR PRADESH,57,480
441124,UTTAR PRADESH,58,153
441124,UTTAR PRADESH,59,80
441124,UTTAR PRADESH,60,27
441124,UTTAR PRADESH,61,122
441124,UTTAR PRADESH,62,78
441124,UTTAR PRADESH,63,87
441124,UTTAR PRADESH,64,193
441124,UTTAR PRADESH,65,52
441124,UTTAR PRADESH,66,65
441124,UTTAR PRADESH,67,427
441124,UTTAR PRADESH,68,115
441124,UTTAR PRADESH,69,636
441124,UTTAR PRADESH,70,60
441124,UTTAR PRADESH,71,45
441124,UTTAR PRADESH,72,3
441124,UTTAR PRADESH,73,49
441124,UTTAR PRADESH,74,212
441124,UTTAR PRADESH,75,71
441124,UTTAR PRADESH,76,271
441124,UTTAR PRADESH,77,60
441124,UTTAR PRADESH,78,78
441124,UTTAR PRADESH,79,109
441124,UTTAR PRADESH,80,116
441124,UTTAR PRADESH,81,136
441124,UTTAR PRADESH,82,485
441124,UTTAR PRADESH,83,419
441124,UTTAR PRADESH,84,397
441124,UTTAR PRADESH,85,36
441124,UTTAR PRADESH,86,80
441124,UTTAR PRADESH,87,53
441124,UTTAR PRADESH,88,75
441124,UTTAR PRADESH,89,26
441124,UTTAR PRADESH,90,54
441124,UTTAR PRADESH,91,84
441124,UTTAR PRADESH,92,135
441124,UTTAR PRADESH,93,36
441124,UTTAR PRADESH,94,154
441124,UTTAR PRADESH,95,621
441124,UTTAR PRADESH,96,460
441124,UTTAR PRADESH,97,174
441124,UTTAR PRADESH,98,102
441124,UTTAR PRADESH,99,134
441124,UTTAR PRADESH,100,105
441124,UTTAR PRADESH,101,60
441124,UTTAR PRADESH,102,138
441124,UTTAR PRADESH,103,50
441124,UTTAR PRADESH,104,140
441124,UTTAR PRADESH,105,130
441124,UTTAR PRADESH,106,437
441124,UTTAR PRADESH,107,45
441124,UTTAR PRADESH,108,61
441124,UTTAR PRADESH,109,90
441124,UTTAR PRADESH,110,72
441124,UTTAR PRADESH,111,25
441124,UTTAR PRADESH,112,70
441124,UTTAR PRADESH,113,61
441124,UTTAR PRADESH,114,99
441124,UTTAR PRADESH,115,45
441124,UTTAR PRADESH,116,346
441124,UTTAR PRADESH,117,298
441124,UTTAR PRADESH,118,205
441124,UTTAR PRADESH,119,129
441124,UTTAR PRADESH,120,48
441124,UTTAR PRADESH,121,60
441124,UTTAR PRADESH,122,38
441124,UTTAR PRADESH,123,390
441124,UTTAR PRADESH,124,73
441124,UTTAR PRADESH,125,184
441124,UTTAR PRADESH,126,365
441124,UTTAR PRADESH,127,202
441124,UTTAR PRADESH,128,103
441124,UTTAR PRADESH,129,129
441124,UTTAR PRADESH,130,375
441124,UTTAR PRADESH,131,58
441124,UTTAR PRADESH,132,40
441124,UTTAR PRADESH,133,335
441124,UTTAR PRADESH,134,561
441124,UTTAR PRADESH,135,61
441124,UTTAR PRADESH,136,285
441124,UTTAR PRADESH,137,95
441124,UTTAR PRADESH,138,62
441124,UTTAR PRADESH,139,120
441124,UTTAR PRADESH,140,9
441124,UTTAR PRADESH,141,151
441124,UTTAR PRADESH,142,439
441124,UTTAR PRADESH,143,214
441124,UTTAR PRADESH,144,71
441124,UTTAR PRADESH,145,357
441124,UTTAR PRADESH,146,112
441124,UTTAR PRADESH,147,85
441124,UTTAR PRADESH,148,592
441124,UTTAR PRADESH,149,293
441124,UTTAR PRADESH,150,100
441124,UTTAR PRADESH,151,166
441124,UTTAR PRADESH,152,34
441124,UTTAR PRADESH,153,182
441124,UTTAR PRADESH,154,200
441124,UTTAR PRADESH,155,35
441124,UTTAR PRADESH,156,25
441124,UTTAR PRADESH,157,177
441124,UTTAR PRADESH,158,20
441124,UTTAR PRADESH,159,354
441124,UTTAR PRADESH,160,69
441124,UTTAR PRADESH,161,97
441124,UTTAR PRADESH,162,45
441124,UTTAR PRADESH,163,24
441124,UTTAR PRADESH,164,140
441124,UTTAR PRADESH,165,269
441124,UTTAR PRADESH,166,50
441124,UTTAR PRADESH,167,100
441124,UTTAR PRADESH,168,82
441124,UTTAR PRADESH,169,140
441124,UTTAR PRADESH,170,48
441124,UTTAR PRADESH,171,196
441124,UTTAR PRADESH,172,305
441124,UTTAR PRADESH,173,98
441124,UTTAR PRADESH,174,120
441124,UTTAR PRADESH,175,68
441124,UTTAR PRADESH,176,259
441124,UTTAR PRADESH,177,552
441124,UTTAR PRADESH,178,38
441124,UTTAR PRADESH,179,41
441124,UTTAR PRADESH,180,50
441124,UTTAR PRADESH,181,74
441124,UTTAR PRADESH,182,90
441124,UTTAR PRADESH,183,154
441124,UTTAR PRADESH,184,245
441124,UTTAR PRADESH,185,246
441124,UTTAR PRADESH,186,65
441124,UTTAR PRADESH,187,37
441124,UTTAR PRADESH,188,236
441124,UTTAR PRADESH,189,117
441124,UTTAR PRADESH,190,141
441124,UTTAR PRADESH,191,86
441124,UTTAR PRADESH,192,27
441124,UTTAR PRADESH,193,218
441124,UTTAR PRADESH,194,257
441124,UTTAR PRADESH,195,104
441124,UTTAR PRADESH,196,139
441124,UTTAR PRADESH,197,145
441124,UTTAR PRADESH,198,106
441124,UTTAR PRADESH,199,61
441124,UTTAR PRADESH,200,100
441124,UTTAR PRADESH,201,70
441124,UTTAR PRADESH,202,61
441124,UTTAR PRADESH,203,143
441124,UTTAR PRADESH,204,172
441124,UTTAR PRADESH,205,81
441124,UTTAR PRADESH,206,462
441124,UTTAR PRADESH,207,373
441124,UTTAR PRADESH,208,22
441124,UTTAR PRADESH,209,170
441124,UTTAR PRADESH,210,59
441124,UTTAR PRADESH,211,58
441124,UTTAR PRADESH,212,84
441124,UTTAR PRADESH,213,463
441124,UTTAR PRADESH,214,67
441124,UTTAR PRADESH,215,551
441124,UTTAR PRADESH,216,258
441124,UTTAR PRADESH,217,630
441124,UTTAR PRADESH,218,168
441124,UTTAR PRADESH,219,61
441124,UTTAR PRADESH,220,116
441124,UTTAR PRADESH,221,69
441124,UTTAR PRADESH,222,125
441124,UTTAR PRADESH,223,293
441124,UTTAR PRADESH,224,121
441124,UTTAR PRADESH,225,128
441124,UTTAR PRADESH,226,200
441124,UTTAR PRADESH,227,100
441124,UTTAR PRADESH,228,45
441124,UTTAR PRADESH,229,97
441124,UTTAR PRADESH,230,93
441124,UTTAR PRADESH,231,210
441124,UTTAR PRADESH,232,311
441124,UTTAR PRADESH,233,63
441124,UTTAR PRADESH,234,47
441124,UTTAR PRADESH,235,589
441124,UTTAR PRADESH,236,39
441124,UTTAR PRADESH,237,78
441124,UTTAR PRADESH,238,197
441124,UTTAR PRADESH,239,60
441124,UTTAR PRADESH,240,66
441124,UTTAR PRADESH,241,150
441124,UTTAR PRADESH,242,144
441124,UTTAR PRADESH,243,30
441124,UTTAR PRADESH,244,34
441124,UTTAR PRADESH,245,142
441124,UTTAR PRADESH,246,58
441124,UTTAR PRADESH,247,100
441124,UTTAR PRADESH,248,295
441124,UTTAR PRADESH,249,113
441124,UTTAR PRADESH,250,66
441124,UTTAR PRADESH,14,252
441124,UTTAR PRADESH,150,253
441124,UTTAR PRADESH,112,254
441124,UTTAR PRADESH,65,255
441124,UTTAR PRADESH,60,256
441124,UTTAR PRADESH,222,257
441124,UTTAR PRADESH,63,258
441124,UTTAR PRADESH,46,259
441124,UTTAR PRADESH,19,260
441124,UTTAR PRADESH,350,261
441124,UTTAR PRADESH,230,262
441124,UTTAR PRADESH,64,263
441124,UTTAR PRADESH,95,264
441124,UTTAR PRADESH,127,265
441124,UTTAR PRADESH,34,266
441124,UTTAR PRADESH,100,267
441124,UTTAR PRADESH,10,268
441124,UTTAR PRADESH,49,269
441124,UTTAR PRADESH,80,270
441124,UTTAR PRADESH,271,15
441124,UTTAR PRADESH,272,68
441124,UTTAR PRADESH,273,131
441124,UTTAR PRADESH,274,78
441124,UTTAR PRADESH,275,61
441124,UTTAR PRADESH,276,310
441124,UTTAR PRADESH,277,110
441124,UTTAR PRADESH,278,72
441124,UTTAR PRADESH,279,19
441124,UTTAR PRADESH,280,94
441124,UTTAR PRADESH,281,36
441124,UTTAR PRADESH,282,48
441124,UTTAR PRADESH,283,171
441124,UTTAR PRADESH,284,365
441124,UTTAR PRADESH,285,38
441124,UTTAR PRADESH,286,44
441124,UTTAR PRADESH,287,110
441124,UTTAR PRADESH,288,494
441124,UTTAR PRADESH,289,33
441124,UTTAR PRADESH,290,138
441124,UTTAR PRADESH,291,288
441124,UTTAR PRADESH,292,239
441124,UTTAR PRADESH,293,47
441124,UTTAR PRADESH,294,107
441124,UTTAR PRADESH,295,266
441124,UTTAR PRADESH,296,54
441124,UTTAR PRADESH,297,35
441124,UTTAR PRADESH,298,349
441124,UTTAR PRADESH,299,189
441124,UTTAR PRADESH,300,164
441124,UTTAR PRADESH,301,135
441124,UTTAR PRADESH,302,49
441124,UTTAR PRADESH,303,340
441124,UTTAR PRADESH,304,135
441124,UTTAR PRADESH,305,5
441124,UTTAR PRADESH,306,71
441124,UTTAR PRADESH,307,65
441124,UTTAR PRADESH,308,150
441124,UTTAR PRADESH,309,70
441124,UTTAR PRADESH,310,655
441124,UTTAR PRADESH,311,36
441124,UTTAR PRADESH,312,387
441124,UTTAR PRADESH,313,356
441124,UTTAR PRADESH,314,153
441124,UTTAR PRADESH,315,90
441124,UTTAR PRADESH,316,143
441124,UTTAR PRADESH,317,70
441124,UTTAR PRADESH,318,55
441124,UTTAR PRADESH,319,630
441124,UTTAR PRADESH,320,147
441124,UTTAR PRADESH,321,109
441124,UTTAR PRADESH,322,51
441124,UTTAR PRADESH,323,165
441124,UTTAR PRADESH,324,469
441124,UTTAR PRADESH,325,39
441124,UTTAR PRADESH,326,69
441124,UTTAR PRADESH,327,75
441124,UTTAR PRADESH,328,527
441124,UTTAR PRADESH,329,87
441124,UTTAR PRADESH,330,153
441124,UTTAR PRADESH,331,231
441124,UTTAR PRADESH,332,64
441124,UTTAR PRADESH,333,27
441124,UTTAR PRADESH,334,148
441124,UTTAR PRADESH,335,35
441124,UTTAR PRADESH,336,43
441124,UTTAR PRADESH,337,66
441124,UTTAR PRADESH,338,45
441124,UTTAR PRADESH,339,112
441124,UTTAR PRADESH,340,251
441124,UTTAR PRADESH,341,523
441124,UTTAR PRADESH,342,53
441124,UTTAR PRADESH,343,32
441124,UTTAR PRADESH,344,700
441124,UTTAR PRADESH,345,60
441124,UTTAR PRADESH,346,640
441124,UTTAR PRADESH,347,30
441124,UTTAR PRADESH,348,243
441124,UTTAR PRADESH,349,128
441124,UTTAR PRADESH,350,65
441124,UTTAR PRADESH,351,60
441124,UTTAR PRADESH,352,79
441124,UTTAR PRADESH,353,17
441124,UTTAR PRADESH,354,100
441124,UTTAR PRADESH,355,546
441124,UTTAR PRADESH,356,56
441124,UTTAR PRADESH,357,287
441124,UTTAR PRADESH,358,226
441124,UTTAR PRADESH,359,256
441124,UTTAR PRADESH,360,172
441124,UTTAR PRADESH,361,229
441124,UTTAR PRADESH,362,310
441124,UTTAR PRADESH,363,120
441124,UTTAR PRADESH,364,45
441124,UTTAR PRADESH,365,77
441124,UTTAR PRADESH,366,123
441124,UTTAR PRADESH,367,60
441124,UTTAR PRADESH,368,433
441124,UTTAR PRADESH,369,21
441124,UTTAR PRADESH,370,9
441124,UTTAR PRADESH,371,105
441124,UTTAR PRADESH,372,91
441124,UTTAR PRADESH,373,198
441124,UTTAR PRADESH,374,43
441124,UTTAR PRADESH,375,164
441124,UTTAR PRADESH,376,65
441124,UTTAR PRADESH,377,80
441124,UTTAR PRADESH,378,80
441124,UTTAR PRADESH,379,633
441124,UTTAR PRADESH,380,401
441124,UTTAR PRADESH,381,60
441124,UTTAR PRADESH,382,127
441124,UTTAR PRADESH,383,110
441124,UTTAR PRADESH,384,124
441124,UTTAR PRADESH,385,135
441124,UTTAR PRADESH,386,45
441124,UTTAR PRADESH,387,242
441124,UTTAR PRADESH,388,152
441124,UTTAR PRADESH,389,155
441124,UTTAR PRADESH,390,35
441124,UTTAR PRADESH,391,130
441124,UTTAR PRADESH,392,68
441124,UTTAR PRADESH,393,381
441124,UTTAR PRADESH,394,47
441124,UTTAR PRADESH,395,48
441124,UTTAR PRADESH,6,397
441124,UTTAR PRADESH,90,398
441124,UTTAR PRADESH,247,399
441124,UTTAR PRADESH,131,400
441124,UTTAR PRADESH,453,401
441124,UTTAR PRADESH,48,402
441124,UTTAR PRADESH,226,403
441124,UTTAR PRADESH,304,404
441124,UTTAR PRADESH,70,405
441124,UTTAR PRADESH,124,406
441124,UTTAR PRADESH,190,407
441124,UTTAR PRADESH,46,408
441124,UTTAR PRADESH,77,409
441124,UTTAR PRADESH,34,410
441124,UTTAR PRADESH,75,411
441124,UTTAR PRADESH,259,412
441124,UTTAR PRADESH,43,413
441124,UTTAR PRADESH,56,414
441124,UTTAR PRADESH,114,415
441124,UTTAR PRADESH,5,416
441124,UTTAR PRADESH,1,417
441124,UTTAR PRADESH,93,418
441124,UTTAR PRADESH,84,419
441124,UTTAR PRADESH,143,420
441124,UTTAR PRADESH,421,93
441124,UTTAR PRADESH,422,36
441124,UTTAR PRADESH,423,116
441124,UTTAR PRADESH,424,70
441124,UTTAR PRADESH,425,1
441124,UTTAR PRADESH,426,140
441124,UTTAR PRADESH,427,23
441124,UTTAR PRADESH,428,428
441124,UTTAR PRADESH,429,46
441124,UTTAR PRADESH,430,59
441124,UTTAR PRADESH,431,72
441124,UTTAR PRADESH,432,94
441124,UTTAR PRADESH,433,41
441124,UTTAR PRADESH,434,116
441124,UTTAR PRADESH,435,273
441124,UTTAR PRADESH,436,52
441124,UTTAR PRADESH,437,84
441124,UTTAR PRADESH,438,58
441124,UTTAR PRADESH,439,85
441124,UTTAR PRADESH,440,52
441124,UTTAR PRADESH,441,178
441124,UTTAR PRADESH,442,196
441124,UTTAR PRADESH,443,109
441124,UTTAR PRADESH,444,65
441124,UTTAR PRADESH,445,77
441124,UTTAR PRADESH,446,76
441124,UTTAR PRADESH,447,211
441124,UTTAR PRADESH,448,395
441124,UTTAR PRADESH,449,53
441124,UTTAR PRADESH,450,50
441124,UTTAR PRADESH,451,611
441124,UTTAR PRADESH,452,166
441124,UTTAR PRADESH,453,67
441124,UTTAR PRADESH,454,565
441124,UTTAR PRADESH,455,143
441124,UTTAR PRADESH,456,108
441124,UTTAR PRADESH,457,30
441124,UTTAR PRADESH,458,85
441124,UTTAR PRADESH,459,149
441124,UTTAR PRADESH,460,295
441124,UTTAR PRADESH,461,545
441124,UTTAR PRADESH,462,147
441124,UTTAR PRADESH,463,255
441124,UTTAR PRADESH,464,496
441124,UTTAR PRADESH,465,71
441124,UTTAR PRADESH,466,119
441124,UTTAR PRADESH,467,62
441124,UTTAR PRADESH,468,144
441124,UTTAR PRADESH,469,120
441124,UTTAR PRADESH,470,36
441124,UTTAR PRADESH,471,59
441124,UTTAR PRADESH,472,662
441124,UTTAR PRADESH,473,66
441124,UTTAR PRADESH,474,34
441124,UTTAR PRADESH,475,115
441124,UTTAR PRADESH,476,40
441124,UTTAR PRADESH,477,84
441124,UTTAR PRADESH,478,424
441124,UTTAR PRADESH,479,102
441124,UTTAR PRADESH,480,134
441124,UTTAR PRADESH,481,22
441124,UTTAR PRADESH,482,41
441124,UTTAR PRADESH,483,586
441124,UTTAR PRADESH,484,90
441124,UTTAR PRADESH,485,215
441124,UTTAR PRADESH,486,79
441124,UTTAR PRADESH,487,526
441124,UTTAR PRADESH,488,54
441124,UTTAR PRADESH,489,314
441124,UTTAR PRADESH,490,585
441124,UTTAR PRADESH,491,79
441124,UTTAR PRADESH,492,71
441124,UTTAR PRADESH,493,61
441124,UTTAR PRADESH,494,87
441124,UTTAR PRADESH,495,14
441124,UTTAR PRADESH,496,64
441124,UTTAR PRADESH,497,63
441124,UTTAR PRADESH,498,65
441124,UTTAR PRADESH,499,57
441124,UTTAR PRADESH,500,131
441124,UTTAR PRADESH,501,11
441124,UTTAR PRADESH,502,76
441124,UTTAR PRADESH,503,90
441124,UTTAR PRADESH,504,258
441124,UTTAR PRADESH,505,657
441124,UTTAR PRADESH,506,280
441124,UTTAR PRADESH,507,30
441124,UTTAR PRADESH,508,52
441124,UTTAR PRADESH,509,654
441124,UTTAR PRADESH,510,121
441124,UTTAR PRADESH,511,110
441124,UTTAR PRADESH,512,77
441124,UTTAR PRADESH,513,182
441124,UTTAR PRADESH,514,16
441124,UTTAR PRADESH,515,51
441124,UTTAR PRADESH,516,494
441124,UTTAR PRADESH,517,80
441124,UTTAR PRADESH,518,171
441124,UTTAR PRADESH,519,530
441124,UTTAR PRADESH,520,660
441124,UTTAR PRADESH,521,38
441124,UTTAR PRADESH,522,20
441124,UTTAR PRADESH,523,417
441124,UTTAR PRADESH,524,104
441124,UTTAR PRADESH,525,41
441124,UTTAR PRADESH,526,581
441124,UTTAR PRADESH,527,12
441124,UTTAR PRADESH,528,63
441124,UTTAR PRADESH,529,25
441124,UTTAR PRADESH,530,330
441124,UTTAR PRADESH,531,117
441124,UTTAR PRADESH,532,114
441124,UTTAR PRADESH,533,187
441124,UTTAR PRADESH,534,118
441124,UTTAR PRADESH,535,100
441124,UTTAR PRADESH,536,309
441124,UTTAR PRADESH,537,78
441124,UTTAR PRADESH,538,110
441124,UTTAR PRADESH,539,12
441124,UTTAR PRADESH,540,108
441124,UTTAR PRADESH,1,542
441124,UTTAR PRADESH,38,543
441124,UTTAR PRADESH,166,544
441124,UTTAR PRADESH,120,545
441124,UTTAR PRADESH,46,546
441124,UTTAR PRADESH,67,547
441124,UTTAR PRADESH,420,548
441124,UTTAR PRADESH,87,549
441124,UTTAR PRADESH,58,550
441124,UTTAR PRADESH,106,551
441124,UTTAR PRADESH,154,552
441124,UTTAR PRADESH,163,553
441124,UTTAR PRADESH,141,554
441124,UTTAR PRADESH,38,555
441124,UTTAR PRADESH,214,556
441124,UTTAR PRADESH,99,557
441124,UTTAR PRADESH,163,558
441124,UTTAR PRADESH,409,559
441124,UTTAR PRADESH,173,560
441124,UTTAR PRADESH,161,561
441124,UTTAR PRADESH,329,562
441124,UTTAR PRADESH,45,563
441124,UTTAR PRADESH,163,564
441124,UTTAR PRADESH,60,565
441124,UTTAR PRADESH,144,566
441124,UTTAR PRADESH,416,567
441124,UTTAR PRADESH,86,568
441124,UTTAR PRADESH,140,569
441124,UTTAR PRADESH,75,570
441124,UTTAR PRADESH,571,77
441124,UTTAR PRADESH,572,294
441124,UTTAR PRADESH,573,70
441124,UTTAR PRADESH,574,223
441124,UTTAR PRADESH,575,96
441124,UTTAR PRADESH,576,55
441124,UTTAR PRADESH,577,42
441124,UTTAR PRADESH,578,20
441124,UTTAR PRADESH,579,133
441124,UTTAR PRADESH,580,60
441124,UTTAR PRADESH,581,288
441124,UTTAR PRADESH,582,455
441124,UTTAR PRADESH,583,35
441124,UTTAR PRADESH,584,436
441124,UTTAR PRADESH,585,67
441124,UTTAR PRADESH,586,358
441124,UTTAR PRADESH,587,130
441124,UTTAR PRADESH,588,191
441124,UTTAR PRADESH,589,46
441124,UTTAR PRADESH,590,260
441124,UTTAR PRADESH,591,117
441124,UTTAR PRADESH,592,72
441124,UTTAR PRADESH,593,77
441124,UTTAR PRADESH,594,75
441124,UTTAR PRADESH,595,34
441124,UTTAR PRADESH,596,83
441124,UTTAR PRADESH,597,67
441124,UTTAR PRADESH,598,95
441124,UTTAR PRADESH,599,32
441124,UTTAR PRADESH,600,584
441124,UTTAR PRADESH,601,129
441124,UTTAR PRADESH,602,143
441124,UTTAR PRADESH,603,188
441124,UTTAR PRADESH,604,87
441124,UTTAR PRADESH,605,70
441124,UTTAR PRADESH,606,26
441124,UTTAR PRADESH,607,28
441124,UTTAR PRADESH,608,20
441124,UTTAR PRADESH,609,90
441124,UTTAR PRADESH,610,72
441124,UTTAR PRADESH,611,277
441124,UTTAR PRADESH,612,42
441124,UTTAR PRADESH,613,273
