Center Number,State Name,Srl No,Marks
441118,UTTAR PRADESH,1,154
441118,UTTAR PRADESH,2,504
441118,UTTAR PRADESH,3,207
441118,UTTAR PRADESH,4,162
441118,UTTAR PRADESH,5,262
441118,UTTAR PRADESH,6,125
441118,UTTAR PRADESH,7,491
441118,UTTAR PRADESH,8,116
441118,UTTAR PRADESH,9,210
441118,UTTAR PRADESH,10,217
441118,UTTAR PRADESH,11,165
441118,UTTAR PRADESH,12,209
441118,UTTAR PRADESH,13,177
441118,UTTAR PRADESH,14,334
441118,UTTAR PRADESH,15,93
441118,UTTAR PRADESH,16,372
441118,UTTAR PRADESH,17,287
441118,UTTAR PRADESH,18,287
441118,UTTAR PRADESH,19,635
441118,UTTAR PRADESH,20,329
441118,UTTAR PRADESH,21,67
441118,UTTAR PRADESH,22,448
441118,UTTAR PRADESH,23,163
441118,UTTAR PRADESH,24,475
441118,UTTAR PRADESH,25,590
441118,UTTAR PRADESH,26,677
441118,UTTAR PRADESH,27,102
441118,UTTAR PRADESH,28,225
441118,UTTAR PRADESH,29,210
441118,UTTAR PRADESH,30,305
441118,UTTAR PRADESH,31,569
441118,UTTAR PRADESH,32,95
441118,UTTAR PRADESH,33,91
441118,UTTAR PRADESH,34,663
441118,UTTAR PRADESH,35,530
441118,UTTAR PRADESH,36,254
441118,UTTAR PRADESH,37,85
441118,UTTAR PRADESH,38,408
441118,UTTAR PRADESH,39,454
441118,UTTAR PRADESH,40,175
441118,UTTAR PRADESH,41,448
441118,UTTAR PRADESH,42,27
441118,UTTAR PRADESH,43,130
441118,UTTAR PRADESH,44,86
441118,UTTAR PRADESH,45,38
441118,UTTAR PRADESH,46,175
441118,UTTAR PRADESH,47,153
441118,UTTAR PRADESH,48,122
441118,UTTAR PRADESH,49,449
441118,UTTAR PRADESH,50,281
441118,UTTAR PRADESH,51,122
441118,UTTAR PRADESH,52,68
441118,UTTAR PRADESH,53,242
441118,UTTAR PRADESH,54,393
441118,UTTAR PRADESH,55,332
441118,UTTAR PRADESH,56,249
441118,UTTAR PRADESH,57,64
441118,UTTAR PRADESH,58,160
441118,UTTAR PRADESH,59,312
441118,UTTAR PRADESH,60,200
441118,UTTAR PRADESH,61,3
441118,UTTAR PRADESH,62,447
441118,UTTAR PRADESH,63,188
441118,UTTAR PRADESH,64,291
441118,UTTAR PRADESH,65,87
441118,UTTAR PRADESH,66,222
441118,UTTAR PRADESH,67,370
441118,UTTAR PRADESH,68,75
441118,UTTAR PRADESH,69,65
441118,UTTAR PRADESH,70,85
441118,UTTAR PRADESH,71,40
441118,UTTAR PRADESH,72,577
441118,UTTAR PRADESH,73,308
441118,UTTAR PRADESH,74,47
441118,UTTAR PRADESH,75,656
441118,UTTAR PRADESH,76,303
441118,UTTAR PRADESH,77,308
441118,UTTAR PRADESH,78,103
441118,UTTAR PRADESH,79,92
441118,UTTAR PRADESH,80,304
441118,UTTAR PRADESH,81,216
441118,UTTAR PRADESH,82,490
441118,UTTAR PRADESH,83,687
441118,UTTAR PRADESH,84,90
441118,UTTAR PRADESH,85,310
441118,UTTAR PRADESH,86,92
441118,UTTAR PRADESH,87,161
441118,UTTAR PRADESH,88,263
441118,UTTAR PRADESH,89,525
441118,UTTAR PRADESH,90,410
441118,UTTAR PRADESH,91,101
441118,UTTAR PRADESH,92,491
441118,UTTAR PRADESH,93,210
441118,UTTAR PRADESH,94,272
441118,UTTAR PRADESH,95,85
441118,UTTAR PRADESH,96,582
441118,UTTAR PRADESH,97,74
441118,UTTAR PRADESH,98,49
441118,UTTAR PRADESH,99,55
441118,UTTAR PRADESH,100,456
441118,UTTAR PRADESH,101,42
441118,UTTAR PRADESH,102,324
441118,UTTAR PRADESH,103,219
441118,UTTAR PRADESH,104,204
441118,UTTAR PRADESH,4,106
441118,UTTAR PRADESH,335,107
441118,UTTAR PRADESH,47,108
441118,UTTAR PRADESH,103,109
441118,UTTAR PRADESH,351,110
441118,UTTAR PRADESH,322,111
441118,UTTAR PRADESH,185,112
441118,UTTAR PRADESH,76,113
441118,UTTAR PRADESH,74,114
441118,UTTAR PRADESH,135,115
441118,UTTAR PRADESH,198,116
441118,UTTAR PRADESH,112,117
441118,UTTAR PRADESH,137,118
441118,UTTAR PRADESH,41,119
441118,UTTAR PRADESH,218,120
441118,UTTAR PRADESH,121,183
441118,UTTAR PRADESH,122,154
441118,UTTAR PRADESH,123,92
441118,UTTAR PRADESH,124,175
441118,UTTAR PRADESH,125,112
441118,UTTAR PRADESH,126,102
441118,UTTAR PRADESH,127,290
441118,UTTAR PRADESH,128,370
441118,UTTAR PRADESH,129,92
441118,UTTAR PRADESH,130,116
441118,UTTAR PRADESH,131,92
441118,UTTAR PRADESH,132,131
441118,UTTAR PRADESH,133,216
441118,UTTAR PRADESH,134,159
441118,UTTAR PRADESH,135,202
441118,UTTAR PRADESH,136,473
441118,UTTAR PRADESH,137,562
441118,UTTAR PRADESH,138,315
441118,UTTAR PRADESH,139,345
441118,UTTAR PRADESH,140,288
441118,UTTAR PRADESH,141,115
441118,UTTAR PRADESH,142,335
441118,UTTAR PRADESH,143,114
441118,UTTAR PRADESH,144,120
441118,UTTAR PRADESH,145,552
441118,UTTAR PRADESH,146,144
441118,UTTAR PRADESH,147,398
441118,UTTAR PRADESH,148,262
441118,UTTAR PRADESH,149,441
441118,UTTAR PRADESH,150,101
441118,UTTAR PRADESH,151,64
441118,UTTAR PRADESH,152,408
441118,UTTAR PRADESH,153,71
441118,UTTAR PRADESH,154,381
441118,UTTAR PRADESH,155,184
441118,UTTAR PRADESH,156,149
441118,UTTAR PRADESH,157,125
441118,UTTAR PRADESH,158,40
441118,UTTAR PRADESH,159,67
441118,UTTAR PRADESH,160,132
441118,UTTAR PRADESH,161,242
441118,UTTAR PRADESH,162,92
441118,UTTAR PRADESH,163,277
441118,UTTAR PRADESH,164,632
441118,UTTAR PRADESH,165,62
441118,UTTAR PRADESH,166,337
441118,UTTAR PRADESH,167,210
441118,UTTAR PRADESH,168,121
441118,UTTAR PRADESH,169,49
441118,UTTAR PRADESH,170,641
441118,UTTAR PRADESH,171,170
441118,UTTAR PRADESH,172,104
441118,UTTAR PRADESH,173,230
441118,UTTAR PRADESH,174,132
441118,UTTAR PRADESH,175,444
441118,UTTAR PRADESH,176,526
441118,UTTAR PRADESH,177,279
441118,UTTAR PRADESH,178,135
441118,UTTAR PRADESH,179,547
441118,UTTAR PRADESH,180,396
441118,UTTAR PRADESH,181,303
441118,UTTAR PRADESH,8,183
441118,UTTAR PRADESH,425,184
441118,UTTAR PRADESH,242,185
441118,UTTAR PRADESH,194,186
441118,UTTAR PRADESH,150,187
441118,UTTAR PRADESH,647,188
441118,UTTAR PRADESH,78,189
441118,UTTAR PRADESH,284,190
441118,UTTAR PRADESH,254,191
441118,UTTAR PRADESH,68,192
441118,UTTAR PRADESH,95,193
441118,UTTAR PRADESH,122,194
441118,UTTAR PRADESH,301,195
441118,UTTAR PRADESH,263,196
441118,UTTAR PRADESH,110,197
441118,UTTAR PRADESH,306,198
441118,UTTAR PRADESH,189,199
441118,UTTAR PRADESH,165,200
441118,UTTAR PRADESH,336,201
441118,UTTAR PRADESH,109,202
441118,UTTAR PRADESH,184,203
441118,UTTAR PRADESH,74,204
441118,UTTAR PRADESH,630,205
441118,UTTAR PRADESH,98,206
441118,UTTAR PRADESH,52,207
441118,UTTAR PRADESH,145,208
441118,UTTAR PRADESH,322,209
441118,UTTAR PRADESH,70,210
441118,UTTAR PRADESH,211,188
441118,UTTAR PRADESH,212,133
441118,UTTAR PRADESH,213,199
441118,UTTAR PRADESH,214,290
441118,UTTAR PRADESH,215,519
441118,UTTAR PRADESH,216,96
441118,UTTAR PRADESH,217,509
441118,UTTAR PRADESH,218,162
441118,UTTAR PRADESH,219,608
441118,UTTAR PRADESH,220,318
441118,UTTAR PRADESH,221,66
441118,UTTAR PRADESH,222,125
441118,UTTAR PRADESH,223,213
441118,UTTAR PRADESH,224,158
441118,UTTAR PRADESH,225,180
441118,UTTAR PRADESH,226,285
441118,UTTAR PRADESH,227,327
441118,UTTAR PRADESH,228,232
441118,UTTAR PRADESH,229,198
441118,UTTAR PRADESH,230,161
441118,UTTAR PRADESH,231,563
441118,UTTAR PRADESH,232,60
441118,UTTAR PRADESH,233,376
441118,UTTAR PRADESH,234,146
441118,UTTAR PRADESH,235,413
441118,UTTAR PRADESH,236,89
441118,UTTAR PRADESH,237,311
441118,UTTAR PRADESH,238,80
441118,UTTAR PRADESH,239,548
441118,UTTAR PRADESH,240,140
441118,UTTAR PRADESH,241,178
441118,UTTAR PRADESH,242,189
441118,UTTAR PRADESH,243,170
441118,UTTAR PRADESH,244,253
441118,UTTAR PRADESH,245,134
441118,UTTAR PRADESH,246,515
441118,UTTAR PRADESH,247,655
441118,UTTAR PRADESH,248,317
441118,UTTAR PRADESH,249,625
441118,UTTAR PRADESH,250,176
441118,UTTAR PRADESH,251,44
441118,UTTAR PRADESH,252,136
441118,UTTAR PRADESH,253,82
441118,UTTAR PRADESH,254,232
441118,UTTAR PRADESH,255,215
441118,UTTAR PRADESH,256,106
441118,UTTAR PRADESH,257,51
441118,UTTAR PRADESH,258,154
441118,UTTAR PRADESH,259,47
441118,UTTAR PRADESH,260,192
441118,UTTAR PRADESH,261,275
441118,UTTAR PRADESH,262,329
441118,UTTAR PRADESH,263,132
441118,UTTAR PRADESH,264,324
441118,UTTAR PRADESH,265,523
441118,UTTAR PRADESH,266,105
441118,UTTAR PRADESH,267,346
441118,UTTAR PRADESH,268,290
441118,UTTAR PRADESH,269,40
441118,UTTAR PRADESH,270,485
441118,UTTAR PRADESH,271,387
441118,UTTAR PRADESH,272,103
441118,UTTAR PRADESH,273,412
441118,UTTAR PRADESH,274,44
441118,UTTAR PRADESH,275,40
441118,UTTAR PRADESH,276,351
441118,UTTAR PRADESH,277,187
441118,UTTAR PRADESH,278,221
441118,UTTAR PRADESH,279,94
441118,UTTAR PRADESH,280,72
441118,UTTAR PRADESH,281,170
441118,UTTAR PRADESH,282,48
441118,UTTAR PRADESH,283,120
441118,UTTAR PRADESH,284,233
441118,UTTAR PRADESH,285,183
441118,UTTAR PRADESH,286,108
441118,UTTAR PRADESH,287,53
441118,UTTAR PRADESH,288,570
441118,UTTAR PRADESH,289,572
441118,UTTAR PRADESH,290,362
441118,UTTAR PRADESH,291,531
441118,UTTAR PRADESH,292,194
441118,UTTAR PRADESH,293,626
441118,UTTAR PRADESH,294,267
441118,UTTAR PRADESH,295,244
441118,UTTAR PRADESH,296,382
441118,UTTAR PRADESH,297,153
441118,UTTAR PRADESH,298,312
441118,UTTAR PRADESH,299,133
441118,UTTAR PRADESH,300,312
441118,UTTAR PRADESH,301,261
441118,UTTAR PRADESH,302,52
441118,UTTAR PRADESH,303,270
441118,UTTAR PRADESH,304,218
441118,UTTAR PRADESH,305,115
441118,UTTAR PRADESH,306,47
441118,UTTAR PRADESH,307,349
441118,UTTAR PRADESH,308,81
441118,UTTAR PRADESH,309,193
441118,UTTAR PRADESH,310,238
441118,UTTAR PRADESH,311,583
441118,UTTAR PRADESH,312,134
441118,UTTAR PRADESH,313,55
441118,UTTAR PRADESH,314,51
441118,UTTAR PRADESH,315,301
441118,UTTAR PRADESH,316,568
441118,UTTAR PRADESH,317,151
441118,UTTAR PRADESH,318,130
441118,UTTAR PRADESH,319,163
441118,UTTAR PRADESH,320,78
441118,UTTAR PRADESH,321,36
441118,UTTAR PRADESH,322,206
441118,UTTAR PRADESH,13,324
441118,UTTAR PRADESH,95,325
441118,UTTAR PRADESH,110,326
441118,UTTAR PRADESH,50,327
441118,UTTAR PRADESH,105,328
441118,UTTAR PRADESH,33,329
441118,UTTAR PRADESH,190,330
441118,UTTAR PRADESH,331,400
441118,UTTAR PRADESH,332,110
441118,UTTAR PRADESH,333,496
441118,UTTAR PRADESH,334,212
441118,UTTAR PRADESH,335,212
441118,UTTAR PRADESH,336,125
441118,UTTAR PRADESH,337,197
441118,UTTAR PRADESH,338,158
441118,UTTAR PRADESH,339,115
441118,UTTAR PRADESH,340,456
441118,UTTAR PRADESH,341,236
441118,UTTAR PRADESH,342,119
441118,UTTAR PRADESH,343,342
441118,UTTAR PRADESH,344,128
441118,UTTAR PRADESH,345,206
441118,UTTAR PRADESH,346,71
441118,UTTAR PRADESH,347,448
441118,UTTAR PRADESH,348,220
441118,UTTAR PRADESH,349,140
441118,UTTAR PRADESH,350,337
441118,UTTAR PRADESH,351,197
441118,UTTAR PRADESH,352,211
441118,UTTAR PRADESH,353,454
441118,UTTAR PRADESH,354,339
441118,UTTAR PRADESH,355,665
441118,UTTAR PRADESH,356,349
441118,UTTAR PRADESH,357,105
441118,UTTAR PRADESH,358,198
441118,UTTAR PRADESH,359,190
441118,UTTAR PRADESH,360,158
441118,UTTAR PRADESH,361,160
441118,UTTAR PRADESH,362,97
441118,UTTAR PRADESH,363,123
441118,UTTAR PRADESH,364,589
441118,UTTAR PRADESH,365,237
441118,UTTAR PRADESH,366,161
441118,UTTAR PRADESH,367,257
441118,UTTAR PRADESH,368,526
441118,UTTAR PRADESH,369,96
441118,UTTAR PRADESH,370,591
441118,UTTAR PRADESH,371,126
441118,UTTAR PRADESH,372,157
441118,UTTAR PRADESH,373,142
441118,UTTAR PRADESH,374,118
441118,UTTAR PRADESH,375,432
441118,UTTAR PRADESH,376,286
441118,UTTAR PRADESH,377,181
441118,UTTAR PRADESH,378,78
441118,UTTAR PRADESH,379,237
441118,UTTAR PRADESH,380,73
441118,UTTAR PRADESH,381,319
441118,UTTAR PRADESH,382,162
441118,UTTAR PRADESH,383,173
441118,UTTAR PRADESH,384,322
441118,UTTAR PRADESH,385,85
441118,UTTAR PRADESH,386,291
441118,UTTAR PRADESH,387,91
441118,UTTAR PRADESH,388,104
441118,UTTAR PRADESH,389,118
441118,UTTAR PRADESH,390,314
441118,UTTAR PRADESH,391,180
441118,UTTAR PRADESH,392,194
441118,UTTAR PRADESH,393,65
441118,UTTAR PRADESH,394,54
441118,UTTAR PRADESH,395,346
441118,UTTAR PRADESH,396,422
441118,UTTAR PRADESH,397,212
441118,UTTAR PRADESH,398,77
441118,UTTAR PRADESH,399,98
441118,UTTAR PRADESH,400,346
441118,UTTAR PRADESH,401,128
441118,UTTAR PRADESH,402,416
441118,UTTAR PRADESH,403,268
441118,UTTAR PRADESH,404,405
441118,UTTAR PRADESH,405,95
441118,UTTAR PRADESH,406,272
441118,UTTAR PRADESH,407,548
441118,UTTAR PRADESH,408,315
441118,UTTAR PRADESH,409,167
441118,UTTAR PRADESH,410,207
441118,UTTAR PRADESH,411,344
441118,UTTAR PRADESH,412,116
441118,UTTAR PRADESH,413,23
441118,UTTAR PRADESH,414,129
441118,UTTAR PRADESH,415,230
441118,UTTAR PRADESH,416,221
441118,UTTAR PRADESH,417,52
441118,UTTAR PRADESH,418,339
441118,UTTAR PRADESH,419,449
441118,UTTAR PRADESH,420,65
441118,UTTAR PRADESH,421,495
441118,UTTAR PRADESH,422,593
441118,UTTAR PRADESH,423,126
441118,UTTAR PRADESH,424,109
441118,UTTAR PRADESH,425,317
441118,UTTAR PRADESH,426,193
441118,UTTAR PRADESH,427,101
441118,UTTAR PRADESH,428,417
441118,UTTAR PRADESH,429,201
441118,UTTAR PRADESH,430,625
441118,UTTAR PRADESH,431,56
441118,UTTAR PRADESH,432,191
441118,UTTAR PRADESH,433,251
441118,UTTAR PRADESH,434,295
441118,UTTAR PRADESH,435,110
441118,UTTAR PRADESH,436,89
441118,UTTAR PRADESH,437,158
441118,UTTAR PRADESH,438,90
441118,UTTAR PRADESH,439,206
441118,UTTAR PRADESH,440,57
441118,UTTAR PRADESH,441,111
441118,UTTAR PRADESH,442,89
441118,UTTAR PRADESH,443,665
441118,UTTAR PRADESH,444,558
441118,UTTAR PRADESH,445,35
441118,UTTAR PRADESH,446,292
441118,UTTAR PRADESH,447,161
441118,UTTAR PRADESH,448,72
441118,UTTAR PRADESH,449,44
441118,UTTAR PRADESH,450,205
441118,UTTAR PRADESH,451,217
441118,UTTAR PRADESH,452,162
441118,UTTAR PRADESH,453,255
441118,UTTAR PRADESH,454,240
441118,UTTAR PRADESH,455,124
441118,UTTAR PRADESH,456,348
441118,UTTAR PRADESH,457,264
441118,UTTAR PRADESH,458,206
441118,UTTAR PRADESH,459,160
441118,UTTAR PRADESH,460,166
441118,UTTAR PRADESH,461,68
441118,UTTAR PRADESH,462,60
441118,UTTAR PRADESH,463,37
441118,UTTAR PRADESH,464,180
441118,UTTAR PRADESH,465,224
441118,UTTAR PRADESH,466,280
441118,UTTAR PRADESH,467,547
441118,UTTAR PRADESH,468,136
441118,UTTAR PRADESH,469,168
441118,UTTAR PRADESH,470,200
441118,UTTAR PRADESH,471,76
441118,UTTAR PRADESH,472,292
441118,UTTAR PRADESH,473,172
441118,UTTAR PRADESH,474,12
441118,UTTAR PRADESH,475,230
441118,UTTAR PRADESH,476,492
441118,UTTAR PRADESH,477,355
441118,UTTAR PRADESH,478,15
441118,UTTAR PRADESH,479,188
441118,UTTAR PRADESH,480,114
441118,UTTAR PRADESH,481,326
441118,UTTAR PRADESH,482,106
441118,UTTAR PRADESH,483,72
441118,UTTAR PRADESH,484,60
441118,UTTAR PRADESH,485,86
441118,UTTAR PRADESH,486,262
441118,UTTAR PRADESH,487,193
441118,UTTAR PRADESH,488,468
441118,UTTAR PRADESH,489,60
441118,UTTAR PRADESH,490,80
441118,UTTAR PRADESH,491,159
441118,UTTAR PRADESH,492,668
441118,UTTAR PRADESH,493,431
441118,UTTAR PRADESH,494,289
441118,UTTAR PRADESH,495,555
441118,UTTAR PRADESH,496,650
441118,UTTAR PRADESH,497,131
441118,UTTAR PRADESH,498,207
441118,UTTAR PRADESH,499,553
441118,UTTAR PRADESH,500,286
441118,UTTAR PRADESH,501,144
441118,UTTAR PRADESH,502,150
441118,UTTAR PRADESH,503,150
441118,UTTAR PRADESH,504,365
441118,UTTAR PRADESH,505,72
441118,UTTAR PRADESH,506,67
441118,UTTAR PRADESH,507,50
441118,UTTAR PRADESH,508,266
441118,UTTAR PRADESH,509,307
441118,UTTAR PRADESH,510,478
441118,UTTAR PRADESH,511,61
441118,UTTAR PRADESH,512,215
441118,UTTAR PRADESH,513,119
441118,UTTAR PRADESH,514,206
441118,UTTAR PRADESH,515,50
441118,UTTAR PRADESH,516,224
441118,UTTAR PRADESH,517,230
441118,UTTAR PRADESH,518,705
441118,UTTAR PRADESH,519,331
441118,UTTAR PRADESH,520,85
441118,UTTAR PRADESH,521,374
441118,UTTAR PRADESH,522,49
441118,UTTAR PRADESH,523,300
441118,UTTAR PRADESH,524,192
441118,UTTAR PRADESH,525,120
441118,UTTAR PRADESH,526,665
441118,UTTAR PRADESH,527,156
441118,UTTAR PRADESH,528,115
441118,UTTAR PRADESH,529,56
441118,UTTAR PRADESH,530,194
441118,UTTAR PRADESH,531,167
441118,UTTAR PRADESH,532,641
441118,UTTAR PRADESH,533,478
441118,UTTAR PRADESH,534,504
441118,UTTAR PRADESH,535,126
441118,UTTAR PRADESH,536,72
441118,UTTAR PRADESH,537,559
441118,UTTAR PRADESH,538,114
441118,UTTAR PRADESH,539,167
441118,UTTAR PRADESH,540,368
441118,UTTAR PRADESH,541,226
441118,UTTAR PRADESH,542,138
441118,UTTAR PRADESH,543,180
441118,UTTAR PRADESH,544,70
441118,UTTAR PRADESH,545,185
441118,UTTAR PRADESH,546,30
441118,UTTAR PRADESH,547,108
441118,UTTAR PRADESH,548,514
441118,UTTAR PRADESH,549,121
441118,UTTAR PRADESH,550,284
441118,UTTAR PRADESH,551,499
441118,UTTAR PRADESH,552,451
441118,UTTAR PRADESH,553,227
441118,UTTAR PRADESH,554,325
441118,UTTAR PRADESH,555,533
441118,UTTAR PRADESH,556,347
441118,UTTAR PRADESH,557,96
441118,UTTAR PRADESH,558,66
441118,UTTAR PRADESH,559,157
441118,UTTAR PRADESH,560,40
441118,UTTAR PRADESH,561,55
441118,UTTAR PRADESH,562,30
441118,UTTAR PRADESH,563,328
441118,UTTAR PRADESH,564,208
441118,UTTAR PRADESH,565,450
441118,UTTAR PRADESH,566,330
441118,UTTAR PRADESH,567,268
441118,UTTAR PRADESH,568,292
441118,UTTAR PRADESH,569,212
441118,UTTAR PRADESH,570,220
441118,UTTAR PRADESH,571,130
441118,UTTAR PRADESH,572,112
441118,UTTAR PRADESH,573,124
441118,UTTAR PRADESH,574,105
441118,UTTAR PRADESH,575,85
441118,UTTAR PRADESH,576,198
441118,UTTAR PRADESH,577,94
441118,UTTAR PRADESH,578,191
441118,UTTAR PRADESH,579,206
441118,UTTAR PRADESH,580,243
441118,UTTAR PRADESH,581,535
441118,UTTAR PRADESH,582,121
441118,UTTAR PRADESH,583,42
441118,UTTAR PRADESH,584,77
441118,UTTAR PRADESH,585,134
441118,UTTAR PRADESH,586,66
441118,UTTAR PRADESH,587,251
441118,UTTAR PRADESH,588,453
441118,UTTAR PRADESH,589,190
441118,UTTAR PRADESH,590,123
441118,UTTAR PRADESH,591,307
441118,UTTAR PRADESH,592,31
441118,UTTAR PRADESH,593,124
441118,UTTAR PRADESH,594,467
441118,UTTAR PRADESH,595,104
441118,UTTAR PRADESH,596,80
441118,UTTAR PRADESH,597,481
441118,UTTAR PRADESH,598,145
441118,UTTAR PRADESH,599,97
441118,UTTAR PRADESH,600,62
441118,UTTAR PRADESH,601,76
441118,UTTAR PRADESH,602,450
441118,UTTAR PRADESH,603,452
441118,UTTAR PRADESH,604,65
441118,UTTAR PRADESH,605,135
441118,UTTAR PRADESH,606,48
441118,UTTAR PRADESH,607,313
441118,UTTAR PRADESH,608,117
441118,UTTAR PRADESH,609,69
441118,UTTAR PRADESH,610,578
441118,UTTAR PRADESH,611,113
441118,UTTAR PRADESH,612,266
441118,UTTAR PRADESH,613,142
441118,UTTAR PRADESH,614,69
441118,UTTAR PRADESH,615,102
441118,UTTAR PRADESH,616,545
441118,UTTAR PRADESH,617,355
441118,UTTAR PRADESH,618,131
441118,UTTAR PRADESH,619,108
441118,UTTAR PRADESH,620,161
441118,UTTAR PRADESH,621,144
441118,UTTAR PRADESH,622,555
441118,UTTAR PRADESH,623,231
441118,UTTAR PRADESH,624,477
441118,UTTAR PRADESH,625,66
441118,UTTAR PRADESH,626,439
441118,UTTAR PRADESH,627,339
441118,UTTAR PRADESH,628,642
441118,UTTAR PRADESH,629,503
441118,UTTAR PRADESH,630,120
441118,UTTAR PRADESH,631,277
441118,UTTAR PRADESH,632,193
441118,UTTAR PRADESH,633,45
441118,UTTAR PRADESH,634,147
441118,UTTAR PRADESH,635,69
441118,UTTAR PRADESH,636,111
441118,UTTAR PRADESH,637,366
441118,UTTAR PRADESH,638,551
441118,UTTAR PRADESH,639,210
441118,UTTAR PRADESH,640,165
441118,UTTAR PRADESH,641,107
441118,UTTAR PRADESH,642,173
441118,UTTAR PRADESH,643,105
441118,UTTAR PRADESH,644,114
441118,UTTAR PRADESH,645,267
441118,UTTAR PRADESH,646,142
441118,UTTAR PRADESH,647,147
441118,UTTAR PRADESH,648,295
441118,UTTAR PRADESH,649,226
441118,UTTAR PRADESH,650,269
441118,UTTAR PRADESH,651,13
441118,UTTAR PRADESH,652,261
441118,UTTAR PRADESH,653,80
441118,UTTAR PRADESH,654,98
441118,UTTAR PRADESH,655,137
441118,UTTAR PRADESH,656,180
441118,UTTAR PRADESH,657,65
441118,UTTAR PRADESH,658,214
441118,UTTAR PRADESH,659,234
441118,UTTAR PRADESH,660,154
441118,UTTAR PRADESH,661,219
441118,UTTAR PRADESH,662,101
441118,UTTAR PRADESH,663,309
441118,UTTAR PRADESH,664,119
441118,UTTAR PRADESH,665,436
441118,UTTAR PRADESH,666,173
441118,UTTAR PRADESH,667,220
441118,UTTAR PRADESH,668,115
441118,UTTAR PRADESH,669,186
441118,UTTAR PRADESH,670,129
441118,UTTAR PRADESH,671,216
441118,UTTAR PRADESH,672,566
441118,UTTAR PRADESH,673,148
441118,UTTAR PRADESH,674,98
441118,UTTAR PRADESH,675,265
441118,UTTAR PRADESH,676,139
441118,UTTAR PRADESH,677,66
441118,UTTAR PRADESH,678,637
441118,UTTAR PRADESH,679,358
441118,UTTAR PRADESH,680,159
441118,UTTAR PRADESH,681,101
441118,UTTAR PRADESH,682,248
441118,UTTAR PRADESH,683,611
441118,UTTAR PRADESH,684,103
441118,UTTAR PRADESH,685,148
441118,UTTAR PRADESH,686,1
441118,UTTAR PRADESH,687,484
441118,UTTAR PRADESH,688,201
441118,UTTAR PRADESH,689,114
441118,UTTAR PRADESH,690,162
441118,UTTAR PRADESH,691,139
441118,UTTAR PRADESH,692,300
441118,UTTAR PRADESH,693,224
441118,UTTAR PRADESH,694,357
441118,UTTAR PRADESH,695,455
441118,UTTAR PRADESH,696,84
441118,UTTAR PRADESH,697,122
441118,UTTAR PRADESH,698,433
441118,UTTAR PRADESH,699,44
441118,UTTAR PRADESH,700,142
441118,UTTAR PRADESH,701,48
441118,UTTAR PRADESH,702,500
441118,UTTAR PRADESH,703,302
