Center Number,State Name,Srl No,Marks
441130,UTTAR PRADESH,1,294
441130,UTTAR PRADESH,2,32
441130,UTTAR PRADESH,3,102
441130,UTTAR PRADESH,4,41
441130,UTTAR PRADESH,5,50
441130,UTTAR PRADESH,6,77
441130,UTTAR PRADESH,7,98
441130,UTTAR PRADESH,8,285
441130,UTTAR PRADESH,9,25
441130,UTTAR PRADESH,10,70
441130,UTTAR PRADESH,11,75
441130,UTTAR PRADESH,12,80
441130,UTTAR PRADESH,13,223
441130,UTTAR PRADESH,14,59
441130,UTTAR PRADESH,15,32
441130,UTTAR PRADESH,16,66
441130,UTTAR PRADESH,17,371
441130,UTTAR PRADESH,18,30
441130,UTTAR PRADESH,19,84
441130,UTTAR PRADESH,20,140
441130,UTTAR PRADESH,21,257
441130,UTTAR PRADESH,22,69
441130,UTTAR PRADESH,23,146
441130,UTTAR PRADESH,24,50
441130,UTTAR PRADESH,25,513
441130,UTTAR PRADESH,26,235
441130,UTTAR PRADESH,27,141
441130,UTTAR PRADESH,28,40
441130,UTTAR PRADESH,29,173
441130,UTTAR PRADESH,30,149
441130,UTTAR PRADESH,31,79
441130,UTTAR PRADESH,32,119
441130,UTTAR PRADESH,33,102
441130,UTTAR PRADESH,2,35
441130,UTTAR PRADESH,279,36
441130,UTTAR PRADESH,44,37
441130,UTTAR PRADESH,110,38
441130,UTTAR PRADESH,222,39
441130,UTTAR PRADESH,90,40
441130,UTTAR PRADESH,21,41
441130,UTTAR PRADESH,429,42
441130,UTTAR PRADESH,50,43
441130,UTTAR PRADESH,439,44
441130,UTTAR PRADESH,352,45
441130,UTTAR PRADESH,81,46
441130,UTTAR PRADESH,35,47
441130,UTTAR PRADESH,33,48
441130,UTTAR PRADESH,26,49
441130,UTTAR PRADESH,180,50
441130,UTTAR PRADESH,110,51
441130,UTTAR PRADESH,327,52
441130,UTTAR PRADESH,114,53
441130,UTTAR PRADESH,405,54
441130,UTTAR PRADESH,87,55
441130,UTTAR PRADESH,219,56
441130,UTTAR PRADESH,640,57
441130,UTTAR PRADESH,67,58
441130,UTTAR PRADESH,314,59
441130,UTTAR PRADESH,315,60
441130,UTTAR PRADESH,61,72
441130,UTTAR PRADESH,62,55
441130,UTTAR PRADESH,63,210
441130,UTTAR PRADESH,64,51
441130,UTTAR PRADESH,65,399
441130,UTTAR PRADESH,66,216
441130,UTTAR PRADESH,67,104
441130,UTTAR PRADESH,68,109
441130,UTTAR PRADESH,69,91
441130,UTTAR PRADESH,70,597
441130,UTTAR PRADESH,71,63
441130,UTTAR PRADESH,72,75
441130,UTTAR PRADESH,73,107
441130,UTTAR PRADESH,74,65
441130,UTTAR PRADESH,75,33
441130,UTTAR PRADESH,76,67
441130,UTTAR PRADESH,77,43
441130,UTTAR PRADESH,78,33
441130,UTTAR PRADESH,79,100
441130,UTTAR PRADESH,80,477
441130,UTTAR PRADESH,81,50
441130,UTTAR PRADESH,82,60
441130,UTTAR PRADESH,83,109
441130,UTTAR PRADESH,84,137
441130,UTTAR PRADESH,85,65
441130,UTTAR PRADESH,86,166
441130,UTTAR PRADESH,87,122
441130,UTTAR PRADESH,88,46
441130,UTTAR PRADESH,89,62
441130,UTTAR PRADESH,90,498
441130,UTTAR PRADESH,91,163
441130,UTTAR PRADESH,92,25
441130,UTTAR PRADESH,93,650
441130,UTTAR PRADESH,94,105
441130,UTTAR PRADESH,95,109
441130,UTTAR PRADESH,96,21
441130,UTTAR PRADESH,97,20
441130,UTTAR PRADESH,98,105
441130,UTTAR PRADESH,99,91
441130,UTTAR PRADESH,100,178
441130,UTTAR PRADESH,101,85
441130,UTTAR PRADESH,102,15
441130,UTTAR PRADESH,103,80
441130,UTTAR PRADESH,104,42
441130,UTTAR PRADESH,105,89
441130,UTTAR PRADESH,106,15
441130,UTTAR PRADESH,107,579
441130,UTTAR PRADESH,108,56
441130,UTTAR PRADESH,109,117
441130,UTTAR PRADESH,110,158
441130,UTTAR PRADESH,111,48
441130,UTTAR PRADESH,112,120
441130,UTTAR PRADESH,113,110
441130,UTTAR PRADESH,114,282
441130,UTTAR PRADESH,115,429
441130,UTTAR PRADESH,116,114
441130,UTTAR PRADESH,117,204
441130,UTTAR PRADESH,118,482
441130,UTTAR PRADESH,119,186
441130,UTTAR PRADESH,120,315
441130,UTTAR PRADESH,121,164
441130,UTTAR PRADESH,122,54
441130,UTTAR PRADESH,123,161
441130,UTTAR PRADESH,124,62
441130,UTTAR PRADESH,125,69
441130,UTTAR PRADESH,126,53
441130,UTTAR PRADESH,127,112
441130,UTTAR PRADESH,128,244
441130,UTTAR PRADESH,129,231
441130,UTTAR PRADESH,130,68
441130,UTTAR PRADESH,131,40
441130,UTTAR PRADESH,132,51
441130,UTTAR PRADESH,133,445
441130,UTTAR PRADESH,134,30
441130,UTTAR PRADESH,135,49
441130,UTTAR PRADESH,136,395
441130,UTTAR PRADESH,137,139
441130,UTTAR PRADESH,138,143
441130,UTTAR PRADESH,139,295
441130,UTTAR PRADESH,140,155
441130,UTTAR PRADESH,141,184
441130,UTTAR PRADESH,142,136
441130,UTTAR PRADESH,143,38
441130,UTTAR PRADESH,144,65
441130,UTTAR PRADESH,145,49
441130,UTTAR PRADESH,146,150
441130,UTTAR PRADESH,147,28
441130,UTTAR PRADESH,148,51
441130,UTTAR PRADESH,149,31
441130,UTTAR PRADESH,150,27
441130,UTTAR PRADESH,151,125
441130,UTTAR PRADESH,152,123
441130,UTTAR PRADESH,153,133
441130,UTTAR PRADESH,154,132
441130,UTTAR PRADESH,155,45
441130,UTTAR PRADESH,156,58
441130,UTTAR PRADESH,157,35
441130,UTTAR PRADESH,158,85
441130,UTTAR PRADESH,159,55
441130,UTTAR PRADESH,160,138
441130,UTTAR PRADESH,161,85
441130,UTTAR PRADESH,162,123
441130,UTTAR PRADESH,163,58
441130,UTTAR PRADESH,164,38
441130,UTTAR PRADESH,165,38
441130,UTTAR PRADESH,166,88
441130,UTTAR PRADESH,167,246
441130,UTTAR PRADESH,168,301
441130,UTTAR PRADESH,169,14
441130,UTTAR PRADESH,170,145
441130,UTTAR PRADESH,171,75
441130,UTTAR PRADESH,172,104
441130,UTTAR PRADESH,173,75
441130,UTTAR PRADESH,174,580
441130,UTTAR PRADESH,175,90
441130,UTTAR PRADESH,176,62
441130,UTTAR PRADESH,177,41
441130,UTTAR PRADESH,178,99
441130,UTTAR PRADESH,179,188
441130,UTTAR PRADESH,180,33
441130,UTTAR PRADESH,181,98
441130,UTTAR PRADESH,182,99
441130,UTTAR PRADESH,183,101
441130,UTTAR PRADESH,184,601
441130,UTTAR PRADESH,185,58
441130,UTTAR PRADESH,186,72
441130,UTTAR PRADESH,187,628
441130,UTTAR PRADESH,188,135
441130,UTTAR PRADESH,189,167
441130,UTTAR PRADESH,190,6
441130,UTTAR PRADESH,191,294
441130,UTTAR PRADESH,192,645
441130,UTTAR PRADESH,193,118
441130,UTTAR PRADESH,194,522
441130,UTTAR PRADESH,195,46
441130,UTTAR PRADESH,196,49
441130,UTTAR PRADESH,197,184
441130,UTTAR PRADESH,198,92
441130,UTTAR PRADESH,199,229
441130,UTTAR PRADESH,200,10
441130,UTTAR PRADESH,201,300
441130,UTTAR PRADESH,202,90
441130,UTTAR PRADESH,203,55
441130,UTTAR PRADESH,204,46
441130,UTTAR PRADESH,205,33
441130,UTTAR PRADESH,206,26
441130,UTTAR PRADESH,207,416
441130,UTTAR PRADESH,208,21
441130,UTTAR PRADESH,209,109
441130,UTTAR PRADESH,210,48
441130,UTTAR PRADESH,211,34
441130,UTTAR PRADESH,212,54
441130,UTTAR PRADESH,213,112
441130,UTTAR PRADESH,214,77
441130,UTTAR PRADESH,215,113
441130,UTTAR PRADESH,216,31
441130,UTTAR PRADESH,217,545
441130,UTTAR PRADESH,218,32
441130,UTTAR PRADESH,219,187
441130,UTTAR PRADESH,220,15
441130,UTTAR PRADESH,221,100
441130,UTTAR PRADESH,222,111
441130,UTTAR PRADESH,223,110
441130,UTTAR PRADESH,224,48
441130,UTTAR PRADESH,225,83
441130,UTTAR PRADESH,226,56
441130,UTTAR PRADESH,227,411
441130,UTTAR PRADESH,228,45
441130,UTTAR PRADESH,229,61
441130,UTTAR PRADESH,230,38
441130,UTTAR PRADESH,231,148
441130,UTTAR PRADESH,232,157
441130,UTTAR PRADESH,233,51
441130,UTTAR PRADESH,234,157
441130,UTTAR PRADESH,235,60
441130,UTTAR PRADESH,236,32
441130,UTTAR PRADESH,237,95
441130,UTTAR PRADESH,238,49
441130,UTTAR PRADESH,239,92
441130,UTTAR PRADESH,240,149
441130,UTTAR PRADESH,241,55
441130,UTTAR PRADESH,242,52
441130,UTTAR PRADESH,243,96
441130,UTTAR PRADESH,244,480
441130,UTTAR PRADESH,245,72
441130,UTTAR PRADESH,246,338
441130,UTTAR PRADESH,247,192
441130,UTTAR PRADESH,248,36
441130,UTTAR PRADESH,249,132
441130,UTTAR PRADESH,250,40
441130,UTTAR PRADESH,251,100
441130,UTTAR PRADESH,252,638
441130,UTTAR PRADESH,253,154
441130,UTTAR PRADESH,254,65
441130,UTTAR PRADESH,255,63
441130,UTTAR PRADESH,256,144
441130,UTTAR PRADESH,257,50
441130,UTTAR PRADESH,258,136
441130,UTTAR PRADESH,259,114
441130,UTTAR PRADESH,260,378
441130,UTTAR PRADESH,261,33
441130,UTTAR PRADESH,262,292
441130,UTTAR PRADESH,263,25
441130,UTTAR PRADESH,264,76
441130,UTTAR PRADESH,265,55
441130,UTTAR PRADESH,266,90
441130,UTTAR PRADESH,267,45
441130,UTTAR PRADESH,7,269
441130,UTTAR PRADESH,385,270
441130,UTTAR PRADESH,271,29
441130,UTTAR PRADESH,272,105
441130,UTTAR PRADESH,273,165
441130,UTTAR PRADESH,274,513
441130,UTTAR PRADESH,275,497
441130,UTTAR PRADESH,276,59
441130,UTTAR PRADESH,277,482
441130,UTTAR PRADESH,278,241
441130,UTTAR PRADESH,279,177
441130,UTTAR PRADESH,280,92
441130,UTTAR PRADESH,281,77
441130,UTTAR PRADESH,282,323
441130,UTTAR PRADESH,283,7
441130,UTTAR PRADESH,284,122
441130,UTTAR PRADESH,285,137
441130,UTTAR PRADESH,286,140
441130,UTTAR PRADESH,287,482
441130,UTTAR PRADESH,288,260
441130,UTTAR PRADESH,289,109
441130,UTTAR PRADESH,290,406
441130,UTTAR PRADESH,291,442
441130,UTTAR PRADESH,292,195
441130,UTTAR PRADESH,293,20
441130,UTTAR PRADESH,294,146
441130,UTTAR PRADESH,295,461
441130,UTTAR PRADESH,296,55
441130,UTTAR PRADESH,297,131
441130,UTTAR PRADESH,298,121
441130,UTTAR PRADESH,299,91
441130,UTTAR PRADESH,300,78
441130,UTTAR PRADESH,301,100
441130,UTTAR PRADESH,302,508
441130,UTTAR PRADESH,303,65
441130,UTTAR PRADESH,304,91
441130,UTTAR PRADESH,305,42
441130,UTTAR PRADESH,306,299
441130,UTTAR PRADESH,307,85
441130,UTTAR PRADESH,308,36
441130,UTTAR PRADESH,309,32
441130,UTTAR PRADESH,310,58
441130,UTTAR PRADESH,311,56
441130,UTTAR PRADESH,312,656
441130,UTTAR PRADESH,313,79
441130,UTTAR PRADESH,314,663
441130,UTTAR PRADESH,315,82
441130,UTTAR PRADESH,316,21
441130,UTTAR PRADESH,317,537
441130,UTTAR PRADESH,318,149
441130,UTTAR PRADESH,319,117
441130,UTTAR PRADESH,320,196
441130,UTTAR PRADESH,321,90
441130,UTTAR PRADESH,322,109
441130,UTTAR PRADESH,323,74
441130,UTTAR PRADESH,324,63
441130,UTTAR PRADESH,325,103
441130,UTTAR PRADESH,326,96
441130,UTTAR PRADESH,327,414
441130,UTTAR PRADESH,328,92
441130,UTTAR PRADESH,329,360
441130,UTTAR PRADESH,330,121
441130,UTTAR PRADESH,331,87
441130,UTTAR PRADESH,332,133
441130,UTTAR PRADESH,333,365
441130,UTTAR PRADESH,334,60
441130,UTTAR PRADESH,335,572
441130,UTTAR PRADESH,336,20
441130,UTTAR PRADESH,337,101
441130,UTTAR PRADESH,338,280
441130,UTTAR PRADESH,339,154
441130,UTTAR PRADESH,340,70
441130,UTTAR PRADESH,341,77
441130,UTTAR PRADESH,342,68
441130,UTTAR PRADESH,343,74
441130,UTTAR PRADESH,344,63
441130,UTTAR PRADESH,345,147
441130,UTTAR PRADESH,346,63
441130,UTTAR PRADESH,347,152
441130,UTTAR PRADESH,348,355
441130,UTTAR PRADESH,349,82
441130,UTTAR PRADESH,350,205
441130,UTTAR PRADESH,351,181
441130,UTTAR PRADESH,352,26
441130,UTTAR PRADESH,353,56
441130,UTTAR PRADESH,354,167
441130,UTTAR PRADESH,355,65
441130,UTTAR PRADESH,356,33
441130,UTTAR PRADESH,357,104
441130,UTTAR PRADESH,358,150
441130,UTTAR PRADESH,359,85
441130,UTTAR PRADESH,360,75
441130,UTTAR PRADESH,361,37
441130,UTTAR PRADESH,362,484
441130,UTTAR PRADESH,363,195
441130,UTTAR PRADESH,364,84
441130,UTTAR PRADESH,365,45
441130,UTTAR PRADESH,366,210
441130,UTTAR PRADESH,367,66
441130,UTTAR PRADESH,368,128
441130,UTTAR PRADESH,369,110
441130,UTTAR PRADESH,370,52
441130,UTTAR PRADESH,371,10
441130,UTTAR PRADESH,372,12
441130,UTTAR PRADESH,373,55
441130,UTTAR PRADESH,374,55
441130,UTTAR PRADESH,375,39
441130,UTTAR PRADESH,376,125
441130,UTTAR PRADESH,377,55
441130,UTTAR PRADESH,378,44
441130,UTTAR PRADESH,379,128
441130,UTTAR PRADESH,380,50
441130,UTTAR PRADESH,381,5
441130,UTTAR PRADESH,382,11
441130,UTTAR PRADESH,383,49
441130,UTTAR PRADESH,384,197
441130,UTTAR PRADESH,385,312
441130,UTTAR PRADESH,386,41
441130,UTTAR PRADESH,387,46
441130,UTTAR PRADESH,388,53
441130,UTTAR PRADESH,389,50
441130,UTTAR PRADESH,390,410
441130,UTTAR PRADESH,391,73
441130,UTTAR PRADESH,392,142
441130,UTTAR PRADESH,393,59
441130,UTTAR PRADESH,394,147
441130,UTTAR PRADESH,395,108
441130,UTTAR PRADESH,396,121
441130,UTTAR PRADESH,397,93
441130,UTTAR PRADESH,398,209
441130,UTTAR PRADESH,399,10
441130,UTTAR PRADESH,400,138
441130,UTTAR PRADESH,401,442
441130,UTTAR PRADESH,402,57
441130,UTTAR PRADESH,403,17
441130,UTTAR PRADESH,404,165
441130,UTTAR PRADESH,405,31
441130,UTTAR PRADESH,406,335
441130,UTTAR PRADESH,407,80
441130,UTTAR PRADESH,408,149
441130,UTTAR PRADESH,409,81
441130,UTTAR PRADESH,410,270
441130,UTTAR PRADESH,411,35
441130,UTTAR PRADESH,412,25
441130,UTTAR PRADESH,413,96
441130,UTTAR PRADESH,414,70
441130,UTTAR PRADESH,415,121
441130,UTTAR PRADESH,416,280
441130,UTTAR PRADESH,417,70
441130,UTTAR PRADESH,418,450
441130,UTTAR PRADESH,419,453
441130,UTTAR PRADESH,420,665
441130,UTTAR PRADESH,421,501
441130,UTTAR PRADESH,422,80
441130,UTTAR PRADESH,423,97
441130,UTTAR PRADESH,424,400
441130,UTTAR PRADESH,425,90
441130,UTTAR PRADESH,426,121
441130,UTTAR PRADESH,427,93
441130,UTTAR PRADESH,428,35
441130,UTTAR PRADESH,429,66
441130,UTTAR PRADESH,430,45
441130,UTTAR PRADESH,431,66
441130,UTTAR PRADESH,432,118
441130,UTTAR PRADESH,433,95
441130,UTTAR PRADESH,434,77
441130,UTTAR PRADESH,435,58
441130,UTTAR PRADESH,436,177
441130,UTTAR PRADESH,437,367
441130,UTTAR PRADESH,438,84
441130,UTTAR PRADESH,439,217
441130,UTTAR PRADESH,440,312
441130,UTTAR PRADESH,441,70
441130,UTTAR PRADESH,442,39
441130,UTTAR PRADESH,443,110
441130,UTTAR PRADESH,444,205
441130,UTTAR PRADESH,445,25
441130,UTTAR PRADESH,446,37
441130,UTTAR PRADESH,447,139
441130,UTTAR PRADESH,448,556
441130,UTTAR PRADESH,449,671
441130,UTTAR PRADESH,450,391
441130,UTTAR PRADESH,451,317
441130,UTTAR PRADESH,452,46
441130,UTTAR PRADESH,453,50
441130,UTTAR PRADESH,454,129
441130,UTTAR PRADESH,455,116
441130,UTTAR PRADESH,456,66
441130,UTTAR PRADESH,457,99
441130,UTTAR PRADESH,458,41
441130,UTTAR PRADESH,459,65
441130,UTTAR PRADESH,460,186
441130,UTTAR PRADESH,461,171
441130,UTTAR PRADESH,462,138
441130,UTTAR PRADESH,463,81
441130,UTTAR PRADESH,464,493
441130,UTTAR PRADESH,465,0
441130,UTTAR PRADESH,466,250
441130,UTTAR PRADESH,467,667
441130,UTTAR PRADESH,468,257
441130,UTTAR PRADESH,469,416
441130,UTTAR PRADESH,470,80
441130,UTTAR PRADESH,471,397
441130,UTTAR PRADESH,472,103
441130,UTTAR PRADESH,473,534
441130,UTTAR PRADESH,474,111
441130,UTTAR PRADESH,475,223
441130,UTTAR PRADESH,476,166
441130,UTTAR PRADESH,477,356
441130,UTTAR PRADESH,478,46
441130,UTTAR PRADESH,479,174
441130,UTTAR PRADESH,480,148
441130,UTTAR PRADESH,481,52
441130,UTTAR PRADESH,482,119
441130,UTTAR PRADESH,483,157
441130,UTTAR PRADESH,484,133
441130,UTTAR PRADESH,485,323
441130,UTTAR PRADESH,486,75
441130,UTTAR PRADESH,487,34
441130,UTTAR PRADESH,488,210
441130,UTTAR PRADESH,489,217
441130,UTTAR PRADESH,490,108
441130,UTTAR PRADESH,491,28
441130,UTTAR PRADESH,492,20
441130,UTTAR PRADESH,493,626
441130,UTTAR PRADESH,494,66
441130,UTTAR PRADESH,495,59
441130,UTTAR PRADESH,496,23
441130,UTTAR PRADESH,497,28
441130,UTTAR PRADESH,498,214
441130,UTTAR PRADESH,499,247
441130,UTTAR PRADESH,500,75
441130,UTTAR PRADESH,501,191
441130,UTTAR PRADESH,502,687
441130,UTTAR PRADESH,503,60
441130,UTTAR PRADESH,504,61
441130,UTTAR PRADESH,505,380
441130,UTTAR PRADESH,506,132
441130,UTTAR PRADESH,507,69
441130,UTTAR PRADESH,508,135
441130,UTTAR PRADESH,509,134
441130,UTTAR PRADESH,510,62
441130,UTTAR PRADESH,511,557
