Center Number,State Name,Srl No,Marks
441508,UTTAR PRADESH,1,311
441508,UTTAR PRADESH,2,195
441508,UTTAR PRADESH,4,4
441508,UTTAR PRADESH,212,5
441508,UTTAR PRADESH,128,6
441508,UTTAR PRADESH,100,7
441508,UTTAR PRADESH,57,8
441508,UTTAR PRADESH,60,9
441508,UTTAR PRADESH,404,10
441508,UTTAR PRADESH,365,11
441508,UTTAR PRADESH,100,12
441508,UTTAR PRADESH,87,13
441508,UTTAR PRADESH,384,14
441508,UTTAR PRADESH,82,15
441508,UTTAR PRADESH,75,16
441508,UTTAR PRADESH,65,17
441508,UTTAR PRADESH,55,18
441508,UTTAR PRADESH,30,19
441508,UTTAR PRADESH,419,20
441508,UTTAR PRADESH,86,21
441508,UTTAR PRADESH,70,22
441508,UTTAR PRADESH,57,23
441508,UTTAR PRADESH,73,24
441508,UTTAR PRADESH,110,25
441508,UTTAR PRADESH,25,26
441508,UTTAR PRADESH,57,27
441508,UTTAR PRADESH,40,28
441508,UTTAR PRADESH,25,29
441508,UTTAR PRADESH,104,30
441508,UTTAR PRADESH,31,91
441508,UTTAR PRADESH,32,90
441508,UTTAR PRADESH,33,182
441508,UTTAR PRADESH,34,385
441508,UTTAR PRADESH,35,46
441508,UTTAR PRADESH,36,81
441508,UTTAR PRADESH,37,650
441508,UTTAR PRADESH,38,75
441508,UTTAR PRADESH,39,29
441508,UTTAR PRADESH,40,208
441508,UTTAR PRADESH,41,159
441508,UTTAR PRADESH,42,389
441508,UTTAR PRADESH,43,638
441508,UTTAR PRADESH,44,60
441508,UTTAR PRADESH,45,211
441508,UTTAR PRADESH,46,66
441508,UTTAR PRADESH,47,189
441508,UTTAR PRADESH,48,56
441508,UTTAR PRADESH,49,140
441508,UTTAR PRADESH,50,271
441508,UTTAR PRADESH,51,98
441508,UTTAR PRADESH,52,320
441508,UTTAR PRADESH,53,44
441508,UTTAR PRADESH,54,28
441508,UTTAR PRADESH,55,30
441508,UTTAR PRADESH,56,117
441508,UTTAR PRADESH,57,35
441508,UTTAR PRADESH,58,54
441508,UTTAR PRADESH,59,147
441508,UTTAR PRADESH,60,286
441508,UTTAR PRADESH,61,127
441508,UTTAR PRADESH,62,68
441508,UTTAR PRADESH,63,78
441508,UTTAR PRADESH,64,145
441508,UTTAR PRADESH,65,149
441508,UTTAR PRADESH,66,69
441508,UTTAR PRADESH,67,130
441508,UTTAR PRADESH,68,109
441508,UTTAR PRADESH,69,598
441508,UTTAR PRADESH,70,51
441508,UTTAR PRADESH,71,126
441508,UTTAR PRADESH,72,99
441508,UTTAR PRADESH,73,50
441508,UTTAR PRADESH,74,53
441508,UTTAR PRADESH,75,70
441508,UTTAR PRADESH,76,479
441508,UTTAR PRADESH,77,70
441508,UTTAR PRADESH,78,240
441508,UTTAR PRADESH,79,47
441508,UTTAR PRADESH,80,3
441508,UTTAR PRADESH,81,55
441508,UTTAR PRADESH,82,96
441508,UTTAR PRADESH,83,93
441508,UTTAR PRADESH,84,36
441508,UTTAR PRADESH,85,172
441508,UTTAR PRADESH,86,54
441508,UTTAR PRADESH,87,71
441508,UTTAR PRADESH,88,125
441508,UTTAR PRADESH,89,27
441508,UTTAR PRADESH,90,45
441508,UTTAR PRADESH,91,59
441508,UTTAR PRADESH,92,70
441508,UTTAR PRADESH,93,15
441508,UTTAR PRADESH,94,57
441508,UTTAR PRADESH,95,155
441508,UTTAR PRADESH,96,178
441508,UTTAR PRADESH,97,87
441508,UTTAR PRADESH,98,113
441508,UTTAR PRADESH,99,52
441508,UTTAR PRADESH,100,106
441508,UTTAR PRADESH,101,60
441508,UTTAR PRADESH,102,36
441508,UTTAR PRADESH,103,86
441508,UTTAR PRADESH,104,675
441508,UTTAR PRADESH,105,582
441508,UTTAR PRADESH,106,137
441508,UTTAR PRADESH,107,32
441508,UTTAR PRADESH,108,340
441508,UTTAR PRADESH,109,36
441508,UTTAR PRADESH,110,96
441508,UTTAR PRADESH,111,193
441508,UTTAR PRADESH,112,45
441508,UTTAR PRADESH,113,16
441508,UTTAR PRADESH,114,30
441508,UTTAR PRADESH,115,330
441508,UTTAR PRADESH,116,106
441508,UTTAR PRADESH,117,49
441508,UTTAR PRADESH,118,116
441508,UTTAR PRADESH,119,92
441508,UTTAR PRADESH,120,187
441508,UTTAR PRADESH,121,340
441508,UTTAR PRADESH,122,411
441508,UTTAR PRADESH,123,241
441508,UTTAR PRADESH,124,15
441508,UTTAR PRADESH,125,110
441508,UTTAR PRADESH,126,272
441508,UTTAR PRADESH,127,96
441508,UTTAR PRADESH,128,106
441508,UTTAR PRADESH,129,590
441508,UTTAR PRADESH,130,241
441508,UTTAR PRADESH,131,187
441508,UTTAR PRADESH,132,192
441508,UTTAR PRADESH,133,31
441508,UTTAR PRADESH,134,626
441508,UTTAR PRADESH,135,43
441508,UTTAR PRADESH,136,10
441508,UTTAR PRADESH,137,28
441508,UTTAR PRADESH,138,99
441508,UTTAR PRADESH,139,54
441508,UTTAR PRADESH,140,26
441508,UTTAR PRADESH,141,43
441508,UTTAR PRADESH,142,604
441508,UTTAR PRADESH,143,15
441508,UTTAR PRADESH,144,86
441508,UTTAR PRADESH,145,593
441508,UTTAR PRADESH,146,65
441508,UTTAR PRADESH,147,5
441508,UTTAR PRADESH,148,162
441508,UTTAR PRADESH,149,185
441508,UTTAR PRADESH,150,107
441508,UTTAR PRADESH,151,85
441508,UTTAR PRADESH,152,247
441508,UTTAR PRADESH,153,150
441508,UTTAR PRADESH,154,73
441508,UTTAR PRADESH,155,121
441508,UTTAR PRADESH,156,125
441508,UTTAR PRADESH,157,51
441508,UTTAR PRADESH,158,20
441508,UTTAR PRADESH,159,63
441508,UTTAR PRADESH,160,91
441508,UTTAR PRADESH,161,210
441508,UTTAR PRADESH,162,306
441508,UTTAR PRADESH,163,79
441508,UTTAR PRADESH,164,43
441508,UTTAR PRADESH,165,101
441508,UTTAR PRADESH,166,145
441508,UTTAR PRADESH,167,95
441508,UTTAR PRADESH,168,79
441508,UTTAR PRADESH,169,480
441508,UTTAR PRADESH,170,354
441508,UTTAR PRADESH,171,385
441508,UTTAR PRADESH,172,217
441508,UTTAR PRADESH,173,34
441508,UTTAR PRADESH,174,211
441508,UTTAR PRADESH,175,65
441508,UTTAR PRADESH,176,9
441508,UTTAR PRADESH,177,258
441508,UTTAR PRADESH,178,31
441508,UTTAR PRADESH,179,145
441508,UTTAR PRADESH,180,50
441508,UTTAR PRADESH,181,131
441508,UTTAR PRADESH,182,55
441508,UTTAR PRADESH,183,130
441508,UTTAR PRADESH,184,93
441508,UTTAR PRADESH,185,391
441508,UTTAR PRADESH,186,76
441508,UTTAR PRADESH,187,156
441508,UTTAR PRADESH,188,98
441508,UTTAR PRADESH,189,91
441508,UTTAR PRADESH,190,75
441508,UTTAR PRADESH,191,89
441508,UTTAR PRADESH,192,75
441508,UTTAR PRADESH,193,15
441508,UTTAR PRADESH,194,279
441508,UTTAR PRADESH,195,395
441508,UTTAR PRADESH,196,241
441508,UTTAR PRADESH,197,51
441508,UTTAR PRADESH,198,59
441508,UTTAR PRADESH,199,105
441508,UTTAR PRADESH,200,76
441508,UTTAR PRADESH,201,83
441508,UTTAR PRADESH,202,166
441508,UTTAR PRADESH,203,241
441508,UTTAR PRADESH,204,74
441508,UTTAR PRADESH,205,32
441508,UTTAR PRADESH,206,75
441508,UTTAR PRADESH,207,53
441508,UTTAR PRADESH,208,120
441508,UTTAR PRADESH,209,666
441508,UTTAR PRADESH,210,50
441508,UTTAR PRADESH,211,372
441508,UTTAR PRADESH,212,21
441508,UTTAR PRADESH,213,95
441508,UTTAR PRADESH,214,104
441508,UTTAR PRADESH,215,45
441508,UTTAR PRADESH,216,74
441508,UTTAR PRADESH,217,102
441508,UTTAR PRADESH,218,59
441508,UTTAR PRADESH,219,169
441508,UTTAR PRADESH,220,589
441508,UTTAR PRADESH,221,382
441508,UTTAR PRADESH,222,45
441508,UTTAR PRADESH,223,36
441508,UTTAR PRADESH,224,59
441508,UTTAR PRADESH,225,91
441508,UTTAR PRADESH,226,65
441508,UTTAR PRADESH,227,166
441508,UTTAR PRADESH,228,66
441508,UTTAR PRADESH,229,120
441508,UTTAR PRADESH,230,10
441508,UTTAR PRADESH,231,145
441508,UTTAR PRADESH,232,204
441508,UTTAR PRADESH,233,72
441508,UTTAR PRADESH,234,93
441508,UTTAR PRADESH,235,585
441508,UTTAR PRADESH,236,30
441508,UTTAR PRADESH,237,507
441508,UTTAR PRADESH,238,118
441508,UTTAR PRADESH,239,121
441508,UTTAR PRADESH,240,125
441508,UTTAR PRADESH,241,258
441508,UTTAR PRADESH,242,101
441508,UTTAR PRADESH,243,543
441508,UTTAR PRADESH,244,361
441508,UTTAR PRADESH,245,197
441508,UTTAR PRADESH,246,37
441508,UTTAR PRADESH,247,65
441508,UTTAR PRADESH,248,96
441508,UTTAR PRADESH,249,31
441508,UTTAR PRADESH,250,136
441508,UTTAR PRADESH,251,8
441508,UTTAR PRADESH,252,74
441508,UTTAR PRADESH,253,13
441508,UTTAR PRADESH,254,264
441508,UTTAR PRADESH,255,96
441508,UTTAR PRADESH,256,134
441508,UTTAR PRADESH,257,386
441508,UTTAR PRADESH,258,39
441508,UTTAR PRADESH,259,160
441508,UTTAR PRADESH,260,115
441508,UTTAR PRADESH,261,652
441508,UTTAR PRADESH,262,73
441508,UTTAR PRADESH,263,127
441508,UTTAR PRADESH,264,161
441508,UTTAR PRADESH,265,53
441508,UTTAR PRADESH,266,33
441508,UTTAR PRADESH,267,102
441508,UTTAR PRADESH,268,313
441508,UTTAR PRADESH,269,228
441508,UTTAR PRADESH,270,115
441508,UTTAR PRADESH,271,121
441508,UTTAR PRADESH,272,474
441508,UTTAR PRADESH,273,423
441508,UTTAR PRADESH,274,27
441508,UTTAR PRADESH,275,143
441508,UTTAR PRADESH,276,10
441508,UTTAR PRADESH,277,130
441508,UTTAR PRADESH,278,26
441508,UTTAR PRADESH,279,211
441508,UTTAR PRADESH,280,68
441508,UTTAR PRADESH,1,282
441508,UTTAR PRADESH,333,283
441508,UTTAR PRADESH,443,284
441508,UTTAR PRADESH,90,285
441508,UTTAR PRADESH,99,286
441508,UTTAR PRADESH,28,287
441508,UTTAR PRADESH,386,288
441508,UTTAR PRADESH,178,289
441508,UTTAR PRADESH,65,290
441508,UTTAR PRADESH,57,291
441508,UTTAR PRADESH,51,292
441508,UTTAR PRADESH,151,293
441508,UTTAR PRADESH,60,294
441508,UTTAR PRADESH,88,295
441508,UTTAR PRADESH,136,296
441508,UTTAR PRADESH,71,297
441508,UTTAR PRADESH,175,298
441508,UTTAR PRADESH,188,299
441508,UTTAR PRADESH,96,300
441508,UTTAR PRADESH,301,75
441508,UTTAR PRADESH,302,246
441508,UTTAR PRADESH,303,106
441508,UTTAR PRADESH,304,382
441508,UTTAR PRADESH,305,307
441508,UTTAR PRADESH,306,161
441508,UTTAR PRADESH,307,115
441508,UTTAR PRADESH,308,526
441508,UTTAR PRADESH,309,90
441508,UTTAR PRADESH,310,78
441508,UTTAR PRADESH,311,34
441508,UTTAR PRADESH,312,25
441508,UTTAR PRADESH,313,38
441508,UTTAR PRADESH,314,47
441508,UTTAR PRADESH,315,371
441508,UTTAR PRADESH,316,69
441508,UTTAR PRADESH,317,44
441508,UTTAR PRADESH,318,74
441508,UTTAR PRADESH,319,75
441508,UTTAR PRADESH,320,95
441508,UTTAR PRADESH,321,58
441508,UTTAR PRADESH,322,47
441508,UTTAR PRADESH,323,12
441508,UTTAR PRADESH,324,166
441508,UTTAR PRADESH,325,166
441508,UTTAR PRADESH,326,672
441508,UTTAR PRADESH,327,120
441508,UTTAR PRADESH,328,444
441508,UTTAR PRADESH,329,90
441508,UTTAR PRADESH,330,243
441508,UTTAR PRADESH,331,167
441508,UTTAR PRADESH,332,142
441508,UTTAR PRADESH,333,61
441508,UTTAR PRADESH,334,53
441508,UTTAR PRADESH,335,175
441508,UTTAR PRADESH,336,144
441508,UTTAR PRADESH,337,214
441508,UTTAR PRADESH,338,112
441508,UTTAR PRADESH,339,99
441508,UTTAR PRADESH,340,523
441508,UTTAR PRADESH,341,17
441508,UTTAR PRADESH,342,82
441508,UTTAR PRADESH,343,173
441508,UTTAR PRADESH,344,26
441508,UTTAR PRADESH,345,45
441508,UTTAR PRADESH,346,87
441508,UTTAR PRADESH,347,65
441508,UTTAR PRADESH,348,104
