Center Number,State Name,Srl No,Marks
441708,UTTAR PRADESH,16,2
441708,UTTAR PRADESH,400,3
441708,UTTAR PRADESH,42,4
441708,UTTAR PRADESH,75,5
441708,UTTAR PRADESH,265,6
441708,UTTAR PRADESH,61,7
441708,UTTAR PRADESH,80,8
441708,UTTAR PRADESH,7,9
441708,UTTAR PRADESH,65,10
441708,UTTAR PRADESH,154,11
441708,UTTAR PRADESH,57,12
441708,UTTAR PRADESH,105,13
441708,UTTAR PRADESH,46,14
441708,UTTAR PRADESH,115,15
441708,UTTAR PRADESH,125,16
441708,UTTAR PRADESH,70,17
441708,UTTAR PRADESH,89,18
441708,UTTAR PRADESH,337,19
441708,UTTAR PRADESH,135,20
441708,UTTAR PRADESH,56,21
441708,UTTAR PRADESH,83,22
441708,UTTAR PRADESH,36,23
441708,UTTAR PRADESH,153,24
441708,UTTAR PRADESH,55,25
441708,UTTAR PRADESH,150,26
441708,UTTAR PRADESH,162,27
441708,UTTAR PRADESH,84,28
441708,UTTAR PRADESH,90,29
441708,UTTAR PRADESH,167,30
441708,UTTAR PRADESH,31,647
441708,UTTAR PRADESH,32,29
441708,UTTAR PRADESH,33,54
441708,UTTAR PRADESH,34,386
441708,UTTAR PRADESH,35,62
441708,UTTAR PRADESH,36,48
441708,UTTAR PRADESH,37,35
441708,UTTAR PRADESH,38,107
441708,UTTAR PRADESH,39,30
441708,UTTAR PRADESH,40,144
441708,UTTAR PRADESH,41,131
441708,UTTAR PRADESH,42,63
441708,UTTAR PRADESH,43,63
441708,UTTAR PRADESH,44,123
441708,UTTAR PRADESH,45,59
441708,UTTAR PRADESH,46,102
441708,UTTAR PRADESH,47,258
441708,UTTAR PRADESH,48,24
441708,UTTAR PRADESH,49,66
441708,UTTAR PRADESH,50,65
441708,UTTAR PRADESH,51,15
441708,UTTAR PRADESH,52,155
441708,UTTAR PRADESH,53,206
441708,UTTAR PRADESH,54,65
441708,UTTAR PRADESH,55,519
441708,UTTAR PRADESH,56,91
441708,UTTAR PRADESH,57,81
441708,UTTAR PRADESH,58,43
441708,UTTAR PRADESH,59,45
441708,UTTAR PRADESH,60,29
441708,UTTAR PRADESH,61,136
441708,UTTAR PRADESH,62,151
441708,UTTAR PRADESH,63,120
441708,UTTAR PRADESH,64,60
441708,UTTAR PRADESH,65,58
441708,UTTAR PRADESH,66,11
441708,UTTAR PRADESH,67,156
441708,UTTAR PRADESH,68,96
441708,UTTAR PRADESH,69,229
441708,UTTAR PRADESH,70,106
441708,UTTAR PRADESH,71,128
441708,UTTAR PRADESH,72,51
441708,UTTAR PRADESH,73,102
441708,UTTAR PRADESH,74,388
441708,UTTAR PRADESH,75,70
441708,UTTAR PRADESH,76,129
441708,UTTAR PRADESH,77,47
441708,UTTAR PRADESH,78,88
441708,UTTAR PRADESH,79,205
441708,UTTAR PRADESH,80,16
441708,UTTAR PRADESH,81,55
441708,UTTAR PRADESH,82,60
441708,UTTAR PRADESH,83,120
441708,UTTAR PRADESH,84,25
441708,UTTAR PRADESH,85,239
441708,UTTAR PRADESH,86,29
441708,UTTAR PRADESH,87,235
441708,UTTAR PRADESH,88,70
441708,UTTAR PRADESH,89,108
441708,UTTAR PRADESH,90,50
441708,UTTAR PRADESH,91,66
441708,UTTAR PRADESH,92,10
441708,UTTAR PRADESH,93,64
441708,UTTAR PRADESH,94,32
441708,UTTAR PRADESH,95,169
441708,UTTAR PRADESH,96,306
441708,UTTAR PRADESH,97,92
441708,UTTAR PRADESH,98,87
441708,UTTAR PRADESH,99,106
441708,UTTAR PRADESH,100,81
441708,UTTAR PRADESH,101,51
441708,UTTAR PRADESH,102,573
441708,UTTAR PRADESH,103,55
441708,UTTAR PRADESH,104,160
441708,UTTAR PRADESH,105,74
441708,UTTAR PRADESH,106,380
441708,UTTAR PRADESH,107,57
441708,UTTAR PRADESH,108,520
441708,UTTAR PRADESH,109,362
441708,UTTAR PRADESH,110,309
441708,UTTAR PRADESH,111,76
441708,UTTAR PRADESH,112,51
441708,UTTAR PRADESH,113,50
441708,UTTAR PRADESH,114,105
441708,UTTAR PRADESH,115,40
441708,UTTAR PRADESH,116,7
441708,UTTAR PRADESH,117,76
441708,UTTAR PRADESH,118,123
441708,UTTAR PRADESH,119,212
441708,UTTAR PRADESH,120,150
441708,UTTAR PRADESH,121,206
441708,UTTAR PRADESH,122,159
441708,UTTAR PRADESH,123,38
441708,UTTAR PRADESH,124,17
441708,UTTAR PRADESH,125,66
441708,UTTAR PRADESH,126,508
441708,UTTAR PRADESH,127,114
441708,UTTAR PRADESH,128,336
441708,UTTAR PRADESH,129,11
441708,UTTAR PRADESH,130,119
441708,UTTAR PRADESH,131,244
441708,UTTAR PRADESH,132,96
441708,UTTAR PRADESH,133,310
441708,UTTAR PRADESH,134,101
441708,UTTAR PRADESH,11,136
441708,UTTAR PRADESH,101,137
441708,UTTAR PRADESH,76,138
441708,UTTAR PRADESH,70,139
441708,UTTAR PRADESH,115,140
441708,UTTAR PRADESH,49,141
441708,UTTAR PRADESH,140,142
441708,UTTAR PRADESH,56,143
441708,UTTAR PRADESH,95,144
441708,UTTAR PRADESH,33,145
441708,UTTAR PRADESH,18,146
441708,UTTAR PRADESH,30,147
441708,UTTAR PRADESH,60,148
441708,UTTAR PRADESH,41,149
441708,UTTAR PRADESH,80,150
441708,UTTAR PRADESH,151,18
441708,UTTAR PRADESH,152,75
441708,UTTAR PRADESH,153,411
441708,UTTAR PRADESH,154,120
441708,UTTAR PRADESH,155,122
441708,UTTAR PRADESH,156,210
441708,UTTAR PRADESH,157,174
441708,UTTAR PRADESH,158,41
441708,UTTAR PRADESH,159,60
441708,UTTAR PRADESH,160,25
441708,UTTAR PRADESH,161,262
441708,UTTAR PRADESH,162,55
441708,UTTAR PRADESH,163,41
441708,UTTAR PRADESH,164,14
441708,UTTAR PRADESH,165,466
441708,UTTAR PRADESH,166,106
441708,UTTAR PRADESH,167,54
441708,UTTAR PRADESH,168,130
441708,UTTAR PRADESH,169,108
441708,UTTAR PRADESH,170,15
441708,UTTAR PRADESH,171,291
441708,UTTAR PRADESH,172,197
441708,UTTAR PRADESH,173,384
441708,UTTAR PRADESH,174,90
441708,UTTAR PRADESH,175,461
441708,UTTAR PRADESH,176,122
441708,UTTAR PRADESH,177,64
441708,UTTAR PRADESH,178,59
441708,UTTAR PRADESH,179,400
441708,UTTAR PRADESH,180,514
441708,UTTAR PRADESH,181,97
441708,UTTAR PRADESH,182,50
441708,UTTAR PRADESH,183,95
441708,UTTAR PRADESH,184,59
441708,UTTAR PRADESH,185,61
441708,UTTAR PRADESH,186,131
441708,UTTAR PRADESH,187,87
441708,UTTAR PRADESH,188,264
441708,UTTAR PRADESH,189,164
441708,UTTAR PRADESH,190,80
441708,UTTAR PRADESH,191,50
441708,UTTAR PRADESH,192,276
441708,UTTAR PRADESH,193,63
441708,UTTAR PRADESH,194,31
441708,UTTAR PRADESH,195,49
441708,UTTAR PRADESH,196,90
441708,UTTAR PRADESH,197,156
441708,UTTAR PRADESH,198,105
441708,UTTAR PRADESH,199,70
441708,UTTAR PRADESH,200,60
441708,UTTAR PRADESH,201,60
441708,UTTAR PRADESH,202,82
441708,UTTAR PRADESH,203,130
441708,UTTAR PRADESH,204,390
441708,UTTAR PRADESH,205,386
441708,UTTAR PRADESH,206,54
441708,UTTAR PRADESH,207,132
441708,UTTAR PRADESH,208,203
441708,UTTAR PRADESH,209,140
441708,UTTAR PRADESH,210,376
441708,UTTAR PRADESH,211,492
441708,UTTAR PRADESH,212,189
441708,UTTAR PRADESH,213,171
441708,UTTAR PRADESH,214,11
441708,UTTAR PRADESH,215,147
441708,UTTAR PRADESH,216,207
441708,UTTAR PRADESH,217,129
441708,UTTAR PRADESH,218,73
441708,UTTAR PRADESH,219,179
441708,UTTAR PRADESH,220,149
441708,UTTAR PRADESH,221,19
441708,UTTAR PRADESH,222,212
441708,UTTAR PRADESH,223,272
441708,UTTAR PRADESH,224,39
441708,UTTAR PRADESH,225,55
441708,UTTAR PRADESH,226,128
441708,UTTAR PRADESH,227,151
441708,UTTAR PRADESH,228,56
441708,UTTAR PRADESH,229,25
441708,UTTAR PRADESH,230,62
441708,UTTAR PRADESH,231,229
441708,UTTAR PRADESH,232,74
441708,UTTAR PRADESH,233,234
441708,UTTAR PRADESH,234,50
441708,UTTAR PRADESH,235,55
441708,UTTAR PRADESH,236,240
441708,UTTAR PRADESH,237,26
441708,UTTAR PRADESH,238,73
441708,UTTAR PRADESH,239,451
441708,UTTAR PRADESH,240,112
441708,UTTAR PRADESH,241,105
441708,UTTAR PRADESH,242,339
441708,UTTAR PRADESH,243,60
441708,UTTAR PRADESH,244,14
441708,UTTAR PRADESH,245,315
441708,UTTAR PRADESH,246,146
441708,UTTAR PRADESH,247,136
441708,UTTAR PRADESH,248,32
441708,UTTAR PRADESH,249,10
441708,UTTAR PRADESH,250,195
441708,UTTAR PRADESH,251,295
441708,UTTAR PRADESH,252,90
441708,UTTAR PRADESH,253,83
441708,UTTAR PRADESH,254,56
441708,UTTAR PRADESH,255,30
441708,UTTAR PRADESH,256,54
441708,UTTAR PRADESH,257,106
441708,UTTAR PRADESH,258,75
441708,UTTAR PRADESH,259,180
441708,UTTAR PRADESH,260,30
441708,UTTAR PRADESH,261,85
441708,UTTAR PRADESH,262,476
441708,UTTAR PRADESH,263,101
441708,UTTAR PRADESH,264,112
441708,UTTAR PRADESH,265,117
441708,UTTAR PRADESH,266,83
441708,UTTAR PRADESH,267,117
441708,UTTAR PRADESH,268,175
441708,UTTAR PRADESH,269,113
441708,UTTAR PRADESH,270,150
441708,UTTAR PRADESH,271,282
441708,UTTAR PRADESH,272,282
441708,UTTAR PRADESH,273,97
441708,UTTAR PRADESH,274,50
441708,UTTAR PRADESH,275,86
441708,UTTAR PRADESH,276,45
441708,UTTAR PRADESH,277,106
441708,UTTAR PRADESH,278,44
441708,UTTAR PRADESH,279,200
441708,UTTAR PRADESH,280,111
441708,UTTAR PRADESH,281,93
441708,UTTAR PRADESH,282,131
441708,UTTAR PRADESH,283,167
441708,UTTAR PRADESH,284,54
441708,UTTAR PRADESH,285,115
441708,UTTAR PRADESH,286,211
441708,UTTAR PRADESH,287,127
441708,UTTAR PRADESH,288,80
441708,UTTAR PRADESH,289,294
441708,UTTAR PRADESH,290,58
441708,UTTAR PRADESH,291,106
441708,UTTAR PRADESH,292,312
441708,UTTAR PRADESH,293,24
441708,UTTAR PRADESH,294,141
441708,UTTAR PRADESH,295,149
441708,UTTAR PRADESH,296,113
441708,UTTAR PRADESH,297,35
441708,UTTAR PRADESH,298,41
441708,UTTAR PRADESH,299,128
441708,UTTAR PRADESH,300,88
441708,UTTAR PRADESH,301,55
441708,UTTAR PRADESH,302,143
441708,UTTAR PRADESH,303,362
441708,UTTAR PRADESH,304,93
441708,UTTAR PRADESH,305,51
441708,UTTAR PRADESH,306,97
441708,UTTAR PRADESH,307,77
441708,UTTAR PRADESH,308,96
441708,UTTAR PRADESH,309,157
441708,UTTAR PRADESH,310,429
441708,UTTAR PRADESH,311,50
441708,UTTAR PRADESH,312,91
441708,UTTAR PRADESH,313,95
441708,UTTAR PRADESH,314,75
441708,UTTAR PRADESH,315,26
441708,UTTAR PRADESH,316,549
441708,UTTAR PRADESH,317,68
441708,UTTAR PRADESH,318,101
441708,UTTAR PRADESH,319,514
441708,UTTAR PRADESH,320,338
441708,UTTAR PRADESH,321,85
441708,UTTAR PRADESH,322,28
441708,UTTAR PRADESH,323,33
441708,UTTAR PRADESH,324,266
441708,UTTAR PRADESH,325,176
441708,UTTAR PRADESH,326,20
441708,UTTAR PRADESH,327,121
441708,UTTAR PRADESH,328,375
441708,UTTAR PRADESH,329,170
441708,UTTAR PRADESH,330,301
441708,UTTAR PRADESH,331,70
441708,UTTAR PRADESH,332,186
441708,UTTAR PRADESH,333,176
441708,UTTAR PRADESH,334,195
441708,UTTAR PRADESH,335,113
441708,UTTAR PRADESH,336,76
441708,UTTAR PRADESH,337,119
441708,UTTAR PRADESH,338,45
441708,UTTAR PRADESH,339,179
441708,UTTAR PRADESH,340,54
441708,UTTAR PRADESH,341,41
441708,UTTAR PRADESH,342,21
441708,UTTAR PRADESH,343,73
441708,UTTAR PRADESH,344,5
441708,UTTAR PRADESH,345,62
441708,UTTAR PRADESH,346,346
441708,UTTAR PRADESH,347,79
441708,UTTAR PRADESH,348,92
441708,UTTAR PRADESH,349,56
441708,UTTAR PRADESH,350,88
441708,UTTAR PRADESH,351,60
441708,UTTAR PRADESH,352,110
441708,UTTAR PRADESH,353,95
441708,UTTAR PRADESH,354,128
441708,UTTAR PRADESH,355,70
441708,UTTAR PRADESH,356,392
441708,UTTAR PRADESH,357,27
441708,UTTAR PRADESH,358,44
441708,UTTAR PRADESH,359,136
441708,UTTAR PRADESH,360,128
441708,UTTAR PRADESH,361,510
441708,UTTAR PRADESH,362,274
441708,UTTAR PRADESH,363,95
441708,UTTAR PRADESH,364,184
441708,UTTAR PRADESH,365,90
441708,UTTAR PRADESH,366,69
441708,UTTAR PRADESH,367,179
441708,UTTAR PRADESH,368,535
441708,UTTAR PRADESH,369,602
441708,UTTAR PRADESH,370,236
441708,UTTAR PRADESH,371,655
441708,UTTAR PRADESH,372,295
441708,UTTAR PRADESH,373,65
441708,UTTAR PRADESH,374,79
441708,UTTAR PRADESH,375,110
441708,UTTAR PRADESH,376,0
441708,UTTAR PRADESH,377,65
441708,UTTAR PRADESH,378,53
441708,UTTAR PRADESH,379,94
441708,UTTAR PRADESH,380,95
441708,UTTAR PRADESH,381,78
441708,UTTAR PRADESH,382,126
441708,UTTAR PRADESH,383,87
441708,UTTAR PRADESH,384,106
441708,UTTAR PRADESH,385,103
441708,UTTAR PRADESH,386,403
441708,UTTAR PRADESH,387,117
441708,UTTAR PRADESH,388,139
441708,UTTAR PRADESH,389,131
441708,UTTAR PRADESH,390,217
441708,UTTAR PRADESH,391,57
441708,UTTAR PRADESH,392,206
441708,UTTAR PRADESH,393,239
441708,UTTAR PRADESH,394,104
441708,UTTAR PRADESH,395,34
441708,UTTAR PRADESH,396,65
441708,UTTAR PRADESH,397,62
441708,UTTAR PRADESH,398,56
441708,UTTAR PRADESH,399,65
441708,UTTAR PRADESH,400,7
441708,UTTAR PRADESH,401,244
441708,UTTAR PRADESH,402,168
441708,UTTAR PRADESH,403,43
441708,UTTAR PRADESH,404,303
441708,UTTAR PRADESH,405,552
441708,UTTAR PRADESH,406,259
441708,UTTAR PRADESH,407,111
441708,UTTAR PRADESH,408,34
441708,UTTAR PRADESH,409,65
441708,UTTAR PRADESH,410,255
441708,UTTAR PRADESH,411,77
441708,UTTAR PRADESH,412,37
441708,UTTAR PRADESH,413,318
441708,UTTAR PRADESH,414,53
441708,UTTAR PRADESH,415,2
441708,UTTAR PRADESH,416,92
441708,UTTAR PRADESH,417,221
441708,UTTAR PRADESH,418,35
441708,UTTAR PRADESH,419,14
441708,UTTAR PRADESH,420,75
441708,UTTAR PRADESH,6,422
441708,UTTAR PRADESH,203,423
441708,UTTAR PRADESH,190,424
441708,UTTAR PRADESH,242,425
441708,UTTAR PRADESH,230,426
441708,UTTAR PRADESH,167,427
441708,UTTAR PRADESH,128,428
441708,UTTAR PRADESH,116,429
441708,UTTAR PRADESH,359,430
441708,UTTAR PRADESH,83,431
441708,UTTAR PRADESH,77,432
441708,UTTAR PRADESH,97,433
441708,UTTAR PRADESH,274,434
441708,UTTAR PRADESH,74,435
441708,UTTAR PRADESH,12,436
441708,UTTAR PRADESH,53,437
441708,UTTAR PRADESH,115,438
441708,UTTAR PRADESH,165,439
441708,UTTAR PRADESH,234,440
441708,UTTAR PRADESH,25,441
441708,UTTAR PRADESH,288,442
441708,UTTAR PRADESH,83,443
441708,UTTAR PRADESH,25,444
441708,UTTAR PRADESH,103,445
441708,UTTAR PRADESH,53,446
441708,UTTAR PRADESH,25,447
441708,UTTAR PRADESH,31,448
441708,UTTAR PRADESH,327,449
441708,UTTAR PRADESH,117,450
441708,UTTAR PRADESH,451,216
441708,UTTAR PRADESH,452,319
441708,UTTAR PRADESH,453,61
441708,UTTAR PRADESH,454,440
441708,UTTAR PRADESH,455,90
441708,UTTAR PRADESH,456,97
441708,UTTAR PRADESH,457,104
441708,UTTAR PRADESH,458,87
441708,UTTAR PRADESH,459,613
441708,UTTAR PRADESH,460,76
441708,UTTAR PRADESH,461,52
441708,UTTAR PRADESH,462,155
441708,UTTAR PRADESH,463,130
441708,UTTAR PRADESH,464,75
441708,UTTAR PRADESH,465,119
441708,UTTAR PRADESH,466,128
441708,UTTAR PRADESH,467,160
441708,UTTAR PRADESH,468,164
441708,UTTAR PRADESH,469,11
441708,UTTAR PRADESH,470,107
441708,UTTAR PRADESH,471,19
441708,UTTAR PRADESH,472,34
441708,UTTAR PRADESH,473,149
441708,UTTAR PRADESH,474,620
441708,UTTAR PRADESH,475,69
441708,UTTAR PRADESH,476,363
441708,UTTAR PRADESH,477,57
441708,UTTAR PRADESH,478,85
441708,UTTAR PRADESH,479,66
441708,UTTAR PRADESH,480,228
441708,UTTAR PRADESH,481,151
441708,UTTAR PRADESH,482,37
441708,UTTAR PRADESH,483,217
441708,UTTAR PRADESH,484,117
441708,UTTAR PRADESH,485,373
441708,UTTAR PRADESH,486,330
441708,UTTAR PRADESH,487,71
441708,UTTAR PRADESH,488,116
441708,UTTAR PRADESH,489,74
441708,UTTAR PRADESH,490,95
441708,UTTAR PRADESH,491,160
441708,UTTAR PRADESH,492,240
441708,UTTAR PRADESH,493,186
441708,UTTAR PRADESH,494,60
441708,UTTAR PRADESH,495,14
441708,UTTAR PRADESH,496,73
441708,UTTAR PRADESH,497,130
441708,UTTAR PRADESH,498,79
441708,UTTAR PRADESH,499,25
441708,UTTAR PRADESH,500,14
441708,UTTAR PRADESH,501,90
441708,UTTAR PRADESH,502,302
441708,UTTAR PRADESH,503,71
441708,UTTAR PRADESH,504,68
441708,UTTAR PRADESH,505,72
441708,UTTAR PRADESH,506,5
441708,UTTAR PRADESH,507,70
441708,UTTAR PRADESH,508,442
441708,UTTAR PRADESH,509,478
441708,UTTAR PRADESH,510,74
441708,UTTAR PRADESH,511,17
441708,UTTAR PRADESH,512,187
441708,UTTAR PRADESH,513,135
441708,UTTAR PRADESH,514,334
441708,UTTAR PRADESH,515,85
441708,UTTAR PRADESH,516,83
441708,UTTAR PRADESH,517,277
441708,UTTAR PRADESH,518,14
441708,UTTAR PRADESH,519,284
441708,UTTAR PRADESH,520,83
441708,UTTAR PRADESH,521,51
441708,UTTAR PRADESH,522,105
441708,UTTAR PRADESH,523,103
441708,UTTAR PRADESH,524,262
441708,UTTAR PRADESH,525,110
441708,UTTAR PRADESH,526,268
441708,UTTAR PRADESH,527,474
441708,UTTAR PRADESH,528,85
441708,UTTAR PRADESH,529,423
441708,UTTAR PRADESH,530,65
441708,UTTAR PRADESH,531,5
441708,UTTAR PRADESH,532,80
441708,UTTAR PRADESH,533,350
441708,UTTAR PRADESH,534,90
441708,UTTAR PRADESH,535,70
441708,UTTAR PRADESH,536,360
441708,UTTAR PRADESH,537,96
441708,UTTAR PRADESH,538,146
441708,UTTAR PRADESH,539,162
441708,UTTAR PRADESH,540,15
441708,UTTAR PRADESH,541,514
441708,UTTAR PRADESH,542,35
441708,UTTAR PRADESH,543,127
441708,UTTAR PRADESH,544,190
441708,UTTAR PRADESH,545,60
441708,UTTAR PRADESH,546,30
441708,UTTAR PRADESH,547,116
441708,UTTAR PRADESH,548,15
441708,UTTAR PRADESH,549,498
441708,UTTAR PRADESH,550,54
441708,UTTAR PRADESH,551,90
441708,UTTAR PRADESH,552,199
441708,UTTAR PRADESH,553,571
441708,UTTAR PRADESH,554,87
441708,UTTAR PRADESH,555,85
441708,UTTAR PRADESH,556,25
441708,UTTAR PRADESH,557,151
441708,UTTAR PRADESH,558,49
441708,UTTAR PRADESH,559,207
441708,UTTAR PRADESH,560,64
441708,UTTAR PRADESH,561,93
441708,UTTAR PRADESH,562,21
441708,UTTAR PRADESH,563,94
441708,UTTAR PRADESH,564,117
441708,UTTAR PRADESH,565,304
441708,UTTAR PRADESH,566,125
441708,UTTAR PRADESH,567,104
441708,UTTAR PRADESH,568,40
441708,UTTAR PRADESH,569,205
441708,UTTAR PRADESH,570,178
441708,UTTAR PRADESH,571,73
441708,UTTAR PRADESH,572,70
441708,UTTAR PRADESH,573,66
441708,UTTAR PRADESH,574,237
441708,UTTAR PRADESH,575,23
441708,UTTAR PRADESH,576,39
441708,UTTAR PRADESH,577,55
441708,UTTAR PRADESH,578,186
441708,UTTAR PRADESH,579,101
441708,UTTAR PRADESH,580,106
441708,UTTAR PRADESH,581,101
441708,UTTAR PRADESH,582,210
441708,UTTAR PRADESH,583,71
441708,UTTAR PRADESH,584,221
441708,UTTAR PRADESH,585,138
441708,UTTAR PRADESH,586,41
441708,UTTAR PRADESH,587,113
441708,UTTAR PRADESH,588,142
441708,UTTAR PRADESH,589,82
441708,UTTAR PRADESH,590,338
441708,UTTAR PRADESH,591,86
441708,UTTAR PRADESH,592,80
441708,UTTAR PRADESH,593,52
441708,UTTAR PRADESH,594,20
441708,UTTAR PRADESH,595,66
441708,UTTAR PRADESH,596,42
441708,UTTAR PRADESH,597,155
441708,UTTAR PRADESH,598,75
441708,UTTAR PRADESH,599,352
441708,UTTAR PRADESH,600,18
441708,UTTAR PRADESH,601,119
441708,UTTAR PRADESH,602,100
441708,UTTAR PRADESH,603,88
441708,UTTAR PRADESH,604,58
441708,UTTAR PRADESH,605,72
441708,UTTAR PRADESH,606,35
441708,UTTAR PRADESH,607,75
441708,UTTAR PRADESH,608,66
441708,UTTAR PRADESH,609,164
441708,UTTAR PRADESH,610,68
441708,UTTAR PRADESH,611,362
441708,UTTAR PRADESH,612,145
441708,UTTAR PRADESH,613,55
441708,UTTAR PRADESH,614,154
441708,UTTAR PRADESH,615,242
441708,UTTAR PRADESH,616,369
441708,UTTAR PRADESH,617,322
441708,UTTAR PRADESH,618,83
441708,UTTAR PRADESH,619,24
441708,UTTAR PRADESH,620,70
441708,UTTAR PRADESH,621,81
441708,UTTAR PRADESH,622,70
441708,UTTAR PRADESH,623,109
441708,UTTAR PRADESH,624,120
441708,UTTAR PRADESH,625,324
441708,UTTAR PRADESH,626,75
441708,UTTAR PRADESH,627,58
441708,UTTAR PRADESH,628,61
441708,UTTAR PRADESH,629,63
441708,UTTAR PRADESH,630,45
441708,UTTAR PRADESH,631,119
441708,UTTAR PRADESH,632,225
441708,UTTAR PRADESH,633,33
441708,UTTAR PRADESH,634,418
441708,UTTAR PRADESH,635,81
441708,UTTAR PRADESH,636,289
441708,UTTAR PRADESH,637,97
441708,UTTAR PRADESH,638,105
441708,UTTAR PRADESH,639,164
441708,UTTAR PRADESH,640,81
441708,UTTAR PRADESH,641,52
441708,UTTAR PRADESH,642,70
441708,UTTAR PRADESH,643,239
441708,UTTAR PRADESH,644,126
441708,UTTAR PRADESH,645,346
441708,UTTAR PRADESH,646,104
441708,UTTAR PRADESH,647,120
441708,UTTAR PRADESH,648,243
441708,UTTAR PRADESH,649,519
441708,UTTAR PRADESH,650,214
441708,UTTAR PRADESH,651,28
441708,UTTAR PRADESH,652,625
441708,UTTAR PRADESH,653,20
441708,UTTAR PRADESH,654,365
441708,UTTAR PRADESH,655,35
441708,UTTAR PRADESH,656,140
441708,UTTAR PRADESH,657,48
441708,UTTAR PRADESH,658,113
441708,UTTAR PRADESH,659,111
441708,UTTAR PRADESH,660,35
441708,UTTAR PRADESH,661,55
441708,UTTAR PRADESH,662,85
441708,UTTAR PRADESH,663,66
441708,UTTAR PRADESH,664,33
441708,UTTAR PRADESH,665,151
441708,UTTAR PRADESH,666,65
441708,UTTAR PRADESH,667,65
441708,UTTAR PRADESH,668,325
441708,UTTAR PRADESH,669,43
441708,UTTAR PRADESH,670,30
441708,UTTAR PRADESH,671,85
441708,UTTAR PRADESH,672,72
441708,UTTAR PRADESH,673,186
441708,UTTAR PRADESH,674,65
441708,UTTAR PRADESH,675,90
441708,UTTAR PRADESH,676,92
441708,UTTAR PRADESH,677,189
441708,UTTAR PRADESH,678,65
441708,UTTAR PRADESH,679,106
441708,UTTAR PRADESH,680,15
441708,UTTAR PRADESH,681,168
441708,UTTAR PRADESH,682,273
441708,UTTAR PRADESH,683,77
441708,UTTAR PRADESH,684,166
441708,UTTAR PRADESH,685,165
441708,UTTAR PRADESH,686,46
441708,UTTAR PRADESH,687,84
441708,UTTAR PRADESH,688,65
441708,UTTAR PRADESH,689,81
441708,UTTAR PRADESH,690,105
441708,UTTAR PRADESH,691,19
441708,UTTAR PRADESH,692,16
441708,UTTAR PRADESH,693,138
441708,UTTAR PRADESH,694,114
441708,UTTAR PRADESH,695,583
441708,UTTAR PRADESH,696,89
441708,UTTAR PRADESH,697,155
441708,UTTAR PRADESH,698,175
441708,UTTAR PRADESH,699,328
441708,UTTAR PRADESH,700,93
441708,UTTAR PRADESH,701,148
441708,UTTAR PRADESH,702,67
441708,UTTAR PRADESH,703,33
441708,UTTAR PRADESH,704,208
441708,UTTAR PRADESH,705,159
441708,UTTAR PRADESH,706,49
441708,UTTAR PRADESH,707,112
441708,UTTAR PRADESH,708,95
441708,UTTAR PRADESH,709,87
441708,UTTAR PRADESH,710,53
441708,UTTAR PRADESH,711,115
441708,UTTAR PRADESH,712,364
441708,UTTAR PRADESH,713,383
441708,UTTAR PRADESH,714,28
441708,UTTAR PRADESH,715,70
441708,UTTAR PRADESH,716,57
441708,UTTAR PRADESH,717,176
441708,UTTAR PRADESH,718,320
441708,UTTAR PRADESH,719,61
441708,UTTAR PRADESH,720,47
441708,UTTAR PRADESH,721,249
441708,UTTAR PRADESH,722,189
441708,UTTAR PRADESH,723,58
441708,UTTAR PRADESH,724,86
441708,UTTAR PRADESH,25,726
441708,UTTAR PRADESH,142,727
441708,UTTAR PRADESH,33,728
441708,UTTAR PRADESH,80,729
441708,UTTAR PRADESH,151,730
441708,UTTAR PRADESH,81,731
441708,UTTAR PRADESH,82,732
441708,UTTAR PRADESH,71,733
441708,UTTAR PRADESH,16,734
441708,UTTAR PRADESH,190,735
441708,UTTAR PRADESH,340,736
441708,UTTAR PRADESH,41,737
441708,UTTAR PRADESH,58,738
441708,UTTAR PRADESH,16,739
441708,UTTAR PRADESH,76,740
441708,UTTAR PRADESH,39,741
441708,UTTAR PRADESH,28,742
441708,UTTAR PRADESH,71,743
441708,UTTAR PRADESH,86,744
441708,UTTAR PRADESH,217,745
441708,UTTAR PRADESH,97,746
441708,UTTAR PRADESH,315,747
441708,UTTAR PRADESH,480,748
441708,UTTAR PRADESH,97,749
441708,UTTAR PRADESH,50,750
441708,UTTAR PRADESH,9,752
441708,UTTAR PRADESH,85,753
441708,UTTAR PRADESH,381,754
441708,UTTAR PRADESH,222,755
441708,UTTAR PRADESH,82,756
441708,UTTAR PRADESH,207,757
441708,UTTAR PRADESH,80,758
441708,UTTAR PRADESH,200,759
441708,UTTAR PRADESH,128,760
441708,UTTAR PRADESH,79,761
441708,UTTAR PRADESH,377,762
441708,UTTAR PRADESH,210,763
441708,UTTAR PRADESH,120,764
441708,UTTAR PRADESH,332,765
441708,UTTAR PRADESH,246,766
441708,UTTAR PRADESH,74,767
441708,UTTAR PRADESH,144,768
441708,UTTAR PRADESH,363,769
441708,UTTAR PRADESH,68,770
441708,UTTAR PRADESH,58,771
441708,UTTAR PRADESH,285,772
441708,UTTAR PRADESH,54,773
441708,UTTAR PRADESH,199,774
441708,UTTAR PRADESH,63,775
441708,UTTAR PRADESH,4,776
441708,UTTAR PRADESH,202,777
441708,UTTAR PRADESH,224,778
441708,UTTAR PRADESH,37,779
441708,UTTAR PRADESH,85,780
441708,UTTAR PRADESH,781,161
441708,UTTAR PRADESH,782,303
441708,UTTAR PRADESH,783,31
441708,UTTAR PRADESH,784,122
441708,UTTAR PRADESH,785,35
441708,UTTAR PRADESH,786,56
441708,UTTAR PRADESH,787,71
441708,UTTAR PRADESH,788,259
441708,UTTAR PRADESH,789,459
441708,UTTAR PRADESH,790,22
441708,UTTAR PRADESH,791,65
441708,UTTAR PRADESH,792,104
441708,UTTAR PRADESH,793,66
441708,UTTAR PRADESH,794,46
441708,UTTAR PRADESH,795,321
441708,UTTAR PRADESH,796,90
441708,UTTAR PRADESH,797,138
441708,UTTAR PRADESH,798,425
