Center Number,State Name,Srl No,Marks
441907,UTTAR PRADESH,1,47
441907,UTTAR PRADESH,2,4
441907,UTTAR PRADESH,3,20
441907,UTTAR PRADESH,4,85
441907,UTTAR PRADESH,5,15
441907,UTTAR PRADESH,6,49
441907,UTTAR PRADESH,7,504
441907,UTTAR PRADESH,8,268
441907,UTTAR PRADESH,9,86
441907,UTTAR PRADESH,10,106
441907,UTTAR PRADESH,11,87
441907,UTTAR PRADESH,12,199
441907,UTTAR PRADESH,13,80
441907,UTTAR PRADESH,14,170
441907,UTTAR PRADESH,15,94
441907,UTTAR PRADESH,16,217
441907,UTTAR PRADESH,17,65
441907,UTTAR PRADESH,18,637
441907,UTTAR PRADESH,19,62
441907,UTTAR PRADESH,20,160
441907,UTTAR PRADESH,21,75
441907,UTTAR PRADESH,22,12
441907,UTTAR PRADESH,23,44
441907,UTTAR PRADESH,24,153
441907,UTTAR PRADESH,25,78
441907,UTTAR PRADESH,26,60
441907,UTTAR PRADESH,27,514
441907,UTTAR PRADESH,28,43
441907,UTTAR PRADESH,29,60
441907,UTTAR PRADESH,30,132
441907,UTTAR PRADESH,31,50
441907,UTTAR PRADESH,32,41
441907,UTTAR PRADESH,33,80
441907,UTTAR PRADESH,34,34
441907,UTTAR PRADESH,35,61
441907,UTTAR PRADESH,36,49
441907,UTTAR PRADESH,37,90
441907,UTTAR PRADESH,38,179
441907,UTTAR PRADESH,39,17
441907,UTTAR PRADESH,40,135
441907,UTTAR PRADESH,41,272
441907,UTTAR PRADESH,42,107
441907,UTTAR PRADESH,43,65
441907,UTTAR PRADESH,44,30
441907,UTTAR PRADESH,45,59
441907,UTTAR PRADESH,46,66
441907,UTTAR PRADESH,47,70
441907,UTTAR PRADESH,48,22
441907,UTTAR PRADESH,49,24
441907,UTTAR PRADESH,50,108
441907,UTTAR PRADESH,51,98
441907,UTTAR PRADESH,52,149
441907,UTTAR PRADESH,53,65
441907,UTTAR PRADESH,54,343
441907,UTTAR PRADESH,55,39
441907,UTTAR PRADESH,56,58
441907,UTTAR PRADESH,57,189
441907,UTTAR PRADESH,58,362
441907,UTTAR PRADESH,59,91
441907,UTTAR PRADESH,60,45
441907,UTTAR PRADESH,61,59
441907,UTTAR PRADESH,62,153
441907,UTTAR PRADESH,63,5
441907,UTTAR PRADESH,64,294
441907,UTTAR PRADESH,65,59
441907,UTTAR PRADESH,66,99
441907,UTTAR PRADESH,67,170
441907,UTTAR PRADESH,68,60
441907,UTTAR PRADESH,69,53
441907,UTTAR PRADESH,70,659
441907,UTTAR PRADESH,71,30
441907,UTTAR PRADESH,72,115
441907,UTTAR PRADESH,73,41
441907,UTTAR PRADESH,74,41
441907,UTTAR PRADESH,75,40
441907,UTTAR PRADESH,76,181
441907,UTTAR PRADESH,77,66
441907,UTTAR PRADESH,78,52
441907,UTTAR PRADESH,79,116
441907,UTTAR PRADESH,80,10
441907,UTTAR PRADESH,81,94
441907,UTTAR PRADESH,82,700
441907,UTTAR PRADESH,83,543
441907,UTTAR PRADESH,84,61
441907,UTTAR PRADESH,85,72
441907,UTTAR PRADESH,86,82
441907,UTTAR PRADESH,87,145
441907,UTTAR PRADESH,88,28
441907,UTTAR PRADESH,89,126
441907,UTTAR PRADESH,90,75
441907,UTTAR PRADESH,91,55
441907,UTTAR PRADESH,92,542
441907,UTTAR PRADESH,93,76
441907,UTTAR PRADESH,94,139
441907,UTTAR PRADESH,95,377
441907,UTTAR PRADESH,96,71
441907,UTTAR PRADESH,97,76
441907,UTTAR PRADESH,98,67
441907,UTTAR PRADESH,99,137
441907,UTTAR PRADESH,100,42
441907,UTTAR PRADESH,101,137
441907,UTTAR PRADESH,102,224
441907,UTTAR PRADESH,103,490
441907,UTTAR PRADESH,104,131
441907,UTTAR PRADESH,105,80
441907,UTTAR PRADESH,106,88
441907,UTTAR PRADESH,107,253
441907,UTTAR PRADESH,108,25
441907,UTTAR PRADESH,109,370
441907,UTTAR PRADESH,110,23
441907,UTTAR PRADESH,111,19
441907,UTTAR PRADESH,112,100
441907,UTTAR PRADESH,113,103
441907,UTTAR PRADESH,114,115
441907,UTTAR PRADESH,115,67
441907,UTTAR PRADESH,116,33
441907,UTTAR PRADESH,117,172
441907,UTTAR PRADESH,118,391
441907,UTTAR PRADESH,119,45
441907,UTTAR PRADESH,120,100
441907,UTTAR PRADESH,121,25
441907,UTTAR PRADESH,122,107
441907,UTTAR PRADESH,123,296
441907,UTTAR PRADESH,124,136
441907,UTTAR PRADESH,13,126
441907,UTTAR PRADESH,95,127
441907,UTTAR PRADESH,105,128
441907,UTTAR PRADESH,175,129
441907,UTTAR PRADESH,51,130
441907,UTTAR PRADESH,54,131
441907,UTTAR PRADESH,128,132
441907,UTTAR PRADESH,30,133
441907,UTTAR PRADESH,115,134
441907,UTTAR PRADESH,98,135
441907,UTTAR PRADESH,655,136
441907,UTTAR PRADESH,180,137
441907,UTTAR PRADESH,35,138
441907,UTTAR PRADESH,72,139
441907,UTTAR PRADESH,77,140
441907,UTTAR PRADESH,38,141
441907,UTTAR PRADESH,148,142
441907,UTTAR PRADESH,76,143
441907,UTTAR PRADESH,38,144
441907,UTTAR PRADESH,332,145
441907,UTTAR PRADESH,118,146
441907,UTTAR PRADESH,232,147
441907,UTTAR PRADESH,463,148
441907,UTTAR PRADESH,66,149
441907,UTTAR PRADESH,492,150
441907,UTTAR PRADESH,151,165
441907,UTTAR PRADESH,152,18
441907,UTTAR PRADESH,153,63
441907,UTTAR PRADESH,154,51
441907,UTTAR PRADESH,155,163
441907,UTTAR PRADESH,156,144
441907,UTTAR PRADESH,157,191
441907,UTTAR PRADESH,158,39
441907,UTTAR PRADESH,159,22
441907,UTTAR PRADESH,160,40
441907,UTTAR PRADESH,161,46
441907,UTTAR PRADESH,162,147
441907,UTTAR PRADESH,163,80
441907,UTTAR PRADESH,164,68
441907,UTTAR PRADESH,165,33
441907,UTTAR PRADESH,166,158
441907,UTTAR PRADESH,167,80
441907,UTTAR PRADESH,168,2
441907,UTTAR PRADESH,169,47
441907,UTTAR PRADESH,170,213
441907,UTTAR PRADESH,171,73
441907,UTTAR PRADESH,172,143
441907,UTTAR PRADESH,173,291
441907,UTTAR PRADESH,174,86
441907,UTTAR PRADESH,175,88
441907,UTTAR PRADESH,176,55
441907,UTTAR PRADESH,177,65
441907,UTTAR PRADESH,178,51
441907,UTTAR PRADESH,179,82
441907,UTTAR PRADESH,180,83
441907,UTTAR PRADESH,181,258
441907,UTTAR PRADESH,182,57
441907,UTTAR PRADESH,183,45
441907,UTTAR PRADESH,184,28
441907,UTTAR PRADESH,185,64
441907,UTTAR PRADESH,186,41
441907,UTTAR PRADESH,187,68
441907,UTTAR PRADESH,188,169
441907,UTTAR PRADESH,189,75
441907,UTTAR PRADESH,190,215
441907,UTTAR PRADESH,191,120
441907,UTTAR PRADESH,192,105
441907,UTTAR PRADESH,193,145
441907,UTTAR PRADESH,194,93
441907,UTTAR PRADESH,195,75
441907,UTTAR PRADESH,196,14
441907,UTTAR PRADESH,197,406
441907,UTTAR PRADESH,198,106
441907,UTTAR PRADESH,199,55
441907,UTTAR PRADESH,200,92
441907,UTTAR PRADESH,201,28
441907,UTTAR PRADESH,202,65
441907,UTTAR PRADESH,203,70
441907,UTTAR PRADESH,204,306
441907,UTTAR PRADESH,205,235
441907,UTTAR PRADESH,206,40
441907,UTTAR PRADESH,207,100
441907,UTTAR PRADESH,208,141
441907,UTTAR PRADESH,209,12
441907,UTTAR PRADESH,210,77
441907,UTTAR PRADESH,211,490
441907,UTTAR PRADESH,212,594
441907,UTTAR PRADESH,213,40
441907,UTTAR PRADESH,214,60
441907,UTTAR PRADESH,215,72
441907,UTTAR PRADESH,216,170
441907,UTTAR PRADESH,217,90
441907,UTTAR PRADESH,218,42
441907,UTTAR PRADESH,219,70
441907,UTTAR PRADESH,220,30
441907,UTTAR PRADESH,221,384
441907,UTTAR PRADESH,222,13
441907,UTTAR PRADESH,223,105
441907,UTTAR PRADESH,224,65
441907,UTTAR PRADESH,225,178
441907,UTTAR PRADESH,226,50
441907,UTTAR PRADESH,227,60
441907,UTTAR PRADESH,228,36
441907,UTTAR PRADESH,229,142
441907,UTTAR PRADESH,230,303
441907,UTTAR PRADESH,231,11
441907,UTTAR PRADESH,232,165
441907,UTTAR PRADESH,233,72
441907,UTTAR PRADESH,234,7
441907,UTTAR PRADESH,235,28
441907,UTTAR PRADESH,236,50
441907,UTTAR PRADESH,237,55
441907,UTTAR PRADESH,238,55
441907,UTTAR PRADESH,239,388
441907,UTTAR PRADESH,240,129
441907,UTTAR PRADESH,241,95
441907,UTTAR PRADESH,242,524
441907,UTTAR PRADESH,243,32
441907,UTTAR PRADESH,244,75
441907,UTTAR PRADESH,245,78
441907,UTTAR PRADESH,246,127
441907,UTTAR PRADESH,247,72
441907,UTTAR PRADESH,248,3
441907,UTTAR PRADESH,249,107
441907,UTTAR PRADESH,250,76
441907,UTTAR PRADESH,251,84
441907,UTTAR PRADESH,252,117
441907,UTTAR PRADESH,253,37
441907,UTTAR PRADESH,254,25
441907,UTTAR PRADESH,255,30
441907,UTTAR PRADESH,256,89
441907,UTTAR PRADESH,20,258
441907,UTTAR PRADESH,67,259
441907,UTTAR PRADESH,42,260
441907,UTTAR PRADESH,10,261
441907,UTTAR PRADESH,184,262
441907,UTTAR PRADESH,32,263
441907,UTTAR PRADESH,99,264
441907,UTTAR PRADESH,79,265
441907,UTTAR PRADESH,101,266
441907,UTTAR PRADESH,397,267
441907,UTTAR PRADESH,40,268
441907,UTTAR PRADESH,496,269
441907,UTTAR PRADESH,158,270
441907,UTTAR PRADESH,271,121
441907,UTTAR PRADESH,272,20
441907,UTTAR PRADESH,273,37
441907,UTTAR PRADESH,274,109
441907,UTTAR PRADESH,275,634
441907,UTTAR PRADESH,276,287
441907,UTTAR PRADESH,277,62
441907,UTTAR PRADESH,278,141
441907,UTTAR PRADESH,279,307
441907,UTTAR PRADESH,280,145
441907,UTTAR PRADESH,281,60
441907,UTTAR PRADESH,282,77
441907,UTTAR PRADESH,283,523
441907,UTTAR PRADESH,284,146
441907,UTTAR PRADESH,285,164
441907,UTTAR PRADESH,286,58
441907,UTTAR PRADESH,287,67
441907,UTTAR PRADESH,288,425
441907,UTTAR PRADESH,289,11
441907,UTTAR PRADESH,290,140
441907,UTTAR PRADESH,291,76
441907,UTTAR PRADESH,292,66
441907,UTTAR PRADESH,293,111
441907,UTTAR PRADESH,294,70
441907,UTTAR PRADESH,295,75
441907,UTTAR PRADESH,296,114
441907,UTTAR PRADESH,297,51
441907,UTTAR PRADESH,298,94
441907,UTTAR PRADESH,299,81
441907,UTTAR PRADESH,300,269
441907,UTTAR PRADESH,301,100
441907,UTTAR PRADESH,302,193
441907,UTTAR PRADESH,303,309
441907,UTTAR PRADESH,304,69
441907,UTTAR PRADESH,305,128
441907,UTTAR PRADESH,306,3
441907,UTTAR PRADESH,307,30
441907,UTTAR PRADESH,308,7
441907,UTTAR PRADESH,309,110
441907,UTTAR PRADESH,310,244
441907,UTTAR PRADESH,311,25
441907,UTTAR PRADESH,312,73
441907,UTTAR PRADESH,313,32
441907,UTTAR PRADESH,314,117
441907,UTTAR PRADESH,315,313
441907,UTTAR PRADESH,316,34
441907,UTTAR PRADESH,317,175
441907,UTTAR PRADESH,318,79
441907,UTTAR PRADESH,319,175
441907,UTTAR PRADESH,320,55
441907,UTTAR PRADESH,321,109
441907,UTTAR PRADESH,3,323
441907,UTTAR PRADESH,34,324
441907,UTTAR PRADESH,64,325
441907,UTTAR PRADESH,179,326
441907,UTTAR PRADESH,195,327
441907,UTTAR PRADESH,40,328
441907,UTTAR PRADESH,25,329
441907,UTTAR PRADESH,52,330
441907,UTTAR PRADESH,331,123
441907,UTTAR PRADESH,332,45
441907,UTTAR PRADESH,333,39
441907,UTTAR PRADESH,334,136
441907,UTTAR PRADESH,335,2
441907,UTTAR PRADESH,336,65
441907,UTTAR PRADESH,337,120
441907,UTTAR PRADESH,338,60
441907,UTTAR PRADESH,339,384
441907,UTTAR PRADESH,340,42
441907,UTTAR PRADESH,341,70
441907,UTTAR PRADESH,342,206
441907,UTTAR PRADESH,343,293
441907,UTTAR PRADESH,344,15
441907,UTTAR PRADESH,345,57
441907,UTTAR PRADESH,346,31
441907,UTTAR PRADESH,347,356
441907,UTTAR PRADESH,348,1
441907,UTTAR PRADESH,349,62
441907,UTTAR PRADESH,350,271
441907,UTTAR PRADESH,351,60
441907,UTTAR PRADESH,352,130
441907,UTTAR PRADESH,353,331
441907,UTTAR PRADESH,354,5
441907,UTTAR PRADESH,355,15
441907,UTTAR PRADESH,356,169
441907,UTTAR PRADESH,357,68
441907,UTTAR PRADESH,358,63
441907,UTTAR PRADESH,5,360
441907,UTTAR PRADESH,361,46
441907,UTTAR PRADESH,362,512
441907,UTTAR PRADESH,363,276
441907,UTTAR PRADESH,364,90
441907,UTTAR PRADESH,365,16
441907,UTTAR PRADESH,366,50
441907,UTTAR PRADESH,367,21
441907,UTTAR PRADESH,368,406
441907,UTTAR PRADESH,369,51
441907,UTTAR PRADESH,370,175
441907,UTTAR PRADESH,371,60
441907,UTTAR PRADESH,372,157
441907,UTTAR PRADESH,373,249
441907,UTTAR PRADESH,374,109
441907,UTTAR PRADESH,375,20
441907,UTTAR PRADESH,376,266
441907,UTTAR PRADESH,377,295
441907,UTTAR PRADESH,378,34
441907,UTTAR PRADESH,379,81
441907,UTTAR PRADESH,380,61
441907,UTTAR PRADESH,381,29
441907,UTTAR PRADESH,382,240
441907,UTTAR PRADESH,383,40
441907,UTTAR PRADESH,384,46
441907,UTTAR PRADESH,385,35
441907,UTTAR PRADESH,386,82
441907,UTTAR PRADESH,387,87
441907,UTTAR PRADESH,388,90
441907,UTTAR PRADESH,389,96
441907,UTTAR PRADESH,390,26
441907,UTTAR PRADESH,391,50
441907,UTTAR PRADESH,392,63
441907,UTTAR PRADESH,393,15
441907,UTTAR PRADESH,394,40
441907,UTTAR PRADESH,22,396
441907,UTTAR PRADESH,320,397
441907,UTTAR PRADESH,62,398
441907,UTTAR PRADESH,115,399
441907,UTTAR PRADESH,262,400
441907,UTTAR PRADESH,54,401
441907,UTTAR PRADESH,139,402
441907,UTTAR PRADESH,135,403
441907,UTTAR PRADESH,161,404
441907,UTTAR PRADESH,634,405
441907,UTTAR PRADESH,81,406
441907,UTTAR PRADESH,65,407
441907,UTTAR PRADESH,59,408
441907,UTTAR PRADESH,126,409
441907,UTTAR PRADESH,145,410
441907,UTTAR PRADESH,2,411
441907,UTTAR PRADESH,63,412
441907,UTTAR PRADESH,20,413
441907,UTTAR PRADESH,85,414
441907,UTTAR PRADESH,117,415
441907,UTTAR PRADESH,140,416
441907,UTTAR PRADESH,49,417
441907,UTTAR PRADESH,0,418
441907,UTTAR PRADESH,161,419
441907,UTTAR PRADESH,116,420
441907,UTTAR PRADESH,421,117
441907,UTTAR PRADESH,422,77
441907,UTTAR PRADESH,423,20
441907,UTTAR PRADESH,424,352
441907,UTTAR PRADESH,425,85
441907,UTTAR PRADESH,426,74
441907,UTTAR PRADESH,427,134
441907,UTTAR PRADESH,428,69
441907,UTTAR PRADESH,429,31
441907,UTTAR PRADESH,430,115
441907,UTTAR PRADESH,431,74
441907,UTTAR PRADESH,432,45
441907,UTTAR PRADESH,433,11
441907,UTTAR PRADESH,434,221
441907,UTTAR PRADESH,435,267
441907,UTTAR PRADESH,436,340
441907,UTTAR PRADESH,437,47
441907,UTTAR PRADESH,438,57
441907,UTTAR PRADESH,439,199
441907,UTTAR PRADESH,440,372
441907,UTTAR PRADESH,441,119
441907,UTTAR PRADESH,442,108
441907,UTTAR PRADESH,443,386
441907,UTTAR PRADESH,444,206
441907,UTTAR PRADESH,445,68
441907,UTTAR PRADESH,446,101
441907,UTTAR PRADESH,447,170
441907,UTTAR PRADESH,448,157
441907,UTTAR PRADESH,449,110
441907,UTTAR PRADESH,450,122
441907,UTTAR PRADESH,451,81
441907,UTTAR PRADESH,452,78
441907,UTTAR PRADESH,453,10
441907,UTTAR PRADESH,454,114
441907,UTTAR PRADESH,455,60
441907,UTTAR PRADESH,456,98
441907,UTTAR PRADESH,457,1
441907,UTTAR PRADESH,458,65
441907,UTTAR PRADESH,459,50
441907,UTTAR PRADESH,460,21
441907,UTTAR PRADESH,461,79
