Center Number,State Name,Srl No,Marks
441911,UTTAR PRADESH,1,185
441911,UTTAR PRADESH,2,39
441911,UTTAR PRADESH,3,316
441911,UTTAR PRADESH,4,55
441911,UTTAR PRADESH,5,349
441911,UTTAR PRADESH,6,16
441911,UTTAR PRADESH,7,40
441911,UTTAR PRADESH,8,77
441911,UTTAR PRADESH,9,211
441911,UTTAR PRADESH,10,130
441911,UTTAR PRADESH,11,22
441911,UTTAR PRADESH,12,81
441911,UTTAR PRADESH,13,55
441911,UTTAR PRADESH,14,291
441911,UTTAR PRADESH,15,51
441911,UTTAR PRADESH,16,32
441911,UTTAR PRADESH,17,438
441911,UTTAR PRADESH,18,6
441911,UTTAR PRADESH,19,149
441911,UTTAR PRADESH,20,42
441911,UTTAR PRADESH,21,53
441911,UTTAR PRADESH,22,69
441911,UTTAR PRADESH,23,381
441911,UTTAR PRADESH,24,50
441911,UTTAR PRADESH,25,197
441911,UTTAR PRADESH,26,32
441911,UTTAR PRADESH,27,117
441911,UTTAR PRADESH,28,38
441911,UTTAR PRADESH,29,260
441911,UTTAR PRADESH,30,100
441911,UTTAR PRADESH,31,21
441911,UTTAR PRADESH,32,65
441911,UTTAR PRADESH,33,121
441911,UTTAR PRADESH,34,229
441911,UTTAR PRADESH,35,66
441911,UTTAR PRADESH,36,181
441911,UTTAR PRADESH,37,44
441911,UTTAR PRADESH,38,176
441911,UTTAR PRADESH,39,171
441911,UTTAR PRADESH,40,129
441911,UTTAR PRADESH,41,168
441911,UTTAR PRADESH,42,73
441911,UTTAR PRADESH,43,62
441911,UTTAR PRADESH,44,37
441911,UTTAR PRADESH,45,120
441911,UTTAR PRADESH,46,35
441911,UTTAR PRADESH,47,55
441911,UTTAR PRADESH,48,75
441911,UTTAR PRADESH,49,110
441911,UTTAR PRADESH,50,54
441911,UTTAR PRADESH,51,85
441911,UTTAR PRADESH,5,53
441911,UTTAR PRADESH,47,54
441911,UTTAR PRADESH,96,55
441911,UTTAR PRADESH,29,56
441911,UTTAR PRADESH,88,57
441911,UTTAR PRADESH,51,58
441911,UTTAR PRADESH,74,59
441911,UTTAR PRADESH,45,60
441911,UTTAR PRADESH,61,168
441911,UTTAR PRADESH,62,48
441911,UTTAR PRADESH,63,209
441911,UTTAR PRADESH,64,114
441911,UTTAR PRADESH,65,174
441911,UTTAR PRADESH,66,26
441911,UTTAR PRADESH,67,160
441911,UTTAR PRADESH,68,237
441911,UTTAR PRADESH,69,324
441911,UTTAR PRADESH,70,60
441911,UTTAR PRADESH,71,119
441911,UTTAR PRADESH,72,254
441911,UTTAR PRADESH,73,120
441911,UTTAR PRADESH,74,6
441911,UTTAR PRADESH,75,556
441911,UTTAR PRADESH,76,37
441911,UTTAR PRADESH,77,101
441911,UTTAR PRADESH,78,51
441911,UTTAR PRADESH,79,45
441911,UTTAR PRADESH,80,46
441911,UTTAR PRADESH,81,167
441911,UTTAR PRADESH,82,65
441911,UTTAR PRADESH,83,65
441911,UTTAR PRADESH,84,56
441911,UTTAR PRADESH,85,37
441911,UTTAR PRADESH,86,183
441911,UTTAR PRADESH,87,6
441911,UTTAR PRADESH,88,35
441911,UTTAR PRADESH,89,439
441911,UTTAR PRADESH,90,33
441911,UTTAR PRADESH,91,88
441911,UTTAR PRADESH,92,59
441911,UTTAR PRADESH,93,73
441911,UTTAR PRADESH,94,69
441911,UTTAR PRADESH,95,45
441911,UTTAR PRADESH,96,342
441911,UTTAR PRADESH,97,86
441911,UTTAR PRADESH,98,54
441911,UTTAR PRADESH,99,96
441911,UTTAR PRADESH,100,196
441911,UTTAR PRADESH,101,13
441911,UTTAR PRADESH,102,37
441911,UTTAR PRADESH,103,299
441911,UTTAR PRADESH,104,77
441911,UTTAR PRADESH,105,74
441911,UTTAR PRADESH,106,34
441911,UTTAR PRADESH,107,63
441911,UTTAR PRADESH,108,59
441911,UTTAR PRADESH,109,123
441911,UTTAR PRADESH,110,279
441911,UTTAR PRADESH,111,228
441911,UTTAR PRADESH,112,82
441911,UTTAR PRADESH,113,0
441911,UTTAR PRADESH,114,58
441911,UTTAR PRADESH,115,82
441911,UTTAR PRADESH,116,30
441911,UTTAR PRADESH,117,74
441911,UTTAR PRADESH,118,9
441911,UTTAR PRADESH,119,297
441911,UTTAR PRADESH,120,100
441911,UTTAR PRADESH,121,150
441911,UTTAR PRADESH,122,70
441911,UTTAR PRADESH,123,46
441911,UTTAR PRADESH,124,175
441911,UTTAR PRADESH,125,46
441911,UTTAR PRADESH,126,73
441911,UTTAR PRADESH,127,96
441911,UTTAR PRADESH,128,95
441911,UTTAR PRADESH,129,191
441911,UTTAR PRADESH,130,512
441911,UTTAR PRADESH,131,260
441911,UTTAR PRADESH,132,78
441911,UTTAR PRADESH,133,390
441911,UTTAR PRADESH,134,63
441911,UTTAR PRADESH,135,78
441911,UTTAR PRADESH,136,12
441911,UTTAR PRADESH,137,50
441911,UTTAR PRADESH,138,34
441911,UTTAR PRADESH,139,174
441911,UTTAR PRADESH,140,249
441911,UTTAR PRADESH,141,110
441911,UTTAR PRADESH,142,67
441911,UTTAR PRADESH,143,199
441911,UTTAR PRADESH,144,101
441911,UTTAR PRADESH,145,45
441911,UTTAR PRADESH,146,85
441911,UTTAR PRADESH,147,66
441911,UTTAR PRADESH,148,50
441911,UTTAR PRADESH,149,90
441911,UTTAR PRADESH,150,174
441911,UTTAR PRADESH,151,636
441911,UTTAR PRADESH,152,131
441911,UTTAR PRADESH,153,58
441911,UTTAR PRADESH,154,67
441911,UTTAR PRADESH,155,164
441911,UTTAR PRADESH,156,21
441911,UTTAR PRADESH,157,68
441911,UTTAR PRADESH,158,103
441911,UTTAR PRADESH,159,56
441911,UTTAR PRADESH,160,204
441911,UTTAR PRADESH,6,162
441911,UTTAR PRADESH,30,163
441911,UTTAR PRADESH,119,164
441911,UTTAR PRADESH,10,165
441911,UTTAR PRADESH,54,166
441911,UTTAR PRADESH,103,167
441911,UTTAR PRADESH,92,168
441911,UTTAR PRADESH,50,169
441911,UTTAR PRADESH,99,170
441911,UTTAR PRADESH,407,171
441911,UTTAR PRADESH,80,172
441911,UTTAR PRADESH,124,173
441911,UTTAR PRADESH,80,174
441911,UTTAR PRADESH,53,175
441911,UTTAR PRADESH,37,176
441911,UTTAR PRADESH,48,177
441911,UTTAR PRADESH,42,178
441911,UTTAR PRADESH,356,179
441911,UTTAR PRADESH,63,180
441911,UTTAR PRADESH,181,55
441911,UTTAR PRADESH,182,52
441911,UTTAR PRADESH,183,25
441911,UTTAR PRADESH,184,46
441911,UTTAR PRADESH,185,95
441911,UTTAR PRADESH,186,403
441911,UTTAR PRADESH,187,62
441911,UTTAR PRADESH,188,241
441911,UTTAR PRADESH,189,90
441911,UTTAR PRADESH,190,247
441911,UTTAR PRADESH,191,220
441911,UTTAR PRADESH,192,110
441911,UTTAR PRADESH,193,35
441911,UTTAR PRADESH,194,123
441911,UTTAR PRADESH,195,205
441911,UTTAR PRADESH,196,34
441911,UTTAR PRADESH,197,24
441911,UTTAR PRADESH,198,98
441911,UTTAR PRADESH,199,5
441911,UTTAR PRADESH,200,95
441911,UTTAR PRADESH,201,32
441911,UTTAR PRADESH,202,16
441911,UTTAR PRADESH,203,90
441911,UTTAR PRADESH,204,46
441911,UTTAR PRADESH,205,10
441911,UTTAR PRADESH,206,55
441911,UTTAR PRADESH,207,101
441911,UTTAR PRADESH,208,95
441911,UTTAR PRADESH,209,324
441911,UTTAR PRADESH,210,85
441911,UTTAR PRADESH,211,77
441911,UTTAR PRADESH,212,10
441911,UTTAR PRADESH,213,622
441911,UTTAR PRADESH,214,64
441911,UTTAR PRADESH,215,348
441911,UTTAR PRADESH,216,19
441911,UTTAR PRADESH,217,444
441911,UTTAR PRADESH,218,57
441911,UTTAR PRADESH,219,49
441911,UTTAR PRADESH,220,106
441911,UTTAR PRADESH,221,149
441911,UTTAR PRADESH,222,80
441911,UTTAR PRADESH,223,85
441911,UTTAR PRADESH,224,130
441911,UTTAR PRADESH,225,10
441911,UTTAR PRADESH,226,26
441911,UTTAR PRADESH,227,190
441911,UTTAR PRADESH,228,150
441911,UTTAR PRADESH,229,70
441911,UTTAR PRADESH,230,81
441911,UTTAR PRADESH,231,208
441911,UTTAR PRADESH,232,65
441911,UTTAR PRADESH,233,46
441911,UTTAR PRADESH,234,41
441911,UTTAR PRADESH,235,45
441911,UTTAR PRADESH,236,113
441911,UTTAR PRADESH,237,112
441911,UTTAR PRADESH,238,126
441911,UTTAR PRADESH,239,55
441911,UTTAR PRADESH,240,115
441911,UTTAR PRADESH,241,47
441911,UTTAR PRADESH,242,154
441911,UTTAR PRADESH,243,75
441911,UTTAR PRADESH,244,116
441911,UTTAR PRADESH,245,78
441911,UTTAR PRADESH,246,90
441911,UTTAR PRADESH,247,5
441911,UTTAR PRADESH,248,24
441911,UTTAR PRADESH,249,59
441911,UTTAR PRADESH,250,65
441911,UTTAR PRADESH,251,143
441911,UTTAR PRADESH,252,80
441911,UTTAR PRADESH,253,224
441911,UTTAR PRADESH,254,45
441911,UTTAR PRADESH,255,27
441911,UTTAR PRADESH,256,50
441911,UTTAR PRADESH,257,24
441911,UTTAR PRADESH,258,7
441911,UTTAR PRADESH,259,105
441911,UTTAR PRADESH,260,77
441911,UTTAR PRADESH,261,179
441911,UTTAR PRADESH,262,35
441911,UTTAR PRADESH,263,72
441911,UTTAR PRADESH,264,98
441911,UTTAR PRADESH,265,230
441911,UTTAR PRADESH,266,8
441911,UTTAR PRADESH,267,62
441911,UTTAR PRADESH,268,21
441911,UTTAR PRADESH,269,193
441911,UTTAR PRADESH,270,58
441911,UTTAR PRADESH,271,139
441911,UTTAR PRADESH,272,79
441911,UTTAR PRADESH,273,57
441911,UTTAR PRADESH,274,45
441911,UTTAR PRADESH,275,70
441911,UTTAR PRADESH,276,79
441911,UTTAR PRADESH,277,18
441911,UTTAR PRADESH,278,52
441911,UTTAR PRADESH,279,106
441911,UTTAR PRADESH,280,70
441911,UTTAR PRADESH,281,82
441911,UTTAR PRADESH,282,22
441911,UTTAR PRADESH,283,83
441911,UTTAR PRADESH,284,129
441911,UTTAR PRADESH,285,631
441911,UTTAR PRADESH,286,18
441911,UTTAR PRADESH,287,586
441911,UTTAR PRADESH,288,88
441911,UTTAR PRADESH,289,147
441911,UTTAR PRADESH,290,0
441911,UTTAR PRADESH,291,612
441911,UTTAR PRADESH,292,55
441911,UTTAR PRADESH,293,93
441911,UTTAR PRADESH,294,130
441911,UTTAR PRADESH,295,0
441911,UTTAR PRADESH,296,45
441911,UTTAR PRADESH,297,190
441911,UTTAR PRADESH,298,34
441911,UTTAR PRADESH,299,130
441911,UTTAR PRADESH,300,105
441911,UTTAR PRADESH,301,21
441911,UTTAR PRADESH,302,95
441911,UTTAR PRADESH,303,85
441911,UTTAR PRADESH,304,7
441911,UTTAR PRADESH,305,85
441911,UTTAR PRADESH,306,476
441911,UTTAR PRADESH,307,128
441911,UTTAR PRADESH,308,73
441911,UTTAR PRADESH,309,54
441911,UTTAR PRADESH,19,311
441911,UTTAR PRADESH,25,312
441911,UTTAR PRADESH,105,313
441911,UTTAR PRADESH,106,314
441911,UTTAR PRADESH,85,315
441911,UTTAR PRADESH,116,316
441911,UTTAR PRADESH,130,317
441911,UTTAR PRADESH,40,318
441911,UTTAR PRADESH,41,319
441911,UTTAR PRADESH,114,320
441911,UTTAR PRADESH,76,321
441911,UTTAR PRADESH,48,322
441911,UTTAR PRADESH,376,323
441911,UTTAR PRADESH,438,324
441911,UTTAR PRADESH,22,325
441911,UTTAR PRADESH,249,326
441911,UTTAR PRADESH,28,327
441911,UTTAR PRADESH,50,328
441911,UTTAR PRADESH,75,329
441911,UTTAR PRADESH,62,330
441911,UTTAR PRADESH,331,42
441911,UTTAR PRADESH,332,15
441911,UTTAR PRADESH,333,645
441911,UTTAR PRADESH,334,77
441911,UTTAR PRADESH,335,237
441911,UTTAR PRADESH,336,219
441911,UTTAR PRADESH,337,23
441911,UTTAR PRADESH,338,65
441911,UTTAR PRADESH,339,46
441911,UTTAR PRADESH,340,193
441911,UTTAR PRADESH,341,73
441911,UTTAR PRADESH,342,63
441911,UTTAR PRADESH,343,154
441911,UTTAR PRADESH,344,67
441911,UTTAR PRADESH,345,86
441911,UTTAR PRADESH,346,110
441911,UTTAR PRADESH,347,92
441911,UTTAR PRADESH,348,45
441911,UTTAR PRADESH,349,68
441911,UTTAR PRADESH,350,129
