Center Number,State Name,Srl No,Marks
441906,UTTAR PRADESH,1,70
441906,UTTAR PRADESH,2,70
441906,UTTAR PRADESH,3,115
441906,UTTAR PRADESH,4,118
441906,UTTAR PRADESH,5,288
441906,UTTAR PRADESH,6,370
441906,UTTAR PRADESH,7,163
441906,UTTAR PRADESH,8,47
441906,UTTAR PRADESH,9,27
441906,UTTAR PRADESH,10,16
441906,UTTAR PRADESH,11,19
441906,UTTAR PRADESH,12,220
441906,UTTAR PRADESH,13,226
441906,UTTAR PRADESH,14,137
441906,UTTAR PRADESH,15,230
441906,UTTAR PRADESH,16,193
441906,UTTAR PRADESH,17,188
441906,UTTAR PRADESH,18,25
441906,UTTAR PRADESH,19,133
441906,UTTAR PRADESH,20,45
441906,UTTAR PRADESH,21,447
441906,UTTAR PRADESH,22,131
441906,UTTAR PRADESH,23,123
441906,UTTAR PRADESH,24,235
441906,UTTAR PRADESH,25,592
441906,UTTAR PRADESH,26,225
441906,UTTAR PRADESH,27,114
441906,UTTAR PRADESH,28,387
441906,UTTAR PRADESH,29,101
441906,UTTAR PRADESH,30,234
441906,UTTAR PRADESH,31,117
441906,UTTAR PRADESH,32,240
441906,UTTAR PRADESH,33,204
441906,UTTAR PRADESH,34,214
441906,UTTAR PRADESH,35,145
441906,UTTAR PRADESH,36,171
441906,UTTAR PRADESH,37,32
441906,UTTAR PRADESH,38,52
441906,UTTAR PRADESH,39,1
441906,UTTAR PRADESH,40,77
441906,UTTAR PRADESH,41,178
441906,UTTAR PRADESH,42,92
441906,UTTAR PRADESH,43,152
441906,UTTAR PRADESH,44,70
441906,UTTAR PRADESH,45,499
441906,UTTAR PRADESH,46,28
441906,UTTAR PRADESH,47,100
441906,UTTAR PRADESH,48,10
441906,UTTAR PRADESH,49,82
441906,UTTAR PRADESH,50,269
441906,UTTAR PRADESH,51,86
441906,UTTAR PRADESH,52,176
441906,UTTAR PRADESH,53,72
441906,UTTAR PRADESH,54,466
441906,UTTAR PRADESH,55,172
441906,UTTAR PRADESH,56,175
441906,UTTAR PRADESH,57,123
441906,UTTAR PRADESH,58,322
441906,UTTAR PRADESH,59,195
441906,UTTAR PRADESH,60,120
441906,UTTAR PRADESH,61,131
441906,UTTAR PRADESH,62,51
441906,UTTAR PRADESH,63,55
441906,UTTAR PRADESH,64,401
441906,UTTAR PRADESH,65,31
441906,UTTAR PRADESH,66,64
441906,UTTAR PRADESH,67,28
441906,UTTAR PRADESH,68,90
441906,UTTAR PRADESH,69,338
441906,UTTAR PRADESH,70,305
441906,UTTAR PRADESH,71,335
441906,UTTAR PRADESH,72,95
441906,UTTAR PRADESH,73,169
441906,UTTAR PRADESH,74,450
441906,UTTAR PRADESH,75,296
441906,UTTAR PRADESH,76,467
441906,UTTAR PRADESH,77,228
441906,UTTAR PRADESH,78,133
441906,UTTAR PRADESH,79,58
441906,UTTAR PRADESH,80,206
441906,UTTAR PRADESH,81,161
441906,UTTAR PRADESH,82,41
441906,UTTAR PRADESH,83,223
441906,UTTAR PRADESH,84,179
441906,UTTAR PRADESH,85,103
441906,UTTAR PRADESH,86,35
441906,UTTAR PRADESH,87,368
441906,UTTAR PRADESH,88,25
441906,UTTAR PRADESH,89,525
441906,UTTAR PRADESH,90,154
441906,UTTAR PRADESH,91,20
441906,UTTAR PRADESH,92,58
441906,UTTAR PRADESH,93,47
441906,UTTAR PRADESH,94,349
441906,UTTAR PRADESH,95,127
441906,UTTAR PRADESH,96,94
441906,UTTAR PRADESH,97,341
441906,UTTAR PRADESH,98,562
441906,UTTAR PRADESH,99,148
441906,UTTAR PRADESH,100,201
441906,UTTAR PRADESH,101,65
441906,UTTAR PRADESH,102,148
441906,UTTAR PRADESH,103,75
441906,UTTAR PRADESH,104,191
441906,UTTAR PRADESH,105,127
441906,UTTAR PRADESH,106,76
441906,UTTAR PRADESH,107,80
441906,UTTAR PRADESH,108,75
441906,UTTAR PRADESH,109,46
441906,UTTAR PRADESH,110,67
441906,UTTAR PRADESH,111,91
441906,UTTAR PRADESH,112,382
441906,UTTAR PRADESH,113,148
441906,UTTAR PRADESH,114,231
441906,UTTAR PRADESH,115,61
441906,UTTAR PRADESH,116,253
441906,UTTAR PRADESH,117,63
441906,UTTAR PRADESH,118,79
441906,UTTAR PRADESH,119,112
441906,UTTAR PRADESH,120,15
441906,UTTAR PRADESH,121,77
441906,UTTAR PRADESH,122,222
441906,UTTAR PRADESH,123,233
441906,UTTAR PRADESH,124,55
441906,UTTAR PRADESH,125,439
441906,UTTAR PRADESH,126,146
441906,UTTAR PRADESH,127,20
441906,UTTAR PRADESH,128,105
441906,UTTAR PRADESH,129,84
441906,UTTAR PRADESH,130,174
441906,UTTAR PRADESH,131,152
441906,UTTAR PRADESH,132,191
441906,UTTAR PRADESH,133,63
441906,UTTAR PRADESH,134,72
441906,UTTAR PRADESH,135,83
441906,UTTAR PRADESH,136,277
441906,UTTAR PRADESH,137,83
441906,UTTAR PRADESH,138,37
441906,UTTAR PRADESH,139,264
441906,UTTAR PRADESH,140,24
441906,UTTAR PRADESH,141,400
441906,UTTAR PRADESH,142,70
441906,UTTAR PRADESH,143,24
441906,UTTAR PRADESH,144,254
441906,UTTAR PRADESH,25,146
441906,UTTAR PRADESH,200,147
441906,UTTAR PRADESH,161,148
441906,UTTAR PRADESH,332,149
441906,UTTAR PRADESH,490,150
441906,UTTAR PRADESH,151,284
441906,UTTAR PRADESH,152,183
441906,UTTAR PRADESH,153,30
441906,UTTAR PRADESH,154,273
441906,UTTAR PRADESH,155,105
441906,UTTAR PRADESH,156,78
441906,UTTAR PRADESH,157,60
441906,UTTAR PRADESH,158,53
441906,UTTAR PRADESH,159,204
441906,UTTAR PRADESH,160,67
441906,UTTAR PRADESH,161,135
441906,UTTAR PRADESH,162,41
441906,UTTAR PRADESH,163,169
441906,UTTAR PRADESH,164,90
441906,UTTAR PRADESH,165,156
441906,UTTAR PRADESH,166,38
441906,UTTAR PRADESH,167,254
441906,UTTAR PRADESH,168,107
441906,UTTAR PRADESH,169,67
441906,UTTAR PRADESH,170,55
441906,UTTAR PRADESH,171,50
441906,UTTAR PRADESH,172,122
441906,UTTAR PRADESH,173,180
441906,UTTAR PRADESH,174,170
441906,UTTAR PRADESH,175,50
441906,UTTAR PRADESH,176,144
441906,UTTAR PRADESH,177,33
441906,UTTAR PRADESH,178,43
441906,UTTAR PRADESH,179,128
441906,UTTAR PRADESH,180,80
441906,UTTAR PRADESH,181,52
441906,UTTAR PRADESH,182,16
441906,UTTAR PRADESH,183,114
441906,UTTAR PRADESH,184,35
441906,UTTAR PRADESH,185,249
441906,UTTAR PRADESH,186,307
441906,UTTAR PRADESH,187,207
441906,UTTAR PRADESH,188,116
441906,UTTAR PRADESH,189,58
441906,UTTAR PRADESH,190,48
441906,UTTAR PRADESH,191,69
441906,UTTAR PRADESH,192,199
441906,UTTAR PRADESH,193,310
441906,UTTAR PRADESH,194,70
441906,UTTAR PRADESH,195,203
441906,UTTAR PRADESH,196,287
441906,UTTAR PRADESH,197,84
441906,UTTAR PRADESH,198,502
441906,UTTAR PRADESH,199,116
441906,UTTAR PRADESH,200,36
441906,UTTAR PRADESH,201,24
441906,UTTAR PRADESH,202,111
441906,UTTAR PRADESH,203,235
441906,UTTAR PRADESH,204,55
441906,UTTAR PRADESH,205,318
441906,UTTAR PRADESH,206,66
441906,UTTAR PRADESH,207,224
441906,UTTAR PRADESH,208,59
441906,UTTAR PRADESH,209,72
441906,UTTAR PRADESH,210,104
441906,UTTAR PRADESH,211,152
441906,UTTAR PRADESH,212,109
441906,UTTAR PRADESH,213,142
441906,UTTAR PRADESH,214,45
441906,UTTAR PRADESH,215,141
441906,UTTAR PRADESH,216,151
441906,UTTAR PRADESH,217,139
441906,UTTAR PRADESH,218,112
441906,UTTAR PRADESH,219,432
441906,UTTAR PRADESH,220,185
441906,UTTAR PRADESH,221,95
441906,UTTAR PRADESH,222,526
441906,UTTAR PRADESH,223,209
441906,UTTAR PRADESH,224,438
441906,UTTAR PRADESH,225,102
441906,UTTAR PRADESH,226,585
441906,UTTAR PRADESH,227,32
441906,UTTAR PRADESH,228,245
441906,UTTAR PRADESH,229,163
441906,UTTAR PRADESH,230,146
441906,UTTAR PRADESH,231,62
441906,UTTAR PRADESH,232,474
441906,UTTAR PRADESH,233,61
441906,UTTAR PRADESH,234,301
441906,UTTAR PRADESH,235,406
441906,UTTAR PRADESH,236,95
441906,UTTAR PRADESH,237,296
441906,UTTAR PRADESH,238,312
441906,UTTAR PRADESH,239,105
441906,UTTAR PRADESH,240,111
441906,UTTAR PRADESH,241,180
441906,UTTAR PRADESH,242,468
441906,UTTAR PRADESH,243,101
441906,UTTAR PRADESH,244,93
441906,UTTAR PRADESH,245,374
441906,UTTAR PRADESH,246,102
441906,UTTAR PRADESH,247,275
441906,UTTAR PRADESH,248,108
441906,UTTAR PRADESH,249,56
441906,UTTAR PRADESH,250,109
441906,UTTAR PRADESH,251,240
441906,UTTAR PRADESH,252,420
441906,UTTAR PRADESH,253,23
441906,UTTAR PRADESH,254,159
441906,UTTAR PRADESH,255,143
441906,UTTAR PRADESH,256,48
441906,UTTAR PRADESH,257,83
441906,UTTAR PRADESH,258,71
441906,UTTAR PRADESH,259,15
441906,UTTAR PRADESH,260,375
441906,UTTAR PRADESH,261,95
441906,UTTAR PRADESH,262,326
441906,UTTAR PRADESH,263,457
441906,UTTAR PRADESH,264,132
441906,UTTAR PRADESH,265,323
441906,UTTAR PRADESH,266,129
441906,UTTAR PRADESH,267,43
441906,UTTAR PRADESH,268,656
441906,UTTAR PRADESH,269,422
441906,UTTAR PRADESH,270,185
441906,UTTAR PRADESH,271,460
441906,UTTAR PRADESH,272,261
441906,UTTAR PRADESH,273,76
441906,UTTAR PRADESH,274,2
441906,UTTAR PRADESH,275,120
441906,UTTAR PRADESH,276,408
441906,UTTAR PRADESH,277,69
441906,UTTAR PRADESH,278,110
441906,UTTAR PRADESH,279,70
441906,UTTAR PRADESH,280,98
441906,UTTAR PRADESH,281,128
441906,UTTAR PRADESH,282,388
441906,UTTAR PRADESH,283,15
441906,UTTAR PRADESH,284,17
441906,UTTAR PRADESH,285,114
441906,UTTAR PRADESH,286,283
441906,UTTAR PRADESH,287,129
441906,UTTAR PRADESH,288,466
441906,UTTAR PRADESH,289,111
441906,UTTAR PRADESH,290,41
441906,UTTAR PRADESH,291,128
441906,UTTAR PRADESH,292,28
441906,UTTAR PRADESH,293,291
441906,UTTAR PRADESH,294,102
441906,UTTAR PRADESH,295,142
441906,UTTAR PRADESH,296,48
441906,UTTAR PRADESH,297,63
441906,UTTAR PRADESH,4,299
441906,UTTAR PRADESH,18,300
441906,UTTAR PRADESH,301,45
441906,UTTAR PRADESH,302,540
441906,UTTAR PRADESH,303,451
441906,UTTAR PRADESH,304,153
441906,UTTAR PRADESH,305,67
441906,UTTAR PRADESH,306,135
441906,UTTAR PRADESH,307,173
441906,UTTAR PRADESH,308,582
441906,UTTAR PRADESH,309,251
441906,UTTAR PRADESH,310,386
441906,UTTAR PRADESH,311,96
441906,UTTAR PRADESH,312,53
441906,UTTAR PRADESH,313,168
441906,UTTAR PRADESH,314,293
441906,UTTAR PRADESH,315,446
441906,UTTAR PRADESH,3,317
441906,UTTAR PRADESH,371,318
441906,UTTAR PRADESH,65,319
441906,UTTAR PRADESH,284,320
441906,UTTAR PRADESH,96,321
441906,UTTAR PRADESH,58,322
441906,UTTAR PRADESH,49,323
441906,UTTAR PRADESH,115,324
441906,UTTAR PRADESH,489,325
441906,UTTAR PRADESH,95,326
441906,UTTAR PRADESH,51,327
441906,UTTAR PRADESH,241,328
441906,UTTAR PRADESH,93,329
441906,UTTAR PRADESH,91,330
441906,UTTAR PRADESH,331,73
441906,UTTAR PRADESH,332,71
441906,UTTAR PRADESH,333,105
441906,UTTAR PRADESH,334,126
441906,UTTAR PRADESH,335,115
441906,UTTAR PRADESH,336,175
441906,UTTAR PRADESH,337,60
441906,UTTAR PRADESH,338,107
441906,UTTAR PRADESH,339,71
441906,UTTAR PRADESH,340,178
441906,UTTAR PRADESH,341,650
441906,UTTAR PRADESH,342,83
441906,UTTAR PRADESH,343,127
441906,UTTAR PRADESH,344,137
441906,UTTAR PRADESH,345,230
441906,UTTAR PRADESH,346,207
441906,UTTAR PRADESH,347,93
441906,UTTAR PRADESH,348,544
441906,UTTAR PRADESH,349,100
441906,UTTAR PRADESH,350,53
441906,UTTAR PRADESH,351,101
441906,UTTAR PRADESH,352,218
441906,UTTAR PRADESH,353,55
441906,UTTAR PRADESH,354,166
441906,UTTAR PRADESH,355,75
441906,UTTAR PRADESH,356,127
441906,UTTAR PRADESH,357,59
441906,UTTAR PRADESH,358,6
441906,UTTAR PRADESH,359,70
441906,UTTAR PRADESH,360,210
441906,UTTAR PRADESH,361,396
441906,UTTAR PRADESH,362,60
441906,UTTAR PRADESH,363,205
441906,UTTAR PRADESH,364,124
441906,UTTAR PRADESH,365,27
441906,UTTAR PRADESH,366,358
441906,UTTAR PRADESH,367,52
441906,UTTAR PRADESH,368,421
441906,UTTAR PRADESH,369,58
441906,UTTAR PRADESH,370,224
441906,UTTAR PRADESH,371,57
441906,UTTAR PRADESH,372,282
441906,UTTAR PRADESH,373,357
441906,UTTAR PRADESH,3,375
441906,UTTAR PRADESH,70,376
441906,UTTAR PRADESH,63,377
441906,UTTAR PRADESH,32,378
441906,UTTAR PRADESH,315,379
441906,UTTAR PRADESH,176,380
441906,UTTAR PRADESH,447,381
441906,UTTAR PRADESH,345,382
441906,UTTAR PRADESH,68,383
441906,UTTAR PRADESH,58,384
441906,UTTAR PRADESH,370,385
441906,UTTAR PRADESH,325,386
441906,UTTAR PRADESH,193,387
441906,UTTAR PRADESH,85,388
441906,UTTAR PRADESH,323,389
441906,UTTAR PRADESH,90,390
441906,UTTAR PRADESH,391,258
441906,UTTAR PRADESH,392,340
441906,UTTAR PRADESH,393,456
441906,UTTAR PRADESH,394,169
441906,UTTAR PRADESH,395,264
441906,UTTAR PRADESH,396,75
441906,UTTAR PRADESH,397,65
441906,UTTAR PRADESH,398,125
441906,UTTAR PRADESH,399,28
441906,UTTAR PRADESH,400,218
441906,UTTAR PRADESH,401,418
441906,UTTAR PRADESH,402,58
441906,UTTAR PRADESH,403,627
441906,UTTAR PRADESH,404,118
441906,UTTAR PRADESH,405,115
441906,UTTAR PRADESH,406,45
441906,UTTAR PRADESH,407,112
441906,UTTAR PRADESH,408,476
441906,UTTAR PRADESH,409,545
441906,UTTAR PRADESH,410,59
441906,UTTAR PRADESH,411,36
441906,UTTAR PRADESH,412,25
441906,UTTAR PRADESH,413,107
441906,UTTAR PRADESH,414,177
441906,UTTAR PRADESH,415,301
441906,UTTAR PRADESH,416,55
441906,UTTAR PRADESH,417,159
441906,UTTAR PRADESH,418,118
441906,UTTAR PRADESH,419,75
441906,UTTAR PRADESH,420,498
441906,UTTAR PRADESH,421,492
441906,UTTAR PRADESH,422,77
441906,UTTAR PRADESH,423,268
441906,UTTAR PRADESH,424,50
441906,UTTAR PRADESH,425,5
441906,UTTAR PRADESH,426,176
441906,UTTAR PRADESH,427,130
441906,UTTAR PRADESH,428,109
441906,UTTAR PRADESH,429,125
441906,UTTAR PRADESH,430,55
441906,UTTAR PRADESH,431,35
441906,UTTAR PRADESH,432,277
441906,UTTAR PRADESH,433,148
441906,UTTAR PRADESH,434,62
441906,UTTAR PRADESH,435,98
441906,UTTAR PRADESH,436,60
441906,UTTAR PRADESH,437,172
441906,UTTAR PRADESH,438,149
441906,UTTAR PRADESH,439,45
441906,UTTAR PRADESH,440,260
441906,UTTAR PRADESH,441,248
441906,UTTAR PRADESH,442,180
441906,UTTAR PRADESH,443,76
441906,UTTAR PRADESH,444,61
441906,UTTAR PRADESH,445,72
441906,UTTAR PRADESH,446,47
441906,UTTAR PRADESH,447,185
441906,UTTAR PRADESH,5,449
441906,UTTAR PRADESH,70,450
441906,UTTAR PRADESH,451,63
441906,UTTAR PRADESH,452,125
441906,UTTAR PRADESH,453,157
441906,UTTAR PRADESH,454,82
441906,UTTAR PRADESH,455,50
441906,UTTAR PRADESH,456,132
441906,UTTAR PRADESH,457,130
441906,UTTAR PRADESH,458,45
441906,UTTAR PRADESH,459,433
441906,UTTAR PRADESH,460,308
441906,UTTAR PRADESH,461,405
441906,UTTAR PRADESH,462,24
441906,UTTAR PRADESH,463,84
441906,UTTAR PRADESH,464,213
441906,UTTAR PRADESH,465,388
441906,UTTAR PRADESH,466,496
441906,UTTAR PRADESH,467,183
441906,UTTAR PRADESH,468,32
441906,UTTAR PRADESH,469,132
441906,UTTAR PRADESH,470,402
441906,UTTAR PRADESH,471,201
441906,UTTAR PRADESH,472,221
441906,UTTAR PRADESH,473,72
441906,UTTAR PRADESH,474,441
441906,UTTAR PRADESH,475,97
441906,UTTAR PRADESH,476,113
441906,UTTAR PRADESH,477,83
441906,UTTAR PRADESH,478,212
441906,UTTAR PRADESH,479,413
441906,UTTAR PRADESH,480,173
441906,UTTAR PRADESH,481,90
441906,UTTAR PRADESH,482,206
441906,UTTAR PRADESH,483,240
441906,UTTAR PRADESH,484,342
441906,UTTAR PRADESH,485,155
441906,UTTAR PRADESH,486,71
441906,UTTAR PRADESH,487,66
441906,UTTAR PRADESH,488,128
441906,UTTAR PRADESH,489,79
441906,UTTAR PRADESH,490,85
441906,UTTAR PRADESH,491,448
441906,UTTAR PRADESH,492,130
441906,UTTAR PRADESH,493,70
441906,UTTAR PRADESH,494,250
441906,UTTAR PRADESH,495,163
441906,UTTAR PRADESH,496,364
441906,UTTAR PRADESH,497,131
441906,UTTAR PRADESH,498,200
441906,UTTAR PRADESH,499,331
441906,UTTAR PRADESH,500,75
441906,UTTAR PRADESH,501,158
441906,UTTAR PRADESH,502,292
441906,UTTAR PRADESH,503,10
441906,UTTAR PRADESH,504,75
441906,UTTAR PRADESH,505,212
441906,UTTAR PRADESH,506,121
441906,UTTAR PRADESH,507,168
441906,UTTAR PRADESH,508,280
441906,UTTAR PRADESH,509,120
441906,UTTAR PRADESH,510,80
441906,UTTAR PRADESH,511,371
441906,UTTAR PRADESH,512,47
