Center Number,State Name,Srl No,Marks
441905,UTTAR PRADESH,1,56
441905,UTTAR PRADESH,2,103
441905,UTTAR PRADESH,3,46
441905,UTTAR PRADESH,4,42
441905,UTTAR PRADESH,5,134
441905,UTTAR PRADESH,6,25
441905,UTTAR PRADESH,7,412
441905,UTTAR PRADESH,8,141
441905,UTTAR PRADESH,9,104
441905,UTTAR PRADESH,10,84
441905,UTTAR PRADESH,11,64
441905,UTTAR PRADESH,12,660
441905,UTTAR PRADESH,13,223
441905,UTTAR PRADESH,14,230
441905,UTTAR PRADESH,15,137
441905,UTTAR PRADESH,16,125
441905,UTTAR PRADESH,17,221
441905,UTTAR PRADESH,18,213
441905,UTTAR PRADESH,19,161
441905,UTTAR PRADESH,20,40
441905,UTTAR PRADESH,21,105
441905,UTTAR PRADESH,22,79
441905,UTTAR PRADESH,23,39
441905,UTTAR PRADESH,24,208
441905,UTTAR PRADESH,25,215
441905,UTTAR PRADESH,26,91
441905,UTTAR PRADESH,27,113
441905,UTTAR PRADESH,28,547
441905,UTTAR PRADESH,29,90
441905,UTTAR PRADESH,30,141
441905,UTTAR PRADESH,31,404
441905,UTTAR PRADESH,32,115
441905,UTTAR PRADESH,33,88
441905,UTTAR PRADESH,34,151
441905,UTTAR PRADESH,35,565
441905,UTTAR PRADESH,36,98
441905,UTTAR PRADESH,37,214
441905,UTTAR PRADESH,38,66
441905,UTTAR PRADESH,39,125
441905,UTTAR PRADESH,40,157
441905,UTTAR PRADESH,41,166
441905,UTTAR PRADESH,42,199
441905,UTTAR PRADESH,43,56
441905,UTTAR PRADESH,44,131
441905,UTTAR PRADESH,45,123
441905,UTTAR PRADESH,46,272
441905,UTTAR PRADESH,47,41
441905,UTTAR PRADESH,48,127
441905,UTTAR PRADESH,49,75
441905,UTTAR PRADESH,50,120
441905,UTTAR PRADESH,51,264
441905,UTTAR PRADESH,52,97
441905,UTTAR PRADESH,53,129
441905,UTTAR PRADESH,54,481
441905,UTTAR PRADESH,55,471
441905,UTTAR PRADESH,56,120
441905,UTTAR PRADESH,57,309
441905,UTTAR PRADESH,58,114
441905,UTTAR PRADESH,59,158
441905,UTTAR PRADESH,60,620
441905,UTTAR PRADESH,61,100
441905,UTTAR PRADESH,62,32
441905,UTTAR PRADESH,63,352
441905,UTTAR PRADESH,64,37
441905,UTTAR PRADESH,65,128
441905,UTTAR PRADESH,66,428
441905,UTTAR PRADESH,67,70
441905,UTTAR PRADESH,68,152
441905,UTTAR PRADESH,69,132
441905,UTTAR PRADESH,70,205
441905,UTTAR PRADESH,71,180
441905,UTTAR PRADESH,72,283
441905,UTTAR PRADESH,73,185
441905,UTTAR PRADESH,74,153
441905,UTTAR PRADESH,75,23
441905,UTTAR PRADESH,76,81
441905,UTTAR PRADESH,77,71
441905,UTTAR PRADESH,78,343
441905,UTTAR PRADESH,79,173
441905,UTTAR PRADESH,80,79
441905,UTTAR PRADESH,81,109
441905,UTTAR PRADESH,82,96
441905,UTTAR PRADESH,83,189
441905,UTTAR PRADESH,84,191
441905,UTTAR PRADESH,85,115
441905,UTTAR PRADESH,86,417
441905,UTTAR PRADESH,87,89
441905,UTTAR PRADESH,88,206
441905,UTTAR PRADESH,89,35
441905,UTTAR PRADESH,90,112
441905,UTTAR PRADESH,91,211
441905,UTTAR PRADESH,92,20
441905,UTTAR PRADESH,93,199
441905,UTTAR PRADESH,94,369
441905,UTTAR PRADESH,95,105
441905,UTTAR PRADESH,96,96
441905,UTTAR PRADESH,97,33
441905,UTTAR PRADESH,98,116
441905,UTTAR PRADESH,99,350
441905,UTTAR PRADESH,100,50
441905,UTTAR PRADESH,101,135
441905,UTTAR PRADESH,102,218
441905,UTTAR PRADESH,103,317
441905,UTTAR PRADESH,104,334
441905,UTTAR PRADESH,105,133
441905,UTTAR PRADESH,106,203
441905,UTTAR PRADESH,107,207
441905,UTTAR PRADESH,108,155
441905,UTTAR PRADESH,109,397
441905,UTTAR PRADESH,110,83
441905,UTTAR PRADESH,111,323
441905,UTTAR PRADESH,112,274
441905,UTTAR PRADESH,113,224
441905,UTTAR PRADESH,114,177
441905,UTTAR PRADESH,115,114
441905,UTTAR PRADESH,116,57
441905,UTTAR PRADESH,117,80
441905,UTTAR PRADESH,118,90
441905,UTTAR PRADESH,119,532
441905,UTTAR PRADESH,120,223
441905,UTTAR PRADESH,121,35
441905,UTTAR PRADESH,122,130
441905,UTTAR PRADESH,123,171
441905,UTTAR PRADESH,124,63
441905,UTTAR PRADESH,125,266
441905,UTTAR PRADESH,126,233
441905,UTTAR PRADESH,127,54
441905,UTTAR PRADESH,128,477
441905,UTTAR PRADESH,129,379
441905,UTTAR PRADESH,130,22
441905,UTTAR PRADESH,131,225
441905,UTTAR PRADESH,132,48
441905,UTTAR PRADESH,133,150
441905,UTTAR PRADESH,134,50
441905,UTTAR PRADESH,135,89
441905,UTTAR PRADESH,136,68
441905,UTTAR PRADESH,137,92
441905,UTTAR PRADESH,138,101
441905,UTTAR PRADESH,139,75
441905,UTTAR PRADESH,140,188
441905,UTTAR PRADESH,141,68
441905,UTTAR PRADESH,142,360
441905,UTTAR PRADESH,143,591
441905,UTTAR PRADESH,144,234
441905,UTTAR PRADESH,145,298
441905,UTTAR PRADESH,146,56
441905,UTTAR PRADESH,147,408
441905,UTTAR PRADESH,148,273
441905,UTTAR PRADESH,149,58
441905,UTTAR PRADESH,150,102
441905,UTTAR PRADESH,151,142
441905,UTTAR PRADESH,152,86
441905,UTTAR PRADESH,153,74
441905,UTTAR PRADESH,154,155
441905,UTTAR PRADESH,155,53
441905,UTTAR PRADESH,156,453
441905,UTTAR PRADESH,157,428
441905,UTTAR PRADESH,158,28
441905,UTTAR PRADESH,159,124
441905,UTTAR PRADESH,160,137
441905,UTTAR PRADESH,161,78
441905,UTTAR PRADESH,162,95
441905,UTTAR PRADESH,163,28
441905,UTTAR PRADESH,164,336
441905,UTTAR PRADESH,165,150
441905,UTTAR PRADESH,166,465
441905,UTTAR PRADESH,167,83
441905,UTTAR PRADESH,168,511
441905,UTTAR PRADESH,169,399
441905,UTTAR PRADESH,170,318
441905,UTTAR PRADESH,171,342
441905,UTTAR PRADESH,172,164
441905,UTTAR PRADESH,173,456
441905,UTTAR PRADESH,174,57
441905,UTTAR PRADESH,175,120
441905,UTTAR PRADESH,176,244
441905,UTTAR PRADESH,177,8
441905,UTTAR PRADESH,178,25
441905,UTTAR PRADESH,179,110
441905,UTTAR PRADESH,180,203
441905,UTTAR PRADESH,16,182
441905,UTTAR PRADESH,112,183
441905,UTTAR PRADESH,60,184
441905,UTTAR PRADESH,77,185
441905,UTTAR PRADESH,56,186
441905,UTTAR PRADESH,35,187
441905,UTTAR PRADESH,191,188
441905,UTTAR PRADESH,225,189
441905,UTTAR PRADESH,178,190
441905,UTTAR PRADESH,106,191
441905,UTTAR PRADESH,247,192
441905,UTTAR PRADESH,236,193
441905,UTTAR PRADESH,178,194
441905,UTTAR PRADESH,141,195
441905,UTTAR PRADESH,202,196
441905,UTTAR PRADESH,44,197
441905,UTTAR PRADESH,124,198
441905,UTTAR PRADESH,308,199
441905,UTTAR PRADESH,202,200
441905,UTTAR PRADESH,39,201
441905,UTTAR PRADESH,437,202
441905,UTTAR PRADESH,174,203
441905,UTTAR PRADESH,150,204
441905,UTTAR PRADESH,118,205
441905,UTTAR PRADESH,41,206
441905,UTTAR PRADESH,203,207
441905,UTTAR PRADESH,145,208
441905,UTTAR PRADESH,280,209
441905,UTTAR PRADESH,100,210
441905,UTTAR PRADESH,211,176
441905,UTTAR PRADESH,212,102
441905,UTTAR PRADESH,213,205
441905,UTTAR PRADESH,214,86
441905,UTTAR PRADESH,215,334
441905,UTTAR PRADESH,216,570
441905,UTTAR PRADESH,217,197
441905,UTTAR PRADESH,218,79
441905,UTTAR PRADESH,219,73
441905,UTTAR PRADESH,220,157
441905,UTTAR PRADESH,221,175
441905,UTTAR PRADESH,222,43
441905,UTTAR PRADESH,223,70
441905,UTTAR PRADESH,224,83
441905,UTTAR PRADESH,225,125
441905,UTTAR PRADESH,226,27
441905,UTTAR PRADESH,227,425
441905,UTTAR PRADESH,228,287
441905,UTTAR PRADESH,229,286
441905,UTTAR PRADESH,230,122
441905,UTTAR PRADESH,231,12
441905,UTTAR PRADESH,232,594
441905,UTTAR PRADESH,233,5
441905,UTTAR PRADESH,234,148
441905,UTTAR PRADESH,235,222
441905,UTTAR PRADESH,236,500
441905,UTTAR PRADESH,237,287
441905,UTTAR PRADESH,238,55
441905,UTTAR PRADESH,239,93
441905,UTTAR PRADESH,240,135
441905,UTTAR PRADESH,241,66
441905,UTTAR PRADESH,242,302
441905,UTTAR PRADESH,243,239
441905,UTTAR PRADESH,244,155
441905,UTTAR PRADESH,245,17
441905,UTTAR PRADESH,246,50
441905,UTTAR PRADESH,247,517
441905,UTTAR PRADESH,248,202
441905,UTTAR PRADESH,249,49
441905,UTTAR PRADESH,250,475
441905,UTTAR PRADESH,251,169
441905,UTTAR PRADESH,252,170
441905,UTTAR PRADESH,253,38
441905,UTTAR PRADESH,254,87
441905,UTTAR PRADESH,255,406
441905,UTTAR PRADESH,256,460
441905,UTTAR PRADESH,257,225
441905,UTTAR PRADESH,258,611
441905,UTTAR PRADESH,259,18
441905,UTTAR PRADESH,260,173
441905,UTTAR PRADESH,261,103
441905,UTTAR PRADESH,262,488
441905,UTTAR PRADESH,263,285
441905,UTTAR PRADESH,264,125
441905,UTTAR PRADESH,265,376
441905,UTTAR PRADESH,266,66
441905,UTTAR PRADESH,267,627
441905,UTTAR PRADESH,268,67
441905,UTTAR PRADESH,269,404
441905,UTTAR PRADESH,270,87
441905,UTTAR PRADESH,271,115
441905,UTTAR PRADESH,272,23
441905,UTTAR PRADESH,273,366
441905,UTTAR PRADESH,274,341
441905,UTTAR PRADESH,275,587
441905,UTTAR PRADESH,276,151
441905,UTTAR PRADESH,277,241
441905,UTTAR PRADESH,278,307
441905,UTTAR PRADESH,279,271
441905,UTTAR PRADESH,280,125
441905,UTTAR PRADESH,281,111
441905,UTTAR PRADESH,282,248
441905,UTTAR PRADESH,283,38
441905,UTTAR PRADESH,284,601
441905,UTTAR PRADESH,285,137
441905,UTTAR PRADESH,286,121
441905,UTTAR PRADESH,287,118
441905,UTTAR PRADESH,288,493
441905,UTTAR PRADESH,289,148
441905,UTTAR PRADESH,290,39
441905,UTTAR PRADESH,291,80
441905,UTTAR PRADESH,292,185
441905,UTTAR PRADESH,293,130
441905,UTTAR PRADESH,294,369
441905,UTTAR PRADESH,295,79
441905,UTTAR PRADESH,296,104
441905,UTTAR PRADESH,297,145
441905,UTTAR PRADESH,298,239
441905,UTTAR PRADESH,299,176
441905,UTTAR PRADESH,300,100
441905,UTTAR PRADESH,301,247
441905,UTTAR PRADESH,302,221
441905,UTTAR PRADESH,303,116
441905,UTTAR PRADESH,304,117
441905,UTTAR PRADESH,305,74
441905,UTTAR PRADESH,306,224
441905,UTTAR PRADESH,307,158
441905,UTTAR PRADESH,308,133
441905,UTTAR PRADESH,309,234
441905,UTTAR PRADESH,310,157
441905,UTTAR PRADESH,311,155
441905,UTTAR PRADESH,312,60
441905,UTTAR PRADESH,313,37
441905,UTTAR PRADESH,314,36
441905,UTTAR PRADESH,315,59
441905,UTTAR PRADESH,316,185
441905,UTTAR PRADESH,317,110
441905,UTTAR PRADESH,318,86
441905,UTTAR PRADESH,319,270
441905,UTTAR PRADESH,320,155
441905,UTTAR PRADESH,321,618
441905,UTTAR PRADESH,322,35
441905,UTTAR PRADESH,323,149
441905,UTTAR PRADESH,324,377
441905,UTTAR PRADESH,325,89
441905,UTTAR PRADESH,326,51
441905,UTTAR PRADESH,327,90
441905,UTTAR PRADESH,328,411
441905,UTTAR PRADESH,329,101
441905,UTTAR PRADESH,330,263
441905,UTTAR PRADESH,331,31
441905,UTTAR PRADESH,332,93
441905,UTTAR PRADESH,333,354
441905,UTTAR PRADESH,334,116
441905,UTTAR PRADESH,335,361
441905,UTTAR PRADESH,336,196
441905,UTTAR PRADESH,337,143
441905,UTTAR PRADESH,338,215
441905,UTTAR PRADESH,339,421
441905,UTTAR PRADESH,340,287
441905,UTTAR PRADESH,341,116
441905,UTTAR PRADESH,342,489
441905,UTTAR PRADESH,343,35
441905,UTTAR PRADESH,344,46
441905,UTTAR PRADESH,345,249
441905,UTTAR PRADESH,346,230
441905,UTTAR PRADESH,347,214
441905,UTTAR PRADESH,348,327
441905,UTTAR PRADESH,349,124
441905,UTTAR PRADESH,350,135
441905,UTTAR PRADESH,351,156
441905,UTTAR PRADESH,352,120
441905,UTTAR PRADESH,353,207
441905,UTTAR PRADESH,354,109
441905,UTTAR PRADESH,355,450
441905,UTTAR PRADESH,356,87
441905,UTTAR PRADESH,357,157
441905,UTTAR PRADESH,358,237
441905,UTTAR PRADESH,359,55
441905,UTTAR PRADESH,360,65
441905,UTTAR PRADESH,361,145
441905,UTTAR PRADESH,362,480
441905,UTTAR PRADESH,363,38
441905,UTTAR PRADESH,364,93
441905,UTTAR PRADESH,365,198
441905,UTTAR PRADESH,366,482
441905,UTTAR PRADESH,367,145
441905,UTTAR PRADESH,368,289
441905,UTTAR PRADESH,369,154
441905,UTTAR PRADESH,370,90
441905,UTTAR PRADESH,371,83
441905,UTTAR PRADESH,372,488
441905,UTTAR PRADESH,373,95
441905,UTTAR PRADESH,374,85
441905,UTTAR PRADESH,375,479
441905,UTTAR PRADESH,376,355
441905,UTTAR PRADESH,377,445
441905,UTTAR PRADESH,378,19
441905,UTTAR PRADESH,379,126
441905,UTTAR PRADESH,380,224
441905,UTTAR PRADESH,381,60
441905,UTTAR PRADESH,382,143
441905,UTTAR PRADESH,383,97
441905,UTTAR PRADESH,384,78
441905,UTTAR PRADESH,5,386
441905,UTTAR PRADESH,60,387
441905,UTTAR PRADESH,63,388
441905,UTTAR PRADESH,446,389
441905,UTTAR PRADESH,116,390
441905,UTTAR PRADESH,391,99
441905,UTTAR PRADESH,392,71
441905,UTTAR PRADESH,393,266
441905,UTTAR PRADESH,394,225
441905,UTTAR PRADESH,395,118
441905,UTTAR PRADESH,396,331
441905,UTTAR PRADESH,397,191
441905,UTTAR PRADESH,398,60
441905,UTTAR PRADESH,399,136
441905,UTTAR PRADESH,400,120
441905,UTTAR PRADESH,401,245
441905,UTTAR PRADESH,402,657
441905,UTTAR PRADESH,403,303
441905,UTTAR PRADESH,404,70
441905,UTTAR PRADESH,405,568
441905,UTTAR PRADESH,406,167
441905,UTTAR PRADESH,407,142
441905,UTTAR PRADESH,408,105
441905,UTTAR PRADESH,409,80
441905,UTTAR PRADESH,410,151
441905,UTTAR PRADESH,411,109
441905,UTTAR PRADESH,412,198
441905,UTTAR PRADESH,3,414
441905,UTTAR PRADESH,157,415
441905,UTTAR PRADESH,0,416
441905,UTTAR PRADESH,148,417
441905,UTTAR PRADESH,36,418
441905,UTTAR PRADESH,65,419
441905,UTTAR PRADESH,14,420
441905,UTTAR PRADESH,421,304
441905,UTTAR PRADESH,422,39
441905,UTTAR PRADESH,423,74
441905,UTTAR PRADESH,424,85
441905,UTTAR PRADESH,425,157
441905,UTTAR PRADESH,426,83
441905,UTTAR PRADESH,427,61
441905,UTTAR PRADESH,428,77
441905,UTTAR PRADESH,429,210
441905,UTTAR PRADESH,430,87
441905,UTTAR PRADESH,431,134
441905,UTTAR PRADESH,432,463
441905,UTTAR PRADESH,433,329
441905,UTTAR PRADESH,434,249
441905,UTTAR PRADESH,435,220
441905,UTTAR PRADESH,436,489
441905,UTTAR PRADESH,437,130
441905,UTTAR PRADESH,438,90
441905,UTTAR PRADESH,439,66
441905,UTTAR PRADESH,440,264
441905,UTTAR PRADESH,441,62
441905,UTTAR PRADESH,442,80
441905,UTTAR PRADESH,443,93
441905,UTTAR PRADESH,444,22
441905,UTTAR PRADESH,445,217
441905,UTTAR PRADESH,446,90
441905,UTTAR PRADESH,447,120
441905,UTTAR PRADESH,448,76
441905,UTTAR PRADESH,449,572
441905,UTTAR PRADESH,450,63
441905,UTTAR PRADESH,451,100
441905,UTTAR PRADESH,452,49
441905,UTTAR PRADESH,453,230
441905,UTTAR PRADESH,454,370
441905,UTTAR PRADESH,455,341
441905,UTTAR PRADESH,456,77
441905,UTTAR PRADESH,457,80
441905,UTTAR PRADESH,458,96
441905,UTTAR PRADESH,459,130
441905,UTTAR PRADESH,460,69
441905,UTTAR PRADESH,461,164
441905,UTTAR PRADESH,462,252
441905,UTTAR PRADESH,463,38
441905,UTTAR PRADESH,464,19
441905,UTTAR PRADESH,465,6
441905,UTTAR PRADESH,466,108
441905,UTTAR PRADESH,467,509
441905,UTTAR PRADESH,468,90
441905,UTTAR PRADESH,469,199
441905,UTTAR PRADESH,470,414
441905,UTTAR PRADESH,471,119
441905,UTTAR PRADESH,472,59
441905,UTTAR PRADESH,473,119
441905,UTTAR PRADESH,474,457
441905,UTTAR PRADESH,475,378
441905,UTTAR PRADESH,476,95
441905,UTTAR PRADESH,477,58
441905,UTTAR PRADESH,478,139
441905,UTTAR PRADESH,479,182
441905,UTTAR PRADESH,480,105
441905,UTTAR PRADESH,481,38
441905,UTTAR PRADESH,482,397
441905,UTTAR PRADESH,483,364
441905,UTTAR PRADESH,484,112
441905,UTTAR PRADESH,485,280
441905,UTTAR PRADESH,486,100
441905,UTTAR PRADESH,487,97
441905,UTTAR PRADESH,488,227
441905,UTTAR PRADESH,489,319
441905,UTTAR PRADESH,490,66
441905,UTTAR PRADESH,491,580
441905,UTTAR PRADESH,492,145
441905,UTTAR PRADESH,493,112
441905,UTTAR PRADESH,494,85
441905,UTTAR PRADESH,495,83
441905,UTTAR PRADESH,496,61
441905,UTTAR PRADESH,497,196
441905,UTTAR PRADESH,498,5
441905,UTTAR PRADESH,499,276
441905,UTTAR PRADESH,500,14
441905,UTTAR PRADESH,501,130
441905,UTTAR PRADESH,502,201
441905,UTTAR PRADESH,503,490
441905,UTTAR PRADESH,504,582
441905,UTTAR PRADESH,505,130
441905,UTTAR PRADESH,506,176
441905,UTTAR PRADESH,507,208
441905,UTTAR PRADESH,508,10
441905,UTTAR PRADESH,509,133
441905,UTTAR PRADESH,510,202
441905,UTTAR PRADESH,511,91
441905,UTTAR PRADESH,512,35
441905,UTTAR PRADESH,513,158
441905,UTTAR PRADESH,514,157
441905,UTTAR PRADESH,515,49
441905,UTTAR PRADESH,516,392
441905,UTTAR PRADESH,517,280
441905,UTTAR PRADESH,518,99
441905,UTTAR PRADESH,519,165
441905,UTTAR PRADESH,520,37
441905,UTTAR PRADESH,521,146
441905,UTTAR PRADESH,522,489
441905,UTTAR PRADESH,523,115
441905,UTTAR PRADESH,524,160
441905,UTTAR PRADESH,525,120
441905,UTTAR PRADESH,526,132
441905,UTTAR PRADESH,527,74
441905,UTTAR PRADESH,528,98
441905,UTTAR PRADESH,529,148
441905,UTTAR PRADESH,530,118
441905,UTTAR PRADESH,531,160
441905,UTTAR PRADESH,532,18
441905,UTTAR PRADESH,533,124
441905,UTTAR PRADESH,534,102
441905,UTTAR PRADESH,535,311
441905,UTTAR PRADESH,536,75
441905,UTTAR PRADESH,537,363
441905,UTTAR PRADESH,538,40
441905,UTTAR PRADESH,539,30
441905,UTTAR PRADESH,540,380
441905,UTTAR PRADESH,541,12
441905,UTTAR PRADESH,542,651
441905,UTTAR PRADESH,543,348
441905,UTTAR PRADESH,544,211
441905,UTTAR PRADESH,545,50
441905,UTTAR PRADESH,546,282
441905,UTTAR PRADESH,547,238
441905,UTTAR PRADESH,548,182
441905,UTTAR PRADESH,549,117
441905,UTTAR PRADESH,550,67
441905,UTTAR PRADESH,551,47
441905,UTTAR PRADESH,552,352
441905,UTTAR PRADESH,553,630
441905,UTTAR PRADESH,554,318
441905,UTTAR PRADESH,555,60
441905,UTTAR PRADESH,556,56
441905,UTTAR PRADESH,557,130
441905,UTTAR PRADESH,558,433
441905,UTTAR PRADESH,559,96
441905,UTTAR PRADESH,560,74
441905,UTTAR PRADESH,561,76
441905,UTTAR PRADESH,562,213
441905,UTTAR PRADESH,563,82
441905,UTTAR PRADESH,564,126
441905,UTTAR PRADESH,565,75
441905,UTTAR PRADESH,566,210
441905,UTTAR PRADESH,567,60
441905,UTTAR PRADESH,568,231
441905,UTTAR PRADESH,569,472
441905,UTTAR PRADESH,570,222
441905,UTTAR PRADESH,571,295
441905,UTTAR PRADESH,572,154
441905,UTTAR PRADESH,573,60
441905,UTTAR PRADESH,2,575
441905,UTTAR PRADESH,20,576
441905,UTTAR PRADESH,84,577
441905,UTTAR PRADESH,174,578
441905,UTTAR PRADESH,72,579
441905,UTTAR PRADESH,90,580
441905,UTTAR PRADESH,594,581
441905,UTTAR PRADESH,244,582
441905,UTTAR PRADESH,99,583
441905,UTTAR PRADESH,205,584
441905,UTTAR PRADESH,55,585
441905,UTTAR PRADESH,9,586
441905,UTTAR PRADESH,263,587
441905,UTTAR PRADESH,186,588
441905,UTTAR PRADESH,565,589
441905,UTTAR PRADESH,198,590
441905,UTTAR PRADESH,90,591
441905,UTTAR PRADESH,74,592
441905,UTTAR PRADESH,194,593
441905,UTTAR PRADESH,107,594
441905,UTTAR PRADESH,202,595
441905,UTTAR PRADESH,223,596
441905,UTTAR PRADESH,130,597
441905,UTTAR PRADESH,82,598
441905,UTTAR PRADESH,106,599
441905,UTTAR PRADESH,27,600
441905,UTTAR PRADESH,601,499
441905,UTTAR PRADESH,602,90
441905,UTTAR PRADESH,603,191
441905,UTTAR PRADESH,604,60
441905,UTTAR PRADESH,605,323
441905,UTTAR PRADESH,606,408
441905,UTTAR PRADESH,607,230
441905,UTTAR PRADESH,608,95
