Center Number,State Name,Srl No,Marks
442201,UTTAR PRADESH,1,338
442201,UTTAR PRADESH,2,210
442201,UTTAR PRADESH,3,290
442201,UTTAR PRADESH,4,479
442201,UTTAR PRADESH,5,363
442201,UTTAR PRADESH,6,61
442201,UTTAR PRADESH,7,50
442201,UTTAR PRADESH,8,25
442201,UTTAR PRADESH,9,165
442201,UTTAR PRADESH,10,80
442201,UTTAR PRADESH,11,5
442201,UTTAR PRADESH,12,384
442201,UTTAR PRADESH,13,244
442201,UTTAR PRADESH,14,219
442201,UTTAR PRADESH,15,48
442201,UTTAR PRADESH,16,56
442201,UTTAR PRADESH,17,221
442201,UTTAR PRADESH,18,650
442201,UTTAR PRADESH,19,306
442201,UTTAR PRADESH,20,336
442201,UTTAR PRADESH,21,220
442201,UTTAR PRADESH,22,337
442201,UTTAR PRADESH,23,631
442201,UTTAR PRADESH,24,189
442201,UTTAR PRADESH,25,491
442201,UTTAR PRADESH,26,180
442201,UTTAR PRADESH,27,81
442201,UTTAR PRADESH,28,125
442201,UTTAR PRADESH,29,142
442201,UTTAR PRADESH,30,264
442201,UTTAR PRADESH,31,262
442201,UTTAR PRADESH,32,152
442201,UTTAR PRADESH,33,45
442201,UTTAR PRADESH,34,168
442201,UTTAR PRADESH,35,207
442201,UTTAR PRADESH,36,299
442201,UTTAR PRADESH,37,190
442201,UTTAR PRADESH,38,183
442201,UTTAR PRADESH,39,154
442201,UTTAR PRADESH,40,51
442201,UTTAR PRADESH,41,136
442201,UTTAR PRADESH,42,95
442201,UTTAR PRADESH,43,83
442201,UTTAR PRADESH,44,400
442201,UTTAR PRADESH,45,64
442201,UTTAR PRADESH,34,47
442201,UTTAR PRADESH,138,48
442201,UTTAR PRADESH,122,49
442201,UTTAR PRADESH,131,50
442201,UTTAR PRADESH,358,51
442201,UTTAR PRADESH,71,52
442201,UTTAR PRADESH,61,53
442201,UTTAR PRADESH,164,54
442201,UTTAR PRADESH,89,55
442201,UTTAR PRADESH,214,56
442201,UTTAR PRADESH,499,57
442201,UTTAR PRADESH,181,58
442201,UTTAR PRADESH,236,59
442201,UTTAR PRADESH,124,60
442201,UTTAR PRADESH,61,230
442201,UTTAR PRADESH,62,127
442201,UTTAR PRADESH,63,271
442201,UTTAR PRADESH,64,72
442201,UTTAR PRADESH,65,96
442201,UTTAR PRADESH,66,62
442201,UTTAR PRADESH,67,91
442201,UTTAR PRADESH,68,118
442201,UTTAR PRADESH,69,261
442201,UTTAR PRADESH,70,242
442201,UTTAR PRADESH,71,135
442201,UTTAR PRADESH,72,430
442201,UTTAR PRADESH,73,74
442201,UTTAR PRADESH,74,292
442201,UTTAR PRADESH,75,24
442201,UTTAR PRADESH,76,129
442201,UTTAR PRADESH,77,74
442201,UTTAR PRADESH,78,170
442201,UTTAR PRADESH,79,28
442201,UTTAR PRADESH,80,300
442201,UTTAR PRADESH,81,199
442201,UTTAR PRADESH,82,95
442201,UTTAR PRADESH,83,239
442201,UTTAR PRADESH,84,130
442201,UTTAR PRADESH,85,89
442201,UTTAR PRADESH,86,40
442201,UTTAR PRADESH,87,104
442201,UTTAR PRADESH,88,182
442201,UTTAR PRADESH,89,82
442201,UTTAR PRADESH,90,383
442201,UTTAR PRADESH,91,181
442201,UTTAR PRADESH,92,86
442201,UTTAR PRADESH,93,34
442201,UTTAR PRADESH,94,90
442201,UTTAR PRADESH,95,155
442201,UTTAR PRADESH,96,200
442201,UTTAR PRADESH,97,4
442201,UTTAR PRADESH,98,87
442201,UTTAR PRADESH,99,200
442201,UTTAR PRADESH,18,101
442201,UTTAR PRADESH,164,102
442201,UTTAR PRADESH,61,103
442201,UTTAR PRADESH,140,104
442201,UTTAR PRADESH,148,105
442201,UTTAR PRADESH,316,106
442201,UTTAR PRADESH,26,107
442201,UTTAR PRADESH,569,108
442201,UTTAR PRADESH,114,109
442201,UTTAR PRADESH,210,110
442201,UTTAR PRADESH,407,111
442201,UTTAR PRADESH,120,112
442201,UTTAR PRADESH,54,113
442201,UTTAR PRADESH,114,114
442201,UTTAR PRADESH,354,115
442201,UTTAR PRADESH,141,116
442201,UTTAR PRADESH,480,117
442201,UTTAR PRADESH,83,118
442201,UTTAR PRADESH,275,119
442201,UTTAR PRADESH,355,120
442201,UTTAR PRADESH,121,63
442201,UTTAR PRADESH,122,162
442201,UTTAR PRADESH,123,168
442201,UTTAR PRADESH,124,65
442201,UTTAR PRADESH,125,119
442201,UTTAR PRADESH,126,185
442201,UTTAR PRADESH,127,128
442201,UTTAR PRADESH,128,448
442201,UTTAR PRADESH,129,10
442201,UTTAR PRADESH,130,171
442201,UTTAR PRADESH,131,130
442201,UTTAR PRADESH,132,42
442201,UTTAR PRADESH,133,95
442201,UTTAR PRADESH,134,156
442201,UTTAR PRADESH,135,98
442201,UTTAR PRADESH,136,121
442201,UTTAR PRADESH,137,445
442201,UTTAR PRADESH,138,162
442201,UTTAR PRADESH,139,191
442201,UTTAR PRADESH,140,51
442201,UTTAR PRADESH,141,375
442201,UTTAR PRADESH,142,560
442201,UTTAR PRADESH,143,200
442201,UTTAR PRADESH,144,46
442201,UTTAR PRADESH,145,91
442201,UTTAR PRADESH,146,51
442201,UTTAR PRADESH,147,408
442201,UTTAR PRADESH,148,144
442201,UTTAR PRADESH,149,410
442201,UTTAR PRADESH,150,251
442201,UTTAR PRADESH,151,88
442201,UTTAR PRADESH,152,51
442201,UTTAR PRADESH,153,145
442201,UTTAR PRADESH,154,73
442201,UTTAR PRADESH,155,150
442201,UTTAR PRADESH,156,146
442201,UTTAR PRADESH,157,77
442201,UTTAR PRADESH,158,253
442201,UTTAR PRADESH,159,101
442201,UTTAR PRADESH,160,43
442201,UTTAR PRADESH,161,139
442201,UTTAR PRADESH,162,572
442201,UTTAR PRADESH,163,100
442201,UTTAR PRADESH,164,192
442201,UTTAR PRADESH,165,121
442201,UTTAR PRADESH,166,234
442201,UTTAR PRADESH,167,32
442201,UTTAR PRADESH,168,67
442201,UTTAR PRADESH,169,234
442201,UTTAR PRADESH,170,440
442201,UTTAR PRADESH,171,333
442201,UTTAR PRADESH,172,75
442201,UTTAR PRADESH,173,54
442201,UTTAR PRADESH,174,156
442201,UTTAR PRADESH,175,175
442201,UTTAR PRADESH,176,202
442201,UTTAR PRADESH,177,58
442201,UTTAR PRADESH,178,176
442201,UTTAR PRADESH,179,503
442201,UTTAR PRADESH,180,211
442201,UTTAR PRADESH,181,101
442201,UTTAR PRADESH,182,445
442201,UTTAR PRADESH,183,71
442201,UTTAR PRADESH,184,73
442201,UTTAR PRADESH,185,510
442201,UTTAR PRADESH,186,225
442201,UTTAR PRADESH,187,410
442201,UTTAR PRADESH,188,77
442201,UTTAR PRADESH,189,251
442201,UTTAR PRADESH,190,117
442201,UTTAR PRADESH,191,29
442201,UTTAR PRADESH,192,372
442201,UTTAR PRADESH,193,501
442201,UTTAR PRADESH,194,62
442201,UTTAR PRADESH,195,25
442201,UTTAR PRADESH,196,78
442201,UTTAR PRADESH,197,618
442201,UTTAR PRADESH,198,38
442201,UTTAR PRADESH,199,202
442201,UTTAR PRADESH,200,397
442201,UTTAR PRADESH,201,32
442201,UTTAR PRADESH,202,221
442201,UTTAR PRADESH,203,170
442201,UTTAR PRADESH,204,65
442201,UTTAR PRADESH,205,126
442201,UTTAR PRADESH,206,272
442201,UTTAR PRADESH,207,417
442201,UTTAR PRADESH,208,123
442201,UTTAR PRADESH,209,110
442201,UTTAR PRADESH,210,60
442201,UTTAR PRADESH,211,115
442201,UTTAR PRADESH,212,112
442201,UTTAR PRADESH,213,21
442201,UTTAR PRADESH,214,48
442201,UTTAR PRADESH,215,149
442201,UTTAR PRADESH,216,84
442201,UTTAR PRADESH,217,344
442201,UTTAR PRADESH,218,587
442201,UTTAR PRADESH,219,8
442201,UTTAR PRADESH,220,176
442201,UTTAR PRADESH,221,212
442201,UTTAR PRADESH,222,44
442201,UTTAR PRADESH,223,231
442201,UTTAR PRADESH,224,8
442201,UTTAR PRADESH,225,158
442201,UTTAR PRADESH,226,20
442201,UTTAR PRADESH,227,283
442201,UTTAR PRADESH,228,42
442201,UTTAR PRADESH,229,328
442201,UTTAR PRADESH,230,413
442201,UTTAR PRADESH,231,29
442201,UTTAR PRADESH,232,105
442201,UTTAR PRADESH,233,150
442201,UTTAR PRADESH,234,321
442201,UTTAR PRADESH,235,17
442201,UTTAR PRADESH,236,147
442201,UTTAR PRADESH,237,363
442201,UTTAR PRADESH,238,98
442201,UTTAR PRADESH,239,248
442201,UTTAR PRADESH,240,45
442201,UTTAR PRADESH,241,282
442201,UTTAR PRADESH,242,302
442201,UTTAR PRADESH,243,44
442201,UTTAR PRADESH,244,470
442201,UTTAR PRADESH,245,84
442201,UTTAR PRADESH,246,155
442201,UTTAR PRADESH,247,597
442201,UTTAR PRADESH,248,320
442201,UTTAR PRADESH,249,158
442201,UTTAR PRADESH,250,367
442201,UTTAR PRADESH,251,377
442201,UTTAR PRADESH,252,360
442201,UTTAR PRADESH,253,298
442201,UTTAR PRADESH,254,352
442201,UTTAR PRADESH,255,88
442201,UTTAR PRADESH,256,138
442201,UTTAR PRADESH,257,46
442201,UTTAR PRADESH,258,119
442201,UTTAR PRADESH,259,160
442201,UTTAR PRADESH,260,116
442201,UTTAR PRADESH,261,14
442201,UTTAR PRADESH,262,227
442201,UTTAR PRADESH,263,72
442201,UTTAR PRADESH,264,361
442201,UTTAR PRADESH,265,93
442201,UTTAR PRADESH,266,253
442201,UTTAR PRADESH,267,80
442201,UTTAR PRADESH,268,306
442201,UTTAR PRADESH,269,361
442201,UTTAR PRADESH,270,220
442201,UTTAR PRADESH,271,125
442201,UTTAR PRADESH,272,116
442201,UTTAR PRADESH,273,23
442201,UTTAR PRADESH,274,49
442201,UTTAR PRADESH,275,136
442201,UTTAR PRADESH,276,23
442201,UTTAR PRADESH,277,96
442201,UTTAR PRADESH,278,54
442201,UTTAR PRADESH,279,123
442201,UTTAR PRADESH,280,91
442201,UTTAR PRADESH,281,86
442201,UTTAR PRADESH,282,100
442201,UTTAR PRADESH,283,284
442201,UTTAR PRADESH,284,72
442201,UTTAR PRADESH,285,167
442201,UTTAR PRADESH,286,112
442201,UTTAR PRADESH,287,82
442201,UTTAR PRADESH,288,300
442201,UTTAR PRADESH,289,200
442201,UTTAR PRADESH,290,171
442201,UTTAR PRADESH,291,95
442201,UTTAR PRADESH,292,153
442201,UTTAR PRADESH,293,151
442201,UTTAR PRADESH,294,222
442201,UTTAR PRADESH,295,109
442201,UTTAR PRADESH,296,194
442201,UTTAR PRADESH,297,44
442201,UTTAR PRADESH,298,83
442201,UTTAR PRADESH,299,278
442201,UTTAR PRADESH,300,86
442201,UTTAR PRADESH,301,124
442201,UTTAR PRADESH,302,57
442201,UTTAR PRADESH,303,156
442201,UTTAR PRADESH,304,245
442201,UTTAR PRADESH,305,120
442201,UTTAR PRADESH,306,322
442201,UTTAR PRADESH,307,91
442201,UTTAR PRADESH,308,217
442201,UTTAR PRADESH,309,464
442201,UTTAR PRADESH,310,164
442201,UTTAR PRADESH,311,85
442201,UTTAR PRADESH,312,108
442201,UTTAR PRADESH,313,121
442201,UTTAR PRADESH,314,135
442201,UTTAR PRADESH,315,260
442201,UTTAR PRADESH,316,353
442201,UTTAR PRADESH,317,58
442201,UTTAR PRADESH,318,160
442201,UTTAR PRADESH,319,393
442201,UTTAR PRADESH,320,76
442201,UTTAR PRADESH,321,301
442201,UTTAR PRADESH,322,191
442201,UTTAR PRADESH,323,134
442201,UTTAR PRADESH,324,198
442201,UTTAR PRADESH,325,108
442201,UTTAR PRADESH,326,50
442201,UTTAR PRADESH,327,138
442201,UTTAR PRADESH,328,90
442201,UTTAR PRADESH,329,351
442201,UTTAR PRADESH,330,240
442201,UTTAR PRADESH,331,285
442201,UTTAR PRADESH,332,244
442201,UTTAR PRADESH,333,251
442201,UTTAR PRADESH,334,49
442201,UTTAR PRADESH,335,101
442201,UTTAR PRADESH,336,207
442201,UTTAR PRADESH,337,102
442201,UTTAR PRADESH,338,195
442201,UTTAR PRADESH,339,274
442201,UTTAR PRADESH,340,291
442201,UTTAR PRADESH,341,170
442201,UTTAR PRADESH,342,132
442201,UTTAR PRADESH,343,60
442201,UTTAR PRADESH,344,45
442201,UTTAR PRADESH,345,281
442201,UTTAR PRADESH,346,49
442201,UTTAR PRADESH,347,27
442201,UTTAR PRADESH,348,545
442201,UTTAR PRADESH,349,295
442201,UTTAR PRADESH,350,202
442201,UTTAR PRADESH,351,289
442201,UTTAR PRADESH,352,109
442201,UTTAR PRADESH,353,80
442201,UTTAR PRADESH,354,213
442201,UTTAR PRADESH,355,387
442201,UTTAR PRADESH,356,380
442201,UTTAR PRADESH,357,248
442201,UTTAR PRADESH,358,102
442201,UTTAR PRADESH,359,87
442201,UTTAR PRADESH,360,74
442201,UTTAR PRADESH,361,675
442201,UTTAR PRADESH,362,227
442201,UTTAR PRADESH,363,90
442201,UTTAR PRADESH,364,44
442201,UTTAR PRADESH,365,99
442201,UTTAR PRADESH,366,294
442201,UTTAR PRADESH,367,580
442201,UTTAR PRADESH,368,98
442201,UTTAR PRADESH,369,250
442201,UTTAR PRADESH,370,232
442201,UTTAR PRADESH,371,74
442201,UTTAR PRADESH,372,15
442201,UTTAR PRADESH,373,171
442201,UTTAR PRADESH,374,50
442201,UTTAR PRADESH,375,271
442201,UTTAR PRADESH,376,221
442201,UTTAR PRADESH,377,128
442201,UTTAR PRADESH,378,360
442201,UTTAR PRADESH,379,67
442201,UTTAR PRADESH,380,48
442201,UTTAR PRADESH,381,129
442201,UTTAR PRADESH,382,12
442201,UTTAR PRADESH,383,72
442201,UTTAR PRADESH,384,159
442201,UTTAR PRADESH,385,284
442201,UTTAR PRADESH,386,446
442201,UTTAR PRADESH,387,100
442201,UTTAR PRADESH,388,55
442201,UTTAR PRADESH,389,261
442201,UTTAR PRADESH,390,234
442201,UTTAR PRADESH,391,126
442201,UTTAR PRADESH,392,52
442201,UTTAR PRADESH,393,587
442201,UTTAR PRADESH,394,99
442201,UTTAR PRADESH,395,116
442201,UTTAR PRADESH,396,127
442201,UTTAR PRADESH,397,87
442201,UTTAR PRADESH,398,132
442201,UTTAR PRADESH,399,150
442201,UTTAR PRADESH,400,140
442201,UTTAR PRADESH,401,299
442201,UTTAR PRADESH,402,89
442201,UTTAR PRADESH,403,106
442201,UTTAR PRADESH,404,435
442201,UTTAR PRADESH,405,482
442201,UTTAR PRADESH,406,137
442201,UTTAR PRADESH,407,22
442201,UTTAR PRADESH,408,185
442201,UTTAR PRADESH,409,305
442201,UTTAR PRADESH,410,155
442201,UTTAR PRADESH,411,241
442201,UTTAR PRADESH,412,70
442201,UTTAR PRADESH,413,93
442201,UTTAR PRADESH,414,136
442201,UTTAR PRADESH,415,196
442201,UTTAR PRADESH,416,396
442201,UTTAR PRADESH,417,119
442201,UTTAR PRADESH,418,410
442201,UTTAR PRADESH,419,240
442201,UTTAR PRADESH,420,60
442201,UTTAR PRADESH,421,90
442201,UTTAR PRADESH,422,206
442201,UTTAR PRADESH,423,304
442201,UTTAR PRADESH,424,205
442201,UTTAR PRADESH,425,35
442201,UTTAR PRADESH,426,266
442201,UTTAR PRADESH,427,277
442201,UTTAR PRADESH,428,427
442201,UTTAR PRADESH,429,597
442201,UTTAR PRADESH,430,25
442201,UTTAR PRADESH,431,69
442201,UTTAR PRADESH,432,43
442201,UTTAR PRADESH,433,442
442201,UTTAR PRADESH,434,270
442201,UTTAR PRADESH,435,151
442201,UTTAR PRADESH,436,15
442201,UTTAR PRADESH,437,113
442201,UTTAR PRADESH,438,276
442201,UTTAR PRADESH,439,170
442201,UTTAR PRADESH,440,219
442201,UTTAR PRADESH,441,70
442201,UTTAR PRADESH,442,175
442201,UTTAR PRADESH,443,306
442201,UTTAR PRADESH,444,30
442201,UTTAR PRADESH,445,156
442201,UTTAR PRADESH,446,120
442201,UTTAR PRADESH,447,73
442201,UTTAR PRADESH,448,74
442201,UTTAR PRADESH,449,598
442201,UTTAR PRADESH,450,131
442201,UTTAR PRADESH,451,185
442201,UTTAR PRADESH,452,356
442201,UTTAR PRADESH,453,88
442201,UTTAR PRADESH,5,455
442201,UTTAR PRADESH,131,456
442201,UTTAR PRADESH,149,457
442201,UTTAR PRADESH,195,458
442201,UTTAR PRADESH,125,459
442201,UTTAR PRADESH,354,460
442201,UTTAR PRADESH,241,461
442201,UTTAR PRADESH,533,462
442201,UTTAR PRADESH,215,463
442201,UTTAR PRADESH,36,464
442201,UTTAR PRADESH,421,465
442201,UTTAR PRADESH,213,466
442201,UTTAR PRADESH,169,467
442201,UTTAR PRADESH,50,468
442201,UTTAR PRADESH,221,469
442201,UTTAR PRADESH,225,470
442201,UTTAR PRADESH,286,471
442201,UTTAR PRADESH,76,472
442201,UTTAR PRADESH,98,473
442201,UTTAR PRADESH,70,474
442201,UTTAR PRADESH,82,475
442201,UTTAR PRADESH,66,476
442201,UTTAR PRADESH,86,477
442201,UTTAR PRADESH,172,478
442201,UTTAR PRADESH,24,479
442201,UTTAR PRADESH,343,480
442201,UTTAR PRADESH,481,252
442201,UTTAR PRADESH,482,424
442201,UTTAR PRADESH,483,83
442201,UTTAR PRADESH,484,58
442201,UTTAR PRADESH,485,340
442201,UTTAR PRADESH,486,116
442201,UTTAR PRADESH,487,107
442201,UTTAR PRADESH,488,127
442201,UTTAR PRADESH,489,434
442201,UTTAR PRADESH,490,96
442201,UTTAR PRADESH,491,71
442201,UTTAR PRADESH,492,49
442201,UTTAR PRADESH,493,234
442201,UTTAR PRADESH,494,80
442201,UTTAR PRADESH,495,511
442201,UTTAR PRADESH,496,190
442201,UTTAR PRADESH,497,230
442201,UTTAR PRADESH,498,217
442201,UTTAR PRADESH,499,215
442201,UTTAR PRADESH,500,199
442201,UTTAR PRADESH,501,311
442201,UTTAR PRADESH,502,319
442201,UTTAR PRADESH,503,96
442201,UTTAR PRADESH,504,109
442201,UTTAR PRADESH,505,234
442201,UTTAR PRADESH,506,263
442201,UTTAR PRADESH,507,107
442201,UTTAR PRADESH,508,436
442201,UTTAR PRADESH,509,363
442201,UTTAR PRADESH,510,405
442201,UTTAR PRADESH,511,137
442201,UTTAR PRADESH,512,134
442201,UTTAR PRADESH,513,476
442201,UTTAR PRADESH,514,86
442201,UTTAR PRADESH,515,103
442201,UTTAR PRADESH,516,143
442201,UTTAR PRADESH,517,94
442201,UTTAR PRADESH,518,81
442201,UTTAR PRADESH,519,15
442201,UTTAR PRADESH,520,117
442201,UTTAR PRADESH,521,77
442201,UTTAR PRADESH,522,127
442201,UTTAR PRADESH,523,353
442201,UTTAR PRADESH,524,212
442201,UTTAR PRADESH,525,154
442201,UTTAR PRADESH,526,245
442201,UTTAR PRADESH,527,165
442201,UTTAR PRADESH,528,197
442201,UTTAR PRADESH,529,60
442201,UTTAR PRADESH,530,147
442201,UTTAR PRADESH,531,15
442201,UTTAR PRADESH,532,109
442201,UTTAR PRADESH,533,221
442201,UTTAR PRADESH,534,67
442201,UTTAR PRADESH,535,417
442201,UTTAR PRADESH,536,159
442201,UTTAR PRADESH,537,206
442201,UTTAR PRADESH,538,65
442201,UTTAR PRADESH,539,173
442201,UTTAR PRADESH,540,31
442201,UTTAR PRADESH,541,450
442201,UTTAR PRADESH,542,321
442201,UTTAR PRADESH,543,92
442201,UTTAR PRADESH,544,334
442201,UTTAR PRADESH,545,121
442201,UTTAR PRADESH,546,40
442201,UTTAR PRADESH,547,58
442201,UTTAR PRADESH,548,435
442201,UTTAR PRADESH,549,141
442201,UTTAR PRADESH,550,34
442201,UTTAR PRADESH,551,165
442201,UTTAR PRADESH,552,188
442201,UTTAR PRADESH,553,142
442201,UTTAR PRADESH,554,220
442201,UTTAR PRADESH,555,357
442201,UTTAR PRADESH,556,398
442201,UTTAR PRADESH,557,61
442201,UTTAR PRADESH,558,332
442201,UTTAR PRADESH,559,318
442201,UTTAR PRADESH,560,30
442201,UTTAR PRADESH,561,206
442201,UTTAR PRADESH,562,123
442201,UTTAR PRADESH,563,126
442201,UTTAR PRADESH,564,161
442201,UTTAR PRADESH,565,115
442201,UTTAR PRADESH,566,71
442201,UTTAR PRADESH,567,88
442201,UTTAR PRADESH,568,165
442201,UTTAR PRADESH,569,244
442201,UTTAR PRADESH,570,218
442201,UTTAR PRADESH,571,435
442201,UTTAR PRADESH,572,205
442201,UTTAR PRADESH,573,400
442201,UTTAR PRADESH,574,70
442201,UTTAR PRADESH,575,273
442201,UTTAR PRADESH,576,286
442201,UTTAR PRADESH,577,79
442201,UTTAR PRADESH,578,255
442201,UTTAR PRADESH,579,84
442201,UTTAR PRADESH,580,95
442201,UTTAR PRADESH,581,84
442201,UTTAR PRADESH,582,425
442201,UTTAR PRADESH,583,191
442201,UTTAR PRADESH,584,263
442201,UTTAR PRADESH,585,164
442201,UTTAR PRADESH,586,287
