Center Number,State Name,Srl No,Marks
442607,UTTAR PRADESH,1,29
442607,UTTAR PRADESH,2,85
442607,UTTAR PRADESH,3,181
442607,UTTAR PRADESH,4,137
442607,UTTAR PRADESH,5,368
442607,UTTAR PRADESH,6,616
442607,UTTAR PRADESH,7,56
442607,UTTAR PRADESH,8,473
442607,UTTAR PRADESH,9,176
442607,UTTAR PRADESH,10,60
442607,UTTAR PRADESH,11,192
442607,UTTAR PRADESH,12,8
442607,UTTAR PRADESH,13,64
442607,UTTAR PRADESH,14,93
442607,UTTAR PRADESH,15,121
442607,UTTAR PRADESH,16,42
442607,UTTAR PRADESH,17,70
442607,UTTAR PRADESH,18,60
442607,UTTAR PRADESH,19,336
442607,UTTAR PRADESH,20,62
442607,UTTAR PRADESH,21,427
442607,UTTAR PRADESH,22,441
442607,UTTAR PRADESH,23,132
442607,UTTAR PRADESH,24,20
442607,UTTAR PRADESH,25,32
442607,UTTAR PRADESH,26,86
442607,UTTAR PRADESH,27,84
442607,UTTAR PRADESH,28,19
442607,UTTAR PRADESH,29,491
442607,UTTAR PRADESH,30,84
442607,UTTAR PRADESH,31,490
442607,UTTAR PRADESH,32,59
442607,UTTAR PRADESH,33,203
442607,UTTAR PRADESH,34,82
442607,UTTAR PRADESH,35,494
442607,UTTAR PRADESH,36,35
442607,UTTAR PRADESH,37,296
442607,UTTAR PRADESH,38,197
442607,UTTAR PRADESH,39,84
442607,UTTAR PRADESH,40,79
442607,UTTAR PRADESH,41,148
442607,UTTAR PRADESH,42,32
442607,UTTAR PRADESH,43,252
442607,UTTAR PRADESH,44,29
442607,UTTAR PRADESH,45,21
442607,UTTAR PRADESH,46,78
442607,UTTAR PRADESH,47,449
442607,UTTAR PRADESH,48,80
442607,UTTAR PRADESH,49,45
442607,UTTAR PRADESH,50,171
442607,UTTAR PRADESH,51,343
442607,UTTAR PRADESH,52,75
442607,UTTAR PRADESH,53,50
442607,UTTAR PRADESH,54,70
442607,UTTAR PRADESH,55,102
442607,UTTAR PRADESH,56,232
442607,UTTAR PRADESH,57,75
442607,UTTAR PRADESH,58,35
442607,UTTAR PRADESH,59,31
442607,UTTAR PRADESH,60,268
442607,UTTAR PRADESH,61,91
442607,UTTAR PRADESH,62,120
442607,UTTAR PRADESH,63,222
442607,UTTAR PRADESH,64,33
442607,UTTAR PRADESH,65,490
442607,UTTAR PRADESH,66,140
442607,UTTAR PRADESH,67,73
442607,UTTAR PRADESH,68,412
442607,UTTAR PRADESH,17,70
442607,UTTAR PRADESH,359,71
442607,UTTAR PRADESH,431,72
442607,UTTAR PRADESH,57,73
442607,UTTAR PRADESH,79,74
442607,UTTAR PRADESH,69,75
442607,UTTAR PRADESH,14,76
442607,UTTAR PRADESH,133,77
442607,UTTAR PRADESH,145,78
442607,UTTAR PRADESH,39,79
442607,UTTAR PRADESH,255,80
442607,UTTAR PRADESH,67,81
442607,UTTAR PRADESH,43,82
442607,UTTAR PRADESH,35,83
442607,UTTAR PRADESH,211,84
442607,UTTAR PRADESH,85,85
442607,UTTAR PRADESH,31,86
442607,UTTAR PRADESH,155,87
442607,UTTAR PRADESH,67,88
442607,UTTAR PRADESH,257,89
442607,UTTAR PRADESH,93,90
442607,UTTAR PRADESH,91,126
442607,UTTAR PRADESH,92,139
442607,UTTAR PRADESH,93,31
442607,UTTAR PRADESH,94,57
442607,UTTAR PRADESH,95,115
442607,UTTAR PRADESH,96,47
442607,UTTAR PRADESH,97,218
442607,UTTAR PRADESH,98,32
442607,UTTAR PRADESH,99,127
442607,UTTAR PRADESH,100,51
442607,UTTAR PRADESH,101,31
442607,UTTAR PRADESH,102,75
442607,UTTAR PRADESH,103,40
442607,UTTAR PRADESH,104,59
442607,UTTAR PRADESH,105,69
442607,UTTAR PRADESH,106,230
442607,UTTAR PRADESH,107,267
442607,UTTAR PRADESH,108,62
442607,UTTAR PRADESH,109,115
442607,UTTAR PRADESH,110,70
442607,UTTAR PRADESH,111,183
442607,UTTAR PRADESH,112,100
442607,UTTAR PRADESH,113,40
442607,UTTAR PRADESH,114,58
442607,UTTAR PRADESH,115,7
442607,UTTAR PRADESH,116,30
442607,UTTAR PRADESH,117,152
442607,UTTAR PRADESH,118,126
442607,UTTAR PRADESH,119,227
442607,UTTAR PRADESH,120,220
442607,UTTAR PRADESH,121,50
442607,UTTAR PRADESH,122,55
442607,UTTAR PRADESH,123,90
442607,UTTAR PRADESH,124,101
442607,UTTAR PRADESH,125,104
442607,UTTAR PRADESH,126,84
442607,UTTAR PRADESH,127,12
442607,UTTAR PRADESH,128,126
442607,UTTAR PRADESH,129,115
442607,UTTAR PRADESH,130,95
442607,UTTAR PRADESH,131,75
442607,UTTAR PRADESH,132,68
442607,UTTAR PRADESH,133,20
442607,UTTAR PRADESH,134,2
442607,UTTAR PRADESH,135,88
442607,UTTAR PRADESH,136,225
442607,UTTAR PRADESH,137,34
442607,UTTAR PRADESH,138,50
442607,UTTAR PRADESH,139,16
442607,UTTAR PRADESH,54,141
442607,UTTAR PRADESH,100,142
442607,UTTAR PRADESH,73,143
442607,UTTAR PRADESH,495,144
442607,UTTAR PRADESH,125,145
442607,UTTAR PRADESH,184,146
442607,UTTAR PRADESH,250,147
442607,UTTAR PRADESH,382,148
442607,UTTAR PRADESH,236,149
442607,UTTAR PRADESH,182,150
442607,UTTAR PRADESH,151,2
442607,UTTAR PRADESH,152,136
442607,UTTAR PRADESH,153,66
442607,UTTAR PRADESH,154,59
442607,UTTAR PRADESH,155,298
442607,UTTAR PRADESH,156,4
442607,UTTAR PRADESH,157,13
442607,UTTAR PRADESH,158,512
442607,UTTAR PRADESH,159,119
442607,UTTAR PRADESH,160,51
442607,UTTAR PRADESH,161,39
442607,UTTAR PRADESH,162,145
442607,UTTAR PRADESH,163,176
442607,UTTAR PRADESH,164,41
442607,UTTAR PRADESH,165,21
442607,UTTAR PRADESH,166,40
442607,UTTAR PRADESH,167,49
442607,UTTAR PRADESH,168,30
442607,UTTAR PRADESH,169,116
442607,UTTAR PRADESH,170,79
442607,UTTAR PRADESH,171,61
442607,UTTAR PRADESH,172,143
442607,UTTAR PRADESH,173,27
442607,UTTAR PRADESH,174,14
442607,UTTAR PRADESH,175,33
442607,UTTAR PRADESH,176,50
442607,UTTAR PRADESH,177,112
442607,UTTAR PRADESH,178,24
442607,UTTAR PRADESH,179,381
442607,UTTAR PRADESH,180,75
442607,UTTAR PRADESH,181,362
442607,UTTAR PRADESH,182,256
442607,UTTAR PRADESH,183,303
442607,UTTAR PRADESH,184,45
442607,UTTAR PRADESH,185,20
442607,UTTAR PRADESH,186,98
442607,UTTAR PRADESH,187,137
442607,UTTAR PRADESH,188,700
442607,UTTAR PRADESH,189,368
442607,UTTAR PRADESH,190,61
442607,UTTAR PRADESH,191,202
442607,UTTAR PRADESH,192,57
442607,UTTAR PRADESH,193,96
442607,UTTAR PRADESH,194,129
442607,UTTAR PRADESH,195,30
442607,UTTAR PRADESH,196,57
442607,UTTAR PRADESH,197,56
442607,UTTAR PRADESH,198,85
442607,UTTAR PRADESH,199,396
442607,UTTAR PRADESH,200,130
442607,UTTAR PRADESH,201,105
442607,UTTAR PRADESH,202,177
442607,UTTAR PRADESH,203,54
442607,UTTAR PRADESH,204,55
442607,UTTAR PRADESH,205,124
442607,UTTAR PRADESH,206,509
442607,UTTAR PRADESH,207,95
442607,UTTAR PRADESH,208,50
442607,UTTAR PRADESH,209,367
442607,UTTAR PRADESH,210,158
442607,UTTAR PRADESH,211,63
442607,UTTAR PRADESH,212,187
442607,UTTAR PRADESH,213,176
442607,UTTAR PRADESH,214,55
442607,UTTAR PRADESH,215,73
442607,UTTAR PRADESH,216,90
442607,UTTAR PRADESH,217,47
442607,UTTAR PRADESH,218,23
442607,UTTAR PRADESH,219,22
442607,UTTAR PRADESH,220,60
442607,UTTAR PRADESH,221,105
442607,UTTAR PRADESH,222,137
442607,UTTAR PRADESH,223,118
442607,UTTAR PRADESH,224,77
442607,UTTAR PRADESH,225,55
442607,UTTAR PRADESH,226,101
442607,UTTAR PRADESH,227,83
442607,UTTAR PRADESH,228,82
442607,UTTAR PRADESH,229,35
442607,UTTAR PRADESH,230,49
442607,UTTAR PRADESH,231,268
442607,UTTAR PRADESH,232,89
442607,UTTAR PRADESH,233,44
442607,UTTAR PRADESH,234,64
442607,UTTAR PRADESH,235,65
442607,UTTAR PRADESH,236,70
442607,UTTAR PRADESH,237,399
442607,UTTAR PRADESH,238,166
442607,UTTAR PRADESH,239,90
442607,UTTAR PRADESH,240,17
442607,UTTAR PRADESH,241,93
442607,UTTAR PRADESH,242,199
442607,UTTAR PRADESH,243,134
442607,UTTAR PRADESH,244,243
442607,UTTAR PRADESH,245,96
442607,UTTAR PRADESH,246,76
442607,UTTAR PRADESH,247,20
442607,UTTAR PRADESH,248,202
442607,UTTAR PRADESH,249,347
442607,UTTAR PRADESH,250,197
442607,UTTAR PRADESH,251,55
442607,UTTAR PRADESH,252,42
442607,UTTAR PRADESH,253,55
442607,UTTAR PRADESH,254,113
442607,UTTAR PRADESH,255,80
442607,UTTAR PRADESH,256,66
442607,UTTAR PRADESH,257,426
442607,UTTAR PRADESH,258,77
442607,UTTAR PRADESH,9,260
442607,UTTAR PRADESH,138,261
442607,UTTAR PRADESH,677,262
442607,UTTAR PRADESH,47,263
442607,UTTAR PRADESH,118,264
442607,UTTAR PRADESH,103,265
442607,UTTAR PRADESH,36,266
442607,UTTAR PRADESH,275,267
442607,UTTAR PRADESH,122,268
442607,UTTAR PRADESH,106,269
442607,UTTAR PRADESH,33,270
442607,UTTAR PRADESH,271,54
442607,UTTAR PRADESH,272,12
442607,UTTAR PRADESH,273,89
442607,UTTAR PRADESH,274,215
442607,UTTAR PRADESH,275,140
442607,UTTAR PRADESH,276,151
442607,UTTAR PRADESH,277,322
442607,UTTAR PRADESH,278,86
442607,UTTAR PRADESH,279,49
442607,UTTAR PRADESH,280,66
442607,UTTAR PRADESH,281,537
442607,UTTAR PRADESH,282,287
442607,UTTAR PRADESH,283,210
442607,UTTAR PRADESH,284,56
442607,UTTAR PRADESH,285,218
442607,UTTAR PRADESH,286,59
442607,UTTAR PRADESH,287,66
442607,UTTAR PRADESH,288,106
442607,UTTAR PRADESH,289,75
442607,UTTAR PRADESH,290,308
442607,UTTAR PRADESH,291,97
442607,UTTAR PRADESH,292,135
442607,UTTAR PRADESH,293,585
442607,UTTAR PRADESH,294,192
442607,UTTAR PRADESH,295,181
442607,UTTAR PRADESH,296,171
442607,UTTAR PRADESH,297,100
442607,UTTAR PRADESH,298,45
442607,UTTAR PRADESH,299,263
442607,UTTAR PRADESH,300,57
442607,UTTAR PRADESH,301,70
442607,UTTAR PRADESH,302,17
442607,UTTAR PRADESH,303,555
442607,UTTAR PRADESH,304,120
442607,UTTAR PRADESH,305,207
442607,UTTAR PRADESH,306,292
442607,UTTAR PRADESH,307,230
442607,UTTAR PRADESH,308,94
442607,UTTAR PRADESH,309,26
442607,UTTAR PRADESH,310,68
442607,UTTAR PRADESH,311,25
442607,UTTAR PRADESH,312,87
442607,UTTAR PRADESH,313,136
442607,UTTAR PRADESH,314,25
442607,UTTAR PRADESH,315,57
442607,UTTAR PRADESH,316,67
442607,UTTAR PRADESH,317,92
442607,UTTAR PRADESH,318,126
442607,UTTAR PRADESH,319,30
442607,UTTAR PRADESH,320,66
442607,UTTAR PRADESH,321,179
442607,UTTAR PRADESH,322,33
442607,UTTAR PRADESH,323,25
442607,UTTAR PRADESH,324,174
442607,UTTAR PRADESH,325,59
442607,UTTAR PRADESH,326,247
442607,UTTAR PRADESH,327,94
442607,UTTAR PRADESH,328,373
442607,UTTAR PRADESH,329,154
442607,UTTAR PRADESH,330,25
442607,UTTAR PRADESH,331,210
442607,UTTAR PRADESH,332,49
442607,UTTAR PRADESH,333,71
442607,UTTAR PRADESH,334,83
442607,UTTAR PRADESH,335,57
442607,UTTAR PRADESH,336,105
442607,UTTAR PRADESH,337,658
442607,UTTAR PRADESH,338,80
442607,UTTAR PRADESH,339,163
442607,UTTAR PRADESH,340,152
442607,UTTAR PRADESH,39,342
442607,UTTAR PRADESH,90,343
442607,UTTAR PRADESH,74,344
442607,UTTAR PRADESH,60,345
442607,UTTAR PRADESH,129,346
442607,UTTAR PRADESH,75,347
442607,UTTAR PRADESH,94,348
442607,UTTAR PRADESH,21,349
442607,UTTAR PRADESH,13,350
442607,UTTAR PRADESH,70,351
442607,UTTAR PRADESH,34,352
442607,UTTAR PRADESH,37,353
442607,UTTAR PRADESH,75,354
442607,UTTAR PRADESH,50,355
442607,UTTAR PRADESH,211,356
442607,UTTAR PRADESH,30,357
442607,UTTAR PRADESH,106,358
442607,UTTAR PRADESH,154,359
442607,UTTAR PRADESH,67,360
442607,UTTAR PRADESH,361,107
442607,UTTAR PRADESH,362,70
442607,UTTAR PRADESH,363,119
442607,UTTAR PRADESH,364,125
442607,UTTAR PRADESH,365,266
442607,UTTAR PRADESH,366,56
442607,UTTAR PRADESH,367,522
442607,UTTAR PRADESH,368,352
442607,UTTAR PRADESH,369,65
442607,UTTAR PRADESH,370,215
442607,UTTAR PRADESH,371,459
442607,UTTAR PRADESH,372,15
442607,UTTAR PRADESH,373,14
442607,UTTAR PRADESH,374,90
442607,UTTAR PRADESH,375,120
442607,UTTAR PRADESH,376,54
442607,UTTAR PRADESH,377,349
442607,UTTAR PRADESH,378,62
442607,UTTAR PRADESH,379,92
442607,UTTAR PRADESH,380,266
442607,UTTAR PRADESH,381,354
442607,UTTAR PRADESH,382,541
442607,UTTAR PRADESH,383,64
442607,UTTAR PRADESH,384,130
442607,UTTAR PRADESH,385,51
442607,UTTAR PRADESH,386,285
442607,UTTAR PRADESH,387,532
442607,UTTAR PRADESH,388,25
442607,UTTAR PRADESH,389,546
442607,UTTAR PRADESH,390,485
442607,UTTAR PRADESH,391,320
442607,UTTAR PRADESH,392,564
442607,UTTAR PRADESH,393,100
442607,UTTAR PRADESH,394,316
442607,UTTAR PRADESH,395,40
442607,UTTAR PRADESH,396,49
442607,UTTAR PRADESH,397,74
442607,UTTAR PRADESH,398,58
442607,UTTAR PRADESH,399,68
442607,UTTAR PRADESH,400,101
442607,UTTAR PRADESH,401,48
442607,UTTAR PRADESH,402,456
442607,UTTAR PRADESH,5,404
442607,UTTAR PRADESH,25,405
442607,UTTAR PRADESH,76,406
442607,UTTAR PRADESH,90,407
442607,UTTAR PRADESH,355,408
442607,UTTAR PRADESH,71,409
442607,UTTAR PRADESH,31,410
442607,UTTAR PRADESH,283,411
442607,UTTAR PRADESH,51,412
442607,UTTAR PRADESH,617,413
442607,UTTAR PRADESH,78,414
442607,UTTAR PRADESH,91,415
442607,UTTAR PRADESH,64,416
442607,UTTAR PRADESH,265,417
442607,UTTAR PRADESH,299,418
442607,UTTAR PRADESH,148,419
442607,UTTAR PRADESH,23,420
442607,UTTAR PRADESH,421,182
442607,UTTAR PRADESH,422,27
442607,UTTAR PRADESH,423,263
442607,UTTAR PRADESH,424,75
442607,UTTAR PRADESH,425,123
442607,UTTAR PRADESH,426,141
442607,UTTAR PRADESH,427,117
442607,UTTAR PRADESH,428,41
442607,UTTAR PRADESH,429,75
442607,UTTAR PRADESH,430,161
442607,UTTAR PRADESH,431,437
442607,UTTAR PRADESH,432,41
442607,UTTAR PRADESH,433,207
442607,UTTAR PRADESH,434,235
442607,UTTAR PRADESH,435,99
442607,UTTAR PRADESH,436,67
442607,UTTAR PRADESH,437,115
442607,UTTAR PRADESH,438,55
442607,UTTAR PRADESH,439,692
442607,UTTAR PRADESH,440,105
442607,UTTAR PRADESH,441,105
442607,UTTAR PRADESH,442,81
442607,UTTAR PRADESH,443,70
442607,UTTAR PRADESH,444,48
442607,UTTAR PRADESH,445,24
442607,UTTAR PRADESH,446,131
442607,UTTAR PRADESH,447,91
442607,UTTAR PRADESH,448,183
442607,UTTAR PRADESH,449,140
442607,UTTAR PRADESH,450,625
442607,UTTAR PRADESH,451,184
442607,UTTAR PRADESH,452,56
442607,UTTAR PRADESH,453,37
442607,UTTAR PRADESH,454,162
442607,UTTAR PRADESH,455,212
442607,UTTAR PRADESH,456,305
442607,UTTAR PRADESH,457,193
442607,UTTAR PRADESH,458,75
442607,UTTAR PRADESH,459,109
442607,UTTAR PRADESH,460,32
442607,UTTAR PRADESH,461,161
442607,UTTAR PRADESH,462,215
442607,UTTAR PRADESH,463,55
442607,UTTAR PRADESH,464,110
442607,UTTAR PRADESH,465,39
442607,UTTAR PRADESH,466,402
442607,UTTAR PRADESH,467,138
442607,UTTAR PRADESH,468,54
442607,UTTAR PRADESH,469,77
442607,UTTAR PRADESH,470,137
442607,UTTAR PRADESH,471,98
442607,UTTAR PRADESH,472,73
442607,UTTAR PRADESH,473,83
442607,UTTAR PRADESH,474,375
442607,UTTAR PRADESH,475,8
442607,UTTAR PRADESH,476,107
442607,UTTAR PRADESH,477,286
442607,UTTAR PRADESH,478,22
442607,UTTAR PRADESH,479,304
442607,UTTAR PRADESH,480,37
442607,UTTAR PRADESH,481,80
442607,UTTAR PRADESH,482,326
442607,UTTAR PRADESH,483,95
442607,UTTAR PRADESH,484,129
442607,UTTAR PRADESH,485,165
442607,UTTAR PRADESH,486,90
442607,UTTAR PRADESH,487,322
442607,UTTAR PRADESH,488,132
442607,UTTAR PRADESH,489,23
