Center Number,State Name,Srl No,Marks
443903,UTTAR PRADESH,1,50
443903,UTTAR PRADESH,2,307
443903,UTTAR PRADESH,3,120
443903,UTTAR PRADESH,4,50
443903,UTTAR PRADESH,5,34
443903,UTTAR PRADESH,5,7
443903,UTTAR PRADESH,49,8
443903,UTTAR PRADESH,73,9
443903,UTTAR PRADESH,66,10
443903,UTTAR PRADESH,527,11
443903,UTTAR PRADESH,238,12
443903,UTTAR PRADESH,208,13
443903,UTTAR PRADESH,75,14
443903,UTTAR PRADESH,171,15
443903,UTTAR PRADESH,74,16
443903,UTTAR PRADESH,67,17
443903,UTTAR PRADESH,65,18
443903,UTTAR PRADESH,105,19
443903,UTTAR PRADESH,85,20
443903,UTTAR PRADESH,85,21
443903,UTTAR PRADESH,75,22
443903,UTTAR PRADESH,7,23
443903,UTTAR PRADESH,100,24
443903,UTTAR PRADESH,454,25
443903,UTTAR PRADESH,22,26
443903,UTTAR PRADESH,148,27
443903,UTTAR PRADESH,76,28
443903,UTTAR PRADESH,320,29
443903,UTTAR PRADESH,101,30
443903,UTTAR PRADESH,31,233
443903,UTTAR PRADESH,32,80
443903,UTTAR PRADESH,33,288
443903,UTTAR PRADESH,34,81
443903,UTTAR PRADESH,35,71
443903,UTTAR PRADESH,36,150
443903,UTTAR PRADESH,37,330
443903,UTTAR PRADESH,38,234
443903,UTTAR PRADESH,39,100
443903,UTTAR PRADESH,40,47
443903,UTTAR PRADESH,41,61
443903,UTTAR PRADESH,42,86
443903,UTTAR PRADESH,43,96
443903,UTTAR PRADESH,44,700
443903,UTTAR PRADESH,45,53
443903,UTTAR PRADESH,46,577
443903,UTTAR PRADESH,47,357
443903,UTTAR PRADESH,48,125
443903,UTTAR PRADESH,49,22
443903,UTTAR PRADESH,50,456
443903,UTTAR PRADESH,51,73
443903,UTTAR PRADESH,52,271
443903,UTTAR PRADESH,53,171
443903,UTTAR PRADESH,54,108
443903,UTTAR PRADESH,55,281
443903,UTTAR PRADESH,56,14
443903,UTTAR PRADESH,57,117
443903,UTTAR PRADESH,58,45
443903,UTTAR PRADESH,59,50
443903,UTTAR PRADESH,60,210
443903,UTTAR PRADESH,61,100
443903,UTTAR PRADESH,62,87
443903,UTTAR PRADESH,63,109
443903,UTTAR PRADESH,64,52
443903,UTTAR PRADESH,65,103
443903,UTTAR PRADESH,66,65
443903,UTTAR PRADESH,67,135
443903,UTTAR PRADESH,68,57
443903,UTTAR PRADESH,69,52
443903,UTTAR PRADESH,70,189
443903,UTTAR PRADESH,71,292
443903,UTTAR PRADESH,72,282
443903,UTTAR PRADESH,73,27
443903,UTTAR PRADESH,74,205
443903,UTTAR PRADESH,75,68
443903,UTTAR PRADESH,76,95
443903,UTTAR PRADESH,77,154
443903,UTTAR PRADESH,78,37
443903,UTTAR PRADESH,79,59
443903,UTTAR PRADESH,80,138
443903,UTTAR PRADESH,81,60
443903,UTTAR PRADESH,82,6
443903,UTTAR PRADESH,83,88
443903,UTTAR PRADESH,84,188
443903,UTTAR PRADESH,85,62
443903,UTTAR PRADESH,86,19
443903,UTTAR PRADESH,87,135
443903,UTTAR PRADESH,88,148
443903,UTTAR PRADESH,89,61
443903,UTTAR PRADESH,90,20
443903,UTTAR PRADESH,91,97
443903,UTTAR PRADESH,92,37
443903,UTTAR PRADESH,93,29
443903,UTTAR PRADESH,94,276
443903,UTTAR PRADESH,95,43
443903,UTTAR PRADESH,96,38
443903,UTTAR PRADESH,97,61
443903,UTTAR PRADESH,98,98
443903,UTTAR PRADESH,99,182
443903,UTTAR PRADESH,100,135
443903,UTTAR PRADESH,101,174
443903,UTTAR PRADESH,102,84
443903,UTTAR PRADESH,103,88
443903,UTTAR PRADESH,104,110
443903,UTTAR PRADESH,105,97
443903,UTTAR PRADESH,106,56
443903,UTTAR PRADESH,107,300
443903,UTTAR PRADESH,108,133
443903,UTTAR PRADESH,109,35
443903,UTTAR PRADESH,110,60
443903,UTTAR PRADESH,111,148
443903,UTTAR PRADESH,112,146
443903,UTTAR PRADESH,113,251
443903,UTTAR PRADESH,114,41
443903,UTTAR PRADESH,115,77
443903,UTTAR PRADESH,116,125
443903,UTTAR PRADESH,117,360
443903,UTTAR PRADESH,118,117
443903,UTTAR PRADESH,119,75
443903,UTTAR PRADESH,120,34
443903,UTTAR PRADESH,121,27
443903,UTTAR PRADESH,122,157
443903,UTTAR PRADESH,123,194
443903,UTTAR PRADESH,124,95
443903,UTTAR PRADESH,125,84
443903,UTTAR PRADESH,126,30
443903,UTTAR PRADESH,127,35
443903,UTTAR PRADESH,128,30
443903,UTTAR PRADESH,129,165
443903,UTTAR PRADESH,130,71
443903,UTTAR PRADESH,131,40
443903,UTTAR PRADESH,132,615
443903,UTTAR PRADESH,133,404
443903,UTTAR PRADESH,134,242
443903,UTTAR PRADESH,135,232
443903,UTTAR PRADESH,136,55
443903,UTTAR PRADESH,137,85
443903,UTTAR PRADESH,138,135
443903,UTTAR PRADESH,139,382
443903,UTTAR PRADESH,140,262
443903,UTTAR PRADESH,141,87
443903,UTTAR PRADESH,142,46
443903,UTTAR PRADESH,143,105
443903,UTTAR PRADESH,144,40
443903,UTTAR PRADESH,145,45
443903,UTTAR PRADESH,146,80
443903,UTTAR PRADESH,147,120
443903,UTTAR PRADESH,148,77
443903,UTTAR PRADESH,149,68
443903,UTTAR PRADESH,150,55
443903,UTTAR PRADESH,151,84
443903,UTTAR PRADESH,152,52
443903,UTTAR PRADESH,153,83
443903,UTTAR PRADESH,154,101
443903,UTTAR PRADESH,155,43
443903,UTTAR PRADESH,156,56
443903,UTTAR PRADESH,157,1
443903,UTTAR PRADESH,158,184
443903,UTTAR PRADESH,159,120
443903,UTTAR PRADESH,160,170
443903,UTTAR PRADESH,161,39
443903,UTTAR PRADESH,162,141
443903,UTTAR PRADESH,163,61
443903,UTTAR PRADESH,164,69
443903,UTTAR PRADESH,165,660
443903,UTTAR PRADESH,166,55
443903,UTTAR PRADESH,167,120
443903,UTTAR PRADESH,168,81
443903,UTTAR PRADESH,169,502
443903,UTTAR PRADESH,170,103
443903,UTTAR PRADESH,171,120
443903,UTTAR PRADESH,172,242
443903,UTTAR PRADESH,173,421
443903,UTTAR PRADESH,174,135
443903,UTTAR PRADESH,175,208
443903,UTTAR PRADESH,176,90
443903,UTTAR PRADESH,177,109
443903,UTTAR PRADESH,178,45
443903,UTTAR PRADESH,179,73
443903,UTTAR PRADESH,180,219
443903,UTTAR PRADESH,181,274
443903,UTTAR PRADESH,182,57
443903,UTTAR PRADESH,183,110
443903,UTTAR PRADESH,184,151
443903,UTTAR PRADESH,185,64
443903,UTTAR PRADESH,186,89
443903,UTTAR PRADESH,187,65
443903,UTTAR PRADESH,188,260
443903,UTTAR PRADESH,189,299
443903,UTTAR PRADESH,190,56
443903,UTTAR PRADESH,191,55
443903,UTTAR PRADESH,192,160
443903,UTTAR PRADESH,193,55
443903,UTTAR PRADESH,194,107
443903,UTTAR PRADESH,195,42
443903,UTTAR PRADESH,196,443
443903,UTTAR PRADESH,197,152
443903,UTTAR PRADESH,198,430
443903,UTTAR PRADESH,199,130
443903,UTTAR PRADESH,200,47
443903,UTTAR PRADESH,201,78
443903,UTTAR PRADESH,202,50
443903,UTTAR PRADESH,203,65
443903,UTTAR PRADESH,204,81
443903,UTTAR PRADESH,205,26
443903,UTTAR PRADESH,206,35
443903,UTTAR PRADESH,207,90
443903,UTTAR PRADESH,208,80
443903,UTTAR PRADESH,209,40
443903,UTTAR PRADESH,210,251
443903,UTTAR PRADESH,211,155
443903,UTTAR PRADESH,212,115
443903,UTTAR PRADESH,213,55
