Center Number,State Name,Srl No,Marks
444102,UTTAR PRADESH,1,143
444102,UTTAR PRADESH,2,27
444102,UTTAR PRADESH,3,52
444102,UTTAR PRADESH,4,240
444102,UTTAR PRADESH,5,550
444102,UTTAR PRADESH,6,13
444102,UTTAR PRADESH,7,134
444102,UTTAR PRADESH,8,102
444102,UTTAR PRADESH,9,72
444102,UTTAR PRADESH,10,75
444102,UTTAR PRADESH,11,92
444102,UTTAR PRADESH,12,55
444102,UTTAR PRADESH,13,132
444102,UTTAR PRADESH,14,362
444102,UTTAR PRADESH,15,84
444102,UTTAR PRADESH,16,516
444102,UTTAR PRADESH,17,189
444102,UTTAR PRADESH,18,371
444102,UTTAR PRADESH,19,127
444102,UTTAR PRADESH,20,273
444102,UTTAR PRADESH,21,113
444102,UTTAR PRADESH,22,146
444102,UTTAR PRADESH,23,653
444102,UTTAR PRADESH,24,55
444102,UTTAR PRADESH,25,541
444102,UTTAR PRADESH,26,265
444102,UTTAR PRADESH,27,563
444102,UTTAR PRADESH,28,178
444102,UTTAR PRADESH,29,169
444102,UTTAR PRADESH,30,292
444102,UTTAR PRADESH,31,315
444102,UTTAR PRADESH,32,75
444102,UTTAR PRADESH,33,325
444102,UTTAR PRADESH,34,80
444102,UTTAR PRADESH,35,385
444102,UTTAR PRADESH,36,460
444102,UTTAR PRADESH,37,99
444102,UTTAR PRADESH,38,602
444102,UTTAR PRADESH,39,318
444102,UTTAR PRADESH,40,400
444102,UTTAR PRADESH,41,336
444102,UTTAR PRADESH,42,392
444102,UTTAR PRADESH,43,220
444102,UTTAR PRADESH,44,190
444102,UTTAR PRADESH,45,116
444102,UTTAR PRADESH,46,25
444102,UTTAR PRADESH,47,328
444102,UTTAR PRADESH,48,354
444102,UTTAR PRADESH,49,120
444102,UTTAR PRADESH,50,133
444102,UTTAR PRADESH,51,48
444102,UTTAR PRADESH,52,640
444102,UTTAR PRADESH,53,218
444102,UTTAR PRADESH,54,56
444102,UTTAR PRADESH,55,100
444102,UTTAR PRADESH,24,57
444102,UTTAR PRADESH,463,58
444102,UTTAR PRADESH,116,59
444102,UTTAR PRADESH,147,60
444102,UTTAR PRADESH,61,113
444102,UTTAR PRADESH,62,195
444102,UTTAR PRADESH,63,597
444102,UTTAR PRADESH,64,96
444102,UTTAR PRADESH,65,145
444102,UTTAR PRADESH,66,102
444102,UTTAR PRADESH,67,164
444102,UTTAR PRADESH,68,374
444102,UTTAR PRADESH,69,150
444102,UTTAR PRADESH,70,74
444102,UTTAR PRADESH,71,116
444102,UTTAR PRADESH,72,105
444102,UTTAR PRADESH,73,45
444102,UTTAR PRADESH,74,63
444102,UTTAR PRADESH,75,79
444102,UTTAR PRADESH,76,65
444102,UTTAR PRADESH,77,647
444102,UTTAR PRADESH,78,251
444102,UTTAR PRADESH,79,85
444102,UTTAR PRADESH,80,659
444102,UTTAR PRADESH,81,21
444102,UTTAR PRADESH,82,76
444102,UTTAR PRADESH,83,514
444102,UTTAR PRADESH,84,130
444102,UTTAR PRADESH,85,303
444102,UTTAR PRADESH,86,122
444102,UTTAR PRADESH,87,55
444102,UTTAR PRADESH,88,147
444102,UTTAR PRADESH,89,477
444102,UTTAR PRADESH,90,514
444102,UTTAR PRADESH,91,39
444102,UTTAR PRADESH,92,413
444102,UTTAR PRADESH,93,358
444102,UTTAR PRADESH,94,139
444102,UTTAR PRADESH,95,120
444102,UTTAR PRADESH,96,259
444102,UTTAR PRADESH,97,624
444102,UTTAR PRADESH,98,130
444102,UTTAR PRADESH,99,208
444102,UTTAR PRADESH,100,211
444102,UTTAR PRADESH,101,68
444102,UTTAR PRADESH,102,128
444102,UTTAR PRADESH,103,23
444102,UTTAR PRADESH,104,122
444102,UTTAR PRADESH,105,234
444102,UTTAR PRADESH,106,160
444102,UTTAR PRADESH,107,554
444102,UTTAR PRADESH,108,101
444102,UTTAR PRADESH,109,152
444102,UTTAR PRADESH,110,61
444102,UTTAR PRADESH,111,88
444102,UTTAR PRADESH,112,97
444102,UTTAR PRADESH,113,64
444102,UTTAR PRADESH,114,42
444102,UTTAR PRADESH,115,250
444102,UTTAR PRADESH,116,267
444102,UTTAR PRADESH,117,412
444102,UTTAR PRADESH,118,310
444102,UTTAR PRADESH,119,515
444102,UTTAR PRADESH,120,31
444102,UTTAR PRADESH,121,101
444102,UTTAR PRADESH,122,115
444102,UTTAR PRADESH,123,160
444102,UTTAR PRADESH,124,55
444102,UTTAR PRADESH,125,644
444102,UTTAR PRADESH,126,329
444102,UTTAR PRADESH,127,99
444102,UTTAR PRADESH,128,313
444102,UTTAR PRADESH,129,115
444102,UTTAR PRADESH,130,152
444102,UTTAR PRADESH,131,106
444102,UTTAR PRADESH,132,97
444102,UTTAR PRADESH,133,54
444102,UTTAR PRADESH,20,135
444102,UTTAR PRADESH,9,136
444102,UTTAR PRADESH,71,137
444102,UTTAR PRADESH,81,138
444102,UTTAR PRADESH,261,139
444102,UTTAR PRADESH,99,140
444102,UTTAR PRADESH,206,141
444102,UTTAR PRADESH,293,142
444102,UTTAR PRADESH,196,143
444102,UTTAR PRADESH,216,144
444102,UTTAR PRADESH,80,145
444102,UTTAR PRADESH,282,146
444102,UTTAR PRADESH,331,147
444102,UTTAR PRADESH,171,148
444102,UTTAR PRADESH,156,149
444102,UTTAR PRADESH,95,150
444102,UTTAR PRADESH,151,196
444102,UTTAR PRADESH,152,388
444102,UTTAR PRADESH,153,392
444102,UTTAR PRADESH,154,21
444102,UTTAR PRADESH,155,229
444102,UTTAR PRADESH,156,440
444102,UTTAR PRADESH,157,161
444102,UTTAR PRADESH,158,95
444102,UTTAR PRADESH,159,51
444102,UTTAR PRADESH,160,246
444102,UTTAR PRADESH,161,198
444102,UTTAR PRADESH,162,246
444102,UTTAR PRADESH,163,25
444102,UTTAR PRADESH,164,188
444102,UTTAR PRADESH,165,517
444102,UTTAR PRADESH,166,504
444102,UTTAR PRADESH,167,135
444102,UTTAR PRADESH,168,54
444102,UTTAR PRADESH,169,155
444102,UTTAR PRADESH,170,209
444102,UTTAR PRADESH,171,75
444102,UTTAR PRADESH,172,32
444102,UTTAR PRADESH,173,178
444102,UTTAR PRADESH,174,425
444102,UTTAR PRADESH,175,343
444102,UTTAR PRADESH,176,265
444102,UTTAR PRADESH,177,183
444102,UTTAR PRADESH,178,316
444102,UTTAR PRADESH,179,190
444102,UTTAR PRADESH,180,130
444102,UTTAR PRADESH,181,72
444102,UTTAR PRADESH,182,31
444102,UTTAR PRADESH,183,28
444102,UTTAR PRADESH,184,434
444102,UTTAR PRADESH,185,60
444102,UTTAR PRADESH,186,121
444102,UTTAR PRADESH,187,130
444102,UTTAR PRADESH,188,60
444102,UTTAR PRADESH,189,57
444102,UTTAR PRADESH,190,433
444102,UTTAR PRADESH,191,101
444102,UTTAR PRADESH,192,174
444102,UTTAR PRADESH,193,188
444102,UTTAR PRADESH,194,111
444102,UTTAR PRADESH,195,176
444102,UTTAR PRADESH,196,59
444102,UTTAR PRADESH,197,246
444102,UTTAR PRADESH,198,598
444102,UTTAR PRADESH,199,157
444102,UTTAR PRADESH,200,319
444102,UTTAR PRADESH,201,134
444102,UTTAR PRADESH,202,318
444102,UTTAR PRADESH,203,384
444102,UTTAR PRADESH,204,24
444102,UTTAR PRADESH,205,104
444102,UTTAR PRADESH,206,120
444102,UTTAR PRADESH,207,142
444102,UTTAR PRADESH,208,456
444102,UTTAR PRADESH,209,281
444102,UTTAR PRADESH,210,127
444102,UTTAR PRADESH,211,348
444102,UTTAR PRADESH,212,595
444102,UTTAR PRADESH,213,110
444102,UTTAR PRADESH,214,10
444102,UTTAR PRADESH,215,118
444102,UTTAR PRADESH,216,86
444102,UTTAR PRADESH,217,95
444102,UTTAR PRADESH,218,548
444102,UTTAR PRADESH,219,391
444102,UTTAR PRADESH,220,161
444102,UTTAR PRADESH,221,94
444102,UTTAR PRADESH,222,80
444102,UTTAR PRADESH,223,581
444102,UTTAR PRADESH,224,86
444102,UTTAR PRADESH,225,314
444102,UTTAR PRADESH,226,62
444102,UTTAR PRADESH,227,343
444102,UTTAR PRADESH,228,225
444102,UTTAR PRADESH,229,49
444102,UTTAR PRADESH,230,40
444102,UTTAR PRADESH,231,73
444102,UTTAR PRADESH,232,135
444102,UTTAR PRADESH,233,320
444102,UTTAR PRADESH,234,46
444102,UTTAR PRADESH,235,577
444102,UTTAR PRADESH,236,43
444102,UTTAR PRADESH,237,49
444102,UTTAR PRADESH,238,580
444102,UTTAR PRADESH,239,260
444102,UTTAR PRADESH,240,327
444102,UTTAR PRADESH,241,604
444102,UTTAR PRADESH,242,170
444102,UTTAR PRADESH,243,244
444102,UTTAR PRADESH,244,137
444102,UTTAR PRADESH,245,95
444102,UTTAR PRADESH,246,180
444102,UTTAR PRADESH,247,160
444102,UTTAR PRADESH,248,542
444102,UTTAR PRADESH,249,172
444102,UTTAR PRADESH,250,504
444102,UTTAR PRADESH,251,96
444102,UTTAR PRADESH,252,120
444102,UTTAR PRADESH,253,681
444102,UTTAR PRADESH,254,42
444102,UTTAR PRADESH,255,317
444102,UTTAR PRADESH,256,135
444102,UTTAR PRADESH,257,289
444102,UTTAR PRADESH,258,276
444102,UTTAR PRADESH,259,31
444102,UTTAR PRADESH,260,46
444102,UTTAR PRADESH,261,102
444102,UTTAR PRADESH,262,303
444102,UTTAR PRADESH,263,13
444102,UTTAR PRADESH,264,180
444102,UTTAR PRADESH,265,213
444102,UTTAR PRADESH,266,334
444102,UTTAR PRADESH,267,39
444102,UTTAR PRADESH,268,116
444102,UTTAR PRADESH,269,300
444102,UTTAR PRADESH,270,38
444102,UTTAR PRADESH,271,145
444102,UTTAR PRADESH,272,298
444102,UTTAR PRADESH,273,177
444102,UTTAR PRADESH,274,444
444102,UTTAR PRADESH,275,65
444102,UTTAR PRADESH,276,550
444102,UTTAR PRADESH,277,85
444102,UTTAR PRADESH,278,224
444102,UTTAR PRADESH,279,120
444102,UTTAR PRADESH,280,291
444102,UTTAR PRADESH,281,555
444102,UTTAR PRADESH,282,243
444102,UTTAR PRADESH,283,98
444102,UTTAR PRADESH,284,195
444102,UTTAR PRADESH,285,167
444102,UTTAR PRADESH,286,29
444102,UTTAR PRADESH,287,129
444102,UTTAR PRADESH,288,69
444102,UTTAR PRADESH,289,150
444102,UTTAR PRADESH,290,60
444102,UTTAR PRADESH,291,571
444102,UTTAR PRADESH,292,460
444102,UTTAR PRADESH,293,127
444102,UTTAR PRADESH,294,155
444102,UTTAR PRADESH,295,490
444102,UTTAR PRADESH,296,482
444102,UTTAR PRADESH,297,121
444102,UTTAR PRADESH,298,79
444102,UTTAR PRADESH,299,13
444102,UTTAR PRADESH,300,54
444102,UTTAR PRADESH,301,237
444102,UTTAR PRADESH,302,118
444102,UTTAR PRADESH,303,63
444102,UTTAR PRADESH,304,304
444102,UTTAR PRADESH,305,146
444102,UTTAR PRADESH,306,31
444102,UTTAR PRADESH,307,168
444102,UTTAR PRADESH,308,251
444102,UTTAR PRADESH,309,503
444102,UTTAR PRADESH,310,351
444102,UTTAR PRADESH,311,85
444102,UTTAR PRADESH,312,188
444102,UTTAR PRADESH,313,21
444102,UTTAR PRADESH,314,80
444102,UTTAR PRADESH,315,58
444102,UTTAR PRADESH,316,252
444102,UTTAR PRADESH,317,331
444102,UTTAR PRADESH,318,151
444102,UTTAR PRADESH,319,178
444102,UTTAR PRADESH,320,347
444102,UTTAR PRADESH,321,223
444102,UTTAR PRADESH,322,315
444102,UTTAR PRADESH,323,601
444102,UTTAR PRADESH,324,543
444102,UTTAR PRADESH,325,221
444102,UTTAR PRADESH,326,96
444102,UTTAR PRADESH,327,68
444102,UTTAR PRADESH,328,570
444102,UTTAR PRADESH,329,44
444102,UTTAR PRADESH,330,99
444102,UTTAR PRADESH,331,81
444102,UTTAR PRADESH,332,72
444102,UTTAR PRADESH,333,275
444102,UTTAR PRADESH,334,82
444102,UTTAR PRADESH,335,51
444102,UTTAR PRADESH,336,245
444102,UTTAR PRADESH,337,91
444102,UTTAR PRADESH,338,424
444102,UTTAR PRADESH,339,205
444102,UTTAR PRADESH,340,148
444102,UTTAR PRADESH,341,175
444102,UTTAR PRADESH,342,313
444102,UTTAR PRADESH,343,206
444102,UTTAR PRADESH,344,125
444102,UTTAR PRADESH,345,118
444102,UTTAR PRADESH,346,314
444102,UTTAR PRADESH,347,680
444102,UTTAR PRADESH,348,319
444102,UTTAR PRADESH,349,90
444102,UTTAR PRADESH,350,461
444102,UTTAR PRADESH,351,69
444102,UTTAR PRADESH,352,69
444102,UTTAR PRADESH,353,341
444102,UTTAR PRADESH,354,34
444102,UTTAR PRADESH,355,214
444102,UTTAR PRADESH,356,175
444102,UTTAR PRADESH,357,108
444102,UTTAR PRADESH,358,150
444102,UTTAR PRADESH,359,695
444102,UTTAR PRADESH,360,483
444102,UTTAR PRADESH,361,210
444102,UTTAR PRADESH,362,507
444102,UTTAR PRADESH,363,503
444102,UTTAR PRADESH,364,54
444102,UTTAR PRADESH,365,134
444102,UTTAR PRADESH,366,218
444102,UTTAR PRADESH,367,196
444102,UTTAR PRADESH,368,319
444102,UTTAR PRADESH,369,168
444102,UTTAR PRADESH,370,131
444102,UTTAR PRADESH,371,60
444102,UTTAR PRADESH,372,666
444102,UTTAR PRADESH,373,114
444102,UTTAR PRADESH,374,541
444102,UTTAR PRADESH,375,30
444102,UTTAR PRADESH,376,171
444102,UTTAR PRADESH,377,545
444102,UTTAR PRADESH,378,115
444102,UTTAR PRADESH,379,332
444102,UTTAR PRADESH,380,330
444102,UTTAR PRADESH,381,69
444102,UTTAR PRADESH,382,176
444102,UTTAR PRADESH,383,51
444102,UTTAR PRADESH,384,194
444102,UTTAR PRADESH,385,120
444102,UTTAR PRADESH,386,125
444102,UTTAR PRADESH,387,99
444102,UTTAR PRADESH,388,47
444102,UTTAR PRADESH,389,272
444102,UTTAR PRADESH,390,129
444102,UTTAR PRADESH,391,15
444102,UTTAR PRADESH,392,227
444102,UTTAR PRADESH,393,286
444102,UTTAR PRADESH,394,78
444102,UTTAR PRADESH,395,105
444102,UTTAR PRADESH,396,60
444102,UTTAR PRADESH,397,495
444102,UTTAR PRADESH,398,188
444102,UTTAR PRADESH,399,110
444102,UTTAR PRADESH,400,435
444102,UTTAR PRADESH,401,136
444102,UTTAR PRADESH,402,241
444102,UTTAR PRADESH,403,81
444102,UTTAR PRADESH,404,157
444102,UTTAR PRADESH,405,148
444102,UTTAR PRADESH,406,130
444102,UTTAR PRADESH,407,231
444102,UTTAR PRADESH,408,198
444102,UTTAR PRADESH,409,301
444102,UTTAR PRADESH,410,80
444102,UTTAR PRADESH,411,168
444102,UTTAR PRADESH,412,47
444102,UTTAR PRADESH,413,345
444102,UTTAR PRADESH,414,82
444102,UTTAR PRADESH,415,76
444102,UTTAR PRADESH,416,394
444102,UTTAR PRADESH,417,73
444102,UTTAR PRADESH,418,252
444102,UTTAR PRADESH,419,184
444102,UTTAR PRADESH,420,115
444102,UTTAR PRADESH,421,450
444102,UTTAR PRADESH,422,319
444102,UTTAR PRADESH,423,99
444102,UTTAR PRADESH,424,427
444102,UTTAR PRADESH,425,117
444102,UTTAR PRADESH,426,286
444102,UTTAR PRADESH,427,110
444102,UTTAR PRADESH,428,289
444102,UTTAR PRADESH,429,120
444102,UTTAR PRADESH,430,207
444102,UTTAR PRADESH,431,131
444102,UTTAR PRADESH,432,253
444102,UTTAR PRADESH,433,50
444102,UTTAR PRADESH,434,412
444102,UTTAR PRADESH,435,481
444102,UTTAR PRADESH,436,278
444102,UTTAR PRADESH,437,126
444102,UTTAR PRADESH,438,95
444102,UTTAR PRADESH,439,159
444102,UTTAR PRADESH,440,288
444102,UTTAR PRADESH,441,324
444102,UTTAR PRADESH,442,294
444102,UTTAR PRADESH,443,295
444102,UTTAR PRADESH,444,228
444102,UTTAR PRADESH,445,236
444102,UTTAR PRADESH,446,108
444102,UTTAR PRADESH,447,123
444102,UTTAR PRADESH,448,298
444102,UTTAR PRADESH,449,189
444102,UTTAR PRADESH,450,94
444102,UTTAR PRADESH,451,46
444102,UTTAR PRADESH,452,135
444102,UTTAR PRADESH,453,373
444102,UTTAR PRADESH,454,534
444102,UTTAR PRADESH,455,179
444102,UTTAR PRADESH,456,256
444102,UTTAR PRADESH,457,415
444102,UTTAR PRADESH,458,42
444102,UTTAR PRADESH,459,95
444102,UTTAR PRADESH,460,94
444102,UTTAR PRADESH,461,60
444102,UTTAR PRADESH,462,275
444102,UTTAR PRADESH,463,164
444102,UTTAR PRADESH,464,289
444102,UTTAR PRADESH,465,135
444102,UTTAR PRADESH,466,233
444102,UTTAR PRADESH,467,93
444102,UTTAR PRADESH,468,143
444102,UTTAR PRADESH,469,245
444102,UTTAR PRADESH,470,200
444102,UTTAR PRADESH,471,125
444102,UTTAR PRADESH,472,518
444102,UTTAR PRADESH,473,585
444102,UTTAR PRADESH,474,181
444102,UTTAR PRADESH,475,148
444102,UTTAR PRADESH,476,321
444102,UTTAR PRADESH,477,87
444102,UTTAR PRADESH,478,230
444102,UTTAR PRADESH,479,61
444102,UTTAR PRADESH,480,264
444102,UTTAR PRADESH,481,42
444102,UTTAR PRADESH,482,135
444102,UTTAR PRADESH,483,185
444102,UTTAR PRADESH,484,180
444102,UTTAR PRADESH,485,290
444102,UTTAR PRADESH,486,388
444102,UTTAR PRADESH,487,214
444102,UTTAR PRADESH,488,218
444102,UTTAR PRADESH,489,109
444102,UTTAR PRADESH,490,62
444102,UTTAR PRADESH,491,233
444102,UTTAR PRADESH,492,30
444102,UTTAR PRADESH,493,159
444102,UTTAR PRADESH,494,301
444102,UTTAR PRADESH,495,396
444102,UTTAR PRADESH,496,100
444102,UTTAR PRADESH,497,89
444102,UTTAR PRADESH,498,210
444102,UTTAR PRADESH,499,270
444102,UTTAR PRADESH,500,413
444102,UTTAR PRADESH,501,125
444102,UTTAR PRADESH,502,100
444102,UTTAR PRADESH,503,116
444102,UTTAR PRADESH,504,73
444102,UTTAR PRADESH,505,130
444102,UTTAR PRADESH,506,75
444102,UTTAR PRADESH,507,55
444102,UTTAR PRADESH,508,80
444102,UTTAR PRADESH,509,57
444102,UTTAR PRADESH,510,105
444102,UTTAR PRADESH,511,199
444102,UTTAR PRADESH,512,131
444102,UTTAR PRADESH,513,80
444102,UTTAR PRADESH,514,135
444102,UTTAR PRADESH,515,472
444102,UTTAR PRADESH,516,374
444102,UTTAR PRADESH,517,190
444102,UTTAR PRADESH,518,50
444102,UTTAR PRADESH,519,562
444102,UTTAR PRADESH,520,125
444102,UTTAR PRADESH,6,522
444102,UTTAR PRADESH,130,523
444102,UTTAR PRADESH,61,524
444102,UTTAR PRADESH,547,525
444102,UTTAR PRADESH,358,526
444102,UTTAR PRADESH,75,527
444102,UTTAR PRADESH,579,528
444102,UTTAR PRADESH,20,529
444102,UTTAR PRADESH,680,530
444102,UTTAR PRADESH,219,531
444102,UTTAR PRADESH,383,532
444102,UTTAR PRADESH,145,533
444102,UTTAR PRADESH,464,534
444102,UTTAR PRADESH,175,535
444102,UTTAR PRADESH,500,536
444102,UTTAR PRADESH,85,537
444102,UTTAR PRADESH,34,538
444102,UTTAR PRADESH,136,539
444102,UTTAR PRADESH,37,540
444102,UTTAR PRADESH,541,78
444102,UTTAR PRADESH,542,77
444102,UTTAR PRADESH,543,54
444102,UTTAR PRADESH,544,401
444102,UTTAR PRADESH,545,131
444102,UTTAR PRADESH,546,479
444102,UTTAR PRADESH,547,251
444102,UTTAR PRADESH,548,255
444102,UTTAR PRADESH,549,106
444102,UTTAR PRADESH,550,91
444102,UTTAR PRADESH,551,186
444102,UTTAR PRADESH,552,50
444102,UTTAR PRADESH,553,186
444102,UTTAR PRADESH,554,125
444102,UTTAR PRADESH,555,270
444102,UTTAR PRADESH,556,452
444102,UTTAR PRADESH,557,98
444102,UTTAR PRADESH,558,75
444102,UTTAR PRADESH,559,73
444102,UTTAR PRADESH,560,633
444102,UTTAR PRADESH,561,591
444102,UTTAR PRADESH,562,112
444102,UTTAR PRADESH,563,311
444102,UTTAR PRADESH,564,59
444102,UTTAR PRADESH,565,111
444102,UTTAR PRADESH,566,29
444102,UTTAR PRADESH,567,424
444102,UTTAR PRADESH,568,51
444102,UTTAR PRADESH,569,410
444102,UTTAR PRADESH,570,350
444102,UTTAR PRADESH,571,176
444102,UTTAR PRADESH,572,53
444102,UTTAR PRADESH,573,103
444102,UTTAR PRADESH,574,82
444102,UTTAR PRADESH,575,80
444102,UTTAR PRADESH,576,182
444102,UTTAR PRADESH,577,164
444102,UTTAR PRADESH,578,56
444102,UTTAR PRADESH,579,342
444102,UTTAR PRADESH,580,526
444102,UTTAR PRADESH,581,129
444102,UTTAR PRADESH,582,105
444102,UTTAR PRADESH,583,85
444102,UTTAR PRADESH,584,646
444102,UTTAR PRADESH,585,50
444102,UTTAR PRADESH,586,50
444102,UTTAR PRADESH,587,20
444102,UTTAR PRADESH,588,128
444102,UTTAR PRADESH,589,61
444102,UTTAR PRADESH,590,66
444102,UTTAR PRADESH,591,37
444102,UTTAR PRADESH,592,92
444102,UTTAR PRADESH,593,253
444102,UTTAR PRADESH,594,63
444102,UTTAR PRADESH,595,252
444102,UTTAR PRADESH,596,461
444102,UTTAR PRADESH,597,76
444102,UTTAR PRADESH,598,50
444102,UTTAR PRADESH,599,91
444102,UTTAR PRADESH,600,290
444102,UTTAR PRADESH,601,215
444102,UTTAR PRADESH,602,164
444102,UTTAR PRADESH,603,74
444102,UTTAR PRADESH,604,80
444102,UTTAR PRADESH,605,11
444102,UTTAR PRADESH,606,455
444102,UTTAR PRADESH,607,151
444102,UTTAR PRADESH,608,359
444102,UTTAR PRADESH,609,46
444102,UTTAR PRADESH,610,152
444102,UTTAR PRADESH,611,124
444102,UTTAR PRADESH,612,205
444102,UTTAR PRADESH,613,159
444102,UTTAR PRADESH,614,132
444102,UTTAR PRADESH,615,381
444102,UTTAR PRADESH,616,297
444102,UTTAR PRADESH,617,249
444102,UTTAR PRADESH,618,360
444102,UTTAR PRADESH,619,335
444102,UTTAR PRADESH,620,273
444102,UTTAR PRADESH,621,244
444102,UTTAR PRADESH,622,50
444102,UTTAR PRADESH,623,34
444102,UTTAR PRADESH,624,155
444102,UTTAR PRADESH,625,106
444102,UTTAR PRADESH,626,161
444102,UTTAR PRADESH,627,155
444102,UTTAR PRADESH,628,432
444102,UTTAR PRADESH,629,235
444102,UTTAR PRADESH,630,396
444102,UTTAR PRADESH,1,632
444102,UTTAR PRADESH,541,633
444102,UTTAR PRADESH,48,634
444102,UTTAR PRADESH,50,635
444102,UTTAR PRADESH,646,636
444102,UTTAR PRADESH,491,637
444102,UTTAR PRADESH,209,638
444102,UTTAR PRADESH,170,639
444102,UTTAR PRADESH,39,640
444102,UTTAR PRADESH,114,641
444102,UTTAR PRADESH,472,642
444102,UTTAR PRADESH,381,643
444102,UTTAR PRADESH,115,644
444102,UTTAR PRADESH,381,645
444102,UTTAR PRADESH,255,646
444102,UTTAR PRADESH,76,647
444102,UTTAR PRADESH,505,648
444102,UTTAR PRADESH,108,649
444102,UTTAR PRADESH,462,650
444102,UTTAR PRADESH,60,651
444102,UTTAR PRADESH,195,652
444102,UTTAR PRADESH,411,653
444102,UTTAR PRADESH,647,654
444102,UTTAR PRADESH,633,655
444102,UTTAR PRADESH,236,656
444102,UTTAR PRADESH,620,657
444102,UTTAR PRADESH,389,658
444102,UTTAR PRADESH,114,659
444102,UTTAR PRADESH,628,660
444102,UTTAR PRADESH,661,69
444102,UTTAR PRADESH,662,15
444102,UTTAR PRADESH,663,19
444102,UTTAR PRADESH,664,174
444102,UTTAR PRADESH,665,11
444102,UTTAR PRADESH,666,58
444102,UTTAR PRADESH,667,77
444102,UTTAR PRADESH,668,307
444102,UTTAR PRADESH,669,171
444102,UTTAR PRADESH,670,226
444102,UTTAR PRADESH,671,71
444102,UTTAR PRADESH,672,627
444102,UTTAR PRADESH,673,460
444102,UTTAR PRADESH,674,0
444102,UTTAR PRADESH,675,212
444102,UTTAR PRADESH,676,105
444102,UTTAR PRADESH,677,166
444102,UTTAR PRADESH,678,70
444102,UTTAR PRADESH,679,276
444102,UTTAR PRADESH,680,125
444102,UTTAR PRADESH,681,115
444102,UTTAR PRADESH,682,23
444102,UTTAR PRADESH,683,152
444102,UTTAR PRADESH,684,40
444102,UTTAR PRADESH,685,175
444102,UTTAR PRADESH,686,227
444102,UTTAR PRADESH,687,17
444102,UTTAR PRADESH,688,499
444102,UTTAR PRADESH,689,169
444102,UTTAR PRADESH,690,68
444102,UTTAR PRADESH,691,100
444102,UTTAR PRADESH,692,99
444102,UTTAR PRADESH,693,54
444102,UTTAR PRADESH,694,90
444102,UTTAR PRADESH,695,149
444102,UTTAR PRADESH,696,166
444102,UTTAR PRADESH,697,205
444102,UTTAR PRADESH,698,215
444102,UTTAR PRADESH,699,398
444102,UTTAR PRADESH,700,41
444102,UTTAR PRADESH,701,181
444102,UTTAR PRADESH,702,217
444102,UTTAR PRADESH,703,136
444102,UTTAR PRADESH,704,346
444102,UTTAR PRADESH,705,64
444102,UTTAR PRADESH,706,277
444102,UTTAR PRADESH,707,107
444102,UTTAR PRADESH,708,47
444102,UTTAR PRADESH,709,177
444102,UTTAR PRADESH,710,30
444102,UTTAR PRADESH,711,83
444102,UTTAR PRADESH,712,174
444102,UTTAR PRADESH,713,66
444102,UTTAR PRADESH,714,182
444102,UTTAR PRADESH,715,35
444102,UTTAR PRADESH,716,45
444102,UTTAR PRADESH,717,113
444102,UTTAR PRADESH,718,16
444102,UTTAR PRADESH,719,117
444102,UTTAR PRADESH,720,140
444102,UTTAR PRADESH,721,30
444102,UTTAR PRADESH,722,187
444102,UTTAR PRADESH,723,194
444102,UTTAR PRADESH,724,83
444102,UTTAR PRADESH,725,16
444102,UTTAR PRADESH,726,277
444102,UTTAR PRADESH,727,171
444102,UTTAR PRADESH,728,436
444102,UTTAR PRADESH,729,184
444102,UTTAR PRADESH,730,38
444102,UTTAR PRADESH,731,214
444102,UTTAR PRADESH,732,67
444102,UTTAR PRADESH,733,311
444102,UTTAR PRADESH,734,121
444102,UTTAR PRADESH,735,112
444102,UTTAR PRADESH,736,168
444102,UTTAR PRADESH,737,8
444102,UTTAR PRADESH,738,334
444102,UTTAR PRADESH,739,498
444102,UTTAR PRADESH,740,203
444102,UTTAR PRADESH,741,111
444102,UTTAR PRADESH,742,294
444102,UTTAR PRADESH,743,172
444102,UTTAR PRADESH,744,126
444102,UTTAR PRADESH,745,242
444102,UTTAR PRADESH,746,108
444102,UTTAR PRADESH,747,93
444102,UTTAR PRADESH,748,289
444102,UTTAR PRADESH,749,139
444102,UTTAR PRADESH,750,56
444102,UTTAR PRADESH,751,168
444102,UTTAR PRADESH,752,168
444102,UTTAR PRADESH,753,230
444102,UTTAR PRADESH,754,174
444102,UTTAR PRADESH,755,54
444102,UTTAR PRADESH,756,234
444102,UTTAR PRADESH,757,321
444102,UTTAR PRADESH,758,196
444102,UTTAR PRADESH,759,62
444102,UTTAR PRADESH,760,148
444102,UTTAR PRADESH,761,526
444102,UTTAR PRADESH,762,25
444102,UTTAR PRADESH,763,316
444102,UTTAR PRADESH,764,5
444102,UTTAR PRADESH,765,162
444102,UTTAR PRADESH,766,44
444102,UTTAR PRADESH,767,96
444102,UTTAR PRADESH,768,439
444102,UTTAR PRADESH,769,123
444102,UTTAR PRADESH,770,74
444102,UTTAR PRADESH,771,42
444102,UTTAR PRADESH,772,66
444102,UTTAR PRADESH,773,296
444102,UTTAR PRADESH,774,268
444102,UTTAR PRADESH,775,54
444102,UTTAR PRADESH,776,178
444102,UTTAR PRADESH,777,131
444102,UTTAR PRADESH,778,25
444102,UTTAR PRADESH,779,65
444102,UTTAR PRADESH,780,94
444102,UTTAR PRADESH,781,328
444102,UTTAR PRADESH,782,123
444102,UTTAR PRADESH,783,59
444102,UTTAR PRADESH,784,87
444102,UTTAR PRADESH,785,222
444102,UTTAR PRADESH,786,243
444102,UTTAR PRADESH,787,97
444102,UTTAR PRADESH,788,39
444102,UTTAR PRADESH,789,61
444102,UTTAR PRADESH,790,370
444102,UTTAR PRADESH,791,171
444102,UTTAR PRADESH,792,52
444102,UTTAR PRADESH,793,16
444102,UTTAR PRADESH,794,290
444102,UTTAR PRADESH,795,620
444102,UTTAR PRADESH,796,160
444102,UTTAR PRADESH,797,61
444102,UTTAR PRADESH,798,325
444102,UTTAR PRADESH,799,156
444102,UTTAR PRADESH,800,229
444102,UTTAR PRADESH,801,340
444102,UTTAR PRADESH,802,146
444102,UTTAR PRADESH,803,143
444102,UTTAR PRADESH,804,171
444102,UTTAR PRADESH,805,489
444102,UTTAR PRADESH,806,157
444102,UTTAR PRADESH,807,653
444102,UTTAR PRADESH,808,106
444102,UTTAR PRADESH,809,296
444102,UTTAR PRADESH,810,60
444102,UTTAR PRADESH,811,46
444102,UTTAR PRADESH,812,606
444102,UTTAR PRADESH,813,291
444102,UTTAR PRADESH,814,407
444102,UTTAR PRADESH,815,150
444102,UTTAR PRADESH,816,118
444102,UTTAR PRADESH,817,43
444102,UTTAR PRADESH,818,171
444102,UTTAR PRADESH,819,58
444102,UTTAR PRADESH,820,33
444102,UTTAR PRADESH,821,225
444102,UTTAR PRADESH,822,159
444102,UTTAR PRADESH,823,85
444102,UTTAR PRADESH,824,141
444102,UTTAR PRADESH,825,69
444102,UTTAR PRADESH,826,117
444102,UTTAR PRADESH,827,59
444102,UTTAR PRADESH,828,35
444102,UTTAR PRADESH,829,95
444102,UTTAR PRADESH,830,110
444102,UTTAR PRADESH,831,616
444102,UTTAR PRADESH,832,139
444102,UTTAR PRADESH,833,336
444102,UTTAR PRADESH,834,45
444102,UTTAR PRADESH,835,190
444102,UTTAR PRADESH,836,138
444102,UTTAR PRADESH,837,68
444102,UTTAR PRADESH,838,74
444102,UTTAR PRADESH,839,48
444102,UTTAR PRADESH,840,200
444102,UTTAR PRADESH,841,229
444102,UTTAR PRADESH,842,180
444102,UTTAR PRADESH,843,124
444102,UTTAR PRADESH,844,208
444102,UTTAR PRADESH,845,351
444102,UTTAR PRADESH,846,60
444102,UTTAR PRADESH,847,210
444102,UTTAR PRADESH,848,109
444102,UTTAR PRADESH,849,80
444102,UTTAR PRADESH,850,352
444102,UTTAR PRADESH,851,276
444102,UTTAR PRADESH,852,48
444102,UTTAR PRADESH,853,237
444102,UTTAR PRADESH,854,77
444102,UTTAR PRADESH,855,218
444102,UTTAR PRADESH,856,116
444102,UTTAR PRADESH,857,341
444102,UTTAR PRADESH,858,212
444102,UTTAR PRADESH,859,334
444102,UTTAR PRADESH,860,219
444102,UTTAR PRADESH,861,108
444102,UTTAR PRADESH,862,188
444102,UTTAR PRADESH,863,89
444102,UTTAR PRADESH,864,172
444102,UTTAR PRADESH,865,639
444102,UTTAR PRADESH,866,80
444102,UTTAR PRADESH,867,34
444102,UTTAR PRADESH,868,124
444102,UTTAR PRADESH,869,124
444102,UTTAR PRADESH,870,553
444102,UTTAR PRADESH,871,143
444102,UTTAR PRADESH,872,56
444102,UTTAR PRADESH,873,310
444102,UTTAR PRADESH,874,208
444102,UTTAR PRADESH,875,417
444102,UTTAR PRADESH,876,182
444102,UTTAR PRADESH,877,160
444102,UTTAR PRADESH,878,112
444102,UTTAR PRADESH,879,90
444102,UTTAR PRADESH,880,134
444102,UTTAR PRADESH,881,163
444102,UTTAR PRADESH,882,65
444102,UTTAR PRADESH,883,265
444102,UTTAR PRADESH,884,275
444102,UTTAR PRADESH,885,159
444102,UTTAR PRADESH,886,78
444102,UTTAR PRADESH,887,78
444102,UTTAR PRADESH,888,209
444102,UTTAR PRADESH,889,30
444102,UTTAR PRADESH,890,206
444102,UTTAR PRADESH,891,504
444102,UTTAR PRADESH,892,183
444102,UTTAR PRADESH,893,184
444102,UTTAR PRADESH,894,74
444102,UTTAR PRADESH,895,238
444102,UTTAR PRADESH,896,258
444102,UTTAR PRADESH,897,154
444102,UTTAR PRADESH,898,570
444102,UTTAR PRADESH,899,95
444102,UTTAR PRADESH,900,72
444102,UTTAR PRADESH,901,148
444102,UTTAR PRADESH,902,85
444102,UTTAR PRADESH,903,77
444102,UTTAR PRADESH,904,274
444102,UTTAR PRADESH,905,294
444102,UTTAR PRADESH,906,152
444102,UTTAR PRADESH,907,91
444102,UTTAR PRADESH,908,116
444102,UTTAR PRADESH,909,134
444102,UTTAR PRADESH,910,99
444102,UTTAR PRADESH,911,435
444102,UTTAR PRADESH,912,151
444102,UTTAR PRADESH,913,87
444102,UTTAR PRADESH,914,135
444102,UTTAR PRADESH,915,268
444102,UTTAR PRADESH,916,304
444102,UTTAR PRADESH,917,20
444102,UTTAR PRADESH,918,143
444102,UTTAR PRADESH,919,125
444102,UTTAR PRADESH,920,82
444102,UTTAR PRADESH,921,134
444102,UTTAR PRADESH,922,370
444102,UTTAR PRADESH,923,65
444102,UTTAR PRADESH,924,607
444102,UTTAR PRADESH,925,434
444102,UTTAR PRADESH,926,82
444102,UTTAR PRADESH,927,627
444102,UTTAR PRADESH,928,131
444102,UTTAR PRADESH,929,58
444102,UTTAR PRADESH,930,124
444102,UTTAR PRADESH,931,172
444102,UTTAR PRADESH,932,225
444102,UTTAR PRADESH,933,315
444102,UTTAR PRADESH,934,180
444102,UTTAR PRADESH,935,235
444102,UTTAR PRADESH,936,221
444102,UTTAR PRADESH,937,25
444102,UTTAR PRADESH,938,269
444102,UTTAR PRADESH,939,144
