Center Number,State Name,Srl No,Marks
444908,UTTAR PRADESH,1,83
444908,UTTAR PRADESH,2,594
444908,UTTAR PRADESH,3,303
444908,UTTAR PRADESH,4,403
444908,UTTAR PRADESH,5,76
444908,UTTAR PRADESH,6,53
444908,UTTAR PRADESH,7,79
444908,UTTAR PRADESH,8,90
444908,UTTAR PRADESH,9,66
444908,UTTAR PRADESH,10,17
444908,UTTAR PRADESH,11,31
444908,UTTAR PRADESH,12,128
444908,UTTAR PRADESH,13,60
444908,UTTAR PRADESH,14,81
444908,UTTAR PRADESH,15,353
444908,UTTAR PRADESH,16,104
444908,UTTAR PRADESH,17,33
444908,UTTAR PRADESH,18,298
444908,UTTAR PRADESH,19,127
444908,UTTAR PRADESH,20,125
444908,UTTAR PRADESH,21,124
444908,UTTAR PRADESH,22,82
444908,UTTAR PRADESH,23,241
444908,UTTAR PRADESH,24,80
444908,UTTAR PRADESH,25,129
444908,UTTAR PRADESH,26,74
444908,UTTAR PRADESH,27,265
444908,UTTAR PRADESH,28,196
444908,UTTAR PRADESH,29,73
444908,UTTAR PRADESH,30,37
444908,UTTAR PRADESH,31,172
444908,UTTAR PRADESH,32,651
444908,UTTAR PRADESH,33,429
444908,UTTAR PRADESH,34,71
444908,UTTAR PRADESH,35,154
444908,UTTAR PRADESH,36,130
444908,UTTAR PRADESH,37,120
444908,UTTAR PRADESH,38,175
444908,UTTAR PRADESH,39,80
444908,UTTAR PRADESH,40,105
444908,UTTAR PRADESH,41,100
444908,UTTAR PRADESH,42,34
444908,UTTAR PRADESH,43,5
444908,UTTAR PRADESH,44,11
444908,UTTAR PRADESH,45,92
444908,UTTAR PRADESH,46,242
444908,UTTAR PRADESH,47,305
444908,UTTAR PRADESH,48,232
444908,UTTAR PRADESH,36,50
444908,UTTAR PRADESH,24,51
444908,UTTAR PRADESH,539,52
444908,UTTAR PRADESH,375,53
444908,UTTAR PRADESH,366,54
444908,UTTAR PRADESH,276,55
444908,UTTAR PRADESH,177,56
444908,UTTAR PRADESH,136,57
444908,UTTAR PRADESH,46,58
444908,UTTAR PRADESH,259,59
444908,UTTAR PRADESH,93,60
444908,UTTAR PRADESH,61,248
444908,UTTAR PRADESH,62,290
444908,UTTAR PRADESH,63,259
444908,UTTAR PRADESH,64,73
444908,UTTAR PRADESH,65,114
444908,UTTAR PRADESH,66,321
444908,UTTAR PRADESH,67,138
444908,UTTAR PRADESH,68,646
444908,UTTAR PRADESH,69,545
444908,UTTAR PRADESH,70,310
444908,UTTAR PRADESH,71,173
444908,UTTAR PRADESH,72,155
444908,UTTAR PRADESH,73,432
444908,UTTAR PRADESH,74,322
444908,UTTAR PRADESH,75,219
444908,UTTAR PRADESH,76,123
444908,UTTAR PRADESH,77,243
444908,UTTAR PRADESH,78,554
444908,UTTAR PRADESH,79,46
444908,UTTAR PRADESH,80,439
444908,UTTAR PRADESH,81,47
444908,UTTAR PRADESH,82,99
444908,UTTAR PRADESH,83,100
444908,UTTAR PRADESH,84,40
444908,UTTAR PRADESH,85,91
444908,UTTAR PRADESH,86,283
444908,UTTAR PRADESH,87,55
444908,UTTAR PRADESH,88,398
444908,UTTAR PRADESH,89,179
444908,UTTAR PRADESH,90,451
444908,UTTAR PRADESH,91,114
444908,UTTAR PRADESH,92,105
444908,UTTAR PRADESH,93,112
444908,UTTAR PRADESH,94,127
444908,UTTAR PRADESH,95,40
444908,UTTAR PRADESH,96,29
444908,UTTAR PRADESH,97,70
444908,UTTAR PRADESH,98,48
444908,UTTAR PRADESH,99,31
444908,UTTAR PRADESH,100,571
444908,UTTAR PRADESH,101,114
444908,UTTAR PRADESH,102,63
444908,UTTAR PRADESH,103,146
444908,UTTAR PRADESH,104,95
444908,UTTAR PRADESH,105,64
444908,UTTAR PRADESH,106,15
444908,UTTAR PRADESH,107,233
444908,UTTAR PRADESH,108,56
444908,UTTAR PRADESH,109,78
444908,UTTAR PRADESH,110,104
444908,UTTAR PRADESH,111,56
444908,UTTAR PRADESH,112,275
444908,UTTAR PRADESH,113,207
444908,UTTAR PRADESH,114,211
444908,UTTAR PRADESH,115,83
444908,UTTAR PRADESH,116,361
444908,UTTAR PRADESH,117,74
444908,UTTAR PRADESH,118,40
444908,UTTAR PRADESH,119,647
444908,UTTAR PRADESH,120,285
444908,UTTAR PRADESH,121,57
444908,UTTAR PRADESH,122,106
444908,UTTAR PRADESH,123,6
444908,UTTAR PRADESH,124,155
444908,UTTAR PRADESH,125,54
444908,UTTAR PRADESH,126,85
444908,UTTAR PRADESH,127,156
444908,UTTAR PRADESH,128,84
444908,UTTAR PRADESH,129,126
444908,UTTAR PRADESH,130,46
444908,UTTAR PRADESH,131,82
444908,UTTAR PRADESH,132,51
444908,UTTAR PRADESH,133,78
444908,UTTAR PRADESH,134,91
444908,UTTAR PRADESH,135,23
444908,UTTAR PRADESH,136,436
444908,UTTAR PRADESH,137,169
444908,UTTAR PRADESH,138,86
444908,UTTAR PRADESH,139,75
444908,UTTAR PRADESH,140,74
444908,UTTAR PRADESH,141,180
444908,UTTAR PRADESH,142,119
444908,UTTAR PRADESH,143,398
444908,UTTAR PRADESH,144,63
444908,UTTAR PRADESH,145,276
444908,UTTAR PRADESH,146,159
444908,UTTAR PRADESH,147,212
444908,UTTAR PRADESH,148,128
444908,UTTAR PRADESH,149,64
444908,UTTAR PRADESH,150,69
444908,UTTAR PRADESH,151,285
444908,UTTAR PRADESH,152,29
444908,UTTAR PRADESH,153,354
444908,UTTAR PRADESH,154,35
444908,UTTAR PRADESH,155,145
444908,UTTAR PRADESH,156,97
444908,UTTAR PRADESH,157,59
444908,UTTAR PRADESH,158,119
444908,UTTAR PRADESH,159,25
444908,UTTAR PRADESH,160,17
444908,UTTAR PRADESH,161,98
444908,UTTAR PRADESH,162,162
444908,UTTAR PRADESH,163,109
444908,UTTAR PRADESH,164,428
444908,UTTAR PRADESH,165,195
444908,UTTAR PRADESH,166,275
444908,UTTAR PRADESH,167,96
444908,UTTAR PRADESH,168,444
444908,UTTAR PRADESH,169,280
444908,UTTAR PRADESH,170,109
444908,UTTAR PRADESH,171,284
444908,UTTAR PRADESH,172,130
444908,UTTAR PRADESH,173,37
444908,UTTAR PRADESH,174,276
444908,UTTAR PRADESH,175,49
444908,UTTAR PRADESH,176,362
444908,UTTAR PRADESH,177,622
444908,UTTAR PRADESH,178,35
444908,UTTAR PRADESH,179,78
444908,UTTAR PRADESH,180,226
444908,UTTAR PRADESH,181,136
444908,UTTAR PRADESH,182,324
444908,UTTAR PRADESH,183,176
444908,UTTAR PRADESH,184,326
444908,UTTAR PRADESH,185,336
444908,UTTAR PRADESH,186,36
444908,UTTAR PRADESH,187,84
444908,UTTAR PRADESH,188,593
444908,UTTAR PRADESH,189,231
444908,UTTAR PRADESH,190,425
444908,UTTAR PRADESH,191,78
444908,UTTAR PRADESH,192,63
444908,UTTAR PRADESH,193,54
444908,UTTAR PRADESH,194,105
444908,UTTAR PRADESH,195,266
444908,UTTAR PRADESH,196,103
444908,UTTAR PRADESH,197,50
444908,UTTAR PRADESH,198,11
444908,UTTAR PRADESH,199,183
444908,UTTAR PRADESH,200,47
444908,UTTAR PRADESH,201,74
444908,UTTAR PRADESH,202,415
444908,UTTAR PRADESH,203,92
444908,UTTAR PRADESH,204,94
444908,UTTAR PRADESH,205,226
444908,UTTAR PRADESH,206,242
444908,UTTAR PRADESH,207,157
444908,UTTAR PRADESH,208,41
444908,UTTAR PRADESH,209,117
444908,UTTAR PRADESH,210,35
444908,UTTAR PRADESH,211,46
444908,UTTAR PRADESH,212,172
444908,UTTAR PRADESH,213,261
444908,UTTAR PRADESH,214,264
444908,UTTAR PRADESH,215,44
444908,UTTAR PRADESH,216,195
444908,UTTAR PRADESH,217,232
444908,UTTAR PRADESH,218,288
444908,UTTAR PRADESH,219,115
444908,UTTAR PRADESH,220,187
444908,UTTAR PRADESH,221,298
444908,UTTAR PRADESH,222,223
444908,UTTAR PRADESH,223,100
444908,UTTAR PRADESH,224,92
444908,UTTAR PRADESH,225,150
444908,UTTAR PRADESH,226,187
444908,UTTAR PRADESH,227,309
444908,UTTAR PRADESH,228,125
444908,UTTAR PRADESH,229,110
444908,UTTAR PRADESH,230,67
444908,UTTAR PRADESH,231,632
444908,UTTAR PRADESH,232,48
444908,UTTAR PRADESH,233,59
444908,UTTAR PRADESH,234,63
444908,UTTAR PRADESH,235,93
444908,UTTAR PRADESH,236,9
444908,UTTAR PRADESH,237,42
444908,UTTAR PRADESH,238,179
444908,UTTAR PRADESH,239,321
444908,UTTAR PRADESH,240,242
444908,UTTAR PRADESH,241,65
444908,UTTAR PRADESH,242,58
444908,UTTAR PRADESH,243,201
444908,UTTAR PRADESH,244,179
444908,UTTAR PRADESH,245,63
444908,UTTAR PRADESH,246,75
444908,UTTAR PRADESH,247,321
444908,UTTAR PRADESH,248,146
444908,UTTAR PRADESH,249,156
444908,UTTAR PRADESH,250,112
444908,UTTAR PRADESH,251,124
444908,UTTAR PRADESH,252,680
444908,UTTAR PRADESH,253,489
444908,UTTAR PRADESH,254,219
444908,UTTAR PRADESH,255,23
444908,UTTAR PRADESH,256,41
444908,UTTAR PRADESH,257,26
444908,UTTAR PRADESH,258,194
444908,UTTAR PRADESH,259,84
444908,UTTAR PRADESH,260,36
444908,UTTAR PRADESH,261,99
444908,UTTAR PRADESH,262,164
444908,UTTAR PRADESH,263,177
444908,UTTAR PRADESH,264,141
444908,UTTAR PRADESH,265,627
444908,UTTAR PRADESH,266,63
444908,UTTAR PRADESH,267,284
444908,UTTAR PRADESH,268,106
444908,UTTAR PRADESH,269,661
444908,UTTAR PRADESH,270,133
444908,UTTAR PRADESH,271,446
444908,UTTAR PRADESH,272,547
444908,UTTAR PRADESH,273,134
444908,UTTAR PRADESH,274,309
444908,UTTAR PRADESH,275,230
444908,UTTAR PRADESH,276,57
444908,UTTAR PRADESH,277,82
444908,UTTAR PRADESH,278,131
444908,UTTAR PRADESH,279,48
444908,UTTAR PRADESH,280,48
444908,UTTAR PRADESH,281,5
444908,UTTAR PRADESH,282,174
444908,UTTAR PRADESH,283,61
444908,UTTAR PRADESH,284,216
444908,UTTAR PRADESH,285,269
444908,UTTAR PRADESH,286,58
444908,UTTAR PRADESH,287,72
444908,UTTAR PRADESH,288,119
444908,UTTAR PRADESH,289,42
444908,UTTAR PRADESH,290,182
444908,UTTAR PRADESH,291,382
444908,UTTAR PRADESH,292,26
444908,UTTAR PRADESH,293,95
444908,UTTAR PRADESH,294,8
444908,UTTAR PRADESH,295,375
444908,UTTAR PRADESH,296,626
444908,UTTAR PRADESH,297,185
444908,UTTAR PRADESH,298,135
444908,UTTAR PRADESH,299,642
444908,UTTAR PRADESH,300,48
444908,UTTAR PRADESH,301,295
444908,UTTAR PRADESH,302,643
444908,UTTAR PRADESH,303,96
444908,UTTAR PRADESH,304,230
444908,UTTAR PRADESH,305,47
444908,UTTAR PRADESH,306,70
444908,UTTAR PRADESH,307,274
444908,UTTAR PRADESH,308,591
444908,UTTAR PRADESH,309,115
444908,UTTAR PRADESH,310,127
444908,UTTAR PRADESH,311,235
444908,UTTAR PRADESH,312,85
444908,UTTAR PRADESH,313,47
444908,UTTAR PRADESH,314,414
444908,UTTAR PRADESH,315,119
444908,UTTAR PRADESH,316,659
444908,UTTAR PRADESH,317,120
444908,UTTAR PRADESH,318,15
444908,UTTAR PRADESH,319,365
444908,UTTAR PRADESH,320,360
444908,UTTAR PRADESH,321,95
444908,UTTAR PRADESH,322,240
444908,UTTAR PRADESH,323,81
444908,UTTAR PRADESH,324,308
444908,UTTAR PRADESH,325,111
444908,UTTAR PRADESH,326,214
444908,UTTAR PRADESH,327,625
444908,UTTAR PRADESH,328,251
444908,UTTAR PRADESH,329,163
444908,UTTAR PRADESH,330,90
444908,UTTAR PRADESH,331,41
444908,UTTAR PRADESH,332,45
444908,UTTAR PRADESH,333,163
444908,UTTAR PRADESH,334,93
444908,UTTAR PRADESH,335,172
444908,UTTAR PRADESH,336,452
444908,UTTAR PRADESH,337,37
444908,UTTAR PRADESH,338,238
444908,UTTAR PRADESH,339,218
444908,UTTAR PRADESH,340,112
444908,UTTAR PRADESH,341,144
444908,UTTAR PRADESH,342,212
444908,UTTAR PRADESH,343,142
444908,UTTAR PRADESH,344,132
444908,UTTAR PRADESH,345,528
444908,UTTAR PRADESH,346,410
444908,UTTAR PRADESH,347,17
444908,UTTAR PRADESH,348,57
444908,UTTAR PRADESH,349,58
444908,UTTAR PRADESH,350,32
444908,UTTAR PRADESH,351,126
444908,UTTAR PRADESH,352,26
444908,UTTAR PRADESH,353,550
444908,UTTAR PRADESH,354,316
444908,UTTAR PRADESH,355,252
444908,UTTAR PRADESH,356,221
444908,UTTAR PRADESH,357,81
444908,UTTAR PRADESH,358,675
444908,UTTAR PRADESH,359,67
444908,UTTAR PRADESH,360,125
444908,UTTAR PRADESH,361,141
444908,UTTAR PRADESH,362,271
444908,UTTAR PRADESH,363,86
444908,UTTAR PRADESH,364,266
444908,UTTAR PRADESH,365,225
444908,UTTAR PRADESH,366,86
444908,UTTAR PRADESH,367,534
444908,UTTAR PRADESH,368,73
444908,UTTAR PRADESH,369,254
444908,UTTAR PRADESH,370,118
444908,UTTAR PRADESH,371,350
444908,UTTAR PRADESH,372,602
444908,UTTAR PRADESH,373,18
444908,UTTAR PRADESH,374,108
444908,UTTAR PRADESH,375,222
444908,UTTAR PRADESH,376,142
444908,UTTAR PRADESH,377,163
444908,UTTAR PRADESH,378,429
444908,UTTAR PRADESH,379,141
444908,UTTAR PRADESH,380,237
444908,UTTAR PRADESH,381,75
444908,UTTAR PRADESH,382,78
444908,UTTAR PRADESH,383,140
444908,UTTAR PRADESH,384,423
444908,UTTAR PRADESH,385,466
444908,UTTAR PRADESH,386,51
444908,UTTAR PRADESH,387,421
444908,UTTAR PRADESH,388,192
444908,UTTAR PRADESH,389,567
444908,UTTAR PRADESH,390,327
444908,UTTAR PRADESH,27,392
444908,UTTAR PRADESH,320,393
444908,UTTAR PRADESH,58,394
444908,UTTAR PRADESH,66,395
444908,UTTAR PRADESH,39,396
444908,UTTAR PRADESH,403,397
444908,UTTAR PRADESH,20,398
444908,UTTAR PRADESH,116,399
444908,UTTAR PRADESH,96,400
444908,UTTAR PRADESH,100,401
444908,UTTAR PRADESH,685,402
444908,UTTAR PRADESH,438,403
444908,UTTAR PRADESH,137,404
444908,UTTAR PRADESH,47,405
444908,UTTAR PRADESH,140,406
444908,UTTAR PRADESH,174,407
444908,UTTAR PRADESH,130,408
444908,UTTAR PRADESH,82,409
444908,UTTAR PRADESH,115,410
444908,UTTAR PRADESH,580,411
444908,UTTAR PRADESH,64,412
444908,UTTAR PRADESH,149,413
444908,UTTAR PRADESH,108,414
444908,UTTAR PRADESH,228,415
444908,UTTAR PRADESH,76,416
444908,UTTAR PRADESH,341,417
444908,UTTAR PRADESH,112,418
444908,UTTAR PRADESH,243,419
444908,UTTAR PRADESH,412,420
444908,UTTAR PRADESH,421,581
444908,UTTAR PRADESH,422,462
444908,UTTAR PRADESH,423,71
444908,UTTAR PRADESH,424,82
444908,UTTAR PRADESH,425,280
444908,UTTAR PRADESH,426,64
444908,UTTAR PRADESH,427,220
444908,UTTAR PRADESH,428,133
444908,UTTAR PRADESH,429,63
444908,UTTAR PRADESH,430,293
444908,UTTAR PRADESH,431,228
444908,UTTAR PRADESH,432,64
444908,UTTAR PRADESH,433,319
444908,UTTAR PRADESH,434,114
444908,UTTAR PRADESH,435,125
444908,UTTAR PRADESH,436,423
444908,UTTAR PRADESH,437,351
444908,UTTAR PRADESH,438,35
444908,UTTAR PRADESH,439,328
444908,UTTAR PRADESH,440,242
444908,UTTAR PRADESH,441,96
444908,UTTAR PRADESH,442,61
444908,UTTAR PRADESH,443,146
444908,UTTAR PRADESH,444,617
444908,UTTAR PRADESH,445,400
444908,UTTAR PRADESH,446,148
444908,UTTAR PRADESH,447,74
444908,UTTAR PRADESH,448,394
444908,UTTAR PRADESH,449,224
444908,UTTAR PRADESH,450,118
444908,UTTAR PRADESH,451,41
444908,UTTAR PRADESH,452,122
444908,UTTAR PRADESH,453,282
444908,UTTAR PRADESH,454,355
444908,UTTAR PRADESH,455,202
444908,UTTAR PRADESH,456,579
444908,UTTAR PRADESH,457,37
444908,UTTAR PRADESH,458,283
444908,UTTAR PRADESH,459,85
444908,UTTAR PRADESH,460,326
444908,UTTAR PRADESH,461,82
444908,UTTAR PRADESH,462,51
444908,UTTAR PRADESH,463,160
444908,UTTAR PRADESH,464,358
444908,UTTAR PRADESH,465,80
444908,UTTAR PRADESH,466,166
444908,UTTAR PRADESH,467,38
444908,UTTAR PRADESH,468,20
444908,UTTAR PRADESH,469,105
444908,UTTAR PRADESH,470,17
444908,UTTAR PRADESH,471,289
444908,UTTAR PRADESH,472,424
444908,UTTAR PRADESH,473,134
444908,UTTAR PRADESH,474,354
444908,UTTAR PRADESH,475,569
444908,UTTAR PRADESH,476,211
444908,UTTAR PRADESH,477,347
444908,UTTAR PRADESH,478,25
444908,UTTAR PRADESH,479,295
444908,UTTAR PRADESH,480,67
444908,UTTAR PRADESH,481,160
444908,UTTAR PRADESH,482,261
444908,UTTAR PRADESH,483,226
444908,UTTAR PRADESH,484,191
444908,UTTAR PRADESH,485,350
444908,UTTAR PRADESH,486,125
444908,UTTAR PRADESH,487,179
444908,UTTAR PRADESH,488,232
444908,UTTAR PRADESH,489,89
444908,UTTAR PRADESH,490,160
444908,UTTAR PRADESH,491,115
444908,UTTAR PRADESH,492,325
444908,UTTAR PRADESH,493,86
444908,UTTAR PRADESH,494,16
444908,UTTAR PRADESH,495,429
444908,UTTAR PRADESH,496,46
444908,UTTAR PRADESH,497,268
444908,UTTAR PRADESH,498,156
444908,UTTAR PRADESH,499,116
444908,UTTAR PRADESH,500,359
444908,UTTAR PRADESH,501,75
444908,UTTAR PRADESH,502,660
444908,UTTAR PRADESH,503,143
444908,UTTAR PRADESH,504,46
444908,UTTAR PRADESH,505,85
444908,UTTAR PRADESH,506,137
444908,UTTAR PRADESH,507,119
444908,UTTAR PRADESH,508,46
444908,UTTAR PRADESH,509,110
444908,UTTAR PRADESH,510,294
444908,UTTAR PRADESH,511,54
444908,UTTAR PRADESH,512,152
444908,UTTAR PRADESH,513,53
444908,UTTAR PRADESH,514,632
444908,UTTAR PRADESH,515,57
444908,UTTAR PRADESH,516,206
