Center Number,State Name,Srl No,Marks
445802,UTTAR PRADESH,1,470
445802,UTTAR PRADESH,2,30
445802,UTTAR PRADESH,3,207
445802,UTTAR PRADESH,4,193
445802,UTTAR PRADESH,5,45
445802,UTTAR PRADESH,6,420
445802,UTTAR PRADESH,7,69
445802,UTTAR PRADESH,8,47
445802,UTTAR PRADESH,9,129
445802,UTTAR PRADESH,10,210
445802,UTTAR PRADESH,11,204
445802,UTTAR PRADESH,12,465
445802,UTTAR PRADESH,13,110
445802,UTTAR PRADESH,14,188
445802,UTTAR PRADESH,15,92
445802,UTTAR PRADESH,16,215
445802,UTTAR PRADESH,17,583
445802,UTTAR PRADESH,18,65
445802,UTTAR PRADESH,19,76
445802,UTTAR PRADESH,20,455
445802,UTTAR PRADESH,21,259
445802,UTTAR PRADESH,22,81
445802,UTTAR PRADESH,23,160
445802,UTTAR PRADESH,24,130
445802,UTTAR PRADESH,25,214
445802,UTTAR PRADESH,26,111
445802,UTTAR PRADESH,27,124
445802,UTTAR PRADESH,28,261
445802,UTTAR PRADESH,29,79
445802,UTTAR PRADESH,30,238
445802,UTTAR PRADESH,31,395
445802,UTTAR PRADESH,32,465
445802,UTTAR PRADESH,33,71
445802,UTTAR PRADESH,34,132
445802,UTTAR PRADESH,35,100
445802,UTTAR PRADESH,36,48
445802,UTTAR PRADESH,37,369
445802,UTTAR PRADESH,38,113
445802,UTTAR PRADESH,39,61
445802,UTTAR PRADESH,40,54
445802,UTTAR PRADESH,41,331
445802,UTTAR PRADESH,42,31
445802,UTTAR PRADESH,43,180
445802,UTTAR PRADESH,44,306
445802,UTTAR PRADESH,45,95
445802,UTTAR PRADESH,46,137
445802,UTTAR PRADESH,3,48
445802,UTTAR PRADESH,200,49
445802,UTTAR PRADESH,154,50
445802,UTTAR PRADESH,352,51
445802,UTTAR PRADESH,117,52
445802,UTTAR PRADESH,141,53
445802,UTTAR PRADESH,113,54
445802,UTTAR PRADESH,165,55
445802,UTTAR PRADESH,67,56
445802,UTTAR PRADESH,35,57
445802,UTTAR PRADESH,58,58
445802,UTTAR PRADESH,111,59
445802,UTTAR PRADESH,373,60
445802,UTTAR PRADESH,61,72
445802,UTTAR PRADESH,62,700
445802,UTTAR PRADESH,63,314
445802,UTTAR PRADESH,64,26
445802,UTTAR PRADESH,65,107
445802,UTTAR PRADESH,66,245
445802,UTTAR PRADESH,67,202
445802,UTTAR PRADESH,68,86
445802,UTTAR PRADESH,69,438
445802,UTTAR PRADESH,70,237
445802,UTTAR PRADESH,71,50
445802,UTTAR PRADESH,72,101
445802,UTTAR PRADESH,73,617
445802,UTTAR PRADESH,74,137
445802,UTTAR PRADESH,75,315
445802,UTTAR PRADESH,76,202
445802,UTTAR PRADESH,77,105
445802,UTTAR PRADESH,78,24
445802,UTTAR PRADESH,79,317
445802,UTTAR PRADESH,80,63
445802,UTTAR PRADESH,81,77
445802,UTTAR PRADESH,82,284
445802,UTTAR PRADESH,83,102
445802,UTTAR PRADESH,84,291
445802,UTTAR PRADESH,85,291
445802,UTTAR PRADESH,86,36
445802,UTTAR PRADESH,87,136
445802,UTTAR PRADESH,88,144
445802,UTTAR PRADESH,89,156
445802,UTTAR PRADESH,90,95
445802,UTTAR PRADESH,91,332
445802,UTTAR PRADESH,92,96
445802,UTTAR PRADESH,93,495
445802,UTTAR PRADESH,94,90
445802,UTTAR PRADESH,95,180
445802,UTTAR PRADESH,96,286
445802,UTTAR PRADESH,97,243
445802,UTTAR PRADESH,98,41
445802,UTTAR PRADESH,99,414
445802,UTTAR PRADESH,100,93
445802,UTTAR PRADESH,101,397
445802,UTTAR PRADESH,102,59
445802,UTTAR PRADESH,103,206
445802,UTTAR PRADESH,104,91
445802,UTTAR PRADESH,105,73
445802,UTTAR PRADESH,106,209
445802,UTTAR PRADESH,107,367
445802,UTTAR PRADESH,108,193
445802,UTTAR PRADESH,109,132
445802,UTTAR PRADESH,110,445
445802,UTTAR PRADESH,111,294
445802,UTTAR PRADESH,112,520
445802,UTTAR PRADESH,113,96
445802,UTTAR PRADESH,114,650
445802,UTTAR PRADESH,115,321
445802,UTTAR PRADESH,116,310
445802,UTTAR PRADESH,117,42
445802,UTTAR PRADESH,118,670
445802,UTTAR PRADESH,119,53
445802,UTTAR PRADESH,120,65
445802,UTTAR PRADESH,121,400
445802,UTTAR PRADESH,122,177
445802,UTTAR PRADESH,123,42
445802,UTTAR PRADESH,124,127
445802,UTTAR PRADESH,125,141
445802,UTTAR PRADESH,126,485
445802,UTTAR PRADESH,127,165
445802,UTTAR PRADESH,128,60
445802,UTTAR PRADESH,129,111
445802,UTTAR PRADESH,130,128
445802,UTTAR PRADESH,131,493
445802,UTTAR PRADESH,132,112
445802,UTTAR PRADESH,133,199
445802,UTTAR PRADESH,134,86
445802,UTTAR PRADESH,135,90
445802,UTTAR PRADESH,136,510
445802,UTTAR PRADESH,137,139
445802,UTTAR PRADESH,138,46
445802,UTTAR PRADESH,139,232
445802,UTTAR PRADESH,140,166
445802,UTTAR PRADESH,141,173
445802,UTTAR PRADESH,142,55
445802,UTTAR PRADESH,143,107
445802,UTTAR PRADESH,144,112
445802,UTTAR PRADESH,145,385
445802,UTTAR PRADESH,146,265
445802,UTTAR PRADESH,147,180
445802,UTTAR PRADESH,148,62
445802,UTTAR PRADESH,149,135
445802,UTTAR PRADESH,150,100
445802,UTTAR PRADESH,151,100
445802,UTTAR PRADESH,152,158
445802,UTTAR PRADESH,153,510
445802,UTTAR PRADESH,154,86
445802,UTTAR PRADESH,155,123
445802,UTTAR PRADESH,156,113
445802,UTTAR PRADESH,157,116
445802,UTTAR PRADESH,158,99
445802,UTTAR PRADESH,159,89
445802,UTTAR PRADESH,160,93
445802,UTTAR PRADESH,161,18
445802,UTTAR PRADESH,162,132
445802,UTTAR PRADESH,163,27
445802,UTTAR PRADESH,164,224
445802,UTTAR PRADESH,165,112
445802,UTTAR PRADESH,166,116
445802,UTTAR PRADESH,167,283
445802,UTTAR PRADESH,168,375
445802,UTTAR PRADESH,169,90
445802,UTTAR PRADESH,170,222
445802,UTTAR PRADESH,171,66
445802,UTTAR PRADESH,172,40
445802,UTTAR PRADESH,173,28
445802,UTTAR PRADESH,174,357
445802,UTTAR PRADESH,175,92
445802,UTTAR PRADESH,176,126
445802,UTTAR PRADESH,177,105
445802,UTTAR PRADESH,178,105
445802,UTTAR PRADESH,179,142
445802,UTTAR PRADESH,180,164
445802,UTTAR PRADESH,181,373
445802,UTTAR PRADESH,182,72
445802,UTTAR PRADESH,183,128
445802,UTTAR PRADESH,184,446
445802,UTTAR PRADESH,185,24
445802,UTTAR PRADESH,186,332
445802,UTTAR PRADESH,187,72
445802,UTTAR PRADESH,188,105
445802,UTTAR PRADESH,189,125
445802,UTTAR PRADESH,190,95
445802,UTTAR PRADESH,191,456
445802,UTTAR PRADESH,192,99
445802,UTTAR PRADESH,193,415
445802,UTTAR PRADESH,194,122
445802,UTTAR PRADESH,195,32
445802,UTTAR PRADESH,196,80
445802,UTTAR PRADESH,197,67
445802,UTTAR PRADESH,198,121
445802,UTTAR PRADESH,199,269
445802,UTTAR PRADESH,200,70
445802,UTTAR PRADESH,201,648
445802,UTTAR PRADESH,202,91
445802,UTTAR PRADESH,203,81
445802,UTTAR PRADESH,204,73
445802,UTTAR PRADESH,205,50
445802,UTTAR PRADESH,206,26
445802,UTTAR PRADESH,207,399
445802,UTTAR PRADESH,208,115
445802,UTTAR PRADESH,209,199
445802,UTTAR PRADESH,210,164
445802,UTTAR PRADESH,211,303
445802,UTTAR PRADESH,212,141
445802,UTTAR PRADESH,213,350
445802,UTTAR PRADESH,214,70
445802,UTTAR PRADESH,215,227
445802,UTTAR PRADESH,216,110
445802,UTTAR PRADESH,217,409
445802,UTTAR PRADESH,218,229
445802,UTTAR PRADESH,219,313
445802,UTTAR PRADESH,220,110
445802,UTTAR PRADESH,221,370
445802,UTTAR PRADESH,222,229
445802,UTTAR PRADESH,223,515
445802,UTTAR PRADESH,224,528
445802,UTTAR PRADESH,225,52
445802,UTTAR PRADESH,226,84
445802,UTTAR PRADESH,227,84
445802,UTTAR PRADESH,228,253
445802,UTTAR PRADESH,229,184
445802,UTTAR PRADESH,230,224
445802,UTTAR PRADESH,231,287
445802,UTTAR PRADESH,232,130
445802,UTTAR PRADESH,233,423
445802,UTTAR PRADESH,234,605
445802,UTTAR PRADESH,235,601
445802,UTTAR PRADESH,236,43
445802,UTTAR PRADESH,237,125
445802,UTTAR PRADESH,238,155
445802,UTTAR PRADESH,239,339
445802,UTTAR PRADESH,240,128
445802,UTTAR PRADESH,241,71
445802,UTTAR PRADESH,242,450
445802,UTTAR PRADESH,243,184
445802,UTTAR PRADESH,244,62
445802,UTTAR PRADESH,245,105
445802,UTTAR PRADESH,246,72
445802,UTTAR PRADESH,247,10
445802,UTTAR PRADESH,248,489
445802,UTTAR PRADESH,249,424
445802,UTTAR PRADESH,250,137
445802,UTTAR PRADESH,251,69
445802,UTTAR PRADESH,252,139
445802,UTTAR PRADESH,253,229
445802,UTTAR PRADESH,254,221
445802,UTTAR PRADESH,255,78
445802,UTTAR PRADESH,256,366
445802,UTTAR PRADESH,257,124
445802,UTTAR PRADESH,258,83
445802,UTTAR PRADESH,259,651
445802,UTTAR PRADESH,260,202
445802,UTTAR PRADESH,261,566
445802,UTTAR PRADESH,262,131
445802,UTTAR PRADESH,263,251
445802,UTTAR PRADESH,264,266
445802,UTTAR PRADESH,265,64
445802,UTTAR PRADESH,266,336
445802,UTTAR PRADESH,267,177
445802,UTTAR PRADESH,268,123
445802,UTTAR PRADESH,269,38
445802,UTTAR PRADESH,270,148
445802,UTTAR PRADESH,271,125
445802,UTTAR PRADESH,272,242
445802,UTTAR PRADESH,273,284
445802,UTTAR PRADESH,274,342
445802,UTTAR PRADESH,275,125
445802,UTTAR PRADESH,276,205
445802,UTTAR PRADESH,277,223
445802,UTTAR PRADESH,278,83
445802,UTTAR PRADESH,279,90
445802,UTTAR PRADESH,280,85
445802,UTTAR PRADESH,281,238
445802,UTTAR PRADESH,282,180
445802,UTTAR PRADESH,283,245
445802,UTTAR PRADESH,284,78
445802,UTTAR PRADESH,285,100
445802,UTTAR PRADESH,286,99
445802,UTTAR PRADESH,287,23
445802,UTTAR PRADESH,288,291
445802,UTTAR PRADESH,289,127
445802,UTTAR PRADESH,290,412
445802,UTTAR PRADESH,291,57
445802,UTTAR PRADESH,292,153
445802,UTTAR PRADESH,293,662
445802,UTTAR PRADESH,294,67
445802,UTTAR PRADESH,295,125
445802,UTTAR PRADESH,296,279
445802,UTTAR PRADESH,297,395
445802,UTTAR PRADESH,298,256
445802,UTTAR PRADESH,299,590
445802,UTTAR PRADESH,300,7
445802,UTTAR PRADESH,301,87
445802,UTTAR PRADESH,302,192
445802,UTTAR PRADESH,303,37
445802,UTTAR PRADESH,304,30
445802,UTTAR PRADESH,305,286
445802,UTTAR PRADESH,306,303
445802,UTTAR PRADESH,307,70
445802,UTTAR PRADESH,308,27
445802,UTTAR PRADESH,309,197
445802,UTTAR PRADESH,310,658
445802,UTTAR PRADESH,311,155
445802,UTTAR PRADESH,312,54
445802,UTTAR PRADESH,313,72
445802,UTTAR PRADESH,314,105
445802,UTTAR PRADESH,315,452
445802,UTTAR PRADESH,316,95
445802,UTTAR PRADESH,317,100
445802,UTTAR PRADESH,318,53
445802,UTTAR PRADESH,319,520
445802,UTTAR PRADESH,320,244
445802,UTTAR PRADESH,321,140
445802,UTTAR PRADESH,322,436
445802,UTTAR PRADESH,323,250
445802,UTTAR PRADESH,324,177
445802,UTTAR PRADESH,325,265
445802,UTTAR PRADESH,326,523
445802,UTTAR PRADESH,327,580
445802,UTTAR PRADESH,328,516
445802,UTTAR PRADESH,329,389
445802,UTTAR PRADESH,330,141
445802,UTTAR PRADESH,331,308
445802,UTTAR PRADESH,332,370
445802,UTTAR PRADESH,333,170
445802,UTTAR PRADESH,334,102
445802,UTTAR PRADESH,335,230
445802,UTTAR PRADESH,336,378
445802,UTTAR PRADESH,337,353
445802,UTTAR PRADESH,338,670
445802,UTTAR PRADESH,339,115
445802,UTTAR PRADESH,340,138
445802,UTTAR PRADESH,341,139
445802,UTTAR PRADESH,342,40
445802,UTTAR PRADESH,343,110
445802,UTTAR PRADESH,344,77
445802,UTTAR PRADESH,345,169
445802,UTTAR PRADESH,346,176
445802,UTTAR PRADESH,347,74
445802,UTTAR PRADESH,348,50
445802,UTTAR PRADESH,349,39
445802,UTTAR PRADESH,350,130
445802,UTTAR PRADESH,351,105
445802,UTTAR PRADESH,352,236
445802,UTTAR PRADESH,353,30
445802,UTTAR PRADESH,354,142
445802,UTTAR PRADESH,355,160
445802,UTTAR PRADESH,356,20
445802,UTTAR PRADESH,357,120
445802,UTTAR PRADESH,358,298
445802,UTTAR PRADESH,359,144
445802,UTTAR PRADESH,360,275
445802,UTTAR PRADESH,361,136
445802,UTTAR PRADESH,362,87
445802,UTTAR PRADESH,363,190
445802,UTTAR PRADESH,364,380
445802,UTTAR PRADESH,365,143
445802,UTTAR PRADESH,366,102
445802,UTTAR PRADESH,367,358
445802,UTTAR PRADESH,368,175
445802,UTTAR PRADESH,369,247
445802,UTTAR PRADESH,370,118
445802,UTTAR PRADESH,371,665
445802,UTTAR PRADESH,372,283
445802,UTTAR PRADESH,373,90
445802,UTTAR PRADESH,374,229
445802,UTTAR PRADESH,375,177
445802,UTTAR PRADESH,376,345
445802,UTTAR PRADESH,377,190
445802,UTTAR PRADESH,378,150
445802,UTTAR PRADESH,379,106
445802,UTTAR PRADESH,380,351
445802,UTTAR PRADESH,381,103
445802,UTTAR PRADESH,382,45
445802,UTTAR PRADESH,383,312
445802,UTTAR PRADESH,384,160
445802,UTTAR PRADESH,385,125
445802,UTTAR PRADESH,386,622
445802,UTTAR PRADESH,387,395
445802,UTTAR PRADESH,388,254
445802,UTTAR PRADESH,389,121
445802,UTTAR PRADESH,390,495
445802,UTTAR PRADESH,391,30
445802,UTTAR PRADESH,392,246
445802,UTTAR PRADESH,393,155
445802,UTTAR PRADESH,394,36
445802,UTTAR PRADESH,395,399
445802,UTTAR PRADESH,396,74
445802,UTTAR PRADESH,397,497
445802,UTTAR PRADESH,398,60
445802,UTTAR PRADESH,399,75
445802,UTTAR PRADESH,400,91
445802,UTTAR PRADESH,401,545
445802,UTTAR PRADESH,402,265
445802,UTTAR PRADESH,403,86
445802,UTTAR PRADESH,404,75
445802,UTTAR PRADESH,405,203
445802,UTTAR PRADESH,406,25
445802,UTTAR PRADESH,407,180
445802,UTTAR PRADESH,408,90
445802,UTTAR PRADESH,409,487
445802,UTTAR PRADESH,410,418
445802,UTTAR PRADESH,411,49
445802,UTTAR PRADESH,412,72
445802,UTTAR PRADESH,413,486
445802,UTTAR PRADESH,414,134
445802,UTTAR PRADESH,415,179
445802,UTTAR PRADESH,416,141
445802,UTTAR PRADESH,417,450
445802,UTTAR PRADESH,418,276
445802,UTTAR PRADESH,419,8
445802,UTTAR PRADESH,420,513
445802,UTTAR PRADESH,421,68
445802,UTTAR PRADESH,422,157
445802,UTTAR PRADESH,423,582
445802,UTTAR PRADESH,424,200
445802,UTTAR PRADESH,425,557
445802,UTTAR PRADESH,426,123
445802,UTTAR PRADESH,427,10
445802,UTTAR PRADESH,428,308
445802,UTTAR PRADESH,429,226
445802,UTTAR PRADESH,430,66
445802,UTTAR PRADESH,431,430
445802,UTTAR PRADESH,432,168
445802,UTTAR PRADESH,433,110
445802,UTTAR PRADESH,434,183
445802,UTTAR PRADESH,435,93
445802,UTTAR PRADESH,436,544
445802,UTTAR PRADESH,437,359
445802,UTTAR PRADESH,438,234
445802,UTTAR PRADESH,439,353
445802,UTTAR PRADESH,440,80
445802,UTTAR PRADESH,441,76
445802,UTTAR PRADESH,442,385
445802,UTTAR PRADESH,443,94
445802,UTTAR PRADESH,444,45
445802,UTTAR PRADESH,445,112
445802,UTTAR PRADESH,446,31
445802,UTTAR PRADESH,447,50
445802,UTTAR PRADESH,448,189
445802,UTTAR PRADESH,449,125
445802,UTTAR PRADESH,450,313
445802,UTTAR PRADESH,451,81
445802,UTTAR PRADESH,452,273
445802,UTTAR PRADESH,453,204
445802,UTTAR PRADESH,454,80
445802,UTTAR PRADESH,455,54
445802,UTTAR PRADESH,456,270
445802,UTTAR PRADESH,457,106
445802,UTTAR PRADESH,458,132
445802,UTTAR PRADESH,459,269
445802,UTTAR PRADESH,460,86
445802,UTTAR PRADESH,461,117
445802,UTTAR PRADESH,462,578
445802,UTTAR PRADESH,463,126
445802,UTTAR PRADESH,464,571
445802,UTTAR PRADESH,465,97
445802,UTTAR PRADESH,466,354
445802,UTTAR PRADESH,467,181
445802,UTTAR PRADESH,468,99
445802,UTTAR PRADESH,469,92
445802,UTTAR PRADESH,470,561
445802,UTTAR PRADESH,471,76
445802,UTTAR PRADESH,472,95
445802,UTTAR PRADESH,473,637
445802,UTTAR PRADESH,474,162
445802,UTTAR PRADESH,475,157
445802,UTTAR PRADESH,476,418
445802,UTTAR PRADESH,477,39
445802,UTTAR PRADESH,478,18
445802,UTTAR PRADESH,479,500
445802,UTTAR PRADESH,480,98
445802,UTTAR PRADESH,481,58
445802,UTTAR PRADESH,482,348
445802,UTTAR PRADESH,483,263
445802,UTTAR PRADESH,484,331
445802,UTTAR PRADESH,485,90
445802,UTTAR PRADESH,486,201
445802,UTTAR PRADESH,487,254
445802,UTTAR PRADESH,488,436
445802,UTTAR PRADESH,489,195
445802,UTTAR PRADESH,490,300
