Center Number,State Name,Srl No,Marks
450201,UTTARAKHAND,1,282
450201,UTTARAKHAND,2,160
450201,UTTARAKHAND,3,465
450201,UTTARAKHAND,4,534
450201,UTTARAKHAND,5,40
450201,UTTARAKHAND,6,77
450201,UTTARAKHAND,7,677
450201,UTTARAKHAND,8,90
450201,UTTARAKHAND,9,44
450201,UTTARAKHAND,10,595
450201,UTTARAKHAND,11,449
450201,UTTARAKHAND,12,260
450201,UTTARAKHAND,13,271
450201,UTTARAKHAND,14,600
450201,UTTARAKHAND,15,366
450201,UTTARAKHAND,16,630
450201,UTTARAKHAND,17,171
450201,UTTARAKHAND,18,80
450201,UTTARAKHAND,19,10
450201,UTTARAKHAND,20,264
450201,UTTARAKHAND,21,235
450201,UTTARAKHAND,22,495
450201,UTTARAKHAND,23,101
450201,UTTARAKHAND,24,77
450201,UTTARAKHAND,25,109
450201,UTTARAKHAND,26,317
450201,UTTARAKHAND,27,73
450201,UTTARAKHAND,28,244
450201,UTTARAKHAND,29,91
450201,UTTARAKHAND,30,185
450201,UTTARAKHAND,31,220
450201,UTTARAKHAND,32,65
450201,UTTARAKHAND,33,232
450201,UTTARAKHAND,34,176
450201,UTTARAKHAND,35,82
450201,UTTARAKHAND,36,239
450201,UTTARAKHAND,37,125
450201,UTTARAKHAND,38,349
450201,UTTARAKHAND,39,154
450201,UTTARAKHAND,40,21
450201,UTTARAKHAND,41,49
450201,UTTARAKHAND,42,41
450201,UTTARAKHAND,43,237
450201,UTTARAKHAND,44,430
450201,UTTARAKHAND,45,65
450201,UTTARAKHAND,46,146
450201,UTTARAKHAND,47,131
450201,UTTARAKHAND,48,504
450201,UTTARAKHAND,49,235
450201,UTTARAKHAND,50,231
450201,UTTARAKHAND,51,334
450201,UTTARAKHAND,52,161
450201,UTTARAKHAND,53,265
450201,UTTARAKHAND,54,264
450201,UTTARAKHAND,55,333
450201,UTTARAKHAND,56,321
450201,UTTARAKHAND,57,87
450201,UTTARAKHAND,58,571
450201,UTTARAKHAND,59,522
450201,UTTARAKHAND,60,170
450201,UTTARAKHAND,61,163
450201,UTTARAKHAND,62,41
450201,UTTARAKHAND,63,170
450201,UTTARAKHAND,64,159
450201,UTTARAKHAND,65,154
450201,UTTARAKHAND,66,385
450201,UTTARAKHAND,67,60
450201,UTTARAKHAND,68,101
450201,UTTARAKHAND,69,298
450201,UTTARAKHAND,70,568
450201,UTTARAKHAND,71,94
450201,UTTARAKHAND,72,65
450201,UTTARAKHAND,73,121
450201,UTTARAKHAND,74,237
450201,UTTARAKHAND,75,621
450201,UTTARAKHAND,76,491
450201,UTTARAKHAND,77,196
450201,UTTARAKHAND,78,82
450201,UTTARAKHAND,79,532
450201,UTTARAKHAND,80,642
450201,UTTARAKHAND,81,636
450201,UTTARAKHAND,82,51
450201,UTTARAKHAND,83,115
450201,UTTARAKHAND,84,128
450201,UTTARAKHAND,85,129
450201,UTTARAKHAND,86,47
450201,UTTARAKHAND,87,273
450201,UTTARAKHAND,88,183
450201,UTTARAKHAND,89,79
450201,UTTARAKHAND,90,193
450201,UTTARAKHAND,91,270
450201,UTTARAKHAND,92,639
450201,UTTARAKHAND,93,388
450201,UTTARAKHAND,94,65
450201,UTTARAKHAND,95,78
450201,UTTARAKHAND,96,147
450201,UTTARAKHAND,97,413
450201,UTTARAKHAND,98,312
450201,UTTARAKHAND,99,159
450201,UTTARAKHAND,100,231
450201,UTTARAKHAND,101,123
450201,UTTARAKHAND,102,627
450201,UTTARAKHAND,103,89
450201,UTTARAKHAND,104,375
450201,UTTARAKHAND,105,400
450201,UTTARAKHAND,106,122
450201,UTTARAKHAND,107,327
450201,UTTARAKHAND,108,88
450201,UTTARAKHAND,109,414
450201,UTTARAKHAND,110,385
450201,UTTARAKHAND,111,587
450201,UTTARAKHAND,112,179
450201,UTTARAKHAND,113,246
450201,UTTARAKHAND,114,105
450201,UTTARAKHAND,115,173
450201,UTTARAKHAND,116,432
450201,UTTARAKHAND,117,287
450201,UTTARAKHAND,118,324
450201,UTTARAKHAND,119,59
450201,UTTARAKHAND,120,51
450201,UTTARAKHAND,121,134
450201,UTTARAKHAND,122,450
450201,UTTARAKHAND,123,140
450201,UTTARAKHAND,124,104
450201,UTTARAKHAND,125,499
450201,UTTARAKHAND,126,251
450201,UTTARAKHAND,127,88
450201,UTTARAKHAND,128,534
450201,UTTARAKHAND,129,92
450201,UTTARAKHAND,130,491
450201,UTTARAKHAND,131,327
450201,UTTARAKHAND,132,365
450201,UTTARAKHAND,133,666
450201,UTTARAKHAND,134,141
450201,UTTARAKHAND,135,181
450201,UTTARAKHAND,136,85
450201,UTTARAKHAND,137,118
450201,UTTARAKHAND,138,61
450201,UTTARAKHAND,139,242
450201,UTTARAKHAND,140,381
450201,UTTARAKHAND,141,302
450201,UTTARAKHAND,142,615
450201,UTTARAKHAND,143,328
450201,UTTARAKHAND,144,305
450201,UTTARAKHAND,145,158
450201,UTTARAKHAND,146,370
450201,UTTARAKHAND,147,314
450201,UTTARAKHAND,148,164
450201,UTTARAKHAND,149,468
450201,UTTARAKHAND,150,158
450201,UTTARAKHAND,151,99
450201,UTTARAKHAND,152,161
450201,UTTARAKHAND,153,134
450201,UTTARAKHAND,154,134
450201,UTTARAKHAND,155,238
450201,UTTARAKHAND,156,212
450201,UTTARAKHAND,157,74
450201,UTTARAKHAND,158,115
450201,UTTARAKHAND,159,426
450201,UTTARAKHAND,160,619
450201,UTTARAKHAND,161,147
450201,UTTARAKHAND,162,209
450201,UTTARAKHAND,163,394
450201,UTTARAKHAND,164,260
450201,UTTARAKHAND,165,74
450201,UTTARAKHAND,166,421
450201,UTTARAKHAND,167,109
450201,UTTARAKHAND,168,514
450201,UTTARAKHAND,169,128
450201,UTTARAKHAND,170,193
450201,UTTARAKHAND,171,92
450201,UTTARAKHAND,172,225
450201,UTTARAKHAND,173,337
450201,UTTARAKHAND,174,144
450201,UTTARAKHAND,175,216
450201,UTTARAKHAND,176,544
450201,UTTARAKHAND,177,192
450201,UTTARAKHAND,178,107
450201,UTTARAKHAND,179,113
450201,UTTARAKHAND,180,50
450201,UTTARAKHAND,181,230
450201,UTTARAKHAND,182,603
450201,UTTARAKHAND,183,130
450201,UTTARAKHAND,184,84
450201,UTTARAKHAND,185,355
450201,UTTARAKHAND,186,157
450201,UTTARAKHAND,187,120
450201,UTTARAKHAND,188,149
450201,UTTARAKHAND,189,140
450201,UTTARAKHAND,190,466
450201,UTTARAKHAND,191,214
450201,UTTARAKHAND,192,349
450201,UTTARAKHAND,193,239
450201,UTTARAKHAND,194,229
450201,UTTARAKHAND,195,229
450201,UTTARAKHAND,196,193
450201,UTTARAKHAND,197,25
450201,UTTARAKHAND,198,57
450201,UTTARAKHAND,199,127
450201,UTTARAKHAND,200,80
450201,UTTARAKHAND,201,395
450201,UTTARAKHAND,202,93
450201,UTTARAKHAND,203,131
450201,UTTARAKHAND,204,531
450201,UTTARAKHAND,205,209
450201,UTTARAKHAND,206,145
450201,UTTARAKHAND,207,199
450201,UTTARAKHAND,208,458
450201,UTTARAKHAND,209,412
450201,UTTARAKHAND,210,179
450201,UTTARAKHAND,211,75
450201,UTTARAKHAND,212,161
450201,UTTARAKHAND,213,187
450201,UTTARAKHAND,214,52
450201,UTTARAKHAND,215,295
450201,UTTARAKHAND,216,449
450201,UTTARAKHAND,217,202
450201,UTTARAKHAND,218,288
450201,UTTARAKHAND,219,211
450201,UTTARAKHAND,220,55
450201,UTTARAKHAND,221,115
450201,UTTARAKHAND,222,308
450201,UTTARAKHAND,223,75
450201,UTTARAKHAND,224,140
450201,UTTARAKHAND,225,293
450201,UTTARAKHAND,226,584
450201,UTTARAKHAND,227,235
450201,UTTARAKHAND,228,508
450201,UTTARAKHAND,229,154
450201,UTTARAKHAND,230,73
450201,UTTARAKHAND,231,103
450201,UTTARAKHAND,232,123
450201,UTTARAKHAND,233,558
450201,UTTARAKHAND,234,580
450201,UTTARAKHAND,235,353
450201,UTTARAKHAND,236,379
450201,UTTARAKHAND,237,401
450201,UTTARAKHAND,238,174
450201,UTTARAKHAND,239,422
450201,UTTARAKHAND,240,211
450201,UTTARAKHAND,241,52
450201,UTTARAKHAND,242,295
450201,UTTARAKHAND,243,280
450201,UTTARAKHAND,244,279
450201,UTTARAKHAND,245,100
450201,UTTARAKHAND,246,97
450201,UTTARAKHAND,247,234
450201,UTTARAKHAND,248,340
450201,UTTARAKHAND,249,568
450201,UTTARAKHAND,250,312
450201,UTTARAKHAND,251,50
450201,UTTARAKHAND,252,552
450201,UTTARAKHAND,253,158
450201,UTTARAKHAND,254,179
450201,UTTARAKHAND,255,28
450201,UTTARAKHAND,256,27
450201,UTTARAKHAND,257,99
450201,UTTARAKHAND,258,374
450201,UTTARAKHAND,259,165
450201,UTTARAKHAND,260,236
450201,UTTARAKHAND,261,105
450201,UTTARAKHAND,262,23
450201,UTTARAKHAND,263,221
450201,UTTARAKHAND,264,145
450201,UTTARAKHAND,265,159
450201,UTTARAKHAND,266,275
450201,UTTARAKHAND,267,369
450201,UTTARAKHAND,268,61
450201,UTTARAKHAND,269,624
450201,UTTARAKHAND,270,170
450201,UTTARAKHAND,271,151
450201,UTTARAKHAND,272,243
450201,UTTARAKHAND,273,414
450201,UTTARAKHAND,274,289
450201,UTTARAKHAND,275,28
450201,UTTARAKHAND,276,522
450201,UTTARAKHAND,277,177
450201,UTTARAKHAND,278,651
450201,UTTARAKHAND,279,130
450201,UTTARAKHAND,280,299
450201,UTTARAKHAND,281,87
450201,UTTARAKHAND,282,393
450201,UTTARAKHAND,283,209
450201,UTTARAKHAND,284,246
450201,UTTARAKHAND,285,169
450201,UTTARAKHAND,286,321
450201,UTTARAKHAND,287,60
450201,UTTARAKHAND,288,489
450201,UTTARAKHAND,289,366
450201,UTTARAKHAND,290,121
450201,UTTARAKHAND,291,609
450201,UTTARAKHAND,292,117
450201,UTTARAKHAND,293,158
450201,UTTARAKHAND,294,235
450201,UTTARAKHAND,295,226
450201,UTTARAKHAND,296,299
450201,UTTARAKHAND,297,317
450201,UTTARAKHAND,298,182
450201,UTTARAKHAND,299,385
450201,UTTARAKHAND,300,173
450201,UTTARAKHAND,301,494
450201,UTTARAKHAND,302,182
450201,UTTARAKHAND,303,221
450201,UTTARAKHAND,304,262
450201,UTTARAKHAND,305,45
450201,UTTARAKHAND,306,365
450201,UTTARAKHAND,307,278
450201,UTTARAKHAND,308,197
450201,UTTARAKHAND,309,317
450201,UTTARAKHAND,310,103
450201,UTTARAKHAND,311,407
450201,UTTARAKHAND,312,220
450201,UTTARAKHAND,313,22
450201,UTTARAKHAND,314,398
450201,UTTARAKHAND,315,356
450201,UTTARAKHAND,316,599
450201,UTTARAKHAND,317,441
450201,UTTARAKHAND,318,178
450201,UTTARAKHAND,319,419
450201,UTTARAKHAND,320,75
450201,UTTARAKHAND,321,720
450201,UTTARAKHAND,322,395
450201,UTTARAKHAND,323,282
450201,UTTARAKHAND,324,394
450201,UTTARAKHAND,325,174
450201,UTTARAKHAND,326,354
450201,UTTARAKHAND,327,67
450201,UTTARAKHAND,328,402
450201,UTTARAKHAND,329,109
450201,UTTARAKHAND,330,172
450201,UTTARAKHAND,331,217
450201,UTTARAKHAND,332,161
450201,UTTARAKHAND,333,315
450201,UTTARAKHAND,334,191
450201,UTTARAKHAND,335,309
450201,UTTARAKHAND,336,65
450201,UTTARAKHAND,337,681
450201,UTTARAKHAND,338,561
450201,UTTARAKHAND,339,468
450201,UTTARAKHAND,340,623
450201,UTTARAKHAND,341,175
450201,UTTARAKHAND,342,61
450201,UTTARAKHAND,343,476
450201,UTTARAKHAND,344,95
450201,UTTARAKHAND,345,229
450201,UTTARAKHAND,346,472
450201,UTTARAKHAND,347,352
450201,UTTARAKHAND,348,379
450201,UTTARAKHAND,349,145
450201,UTTARAKHAND,350,379
450201,UTTARAKHAND,351,616
450201,UTTARAKHAND,352,601
450201,UTTARAKHAND,353,114
450201,UTTARAKHAND,354,35
450201,UTTARAKHAND,355,174
450201,UTTARAKHAND,356,391
450201,UTTARAKHAND,357,87
450201,UTTARAKHAND,358,190
450201,UTTARAKHAND,14,360
450201,UTTARAKHAND,361,105
450201,UTTARAKHAND,362,221
450201,UTTARAKHAND,363,74
450201,UTTARAKHAND,364,581
450201,UTTARAKHAND,365,130
450201,UTTARAKHAND,366,153
450201,UTTARAKHAND,367,119
450201,UTTARAKHAND,368,130
450201,UTTARAKHAND,369,274
450201,UTTARAKHAND,370,108
450201,UTTARAKHAND,371,192
450201,UTTARAKHAND,372,221
450201,UTTARAKHAND,373,261
450201,UTTARAKHAND,374,234
450201,UTTARAKHAND,375,48
450201,UTTARAKHAND,376,223
450201,UTTARAKHAND,377,229
450201,UTTARAKHAND,378,266
450201,UTTARAKHAND,379,459
450201,UTTARAKHAND,380,90
450201,UTTARAKHAND,381,82
450201,UTTARAKHAND,382,680
450201,UTTARAKHAND,383,337
450201,UTTARAKHAND,384,327
450201,UTTARAKHAND,385,71
450201,UTTARAKHAND,386,93
450201,UTTARAKHAND,387,159
450201,UTTARAKHAND,388,455
450201,UTTARAKHAND,389,156
450201,UTTARAKHAND,390,200
450201,UTTARAKHAND,391,101
450201,UTTARAKHAND,392,567
450201,UTTARAKHAND,393,41
450201,UTTARAKHAND,394,128
450201,UTTARAKHAND,395,55
450201,UTTARAKHAND,396,203
450201,UTTARAKHAND,397,85
450201,UTTARAKHAND,398,80
450201,UTTARAKHAND,399,112
450201,UTTARAKHAND,400,94
450201,UTTARAKHAND,401,93
450201,UTTARAKHAND,402,125
450201,UTTARAKHAND,403,101
450201,UTTARAKHAND,404,92
450201,UTTARAKHAND,405,448
450201,UTTARAKHAND,406,75
450201,UTTARAKHAND,407,561
450201,UTTARAKHAND,408,87
450201,UTTARAKHAND,409,336
450201,UTTARAKHAND,410,202
450201,UTTARAKHAND,411,393
450201,UTTARAKHAND,412,149
450201,UTTARAKHAND,413,445
450201,UTTARAKHAND,414,160
450201,UTTARAKHAND,415,273
450201,UTTARAKHAND,416,213
450201,UTTARAKHAND,417,136
450201,UTTARAKHAND,418,256
450201,UTTARAKHAND,419,235
450201,UTTARAKHAND,420,291
450201,UTTARAKHAND,421,58
450201,UTTARAKHAND,422,50
450201,UTTARAKHAND,423,149
450201,UTTARAKHAND,424,64
450201,UTTARAKHAND,425,58
450201,UTTARAKHAND,426,218
450201,UTTARAKHAND,427,81
450201,UTTARAKHAND,428,117
450201,UTTARAKHAND,429,542
450201,UTTARAKHAND,430,127
450201,UTTARAKHAND,431,506
450201,UTTARAKHAND,432,97
450201,UTTARAKHAND,433,201
450201,UTTARAKHAND,434,35
450201,UTTARAKHAND,435,335
450201,UTTARAKHAND,436,383
450201,UTTARAKHAND,437,143
450201,UTTARAKHAND,438,131
450201,UTTARAKHAND,439,183
450201,UTTARAKHAND,440,132
450201,UTTARAKHAND,441,50
450201,UTTARAKHAND,442,521
450201,UTTARAKHAND,443,195
450201,UTTARAKHAND,444,308
450201,UTTARAKHAND,445,69
450201,UTTARAKHAND,446,332
450201,UTTARAKHAND,447,283
450201,UTTARAKHAND,448,385
450201,UTTARAKHAND,449,244
450201,UTTARAKHAND,450,110
450201,UTTARAKHAND,451,80
450201,UTTARAKHAND,452,460
450201,UTTARAKHAND,453,221
450201,UTTARAKHAND,454,605
450201,UTTARAKHAND,455,185
450201,UTTARAKHAND,456,229
450201,UTTARAKHAND,457,89
450201,UTTARAKHAND,458,65
450201,UTTARAKHAND,459,134
450201,UTTARAKHAND,460,80
450201,UTTARAKHAND,461,137
450201,UTTARAKHAND,462,85
450201,UTTARAKHAND,463,214
450201,UTTARAKHAND,464,41
450201,UTTARAKHAND,465,465
450201,UTTARAKHAND,466,357
450201,UTTARAKHAND,467,273
450201,UTTARAKHAND,468,366
450201,UTTARAKHAND,469,269
450201,UTTARAKHAND,470,216
450201,UTTARAKHAND,471,602
450201,UTTARAKHAND,472,93
450201,UTTARAKHAND,473,85
450201,UTTARAKHAND,474,103
450201,UTTARAKHAND,475,566
450201,UTTARAKHAND,476,232
450201,UTTARAKHAND,477,177
450201,UTTARAKHAND,478,148
450201,UTTARAKHAND,479,384
450201,UTTARAKHAND,480,162
450201,UTTARAKHAND,481,119
450201,UTTARAKHAND,482,172
450201,UTTARAKHAND,483,205
450201,UTTARAKHAND,484,141
450201,UTTARAKHAND,485,290
450201,UTTARAKHAND,486,400
450201,UTTARAKHAND,487,132
450201,UTTARAKHAND,488,75
450201,UTTARAKHAND,489,149
450201,UTTARAKHAND,490,186
450201,UTTARAKHAND,491,376
450201,UTTARAKHAND,492,175
450201,UTTARAKHAND,493,167
450201,UTTARAKHAND,494,660
450201,UTTARAKHAND,495,305
450201,UTTARAKHAND,496,368
450201,UTTARAKHAND,497,664
450201,UTTARAKHAND,498,163
450201,UTTARAKHAND,499,196
450201,UTTARAKHAND,500,278
450201,UTTARAKHAND,501,121
450201,UTTARAKHAND,502,573
450201,UTTARAKHAND,503,192
450201,UTTARAKHAND,504,481
450201,UTTARAKHAND,505,249
450201,UTTARAKHAND,506,59
450201,UTTARAKHAND,507,166
450201,UTTARAKHAND,508,86
450201,UTTARAKHAND,509,555
450201,UTTARAKHAND,510,252
450201,UTTARAKHAND,511,138
450201,UTTARAKHAND,512,633
450201,UTTARAKHAND,513,91
450201,UTTARAKHAND,514,194
450201,UTTARAKHAND,515,88
450201,UTTARAKHAND,516,166
450201,UTTARAKHAND,517,135
450201,UTTARAKHAND,518,155
450201,UTTARAKHAND,519,65
450201,UTTARAKHAND,520,25
450201,UTTARAKHAND,521,331
450201,UTTARAKHAND,522,131
450201,UTTARAKHAND,523,305
450201,UTTARAKHAND,524,131
450201,UTTARAKHAND,525,474
450201,UTTARAKHAND,526,372
450201,UTTARAKHAND,527,45
450201,UTTARAKHAND,528,656
450201,UTTARAKHAND,529,35
450201,UTTARAKHAND,530,166
450201,UTTARAKHAND,531,246
450201,UTTARAKHAND,532,162
450201,UTTARAKHAND,533,343
450201,UTTARAKHAND,534,434
450201,UTTARAKHAND,535,103
450201,UTTARAKHAND,536,156
450201,UTTARAKHAND,537,547
450201,UTTARAKHAND,538,177
450201,UTTARAKHAND,539,166
450201,UTTARAKHAND,540,64
450201,UTTARAKHAND,541,595
450201,UTTARAKHAND,542,587
450201,UTTARAKHAND,543,302
450201,UTTARAKHAND,544,230
450201,UTTARAKHAND,545,286
450201,UTTARAKHAND,546,157
450201,UTTARAKHAND,547,25
450201,UTTARAKHAND,548,157
450201,UTTARAKHAND,549,528
450201,UTTARAKHAND,550,209
450201,UTTARAKHAND,551,464
450201,UTTARAKHAND,552,268
450201,UTTARAKHAND,553,67
450201,UTTARAKHAND,554,80
450201,UTTARAKHAND,555,174
450201,UTTARAKHAND,556,132
450201,UTTARAKHAND,557,633
450201,UTTARAKHAND,558,152
450201,UTTARAKHAND,559,82
450201,UTTARAKHAND,560,610
450201,UTTARAKHAND,561,547
450201,UTTARAKHAND,562,164
450201,UTTARAKHAND,563,148
450201,UTTARAKHAND,564,94
450201,UTTARAKHAND,565,127
450201,UTTARAKHAND,566,57
450201,UTTARAKHAND,567,267
450201,UTTARAKHAND,568,547
450201,UTTARAKHAND,569,220
450201,UTTARAKHAND,570,455
450201,UTTARAKHAND,571,164
450201,UTTARAKHAND,572,80
450201,UTTARAKHAND,573,545
450201,UTTARAKHAND,574,100
450201,UTTARAKHAND,575,433
450201,UTTARAKHAND,576,118
450201,UTTARAKHAND,577,390
450201,UTTARAKHAND,578,64
450201,UTTARAKHAND,579,72
450201,UTTARAKHAND,580,70
450201,UTTARAKHAND,581,61
450201,UTTARAKHAND,582,313
450201,UTTARAKHAND,583,184
450201,UTTARAKHAND,584,526
450201,UTTARAKHAND,585,101
450201,UTTARAKHAND,586,364
450201,UTTARAKHAND,587,403
450201,UTTARAKHAND,588,113
450201,UTTARAKHAND,589,118
450201,UTTARAKHAND,590,45
450201,UTTARAKHAND,591,160
450201,UTTARAKHAND,592,420
450201,UTTARAKHAND,593,255
450201,UTTARAKHAND,594,104
450201,UTTARAKHAND,595,85
450201,UTTARAKHAND,596,157
450201,UTTARAKHAND,597,14
450201,UTTARAKHAND,598,399
450201,UTTARAKHAND,599,315
450201,UTTARAKHAND,600,618
450201,UTTARAKHAND,601,145
450201,UTTARAKHAND,602,242
450201,UTTARAKHAND,603,628
450201,UTTARAKHAND,604,238
450201,UTTARAKHAND,605,485
450201,UTTARAKHAND,606,426
450201,UTTARAKHAND,607,212
450201,UTTARAKHAND,608,165
450201,UTTARAKHAND,609,250
450201,UTTARAKHAND,610,100
450201,UTTARAKHAND,611,344
450201,UTTARAKHAND,612,80
450201,UTTARAKHAND,613,133
450201,UTTARAKHAND,614,695
450201,UTTARAKHAND,615,35
450201,UTTARAKHAND,616,200
450201,UTTARAKHAND,617,339
450201,UTTARAKHAND,618,251
450201,UTTARAKHAND,619,203
450201,UTTARAKHAND,620,168
450201,UTTARAKHAND,621,159
450201,UTTARAKHAND,622,114
450201,UTTARAKHAND,623,205
450201,UTTARAKHAND,624,286
450201,UTTARAKHAND,625,132
450201,UTTARAKHAND,626,524
450201,UTTARAKHAND,627,145
450201,UTTARAKHAND,628,456
450201,UTTARAKHAND,629,43
450201,UTTARAKHAND,630,82
450201,UTTARAKHAND,631,198
450201,UTTARAKHAND,632,381
450201,UTTARAKHAND,633,243
450201,UTTARAKHAND,634,158
450201,UTTARAKHAND,635,125
450201,UTTARAKHAND,636,442
450201,UTTARAKHAND,637,38
450201,UTTARAKHAND,638,102
450201,UTTARAKHAND,639,125
450201,UTTARAKHAND,640,143
450201,UTTARAKHAND,641,301
450201,UTTARAKHAND,642,217
450201,UTTARAKHAND,643,26
450201,UTTARAKHAND,644,153
450201,UTTARAKHAND,645,224
450201,UTTARAKHAND,646,540
450201,UTTARAKHAND,647,142
450201,UTTARAKHAND,648,486
450201,UTTARAKHAND,649,71
450201,UTTARAKHAND,650,117
450201,UTTARAKHAND,651,231
450201,UTTARAKHAND,652,499
450201,UTTARAKHAND,653,238
450201,UTTARAKHAND,654,55
450201,UTTARAKHAND,655,30
450201,UTTARAKHAND,656,277
450201,UTTARAKHAND,657,456
450201,UTTARAKHAND,658,173
450201,UTTARAKHAND,659,122
450201,UTTARAKHAND,660,572
450201,UTTARAKHAND,661,622
450201,UTTARAKHAND,662,370
450201,UTTARAKHAND,663,65
450201,UTTARAKHAND,664,323
450201,UTTARAKHAND,665,282
450201,UTTARAKHAND,666,148
450201,UTTARAKHAND,667,129
450201,UTTARAKHAND,668,165
450201,UTTARAKHAND,669,110
450201,UTTARAKHAND,670,356
450201,UTTARAKHAND,671,423
450201,UTTARAKHAND,672,105
450201,UTTARAKHAND,673,148
450201,UTTARAKHAND,674,125
450201,UTTARAKHAND,675,72
450201,UTTARAKHAND,676,255
450201,UTTARAKHAND,677,192
450201,UTTARAKHAND,678,5
450201,UTTARAKHAND,679,320
450201,UTTARAKHAND,680,106
450201,UTTARAKHAND,681,126
450201,UTTARAKHAND,682,356
450201,UTTARAKHAND,683,55
450201,UTTARAKHAND,684,635
450201,UTTARAKHAND,685,135
450201,UTTARAKHAND,686,281
450201,UTTARAKHAND,687,137
450201,UTTARAKHAND,688,54
450201,UTTARAKHAND,689,34
450201,UTTARAKHAND,690,136
450201,UTTARAKHAND,691,515
450201,UTTARAKHAND,692,90
