Center Number,State Name,Srl No,Marks
460710,WEST BENGAL,1,270
460710,WEST BENGAL,2,153
460710,WEST BENGAL,3,143
460710,WEST BENGAL,4,160
460710,WEST BENGAL,5,20
460710,WEST BENGAL,6,80
460710,WEST BENGAL,7,405
460710,WEST BENGAL,8,132
460710,WEST BENGAL,9,252
460710,WEST BENGAL,10,38
460710,WEST BENGAL,11,544
460710,WEST BENGAL,12,8
460710,WEST BENGAL,13,147
460710,WEST BENGAL,14,163
460710,WEST BENGAL,15,167
460710,WEST BENGAL,16,45
460710,WEST BENGAL,17,395
460710,WEST BENGAL,18,62
460710,WEST BENGAL,19,57
460710,WEST BENGAL,20,84
460710,WEST BENGAL,21,158
460710,WEST BENGAL,22,68
460710,WEST BENGAL,23,109
460710,WEST BENGAL,24,306
460710,WEST BENGAL,25,292
460710,WEST BENGAL,26,154
460710,WEST BENGAL,27,70
460710,WEST BENGAL,28,123
460710,WEST BENGAL,29,213
460710,WEST BENGAL,30,181
460710,WEST BENGAL,31,90
460710,WEST BENGAL,32,210
460710,WEST BENGAL,33,166
460710,WEST BENGAL,34,166
460710,WEST BENGAL,35,235
460710,WEST BENGAL,36,229
460710,WEST BENGAL,37,214
460710,WEST BENGAL,38,70
460710,WEST BENGAL,39,58
460710,WEST BENGAL,40,84
460710,WEST BENGAL,41,255
460710,WEST BENGAL,42,281
460710,WEST BENGAL,43,99
460710,WEST BENGAL,44,142
460710,WEST BENGAL,45,40
460710,WEST BENGAL,46,199
460710,WEST BENGAL,47,124
460710,WEST BENGAL,48,70
460710,WEST BENGAL,49,38
460710,WEST BENGAL,50,90
460710,WEST BENGAL,51,34
460710,WEST BENGAL,52,473
460710,WEST BENGAL,53,61
460710,WEST BENGAL,54,25
460710,WEST BENGAL,55,478
460710,WEST BENGAL,56,332
460710,WEST BENGAL,57,100
460710,WEST BENGAL,58,4
460710,WEST BENGAL,59,462
460710,WEST BENGAL,60,44
460710,WEST BENGAL,61,482
460710,WEST BENGAL,62,139
460710,WEST BENGAL,63,84
460710,WEST BENGAL,64,29
460710,WEST BENGAL,65,58
460710,WEST BENGAL,66,198
460710,WEST BENGAL,67,251
460710,WEST BENGAL,68,130
460710,WEST BENGAL,69,36
460710,WEST BENGAL,70,56
460710,WEST BENGAL,71,490
460710,WEST BENGAL,72,76
460710,WEST BENGAL,73,87
460710,WEST BENGAL,74,84
460710,WEST BENGAL,75,380
460710,WEST BENGAL,76,90
460710,WEST BENGAL,77,249
460710,WEST BENGAL,78,114
460710,WEST BENGAL,79,190
460710,WEST BENGAL,80,50
460710,WEST BENGAL,81,447
460710,WEST BENGAL,82,66
460710,WEST BENGAL,83,62
460710,WEST BENGAL,84,72
460710,WEST BENGAL,85,102
460710,WEST BENGAL,86,5
460710,WEST BENGAL,87,130
460710,WEST BENGAL,88,167
460710,WEST BENGAL,89,47
460710,WEST BENGAL,90,118
460710,WEST BENGAL,91,35
460710,WEST BENGAL,92,213
460710,WEST BENGAL,93,63
460710,WEST BENGAL,94,101
460710,WEST BENGAL,95,10
460710,WEST BENGAL,96,78
460710,WEST BENGAL,97,127
460710,WEST BENGAL,98,120
460710,WEST BENGAL,99,81
460710,WEST BENGAL,100,411
460710,WEST BENGAL,101,73
460710,WEST BENGAL,102,162
460710,WEST BENGAL,103,184
460710,WEST BENGAL,104,109
460710,WEST BENGAL,105,137
460710,WEST BENGAL,106,155
460710,WEST BENGAL,107,273
460710,WEST BENGAL,108,681
460710,WEST BENGAL,109,114
460710,WEST BENGAL,110,115
460710,WEST BENGAL,111,68
460710,WEST BENGAL,112,445
460710,WEST BENGAL,113,115
460710,WEST BENGAL,114,394
460710,WEST BENGAL,115,476
460710,WEST BENGAL,116,548
460710,WEST BENGAL,117,510
460710,WEST BENGAL,118,276
460710,WEST BENGAL,119,52
460710,WEST BENGAL,120,281
460710,WEST BENGAL,121,61
460710,WEST BENGAL,122,118
460710,WEST BENGAL,123,264
460710,WEST BENGAL,8,125
460710,WEST BENGAL,31,126
460710,WEST BENGAL,211,127
460710,WEST BENGAL,131,128
460710,WEST BENGAL,341,129
460710,WEST BENGAL,153,130
460710,WEST BENGAL,266,131
460710,WEST BENGAL,566,132
460710,WEST BENGAL,166,133
460710,WEST BENGAL,110,134
460710,WEST BENGAL,7,135
460710,WEST BENGAL,227,136
460710,WEST BENGAL,300,137
460710,WEST BENGAL,94,138
460710,WEST BENGAL,125,139
460710,WEST BENGAL,226,140
460710,WEST BENGAL,302,141
460710,WEST BENGAL,434,142
460710,WEST BENGAL,120,143
460710,WEST BENGAL,497,144
460710,WEST BENGAL,130,145
460710,WEST BENGAL,148,146
460710,WEST BENGAL,99,147
460710,WEST BENGAL,140,148
460710,WEST BENGAL,225,149
460710,WEST BENGAL,148,150
460710,WEST BENGAL,151,52
460710,WEST BENGAL,152,80
460710,WEST BENGAL,153,343
460710,WEST BENGAL,154,220
460710,WEST BENGAL,155,267
460710,WEST BENGAL,156,621
460710,WEST BENGAL,157,181
460710,WEST BENGAL,158,106
460710,WEST BENGAL,159,83
460710,WEST BENGAL,160,35
460710,WEST BENGAL,161,25
460710,WEST BENGAL,162,118
460710,WEST BENGAL,163,21
460710,WEST BENGAL,164,86
460710,WEST BENGAL,165,147
460710,WEST BENGAL,166,51
460710,WEST BENGAL,167,40
460710,WEST BENGAL,168,318
460710,WEST BENGAL,169,553
460710,WEST BENGAL,170,614
460710,WEST BENGAL,171,124
460710,WEST BENGAL,172,49
460710,WEST BENGAL,173,90
460710,WEST BENGAL,174,100
460710,WEST BENGAL,175,391
460710,WEST BENGAL,176,114
460710,WEST BENGAL,177,634
460710,WEST BENGAL,178,203
460710,WEST BENGAL,179,83
460710,WEST BENGAL,180,76
460710,WEST BENGAL,181,8
460710,WEST BENGAL,182,246
460710,WEST BENGAL,183,66
460710,WEST BENGAL,184,45
460710,WEST BENGAL,185,84
460710,WEST BENGAL,186,87
460710,WEST BENGAL,187,522
460710,WEST BENGAL,188,28
460710,WEST BENGAL,189,31
460710,WEST BENGAL,190,118
460710,WEST BENGAL,191,194
460710,WEST BENGAL,192,154
460710,WEST BENGAL,193,45
460710,WEST BENGAL,194,570
460710,WEST BENGAL,195,29
460710,WEST BENGAL,196,16
460710,WEST BENGAL,197,57
460710,WEST BENGAL,198,570
460710,WEST BENGAL,199,241
460710,WEST BENGAL,200,92
460710,WEST BENGAL,201,556
460710,WEST BENGAL,202,15
460710,WEST BENGAL,203,17
460710,WEST BENGAL,204,207
460710,WEST BENGAL,205,30
460710,WEST BENGAL,206,186
460710,WEST BENGAL,207,92
460710,WEST BENGAL,208,120
460710,WEST BENGAL,209,208
460710,WEST BENGAL,210,55
460710,WEST BENGAL,211,30
460710,WEST BENGAL,212,251
460710,WEST BENGAL,213,83
460710,WEST BENGAL,214,41
460710,WEST BENGAL,215,286
460710,WEST BENGAL,216,216
460710,WEST BENGAL,217,113
460710,WEST BENGAL,218,164
460710,WEST BENGAL,219,622
460710,WEST BENGAL,220,175
460710,WEST BENGAL,221,60
460710,WEST BENGAL,222,185
460710,WEST BENGAL,223,103
460710,WEST BENGAL,224,65
460710,WEST BENGAL,225,448
460710,WEST BENGAL,226,102
460710,WEST BENGAL,227,91
460710,WEST BENGAL,228,465
460710,WEST BENGAL,229,223
460710,WEST BENGAL,230,100
460710,WEST BENGAL,231,205
460710,WEST BENGAL,232,124
460710,WEST BENGAL,233,69
460710,WEST BENGAL,234,84
460710,WEST BENGAL,235,113
460710,WEST BENGAL,236,95
460710,WEST BENGAL,237,118
460710,WEST BENGAL,238,103
460710,WEST BENGAL,239,85
460710,WEST BENGAL,240,68
460710,WEST BENGAL,241,212
460710,WEST BENGAL,242,65
460710,WEST BENGAL,243,472
460710,WEST BENGAL,244,70
460710,WEST BENGAL,245,243
460710,WEST BENGAL,246,220
460710,WEST BENGAL,247,267
460710,WEST BENGAL,248,145
460710,WEST BENGAL,249,116
460710,WEST BENGAL,250,291
460710,WEST BENGAL,251,35
460710,WEST BENGAL,252,538
460710,WEST BENGAL,253,302
460710,WEST BENGAL,254,30
460710,WEST BENGAL,255,485
460710,WEST BENGAL,256,35
460710,WEST BENGAL,257,131
460710,WEST BENGAL,258,172
460710,WEST BENGAL,259,85
460710,WEST BENGAL,260,197
460710,WEST BENGAL,261,74
460710,WEST BENGAL,262,141
460710,WEST BENGAL,263,149
460710,WEST BENGAL,264,115
460710,WEST BENGAL,265,285
460710,WEST BENGAL,266,309
460710,WEST BENGAL,267,152
460710,WEST BENGAL,268,19
460710,WEST BENGAL,269,249
460710,WEST BENGAL,270,288
460710,WEST BENGAL,271,35
460710,WEST BENGAL,272,28
460710,WEST BENGAL,273,300
460710,WEST BENGAL,274,519
460710,WEST BENGAL,275,53
460710,WEST BENGAL,276,99
460710,WEST BENGAL,277,105
460710,WEST BENGAL,278,124
460710,WEST BENGAL,279,44
460710,WEST BENGAL,280,68
460710,WEST BENGAL,281,414
460710,WEST BENGAL,282,373
460710,WEST BENGAL,283,59
460710,WEST BENGAL,284,25
460710,WEST BENGAL,285,43
460710,WEST BENGAL,286,266
460710,WEST BENGAL,287,156
460710,WEST BENGAL,288,578
460710,WEST BENGAL,289,617
460710,WEST BENGAL,290,563
460710,WEST BENGAL,291,666
460710,WEST BENGAL,292,137
460710,WEST BENGAL,293,40
460710,WEST BENGAL,294,208
460710,WEST BENGAL,295,126
460710,WEST BENGAL,296,71
460710,WEST BENGAL,297,95
460710,WEST BENGAL,298,86
460710,WEST BENGAL,299,147
460710,WEST BENGAL,300,124
460710,WEST BENGAL,301,219
460710,WEST BENGAL,302,123
460710,WEST BENGAL,303,60
460710,WEST BENGAL,304,45
460710,WEST BENGAL,305,125
460710,WEST BENGAL,306,203
460710,WEST BENGAL,307,97
460710,WEST BENGAL,308,76
460710,WEST BENGAL,309,75
460710,WEST BENGAL,310,269
460710,WEST BENGAL,311,74
460710,WEST BENGAL,312,220
460710,WEST BENGAL,313,103
460710,WEST BENGAL,314,130
460710,WEST BENGAL,315,111
460710,WEST BENGAL,316,91
460710,WEST BENGAL,317,500
460710,WEST BENGAL,318,50
460710,WEST BENGAL,319,53
460710,WEST BENGAL,320,211
460710,WEST BENGAL,321,164
460710,WEST BENGAL,322,180
460710,WEST BENGAL,323,76
460710,WEST BENGAL,324,481
460710,WEST BENGAL,325,85
460710,WEST BENGAL,326,40
460710,WEST BENGAL,327,178
460710,WEST BENGAL,328,86
460710,WEST BENGAL,329,22
460710,WEST BENGAL,330,76
460710,WEST BENGAL,331,68
460710,WEST BENGAL,332,582
460710,WEST BENGAL,333,90
460710,WEST BENGAL,334,163
460710,WEST BENGAL,335,91
460710,WEST BENGAL,336,37
460710,WEST BENGAL,337,133
460710,WEST BENGAL,338,100
460710,WEST BENGAL,339,587
460710,WEST BENGAL,340,83
460710,WEST BENGAL,341,120
460710,WEST BENGAL,342,122
460710,WEST BENGAL,343,279
460710,WEST BENGAL,344,13
460710,WEST BENGAL,345,448
460710,WEST BENGAL,346,85
460710,WEST BENGAL,347,646
460710,WEST BENGAL,348,98
460710,WEST BENGAL,349,39
460710,WEST BENGAL,350,81
460710,WEST BENGAL,351,51
460710,WEST BENGAL,352,293
460710,WEST BENGAL,353,205
460710,WEST BENGAL,354,589
460710,WEST BENGAL,355,35
460710,WEST BENGAL,356,263
460710,WEST BENGAL,357,279
460710,WEST BENGAL,358,271
460710,WEST BENGAL,359,371
460710,WEST BENGAL,360,285
460710,WEST BENGAL,361,116
460710,WEST BENGAL,362,379
460710,WEST BENGAL,363,266
460710,WEST BENGAL,364,332
460710,WEST BENGAL,365,59
460710,WEST BENGAL,366,37
460710,WEST BENGAL,367,47
460710,WEST BENGAL,368,214
460710,WEST BENGAL,369,237
460710,WEST BENGAL,370,187
460710,WEST BENGAL,371,46
460710,WEST BENGAL,372,96
460710,WEST BENGAL,373,109
460710,WEST BENGAL,374,74
460710,WEST BENGAL,375,99
460710,WEST BENGAL,376,70
460710,WEST BENGAL,377,38
460710,WEST BENGAL,378,140
460710,WEST BENGAL,379,234
460710,WEST BENGAL,380,385
460710,WEST BENGAL,381,50
460710,WEST BENGAL,382,213
460710,WEST BENGAL,383,33
460710,WEST BENGAL,384,73
460710,WEST BENGAL,385,83
460710,WEST BENGAL,386,108
460710,WEST BENGAL,387,119
460710,WEST BENGAL,388,124
460710,WEST BENGAL,389,431
460710,WEST BENGAL,390,101
460710,WEST BENGAL,391,153
460710,WEST BENGAL,392,28
460710,WEST BENGAL,393,118
460710,WEST BENGAL,394,108
460710,WEST BENGAL,395,234
460710,WEST BENGAL,396,71
460710,WEST BENGAL,397,138
460710,WEST BENGAL,398,60
460710,WEST BENGAL,399,173
460710,WEST BENGAL,400,136
460710,WEST BENGAL,401,665
460710,WEST BENGAL,402,90
460710,WEST BENGAL,403,178
460710,WEST BENGAL,404,579
460710,WEST BENGAL,405,185
460710,WEST BENGAL,406,259
460710,WEST BENGAL,407,91
460710,WEST BENGAL,408,67
460710,WEST BENGAL,409,65
460710,WEST BENGAL,410,129
460710,WEST BENGAL,411,77
460710,WEST BENGAL,412,42
460710,WEST BENGAL,413,128
460710,WEST BENGAL,414,14
460710,WEST BENGAL,415,414
460710,WEST BENGAL,416,204
460710,WEST BENGAL,417,57
460710,WEST BENGAL,418,152
460710,WEST BENGAL,419,26
460710,WEST BENGAL,420,136
460710,WEST BENGAL,421,166
460710,WEST BENGAL,422,71
460710,WEST BENGAL,423,528
460710,WEST BENGAL,424,102
460710,WEST BENGAL,425,100
460710,WEST BENGAL,426,75
460710,WEST BENGAL,427,260
460710,WEST BENGAL,428,573
460710,WEST BENGAL,429,85
460710,WEST BENGAL,430,323
460710,WEST BENGAL,431,107
460710,WEST BENGAL,432,51
460710,WEST BENGAL,433,242
460710,WEST BENGAL,434,217
460710,WEST BENGAL,435,106
460710,WEST BENGAL,436,443
460710,WEST BENGAL,437,354
460710,WEST BENGAL,438,19
460710,WEST BENGAL,439,115
460710,WEST BENGAL,440,49
460710,WEST BENGAL,441,236
460710,WEST BENGAL,442,514
460710,WEST BENGAL,443,138
460710,WEST BENGAL,444,65
460710,WEST BENGAL,445,76
460710,WEST BENGAL,446,264
460710,WEST BENGAL,447,121
460710,WEST BENGAL,448,70
460710,WEST BENGAL,449,46
460710,WEST BENGAL,450,37
460710,WEST BENGAL,451,90
460710,WEST BENGAL,452,145
460710,WEST BENGAL,453,58
460710,WEST BENGAL,454,60
460710,WEST BENGAL,455,231
460710,WEST BENGAL,456,169
460710,WEST BENGAL,457,189
460710,WEST BENGAL,458,73
460710,WEST BENGAL,459,560
460710,WEST BENGAL,460,55
460710,WEST BENGAL,461,157
460710,WEST BENGAL,462,81
460710,WEST BENGAL,463,416
460710,WEST BENGAL,464,94
460710,WEST BENGAL,465,66
460710,WEST BENGAL,466,56
460710,WEST BENGAL,467,98
460710,WEST BENGAL,468,270
460710,WEST BENGAL,469,78
460710,WEST BENGAL,470,100
460710,WEST BENGAL,471,87
460710,WEST BENGAL,472,254
460710,WEST BENGAL,473,59
460710,WEST BENGAL,474,40
460710,WEST BENGAL,475,54
460710,WEST BENGAL,476,181
460710,WEST BENGAL,477,149
460710,WEST BENGAL,478,40
460710,WEST BENGAL,479,523
460710,WEST BENGAL,480,92
460710,WEST BENGAL,481,124
460710,WEST BENGAL,482,141
460710,WEST BENGAL,483,73
460710,WEST BENGAL,484,187
460710,WEST BENGAL,485,149
460710,WEST BENGAL,486,274
460710,WEST BENGAL,487,158
460710,WEST BENGAL,488,156
460710,WEST BENGAL,489,125
460710,WEST BENGAL,490,119
460710,WEST BENGAL,491,77
460710,WEST BENGAL,492,301
460710,WEST BENGAL,493,368
