Center Number,State Name,Srl No,Marks
460711,WEST BENGAL,1,16
460711,WEST BENGAL,2,70
460711,WEST BENGAL,3,124
460711,WEST BENGAL,4,309
460711,WEST BENGAL,5,50
460711,WEST BENGAL,6,81
460711,WEST BENGAL,7,88
460711,WEST BENGAL,8,560
460711,WEST BENGAL,9,98
460711,WEST BENGAL,10,596
460711,WEST BENGAL,11,46
460711,WEST BENGAL,12,365
460711,WEST BENGAL,13,58
460711,WEST BENGAL,14,91
460711,WEST BENGAL,15,56
460711,WEST BENGAL,16,80
460711,WEST BENGAL,17,254
460711,WEST BENGAL,18,200
460711,WEST BENGAL,19,275
460711,WEST BENGAL,20,632
460711,WEST BENGAL,21,161
460711,WEST BENGAL,22,409
460711,WEST BENGAL,23,107
460711,WEST BENGAL,24,374
460711,WEST BENGAL,25,21
460711,WEST BENGAL,26,274
460711,WEST BENGAL,27,32
460711,WEST BENGAL,28,139
460711,WEST BENGAL,29,345
460711,WEST BENGAL,30,89
460711,WEST BENGAL,31,55
460711,WEST BENGAL,32,63
460711,WEST BENGAL,33,229
460711,WEST BENGAL,34,209
460711,WEST BENGAL,35,40
460711,WEST BENGAL,36,310
460711,WEST BENGAL,37,90
460711,WEST BENGAL,38,95
460711,WEST BENGAL,39,91
460711,WEST BENGAL,40,31
460711,WEST BENGAL,41,100
460711,WEST BENGAL,42,68
460711,WEST BENGAL,43,53
460711,WEST BENGAL,44,141
460711,WEST BENGAL,45,599
460711,WEST BENGAL,46,484
460711,WEST BENGAL,47,49
460711,WEST BENGAL,48,186
460711,WEST BENGAL,49,145
460711,WEST BENGAL,50,584
460711,WEST BENGAL,51,64
460711,WEST BENGAL,52,562
460711,WEST BENGAL,53,86
460711,WEST BENGAL,54,90
460711,WEST BENGAL,55,75
460711,WEST BENGAL,56,78
460711,WEST BENGAL,57,135
460711,WEST BENGAL,58,375
460711,WEST BENGAL,59,61
460711,WEST BENGAL,60,111
460711,WEST BENGAL,61,83
460711,WEST BENGAL,62,10
460711,WEST BENGAL,63,199
460711,WEST BENGAL,64,51
460711,WEST BENGAL,65,40
460711,WEST BENGAL,66,80
460711,WEST BENGAL,67,680
460711,WEST BENGAL,5,69
460711,WEST BENGAL,190,70
460711,WEST BENGAL,98,71
460711,WEST BENGAL,54,72
460711,WEST BENGAL,95,73
460711,WEST BENGAL,37,74
460711,WEST BENGAL,229,75
460711,WEST BENGAL,103,76
460711,WEST BENGAL,222,77
460711,WEST BENGAL,45,78
460711,WEST BENGAL,38,79
460711,WEST BENGAL,140,80
460711,WEST BENGAL,71,81
460711,WEST BENGAL,61,82
460711,WEST BENGAL,75,83
460711,WEST BENGAL,67,84
460711,WEST BENGAL,10,85
460711,WEST BENGAL,66,86
460711,WEST BENGAL,48,87
460711,WEST BENGAL,40,88
460711,WEST BENGAL,48,89
460711,WEST BENGAL,116,90
460711,WEST BENGAL,91,35
460711,WEST BENGAL,92,171
460711,WEST BENGAL,93,37
460711,WEST BENGAL,94,85
460711,WEST BENGAL,95,396
460711,WEST BENGAL,96,295
460711,WEST BENGAL,97,14
460711,WEST BENGAL,98,297
460711,WEST BENGAL,99,216
460711,WEST BENGAL,100,48
460711,WEST BENGAL,101,528
460711,WEST BENGAL,102,108
460711,WEST BENGAL,103,188
460711,WEST BENGAL,104,101
460711,WEST BENGAL,105,313
460711,WEST BENGAL,106,130
460711,WEST BENGAL,107,111
460711,WEST BENGAL,108,176
460711,WEST BENGAL,109,72
460711,WEST BENGAL,110,642
460711,WEST BENGAL,111,48
460711,WEST BENGAL,112,454
460711,WEST BENGAL,113,39
460711,WEST BENGAL,114,67
460711,WEST BENGAL,115,107
460711,WEST BENGAL,116,237
460711,WEST BENGAL,117,82
460711,WEST BENGAL,118,677
460711,WEST BENGAL,119,151
460711,WEST BENGAL,120,99
460711,WEST BENGAL,121,77
460711,WEST BENGAL,122,51
460711,WEST BENGAL,123,58
460711,WEST BENGAL,124,248
460711,WEST BENGAL,125,67
460711,WEST BENGAL,126,466
460711,WEST BENGAL,127,46
460711,WEST BENGAL,128,142
460711,WEST BENGAL,129,66
460711,WEST BENGAL,130,211
460711,WEST BENGAL,131,48
460711,WEST BENGAL,132,65
460711,WEST BENGAL,133,504
460711,WEST BENGAL,134,630
460711,WEST BENGAL,135,66
460711,WEST BENGAL,136,200
460711,WEST BENGAL,137,25
460711,WEST BENGAL,138,79
460711,WEST BENGAL,139,622
460711,WEST BENGAL,140,223
460711,WEST BENGAL,141,293
460711,WEST BENGAL,142,232
460711,WEST BENGAL,143,83
460711,WEST BENGAL,144,220
460711,WEST BENGAL,145,104
460711,WEST BENGAL,146,140
460711,WEST BENGAL,147,340
460711,WEST BENGAL,148,91
460711,WEST BENGAL,149,110
460711,WEST BENGAL,150,30
460711,WEST BENGAL,151,532
460711,WEST BENGAL,152,73
460711,WEST BENGAL,153,496
460711,WEST BENGAL,154,193
460711,WEST BENGAL,155,487
460711,WEST BENGAL,156,73
460711,WEST BENGAL,157,97
460711,WEST BENGAL,158,103
460711,WEST BENGAL,159,13
460711,WEST BENGAL,160,48
460711,WEST BENGAL,161,15
460711,WEST BENGAL,162,18
460711,WEST BENGAL,163,266
460711,WEST BENGAL,164,81
460711,WEST BENGAL,165,266
460711,WEST BENGAL,166,344
460711,WEST BENGAL,167,610
460711,WEST BENGAL,168,70
460711,WEST BENGAL,169,99
460711,WEST BENGAL,170,233
460711,WEST BENGAL,171,55
460711,WEST BENGAL,172,137
460711,WEST BENGAL,173,15
460711,WEST BENGAL,174,112
460711,WEST BENGAL,175,89
460711,WEST BENGAL,176,199
460711,WEST BENGAL,177,70
460711,WEST BENGAL,178,127
460711,WEST BENGAL,179,153
460711,WEST BENGAL,180,85
460711,WEST BENGAL,181,348
460711,WEST BENGAL,182,23
460711,WEST BENGAL,183,243
460711,WEST BENGAL,184,41
460711,WEST BENGAL,185,241
460711,WEST BENGAL,186,180
460711,WEST BENGAL,187,180
460711,WEST BENGAL,188,86
460711,WEST BENGAL,189,172
460711,WEST BENGAL,190,314
460711,WEST BENGAL,191,156
460711,WEST BENGAL,192,15
460711,WEST BENGAL,193,157
460711,WEST BENGAL,194,648
460711,WEST BENGAL,195,192
460711,WEST BENGAL,196,299
460711,WEST BENGAL,197,187
460711,WEST BENGAL,198,365
460711,WEST BENGAL,199,83
460711,WEST BENGAL,200,576
460711,WEST BENGAL,201,45
460711,WEST BENGAL,202,74
460711,WEST BENGAL,203,78
460711,WEST BENGAL,204,363
460711,WEST BENGAL,205,169
460711,WEST BENGAL,206,88
460711,WEST BENGAL,207,539
460711,WEST BENGAL,208,356
460711,WEST BENGAL,209,84
460711,WEST BENGAL,210,32
460711,WEST BENGAL,211,129
460711,WEST BENGAL,212,19
460711,WEST BENGAL,213,76
460711,WEST BENGAL,214,571
460711,WEST BENGAL,215,197
460711,WEST BENGAL,216,181
460711,WEST BENGAL,217,253
460711,WEST BENGAL,218,88
460711,WEST BENGAL,219,226
460711,WEST BENGAL,220,106
460711,WEST BENGAL,221,43
460711,WEST BENGAL,222,52
460711,WEST BENGAL,223,85
460711,WEST BENGAL,224,163
460711,WEST BENGAL,225,114
460711,WEST BENGAL,226,221
460711,WEST BENGAL,227,105
460711,WEST BENGAL,228,79
460711,WEST BENGAL,229,79
460711,WEST BENGAL,230,250
460711,WEST BENGAL,231,102
460711,WEST BENGAL,232,167
460711,WEST BENGAL,233,82
460711,WEST BENGAL,234,318
460711,WEST BENGAL,235,114
460711,WEST BENGAL,236,43
460711,WEST BENGAL,237,44
460711,WEST BENGAL,238,104
460711,WEST BENGAL,239,637
460711,WEST BENGAL,240,83
460711,WEST BENGAL,241,88
460711,WEST BENGAL,242,88
460711,WEST BENGAL,243,228
460711,WEST BENGAL,244,80
460711,WEST BENGAL,245,374
460711,WEST BENGAL,246,268
460711,WEST BENGAL,247,165
460711,WEST BENGAL,248,271
460711,WEST BENGAL,249,135
460711,WEST BENGAL,250,106
460711,WEST BENGAL,251,308
460711,WEST BENGAL,252,47
460711,WEST BENGAL,253,670
460711,WEST BENGAL,254,205
460711,WEST BENGAL,255,105
460711,WEST BENGAL,256,120
460711,WEST BENGAL,257,387
460711,WEST BENGAL,258,158
460711,WEST BENGAL,259,239
460711,WEST BENGAL,260,283
460711,WEST BENGAL,261,98
460711,WEST BENGAL,262,343
460711,WEST BENGAL,263,55
460711,WEST BENGAL,264,35
460711,WEST BENGAL,265,75
460711,WEST BENGAL,266,355
460711,WEST BENGAL,267,1
460711,WEST BENGAL,268,218
460711,WEST BENGAL,269,97
460711,WEST BENGAL,270,327
460711,WEST BENGAL,271,121
460711,WEST BENGAL,272,260
460711,WEST BENGAL,273,86
460711,WEST BENGAL,274,322
460711,WEST BENGAL,275,14
460711,WEST BENGAL,276,42
460711,WEST BENGAL,277,604
460711,WEST BENGAL,278,71
460711,WEST BENGAL,279,217
460711,WEST BENGAL,280,45
460711,WEST BENGAL,281,42
460711,WEST BENGAL,282,151
460711,WEST BENGAL,283,9
460711,WEST BENGAL,284,274
460711,WEST BENGAL,285,110
460711,WEST BENGAL,286,579
460711,WEST BENGAL,287,154
460711,WEST BENGAL,288,307
460711,WEST BENGAL,289,190
460711,WEST BENGAL,290,316
460711,WEST BENGAL,291,45
460711,WEST BENGAL,292,51
460711,WEST BENGAL,293,236
460711,WEST BENGAL,294,499
460711,WEST BENGAL,295,346
460711,WEST BENGAL,296,539
460711,WEST BENGAL,297,424
460711,WEST BENGAL,298,165
460711,WEST BENGAL,299,154
460711,WEST BENGAL,300,59
460711,WEST BENGAL,301,283
460711,WEST BENGAL,302,67
460711,WEST BENGAL,303,564
460711,WEST BENGAL,304,184
460711,WEST BENGAL,305,489
460711,WEST BENGAL,306,139
460711,WEST BENGAL,307,105
460711,WEST BENGAL,308,69
460711,WEST BENGAL,309,112
460711,WEST BENGAL,310,84
460711,WEST BENGAL,311,53
460711,WEST BENGAL,312,49
460711,WEST BENGAL,313,48
460711,WEST BENGAL,314,89
460711,WEST BENGAL,315,671
460711,WEST BENGAL,316,214
460711,WEST BENGAL,317,619
460711,WEST BENGAL,318,24
460711,WEST BENGAL,319,416
460711,WEST BENGAL,320,298
460711,WEST BENGAL,321,80
460711,WEST BENGAL,322,208
460711,WEST BENGAL,323,548
460711,WEST BENGAL,324,29
460711,WEST BENGAL,325,226
460711,WEST BENGAL,326,21
460711,WEST BENGAL,327,118
460711,WEST BENGAL,328,85
460711,WEST BENGAL,329,42
460711,WEST BENGAL,330,206
460711,WEST BENGAL,331,192
460711,WEST BENGAL,332,152
460711,WEST BENGAL,333,115
460711,WEST BENGAL,334,138
460711,WEST BENGAL,335,108
460711,WEST BENGAL,336,140
460711,WEST BENGAL,337,88
460711,WEST BENGAL,338,124
460711,WEST BENGAL,339,134
460711,WEST BENGAL,340,206
460711,WEST BENGAL,341,136
460711,WEST BENGAL,342,134
460711,WEST BENGAL,343,96
460711,WEST BENGAL,344,67
460711,WEST BENGAL,345,65
460711,WEST BENGAL,346,134
460711,WEST BENGAL,347,586
460711,WEST BENGAL,348,484
460711,WEST BENGAL,349,317
460711,WEST BENGAL,350,80
460711,WEST BENGAL,351,73
460711,WEST BENGAL,352,112
460711,WEST BENGAL,353,677
460711,WEST BENGAL,354,131
460711,WEST BENGAL,355,82
460711,WEST BENGAL,356,88
460711,WEST BENGAL,357,75
460711,WEST BENGAL,358,156
460711,WEST BENGAL,359,96
460711,WEST BENGAL,360,100
460711,WEST BENGAL,361,25
460711,WEST BENGAL,362,453
460711,WEST BENGAL,363,349
460711,WEST BENGAL,364,124
460711,WEST BENGAL,365,85
460711,WEST BENGAL,366,305
460711,WEST BENGAL,367,95
460711,WEST BENGAL,368,84
460711,WEST BENGAL,369,79
460711,WEST BENGAL,370,178
460711,WEST BENGAL,371,50
460711,WEST BENGAL,372,50
460711,WEST BENGAL,373,357
460711,WEST BENGAL,374,50
460711,WEST BENGAL,375,136
460711,WEST BENGAL,376,317
460711,WEST BENGAL,377,190
460711,WEST BENGAL,378,122
460711,WEST BENGAL,379,271
460711,WEST BENGAL,380,36
460711,WEST BENGAL,381,2
460711,WEST BENGAL,382,32
460711,WEST BENGAL,383,508
460711,WEST BENGAL,384,333
460711,WEST BENGAL,385,235
460711,WEST BENGAL,386,113
460711,WEST BENGAL,387,63
460711,WEST BENGAL,388,60
460711,WEST BENGAL,389,110
460711,WEST BENGAL,390,108
460711,WEST BENGAL,391,45
460711,WEST BENGAL,392,50
460711,WEST BENGAL,393,150
460711,WEST BENGAL,394,69
460711,WEST BENGAL,395,181
460711,WEST BENGAL,396,115
460711,WEST BENGAL,397,103
460711,WEST BENGAL,398,105
460711,WEST BENGAL,399,50
460711,WEST BENGAL,400,197
460711,WEST BENGAL,401,117
460711,WEST BENGAL,402,93
460711,WEST BENGAL,403,242
460711,WEST BENGAL,404,156
460711,WEST BENGAL,405,33
460711,WEST BENGAL,406,130
460711,WEST BENGAL,407,70
460711,WEST BENGAL,408,99
460711,WEST BENGAL,409,292
460711,WEST BENGAL,410,72
460711,WEST BENGAL,411,58
460711,WEST BENGAL,412,89
460711,WEST BENGAL,413,161
460711,WEST BENGAL,414,71
460711,WEST BENGAL,415,150
460711,WEST BENGAL,416,308
460711,WEST BENGAL,417,100
460711,WEST BENGAL,418,95
460711,WEST BENGAL,419,136
460711,WEST BENGAL,420,177
460711,WEST BENGAL,421,155
460711,WEST BENGAL,422,117
460711,WEST BENGAL,423,362
460711,WEST BENGAL,424,28
460711,WEST BENGAL,425,451
460711,WEST BENGAL,426,231
460711,WEST BENGAL,427,31
460711,WEST BENGAL,428,121
460711,WEST BENGAL,429,47
460711,WEST BENGAL,430,242
460711,WEST BENGAL,431,276
460711,WEST BENGAL,432,72
460711,WEST BENGAL,433,48
460711,WEST BENGAL,434,133
460711,WEST BENGAL,435,116
460711,WEST BENGAL,436,267
460711,WEST BENGAL,437,36
460711,WEST BENGAL,438,45
460711,WEST BENGAL,439,55
460711,WEST BENGAL,440,42
460711,WEST BENGAL,441,105
460711,WEST BENGAL,442,22
460711,WEST BENGAL,443,122
460711,WEST BENGAL,444,107
460711,WEST BENGAL,445,380
460711,WEST BENGAL,446,10
460711,WEST BENGAL,447,96
460711,WEST BENGAL,448,84
460711,WEST BENGAL,449,54
460711,WEST BENGAL,450,32
460711,WEST BENGAL,451,86
460711,WEST BENGAL,452,73
460711,WEST BENGAL,3,454
460711,WEST BENGAL,208,455
460711,WEST BENGAL,614,456
460711,WEST BENGAL,113,457
460711,WEST BENGAL,14,458
460711,WEST BENGAL,60,459
460711,WEST BENGAL,49,460
460711,WEST BENGAL,140,461
460711,WEST BENGAL,492,462
460711,WEST BENGAL,39,463
460711,WEST BENGAL,229,464
460711,WEST BENGAL,267,465
