Center Number,State Name,Srl No,Marks
461419,WEST BENGAL,1,78
461419,WEST BENGAL,2,57
461419,WEST BENGAL,3,171
461419,WEST BENGAL,4,190
461419,WEST BENGAL,5,242
461419,WEST BENGAL,6,54
461419,WEST BENGAL,7,110
461419,WEST BENGAL,8,62
461419,WEST BENGAL,9,81
461419,WEST BENGAL,10,160
461419,WEST BENGAL,11,98
461419,WEST BENGAL,12,20
461419,WEST BENGAL,13,133
461419,WEST BENGAL,14,76
461419,WEST BENGAL,15,56
461419,WEST BENGAL,16,162
461419,WEST BENGAL,17,50
461419,WEST BENGAL,18,55
461419,WEST BENGAL,19,226
461419,WEST BENGAL,20,1
461419,WEST BENGAL,21,23
461419,WEST BENGAL,22,167
461419,WEST BENGAL,23,34
461419,WEST BENGAL,24,200
461419,WEST BENGAL,25,27
461419,WEST BENGAL,26,24
461419,WEST BENGAL,27,49
461419,WEST BENGAL,28,77
461419,WEST BENGAL,29,304
461419,WEST BENGAL,30,7
461419,WEST BENGAL,31,80
461419,WEST BENGAL,32,563
461419,WEST BENGAL,33,58
461419,WEST BENGAL,25,35
461419,WEST BENGAL,88,36
461419,WEST BENGAL,140,37
461419,WEST BENGAL,20,38
461419,WEST BENGAL,191,39
461419,WEST BENGAL,73,40
461419,WEST BENGAL,91,41
461419,WEST BENGAL,67,42
461419,WEST BENGAL,110,43
461419,WEST BENGAL,557,44
461419,WEST BENGAL,205,45
461419,WEST BENGAL,164,46
461419,WEST BENGAL,132,47
461419,WEST BENGAL,60,48
461419,WEST BENGAL,64,49
461419,WEST BENGAL,368,50
461419,WEST BENGAL,59,51
461419,WEST BENGAL,107,52
461419,WEST BENGAL,6,53
461419,WEST BENGAL,42,54
461419,WEST BENGAL,32,55
461419,WEST BENGAL,272,56
461419,WEST BENGAL,177,57
461419,WEST BENGAL,44,58
461419,WEST BENGAL,289,59
461419,WEST BENGAL,75,60
461419,WEST BENGAL,61,43
461419,WEST BENGAL,62,29
461419,WEST BENGAL,63,35
461419,WEST BENGAL,64,253
461419,WEST BENGAL,65,91
461419,WEST BENGAL,66,121
461419,WEST BENGAL,67,60
461419,WEST BENGAL,68,438
461419,WEST BENGAL,69,56
461419,WEST BENGAL,70,71
461419,WEST BENGAL,71,55
461419,WEST BENGAL,72,115
461419,WEST BENGAL,73,62
461419,WEST BENGAL,74,13
461419,WEST BENGAL,75,65
461419,WEST BENGAL,76,149
461419,WEST BENGAL,77,45
461419,WEST BENGAL,78,12
461419,WEST BENGAL,79,100
461419,WEST BENGAL,80,146
461419,WEST BENGAL,81,25
461419,WEST BENGAL,82,70
461419,WEST BENGAL,83,162
461419,WEST BENGAL,84,161
461419,WEST BENGAL,85,126
461419,WEST BENGAL,86,50
461419,WEST BENGAL,87,50
461419,WEST BENGAL,88,161
461419,WEST BENGAL,89,80
461419,WEST BENGAL,90,90
461419,WEST BENGAL,91,173
461419,WEST BENGAL,92,102
461419,WEST BENGAL,93,78
461419,WEST BENGAL,94,44
461419,WEST BENGAL,95,238
461419,WEST BENGAL,96,211
461419,WEST BENGAL,97,105
461419,WEST BENGAL,98,51
461419,WEST BENGAL,99,184
461419,WEST BENGAL,100,25
461419,WEST BENGAL,101,71
461419,WEST BENGAL,102,84
461419,WEST BENGAL,103,192
461419,WEST BENGAL,104,124
461419,WEST BENGAL,105,78
461419,WEST BENGAL,106,544
461419,WEST BENGAL,107,535
461419,WEST BENGAL,108,48
461419,WEST BENGAL,109,95
461419,WEST BENGAL,110,87
461419,WEST BENGAL,111,416
461419,WEST BENGAL,112,125
461419,WEST BENGAL,113,126
461419,WEST BENGAL,114,202
461419,WEST BENGAL,115,68
461419,WEST BENGAL,116,35
461419,WEST BENGAL,117,29
461419,WEST BENGAL,118,50
461419,WEST BENGAL,119,73
461419,WEST BENGAL,121,151
461419,WEST BENGAL,122,129
461419,WEST BENGAL,123,19
461419,WEST BENGAL,124,11
461419,WEST BENGAL,125,111
461419,WEST BENGAL,126,232
461419,WEST BENGAL,127,140
461419,WEST BENGAL,128,66
461419,WEST BENGAL,129,95
461419,WEST BENGAL,130,14
461419,WEST BENGAL,131,121
461419,WEST BENGAL,132,60
461419,WEST BENGAL,133,103
461419,WEST BENGAL,134,125
461419,WEST BENGAL,135,464
461419,WEST BENGAL,136,110
461419,WEST BENGAL,137,166
461419,WEST BENGAL,138,90
461419,WEST BENGAL,139,46
461419,WEST BENGAL,140,153
461419,WEST BENGAL,141,48
461419,WEST BENGAL,142,168
461419,WEST BENGAL,143,306
461419,WEST BENGAL,144,239
461419,WEST BENGAL,145,184
461419,WEST BENGAL,146,70
461419,WEST BENGAL,147,213
461419,WEST BENGAL,148,37
461419,WEST BENGAL,149,68
461419,WEST BENGAL,150,272
461419,WEST BENGAL,151,10
461419,WEST BENGAL,152,170
461419,WEST BENGAL,153,41
461419,WEST BENGAL,154,133
461419,WEST BENGAL,155,51
461419,WEST BENGAL,156,36
461419,WEST BENGAL,157,23
461419,WEST BENGAL,23,159
461419,WEST BENGAL,96,160
461419,WEST BENGAL,60,161
461419,WEST BENGAL,58,162
461419,WEST BENGAL,52,163
461419,WEST BENGAL,361,164
461419,WEST BENGAL,86,165
461419,WEST BENGAL,84,166
461419,WEST BENGAL,108,167
461419,WEST BENGAL,14,168
461419,WEST BENGAL,370,169
461419,WEST BENGAL,133,170
461419,WEST BENGAL,175,171
461419,WEST BENGAL,213,172
461419,WEST BENGAL,38,173
461419,WEST BENGAL,85,174
461419,WEST BENGAL,51,175
461419,WEST BENGAL,33,176
461419,WEST BENGAL,85,177
461419,WEST BENGAL,92,178
461419,WEST BENGAL,41,179
461419,WEST BENGAL,620,180
461419,WEST BENGAL,181,45
461419,WEST BENGAL,182,143
461419,WEST BENGAL,183,211
461419,WEST BENGAL,184,60
461419,WEST BENGAL,185,218
461419,WEST BENGAL,186,153
461419,WEST BENGAL,187,164
461419,WEST BENGAL,188,90
461419,WEST BENGAL,189,82
461419,WEST BENGAL,190,13
461419,WEST BENGAL,191,128
461419,WEST BENGAL,192,522
461419,WEST BENGAL,193,159
461419,WEST BENGAL,194,139
461419,WEST BENGAL,195,212
461419,WEST BENGAL,196,93
461419,WEST BENGAL,197,71
461419,WEST BENGAL,198,179
461419,WEST BENGAL,199,194
461419,WEST BENGAL,200,147
461419,WEST BENGAL,201,60
461419,WEST BENGAL,202,300
461419,WEST BENGAL,203,51
461419,WEST BENGAL,204,92
461419,WEST BENGAL,205,397
461419,WEST BENGAL,206,98
461419,WEST BENGAL,207,72
461419,WEST BENGAL,208,647
461419,WEST BENGAL,209,253
461419,WEST BENGAL,210,110
461419,WEST BENGAL,211,95
461419,WEST BENGAL,212,309
461419,WEST BENGAL,213,24
461419,WEST BENGAL,214,14
461419,WEST BENGAL,215,14
461419,WEST BENGAL,216,340
461419,WEST BENGAL,217,202
461419,WEST BENGAL,218,196
461419,WEST BENGAL,219,116
461419,WEST BENGAL,220,291
461419,WEST BENGAL,221,46
461419,WEST BENGAL,222,19
461419,WEST BENGAL,223,345
461419,WEST BENGAL,224,123
461419,WEST BENGAL,225,235
461419,WEST BENGAL,226,437
461419,WEST BENGAL,227,149
461419,WEST BENGAL,228,107
461419,WEST BENGAL,229,86
461419,WEST BENGAL,230,40
461419,WEST BENGAL,231,223
461419,WEST BENGAL,232,57
461419,WEST BENGAL,233,65
461419,WEST BENGAL,234,66
461419,WEST BENGAL,235,92
461419,WEST BENGAL,236,50
461419,WEST BENGAL,237,57
461419,WEST BENGAL,238,6
461419,WEST BENGAL,239,37
461419,WEST BENGAL,240,25
461419,WEST BENGAL,241,53
461419,WEST BENGAL,242,205
461419,WEST BENGAL,243,67
461419,WEST BENGAL,244,162
461419,WEST BENGAL,245,60
461419,WEST BENGAL,246,70
461419,WEST BENGAL,247,109
461419,WEST BENGAL,248,576
461419,WEST BENGAL,249,137
461419,WEST BENGAL,250,43
461419,WEST BENGAL,251,356
461419,WEST BENGAL,252,36
461419,WEST BENGAL,253,160
461419,WEST BENGAL,254,435
461419,WEST BENGAL,255,25
461419,WEST BENGAL,256,225
461419,WEST BENGAL,257,106
461419,WEST BENGAL,258,171
461419,WEST BENGAL,259,278
461419,WEST BENGAL,260,263
461419,WEST BENGAL,261,185
461419,WEST BENGAL,262,292
461419,WEST BENGAL,263,418
461419,WEST BENGAL,264,135
461419,WEST BENGAL,265,314
461419,WEST BENGAL,266,150
461419,WEST BENGAL,267,53
461419,WEST BENGAL,268,53
461419,WEST BENGAL,269,71
461419,WEST BENGAL,270,20
461419,WEST BENGAL,271,71
461419,WEST BENGAL,272,605
461419,WEST BENGAL,273,123
461419,WEST BENGAL,274,84
461419,WEST BENGAL,275,13
461419,WEST BENGAL,276,101
461419,WEST BENGAL,277,125
461419,WEST BENGAL,278,82
461419,WEST BENGAL,279,13
461419,WEST BENGAL,280,510
461419,WEST BENGAL,281,93
461419,WEST BENGAL,282,287
461419,WEST BENGAL,283,101
461419,WEST BENGAL,284,162
461419,WEST BENGAL,285,31
461419,WEST BENGAL,286,40
461419,WEST BENGAL,287,178
461419,WEST BENGAL,288,145
461419,WEST BENGAL,289,166
461419,WEST BENGAL,290,396
461419,WEST BENGAL,291,104
461419,WEST BENGAL,292,154
461419,WEST BENGAL,293,165
461419,WEST BENGAL,294,145
461419,WEST BENGAL,295,86
461419,WEST BENGAL,296,330
461419,WEST BENGAL,297,176
461419,WEST BENGAL,298,213
461419,WEST BENGAL,299,135
461419,WEST BENGAL,300,74
461419,WEST BENGAL,301,217
461419,WEST BENGAL,302,89
461419,WEST BENGAL,303,185
461419,WEST BENGAL,304,53
461419,WEST BENGAL,305,115
